mtllib bushy-fern_seed3.mtl
v 0.050000 0.000000 0.000000
v 0.036000 0.000000 0.550000
v 0.025000 0.043301 0.000000
v 0.018000 0.031177 0.550000
v -0.025000 0.043301 0.000000
v -0.018000 0.031177 0.550000
v -0.050000 0.000000 0.000000
v -0.036000 0.000000 0.550000
v -0.025000 -0.043301 0.000000
v -0.018000 -0.031177 0.550000
v 0.025000 -0.043301 0.000000
v 0.018000 -0.031177 0.550000
v 0.035996 0.000556 0.550000
v 0.021853 0.263617 0.916198
v 0.017607 0.025590 0.531802
v 0.008613 0.281641 0.903096
v -0.018389 0.025034 0.531802
v -0.017304 0.281241 0.903096
v -0.035996 -0.000556 0.550000
v -0.029981 0.262817 0.916198
v -0.017607 -0.025590 0.568198
v -0.016741 0.244792 0.929301
v 0.018389 -0.025034 0.568198
v 0.009176 0.245193 0.929301
v 0.021855 0.263399 0.916355
v 0.011989 0.633150 0.918860
v 0.009030 0.263463 0.893831
v 0.002756 0.633196 0.902642
v -0.016889 0.263282 0.893673
v -0.015906 0.633066 0.902529
v -0.029983 0.263035 0.916041
v -0.025334 0.632888 0.918634
v -0.017158 0.262970 0.938566
v -0.016100 0.632842 0.934852
v 0.008760 0.263152 0.938723
v 0.002562 0.632972 0.934965
v -0.006672 0.633019 0.918747
v -0.019443 0.633023 0.905138
v -0.171523 0.848383 1.055074
v -0.021429 0.621642 0.919795
v -0.172953 0.840189 1.065627
v -0.008658 0.621639 0.933404
v -0.163758 0.840186 1.075426
v 0.006098 0.633015 0.932356
v -0.153134 0.848377 1.074671
v 0.008084 0.644396 0.917699
v -0.151704 0.856571 1.064118
v -0.004686 0.644399 0.904090
v -0.160898 0.856574 1.054320
v -0.162328 0.848380 1.064873
v -0.172361 0.847135 1.056021
v -0.333472 0.839910 1.245336
v -0.166301 0.836176 1.060893
v -0.329110 0.832020 1.248844
v -0.156269 0.837421 1.069745
v -0.321886 0.832916 1.255217
v -0.152296 0.849625 1.073725
v -0.319026 0.841702 1.258083
v -0.158356 0.860583 1.068853
v -0.323389 0.849593 1.254575
v -0.168388 0.859339 1.060001
v -0.330612 0.848697 1.248202
v -0.326249 0.840806 1.251709
v -0.309768 1.097575 1.441967
v -0.405121 0.962858 1.309109
v -0.234192 0.924170 1.346516
v -0.326249 0.840806 1.251709
v -0.251645 1.119045 1.391056
v -0.378601 0.956407 1.342857
v -0.214213 0.947796 1.272040
v -0.326249 0.840806 1.251709
v -0.247224 1.120003 1.386633
v -0.306175 0.916491 1.386916
v -0.283103 0.988478 1.224441
v -0.326249 0.840806 1.251709
v -0.236318 1.121918 1.375355
v -0.372826 0.965277 1.333866
v -0.207728 0.941225 1.268469
v -0.326249 0.840806 1.251709
v -0.637726 0.805296 1.187513
v -0.470843 0.885545 1.290481
v -0.430837 0.767659 1.161581
v -0.326249 0.840806 1.251709
v -0.548759 0.806294 1.024337
v -0.458794 0.898588 1.192504
v -0.371712 0.755414 1.129017
v -0.326249 0.840806 1.251709
v -0.607821 0.804194 1.104139
v -0.477291 0.805799 1.271027
v -0.400465 0.846524 1.114336
v -0.326249 0.840806 1.251709
v -0.635658 0.805046 1.178310
v -0.472765 0.872104 1.296044
v -0.427260 0.780900 1.148655
v -0.326249 0.840806 1.251709
v -0.483507 0.661938 1.465430
v -0.337507 0.699046 1.316435
v -0.440797 0.839472 1.357960
v -0.326249 0.840806 1.251709
v -0.519295 0.759844 1.493739
v -0.461567 0.871834 1.323393
v -0.345368 0.745009 1.373650
v -0.326249 0.840806 1.251709
v -0.431753 0.586496 1.414791
v -0.400181 0.703575 1.241044
v -0.336720 0.774590 1.392840
v -0.326249 0.840806 1.251709
v -0.457336 0.618266 1.440633
v -0.296960 0.724854 1.352255
v -0.460408 0.778726 1.302303
v -0.160669 0.841736 1.076433
v -0.072869 1.050403 1.179384
v -0.150715 0.842118 1.067415
v -0.065703 1.050678 1.172890
v -0.152375 0.848762 1.055855
v -0.066898 1.055462 1.164567
v -0.163988 0.855024 1.053312
v -0.075260 1.059971 1.162736
v -0.173942 0.854642 1.062330
v -0.082426 1.059695 1.169229
v -0.172282 0.847998 1.073891
v -0.081231 1.054911 1.177553
v -0.074065 1.055187 1.171060
v -0.074065 1.055187 1.171060
v 0.233887 1.138104 1.144778
v 0.052357 1.104247 1.248667
v 0.045875 1.072460 1.072427
v -0.074065 1.055187 1.171060
v 0.223211 1.004088 1.064214
v 0.026988 1.083520 1.055311
v 0.062704 0.985975 1.201332
v -0.074065 1.055187 1.171060
v 0.221798 1.000275 1.062202
v 0.010879 0.980180 1.063493
v 0.077682 1.086265 1.191540
v -0.074065 1.055187 1.171060
v 0.221382 1.178103 1.172787
v 0.011976 1.182037 1.140757
v 0.076252 1.026670 1.202745
v -0.074065 1.055187 1.171060
v -0.158474 1.362582 1.199043
v -0.162877 1.169415 1.112099
v -0.052780 1.186875 1.252407
v -0.074065 1.055187 1.171060
v -0.217696 1.340834 1.157799
v -0.123924 1.177392 1.254679
v -0.139110 1.161499 1.076832
v -0.074065 1.055187 1.171060
v -0.177142 1.357734 1.186557
v -0.090661 1.188962 1.092061
v -0.139930 1.163449 1.262456
v -0.074065 1.055187 1.171060
v -0.290276 1.279623 1.098390
v -0.222564 1.081384 1.130147
v -0.098535 1.208538 1.153837
v -0.157747 0.857571 1.056208
v -0.383471 0.961926 1.053372
v -0.163096 0.846118 1.051650
v -0.387322 0.953680 1.050090
v -0.167678 0.836927 1.060315
v -0.390621 0.947063 1.056329
v -0.166910 0.839189 1.073538
v -0.390069 0.948691 1.065849
v -0.161561 0.850641 1.078096
v -0.386217 0.956937 1.069131
v -0.156979 0.859832 1.069431
v -0.382918 0.963554 1.062892
v -0.386770 0.955308 1.059611
v -0.386770 0.955308 1.059611
v -0.514540 0.802529 0.809144
v -0.434723 0.817045 1.004876
v -0.441032 0.971348 0.913973
v -0.386770 0.955308 1.059611
v -0.468834 0.777545 0.806499
v -0.336732 0.850253 0.955343
v -0.502459 0.918154 0.961389
v -0.386770 0.955308 1.059611
v -0.552126 0.827999 0.817022
v -0.431413 0.974513 0.911117
v -0.474412 0.834256 1.014033
v -0.386770 0.955308 1.059611
v -0.511712 0.800806 0.808775
v -0.489666 0.846758 1.014432
v -0.383827 0.940257 0.904121
v -0.386770 0.955308 1.059611
v -0.565048 1.042926 1.310489
v -0.392549 1.044914 1.187476
v -0.523613 0.935797 1.132448
v -0.386770 0.955308 1.059611
v -0.470029 0.998213 1.365596
v -0.448587 0.887629 1.186142
v -0.391560 1.057311 1.177867
v -0.386770 0.955308 1.059611
v -0.462441 0.994622 1.368039
v -0.448664 1.052870 1.164792
v -0.385413 0.889198 1.201172
v -0.386770 0.955308 1.059611
v -0.558890 1.040046 1.315724
v -0.475363 1.067353 1.122930
v -0.435873 0.911054 1.201182
v -0.386770 0.955308 1.059611
v -0.392379 1.183160 0.834995
v -0.477787 1.036887 0.962281
v -0.300240 1.056012 0.977248
v -0.386770 0.955308 1.059611
v -0.416665 1.187589 0.841546
v -0.487863 1.044599 0.980747
v -0.309592 1.051842 0.964022
v -0.386770 0.955308 1.059611
v -0.329656 1.165025 0.824755
v -0.325253 1.094583 1.024532
v -0.402595 0.983807 0.906805
v -0.386770 0.955308 1.059611
v -0.470950 1.192122 0.861537
v -0.505996 1.023911 0.985509
v -0.334888 1.076157 0.975254
v -0.024207 0.276357 0.906530
v -0.175070 0.279258 1.244245
v -0.024592 0.250441 0.906859
v -0.175348 0.260599 1.244482
v -0.004450 0.237302 0.916527
v -0.160845 0.251139 1.251443
v 0.016079 0.250077 0.925866
v -0.146064 0.260337 1.258167
v 0.016464 0.275992 0.925538
v -0.145787 0.278996 1.257931
v -0.003678 0.289132 0.915870
v -0.160289 0.288457 1.250970
v -0.174936 0.279502 1.244303
v -0.359894 0.128832 1.431595
v -0.169972 0.263319 1.236446
v -0.356320 0.117180 1.425938
v -0.155603 0.253614 1.243349
v -0.345974 0.110192 1.430909
v -0.146199 0.260093 1.258109
v -0.339203 0.114857 1.441536
v -0.151162 0.276277 1.265966
v -0.342777 0.126510 1.447193
v -0.165531 0.285981 1.259063
v -0.353122 0.133497 1.442223
v -0.343735 0.110206 1.433202
v -0.330042 0.051654 1.674518
v -0.336175 0.121071 1.435514
v -0.324598 0.059476 1.676183
v -0.341988 0.132709 1.438878
v -0.328784 0.067856 1.678605
v -0.355361 0.133483 1.439929
v -0.338412 0.068413 1.679362
v -0.362922 0.122618 1.437617
v -0.343856 0.060590 1.677697
v -0.357109 0.110980 1.434254
v -0.339671 0.052210 1.675275
v -0.334227 0.060033 1.676940
v -0.334227 0.060033 1.676940
v -0.060112 0.135202 1.823945
v -0.188348 0.112260 1.656848
v -0.260814 0.067941 1.814636
v -0.334227 0.060033 1.676940
v -0.090419 0.106645 1.878893
v -0.278839 0.149859 1.792160
v -0.194569 0.007497 1.723282
v -0.334227 0.060033 1.676940
v -0.083583 0.112415 1.868861
v -0.263418 0.017384 1.809527
v -0.204521 0.144588 1.697890
v -0.334227 0.060033 1.676940
v -0.039377 0.168616 1.737549
v -0.195726 0.096140 1.614283
v -0.236848 0.110792 1.788084
v -0.334227 0.060033 1.676940
v -0.597060 0.061336 1.859471
v -0.388343 0.066467 1.823372
v -0.490378 0.054642 1.676533
v -0.334227 0.060033 1.676940
v -0.633150 0.085170 1.788355
v -0.422117 0.076367 1.805083
v -0.485475 0.063809 1.637929
v -0.334227 0.060033 1.676940
v -0.604534 0.065440 1.848127
v -0.465135 0.139862 1.706984
v -0.419565 -0.015471 1.783846
v -0.334227 0.060033 1.676940
v -0.598573 0.062145 1.857264
v -0.389491 0.059275 1.823082
v -0.490441 0.062481 1.675057
v -0.334227 0.060033 1.676940
v -0.174493 -0.197643 1.779350
v -0.209769 -0.031320 1.652921
v -0.330898 -0.054755 1.782887
v -0.334227 0.060033 1.676940
v -0.167471 -0.203378 1.749099
v -0.193850 -0.008291 1.670758
v -0.341199 -0.082371 1.740850
v -0.334227 0.060033 1.676940
v -0.167801 -0.203140 1.750712
v -0.341555 -0.082277 1.741021
v -0.193759 -0.008195 1.671877
v -0.334227 0.060033 1.676940
v -0.180597 -0.191876 1.800794
v -0.346412 -0.090720 1.716147
v -0.199138 0.009259 1.736816
v -0.347661 0.131238 1.445987
v -0.594284 0.148022 1.473279
v -0.348947 0.134813 1.433098
v -0.595210 0.150596 1.463999
v -0.350834 0.125419 1.423677
v -0.596568 0.143833 1.457216
v -0.351435 0.112452 1.427144
v -0.597001 0.134496 1.459712
v -0.350150 0.108877 1.440033
v -0.596076 0.131922 1.468992
v -0.348263 0.118270 1.449454
v -0.594717 0.138685 1.475775
v -0.595643 0.141259 1.466496
v -0.595643 0.141259 1.466496
v -0.666048 0.329134 1.217204
v -0.542717 0.200708 1.332045
v -0.704892 0.232110 1.401513
v -0.595643 0.141259 1.466496
v -0.704421 0.326755 1.229518
v -0.554890 0.234177 1.347678
v -0.723418 0.196738 1.395731
v -0.595643 0.141259 1.466496
v -0.753129 0.318928 1.251945
v -0.709542 0.141685 1.359542
v -0.607733 0.282969 1.401809
v -0.595643 0.141259 1.466496
v -0.715071 0.325533 1.233730
v -0.715448 0.232041 1.423865
v -0.571380 0.197896 1.322914
v -0.595643 0.141259 1.466496
v -0.748938 -0.130277 1.538389
v -0.711009 0.044499 1.424780
v -0.602913 0.020791 1.565726
v -0.595643 0.141259 1.466496
v -0.615414 -0.172145 1.528033
v -0.654928 0.004888 1.418533
v -0.552175 0.026907 1.563687
v -0.595643 0.141259 1.466496
v -0.564325 -0.172484 1.521126
v -0.644824 -0.001312 1.425668
v -0.521407 0.032836 1.551027
v -0.595643 0.141259 1.466496
v -0.643796 -0.168409 1.531203
v -0.619530 -0.000221 1.404649
v -0.610278 0.035004 1.580109
v -0.595643 0.141259 1.466496
v -0.570366 0.407488 1.642232
v -0.504480 0.221650 1.564673
v -0.666584 0.273851 1.508907
v -0.595643 0.141259 1.466496
v -0.674254 0.396827 1.642295
v -0.703799 0.251282 1.491179
v -0.550376 0.235690 1.582452
v -0.595643 0.141259 1.466496
v -0.624497 0.405510 1.644649
v -0.565637 0.294405 1.474111
v -0.648733 0.199514 1.601403
v -0.595643 0.141259 1.466496
v -0.521634 0.402632 1.635631
v -0.626328 0.292999 1.487604
v -0.505751 0.198618 1.580695
v -0.359609 0.129049 1.431329
v -0.518385 0.008184 1.579758
v -0.356099 0.117350 1.425728
v -0.515858 -0.000239 1.575726
v -0.346038 0.110146 1.430965
v -0.508614 -0.005426 1.579496
v -0.339487 0.114640 1.441802
v -0.503897 -0.002190 1.587299
v -0.342998 0.126339 1.447403
v -0.506425 0.006233 1.591331
v -0.353059 0.133543 1.442166
v -0.513669 0.011420 1.587561
v -0.511141 0.002997 1.583529
v -0.565768 -0.266150 1.419285
v -0.613678 -0.111672 1.556155
v -0.452305 -0.097652 1.479508
v -0.511141 0.002997 1.583529
v -0.662978 -0.277970 1.563448
v -0.553727 -0.125364 1.661773
v -0.590025 -0.093416 1.489220
v -0.511141 0.002997 1.583529
v -0.556642 -0.261420 1.409135
v -0.576489 -0.055333 1.454148
v -0.482194 -0.150207 1.573394
v -0.511141 0.002997 1.583529
v -0.638853 -0.283418 1.519841
v -0.508554 -0.119650 1.486764
v -0.615898 -0.103489 1.629343
v -0.511141 0.002997 1.583529
v -0.357662 0.004949 1.864314
v -0.452181 0.093342 1.696549
v -0.447318 -0.085787 1.695136
v -0.511141 0.002997 1.583529
v -0.367532 -0.001301 1.869462
v -0.516403 -0.054908 1.728551
v -0.390992 0.057463 1.667253
v -0.511141 0.002997 1.583529
v -0.447507 -0.047165 1.893100
v -0.422630 -0.076573 1.684753
v -0.548746 0.042438 1.729961
v -0.511141 0.002997 1.583529
v -0.427856 -0.036597 1.889953
v -0.395811 -0.038281 1.680519
v -0.559843 0.012599 1.731677
v -0.511141 0.002997 1.583529
v -0.829590 0.017220 1.555457
v -0.641581 0.069644 1.637896
v -0.635461 -0.052272 1.506704
v -0.511141 0.002997 1.583529
v -0.765214 0.118974 1.427335
v -0.586192 0.132874 1.539808
v -0.639349 -0.034098 1.502294
v -0.511141 0.002997 1.583529
v -0.808286 0.071598 1.486581
v -0.598907 0.049435 1.462893
v -0.661092 0.011439 1.626606
v -0.511141 0.002997 1.583529
v -0.821278 0.046752 1.517950
v -0.616479 0.021854 1.469684
v -0.653913 0.019144 1.644910
v -0.511141 0.002997 1.583529
v -0.723317 -0.234168 1.617210
v -0.554354 -0.118527 1.671715
v -0.637670 -0.065211 1.522287
v -0.511141 0.002997 1.583529
v -0.736072 -0.204927 1.676125
v -0.614045 -0.104191 1.535221
v -0.588182 -0.056154 1.705914
v -0.511141 0.002997 1.583529
v -0.736836 -0.201350 1.682041
v -0.639791 -0.075360 1.542037
v -0.563047 -0.082124 1.703830
v -0.511141 0.002997 1.583529
v -0.728626 -0.225545 1.637091
v -0.603599 -0.063117 1.690733
v -0.592671 -0.113723 1.519175
v -0.156523 0.251718 1.253451
v -0.096147 0.306874 1.545516
v -0.143111 0.263744 1.248574
v -0.086491 0.315533 1.542004
v -0.147156 0.281824 1.246330
v -0.089402 0.328551 1.540388
v -0.164611 0.287878 1.248962
v -0.101971 0.332909 1.542284
v -0.178023 0.275852 1.253839
v -0.111627 0.324250 1.545795
v -0.173979 0.257771 1.256083
v -0.108715 0.311233 1.547411
v -0.097602 0.306678 1.545855
v 0.072747 0.355121 1.720451
v -0.089966 0.313010 1.536792
v 0.078245 0.359681 1.713926
v -0.091422 0.326224 1.534837
v 0.077196 0.369195 1.712518
v -0.100516 0.333105 1.541944
v 0.070649 0.374149 1.717635
v -0.108152 0.326773 1.551007
v 0.065151 0.369590 1.724161
v -0.106695 0.313559 1.552962
v 0.066200 0.360076 1.725568
v 0.071698 0.364635 1.719043
v 0.373422 0.402852 1.619532
v 0.219408 0.316970 1.736989
v 0.165367 0.442875 1.621489
v 0.071698 0.364635 1.719043
v 0.329647 0.387024 1.530997
v 0.122824 0.365021 1.571401
v 0.226931 0.382161 1.716248
v 0.071698 0.364635 1.719043
v 0.366849 0.399907 1.600544
v 0.177702 0.306455 1.620096
v 0.201816 0.451033 1.723191
v 0.071698 0.364635 1.719043
v 0.326359 0.386046 1.526457
v 0.210850 0.432474 1.697904
v 0.136275 0.313925 1.586113
v 0.071698 0.364635 1.719043
v -0.088098 0.586107 1.885822
v 0.083693 0.476909 1.827038
v -0.068134 0.429539 1.744472
v 0.071698 0.364635 1.719043
v -0.042967 0.587073 1.918476
v 0.097462 0.443188 1.851625
v -0.045797 0.464033 1.746008
v 0.071698 0.364635 1.719043
v -0.021140 0.585268 1.931416
v 0.015938 0.509474 1.737064
v 0.053188 0.396303 1.870920
v 0.071698 0.364635 1.719043
v -0.026164 0.585802 1.928586
v 0.065822 0.517605 1.750317
v -0.000715 0.388600 1.855404
v 0.071698 0.364635 1.719043
v 0.258515 0.176627 1.898353
v 0.171471 0.360523 1.839212
v 0.121379 0.218341 1.742322
v 0.071698 0.364635 1.719043
v 0.265372 0.191690 1.906075
v 0.078272 0.251645 1.826757
v 0.220063 0.339270 1.760955
v 0.071698 0.364635 1.719043
v 0.261709 0.183401 1.901937
v 0.124192 0.340095 1.864144
v 0.171213 0.244188 1.720257
v 0.071698 0.364635 1.719043
v 0.255774 0.171109 1.895292
v 0.076996 0.273511 1.845852
v 0.213662 0.300939 1.733234
v 0.071698 0.364635 1.719043
v 0.389218 0.387229 1.751771
v 0.209370 0.304074 1.676723
v 0.188042 0.443272 1.787546
v 0.071698 0.364635 1.719043
v 0.389283 0.387177 1.751161
v 0.187756 0.421465 1.806868
v 0.209709 0.325839 1.656913
v 0.071698 0.364635 1.719043
v 0.389067 0.387343 1.753127
v 0.200939 0.290806 1.766564
v 0.196353 0.456631 1.698789
v 0.071698 0.364635 1.719043
v 0.375462 0.392214 1.815827
v 0.168512 0.354569 1.841264
v 0.217895 0.396765 1.674250
v -0.093694 0.331798 1.540735
v -0.215084 0.433257 1.732620
v -0.105451 0.328092 1.535388
v -0.223549 0.430589 1.728770
v -0.110816 0.316186 1.538553
v -0.227412 0.422017 1.731049
v -0.104423 0.307986 1.547065
v -0.222809 0.416113 1.737177
v -0.092666 0.311692 1.552411
v -0.214344 0.418781 1.741027
v -0.087302 0.323598 1.549246
v -0.210481 0.427353 1.738748
v -0.218946 0.424685 1.734898
v -0.115373 0.213073 1.951446
v -0.135270 0.294582 1.756889
v -0.219765 0.385498 1.886146
v -0.218946 0.424685 1.734898
v -0.200741 0.305504 2.031318
v -0.157684 0.311869 1.823959
v -0.265644 0.442156 1.882974
v -0.218946 0.424685 1.734898
v -0.143984 0.241477 1.986326
v -0.240546 0.402433 1.888034
v -0.137377 0.300371 1.782905
v -0.218946 0.424685 1.734898
v -0.173999 0.274199 2.013706
v -0.113952 0.355011 1.827277
v -0.287984 0.373970 1.865566
v -0.218946 0.424685 1.734898
v -0.204645 0.742246 1.698150
v -0.220476 0.541766 1.631448
v -0.205975 0.561653 1.808950
v -0.218946 0.424685 1.734898
v -0.202120 0.741622 1.694061
v -0.122768 0.547078 1.721409
v -0.301663 0.555842 1.715718
v -0.218946 0.424685 1.734898
v -0.192306 0.738492 1.678196
v -0.140824 0.555098 1.770976
v -0.275756 0.545318 1.653459
v -0.218946 0.424685 1.734898
v -0.202753 0.741785 1.695085
v -0.260368 0.563362 1.793764
v -0.164570 0.539689 1.644182
v -0.218946 0.424685 1.734898
v -0.437910 0.574617 1.913716
v -0.269055 0.451009 1.880529
v -0.344009 0.518306 1.732321
v -0.218946 0.424685 1.734898
v -0.498424 0.569149 1.793403
v -0.325864 0.457147 1.844109
v -0.335610 0.507794 1.672491
v -0.218946 0.424685 1.734898
v -0.477827 0.574835 1.848195
v -0.362465 0.405688 1.793667
v -0.282532 0.563802 1.766767
v -0.218946 0.424685 1.734898
v -0.489637 0.572515 1.820181
v -0.279537 0.552232 1.801777
v -0.374909 0.415402 1.736246
v -0.111404 0.315740 1.547204
v -0.011201 0.167345 1.719796
v -0.104444 0.309242 1.537723
v -0.006190 0.162667 1.712969
v -0.092099 0.313394 1.534419
v 0.002699 0.165656 1.710590
v -0.086714 0.324043 1.540595
v 0.006576 0.173323 1.715037
v -0.093674 0.330541 1.550076
v 0.001565 0.178002 1.721863
v -0.106019 0.326389 1.553381
v -0.007323 0.175013 1.724243
v -0.002312 0.170334 1.717416
v 0.113621 -0.126749 1.690937
v 0.090575 0.062903 1.782552
v -0.002453 0.040099 1.631098
v -0.002312 0.170334 1.717416
v 0.063813 -0.083607 1.534274
v 0.016293 0.119615 1.570809
v 0.031983 0.017901 1.717509
v -0.002312 0.170334 1.717416
v 0.085195 -0.108934 1.587989
v 0.087792 0.101810 1.609723
v -0.022411 0.015444 1.721567
v -0.002312 0.170334 1.717416
v 0.072803 -0.095084 1.555210
v 0.113561 0.073905 1.676345
v -0.058094 0.054429 1.628722
v -0.002312 0.170334 1.717416
v 0.221628 0.288321 1.913197
v 0.094664 0.290013 1.743581
v 0.079863 0.145044 1.847876
v -0.002312 0.170334 1.717416
v 0.222162 0.245990 1.932562
v 0.024705 0.236604 1.856306
v 0.150250 0.164589 1.750642
v -0.002312 0.170334 1.717416
v 0.219408 0.309873 1.901179
v 0.107083 0.281711 1.723747
v 0.065669 0.170589 1.858095
v -0.002312 0.170334 1.717416
v 0.219954 0.305668 1.903649
v 0.050180 0.304945 1.776887
v 0.123008 0.143991 1.806931
v -0.002312 0.170334 1.717416
v -0.253439 0.023245 1.850457
v -0.150105 0.187373 1.765156
v -0.055421 0.035624 1.776109
v -0.002312 0.170334 1.717416
v -0.283618 0.052940 1.814813
v -0.113724 0.064609 1.688749
v -0.115945 0.182145 1.824001
v -0.002312 0.170334 1.717416
v -0.224224 0.002850 1.875860
v -0.097451 0.046523 1.711806
v -0.084703 0.160158 1.849781
v -0.002312 0.170334 1.717416
v -0.262630 0.031098 1.840899
v -0.062745 0.101306 1.843888
v -0.150134 0.127974 1.689731
v -0.002312 0.170334 1.717416
v 0.124189 -0.111338 1.801427
v 0.127354 0.083164 1.717457
v -0.030778 0.032167 1.784584
v -0.002312 0.170334 1.717416
v 0.117149 -0.122945 1.763418
v 0.008974 0.050987 1.817621
v 0.081971 0.055058 1.654013
v -0.002312 0.170334 1.717416
v 0.128820 -0.097005 1.834609
v 0.067758 0.105775 1.841248
v 0.032523 0.021022 1.687339
v -0.002312 0.170334 1.717416
v 0.102932 -0.131597 1.704732
v 0.114446 0.077310 1.671305
v -0.034875 0.021813 1.753380
v -0.096145 0.306875 1.545524
v -0.041495 0.352725 1.783769
v -0.086543 0.315492 1.541769
v -0.034581 0.358929 1.781065
v -0.089456 0.328508 1.540145
v -0.036679 0.368301 1.779896
v -0.101973 0.332908 1.542275
v -0.045690 0.371468 1.781430
v -0.111575 0.324291 1.546030
v -0.052604 0.365264 1.784133
v -0.108661 0.311275 1.547654
v -0.050506 0.355893 1.785303
v -0.043593 0.362097 1.782599
v 0.261533 0.450381 1.743811
v 0.069813 0.388310 1.678368
v 0.087102 0.406511 1.855800
v -0.043593 0.362097 1.782599
v 0.262191 0.451514 1.752586
v 0.063660 0.420734 1.685281
v 0.093782 0.374993 1.855907
v -0.043593 0.362097 1.782599
v 0.251291 0.459607 1.859640
v 0.047854 0.414470 1.897954
v 0.100868 0.387732 1.728877
v -0.043593 0.362097 1.782599
v 0.226552 0.458980 1.924145
v 0.108306 0.331657 1.802907
v 0.020625 0.470043 1.875528
v -0.043593 0.362097 1.782599
v -0.337615 0.487958 1.793085
v -0.180774 0.373228 1.708644
v -0.141628 0.451655 1.864943
v -0.043593 0.362097 1.782599
v -0.304562 0.503897 1.901710
v -0.158202 0.351289 1.888240
v -0.137759 0.486345 1.772247
v -0.043593 0.362097 1.782599
v -0.330274 0.495492 1.831787
v -0.125703 0.494891 1.776627
v -0.190827 0.336019 1.827921
v -0.043593 0.362097 1.782599
v -0.302439 0.504169 1.905945
v -0.193850 0.343247 1.821064
v -0.100412 0.494604 1.842811
v -0.043593 0.362097 1.782599
v 0.051857 0.113176 1.959595
v -0.034784 0.206283 1.790137
v 0.023959 0.318773 1.916659
v -0.043593 0.362097 1.782599
v 0.049349 0.099662 1.940364
v -0.085281 0.254716 1.888163
v 0.072449 0.259529 1.803248
v -0.043593 0.362097 1.782599
v 0.053699 0.126754 1.976373
v 0.078978 0.299893 1.856891
v -0.088330 0.236026 1.863327
v -0.043593 0.362097 1.782599
v 0.056374 0.166521 2.015316
v 0.007731 0.218283 1.815699
v -0.014944 0.349450 1.935673
v -0.043593 0.362097 1.782599
v 0.187152 0.424161 1.995449
v 0.101192 0.325697 1.828692
v -0.003782 0.448148 1.906786
v -0.043593 0.362097 1.782599
v 0.220646 0.428314 1.950508
v 0.052001 0.312339 1.895729
v 0.072205 0.464828 1.803797
v -0.043593 0.362097 1.782599
v 0.089116 0.408361 2.070085
v -0.002018 0.293860 1.916865
v 0.021000 0.467345 1.878321
v -0.043593 0.362097 1.782599
v 0.136673 0.416503 2.041335
v -0.039912 0.359991 1.938786
v 0.096939 0.407728 1.833402
v -0.153682 0.286903 1.254087
v -0.412990 0.362330 1.392142
v -0.163248 0.283198 1.238497
v -0.419877 0.359663 1.380917
v -0.170133 0.266093 1.235616
v -0.424835 0.347347 1.378844
v -0.167452 0.252693 1.248326
v -0.422905 0.337699 1.387994
v -0.157886 0.256398 1.263916
v -0.416017 0.340367 1.399219
v -0.151001 0.273503 1.266797
v -0.411060 0.352682 1.401293
v -0.413312 0.362554 1.391417
v -0.643065 0.447975 1.349392
v -0.413393 0.356685 1.379330
v -0.643124 0.443749 1.340690
v -0.418029 0.344145 1.377982
v -0.646461 0.434721 1.339719
v -0.422583 0.337475 1.388720
v -0.649740 0.429918 1.347451
v -0.422502 0.343345 1.400807
v -0.649682 0.434144 1.356153
v -0.417866 0.355884 1.402155
v -0.646344 0.443173 1.357124
v -0.646403 0.438947 1.348421
v -0.646403 0.438947 1.348421
v -0.740235 0.487396 1.046348
v -0.687905 0.546508 1.242968
v -0.679967 0.370145 1.212216
v -0.646403 0.438947 1.348421
v -0.737166 0.486271 1.045234
v -0.628826 0.391378 1.200636
v -0.736590 0.524375 1.253657
v -0.646403 0.438947 1.348421
v -0.616758 0.440963 1.029804
v -0.708544 0.389750 1.213773
v -0.560545 0.489757 1.228176
v -0.646403 0.438947 1.348421
v -0.654885 0.455549 1.028965
v -0.735884 0.420769 1.221635
v -0.563707 0.470407 1.219643
v -0.646403 0.438947 1.348421
v -0.892239 0.320888 1.515832
v -0.688171 0.364730 1.479416
v -0.801304 0.418716 1.351356
v -0.646403 0.438947 1.348421
v -0.925137 0.359603 1.484112
v -0.751984 0.325271 1.366930
v -0.763809 0.489148 1.438465
v -0.646403 0.438947 1.348421
v -0.848761 0.284925 1.542660
v -0.795891 0.423153 1.391035
v -0.658801 0.331523 1.461198
v -0.646403 0.438947 1.348421
v -0.879247 0.308798 1.525183
v -0.798681 0.443725 1.383071
v -0.680400 0.330049 1.455181
v -0.646403 0.438947 1.348421
v -0.705484 0.747416 1.287133
v -0.581984 0.578796 1.321878
v -0.758087 0.545873 1.325934
v -0.646403 0.438947 1.348421
v -0.700281 0.748447 1.287540
v -0.737883 0.561591 1.380076
v -0.598025 0.563903 1.268062
v -0.646403 0.438947 1.348421
v -0.765332 0.728874 1.283627
v -0.686479 0.538383 1.234762
v -0.701470 0.571452 1.410245
v -0.646403 0.438947 1.348421
v -0.728456 0.741785 1.285524
v -0.765828 0.537655 1.328258
v -0.592620 0.582510 1.318267
v -0.425051 0.344602 1.380029
v -0.563046 0.223674 1.547908
v -0.414106 0.338330 1.384659
v -0.555166 0.219159 1.551241
v -0.407003 0.343743 1.394698
v -0.550051 0.223056 1.558469
v -0.410844 0.355428 1.400108
v -0.552817 0.231469 1.562364
v -0.421789 0.361699 1.395478
v -0.560697 0.235984 1.559031
v -0.428892 0.356286 1.385439
v -0.565812 0.232087 1.551803
v -0.557932 0.227571 1.555136
v -0.408933 -0.053782 1.587377
v -0.460937 0.125582 1.487295
v -0.535727 0.104478 1.648769
v -0.557932 0.227571 1.555136
v -0.502972 -0.068267 1.664036
v -0.456662 0.135812 1.630877
v -0.615234 0.082661 1.566515
v -0.557932 0.227571 1.555136
v -0.406134 -0.052577 1.584705
v -0.573410 0.077110 1.594303
v -0.421015 0.153914 1.539625
v -0.557932 0.227571 1.555136
v -0.405198 -0.052162 1.583804
v -0.489100 0.128950 1.654877
v -0.504577 0.102406 1.478330
v -0.557932 0.227571 1.555136
v -0.658650 0.393526 1.809527
v -0.632301 0.356533 1.602574
v -0.564138 0.231374 1.711210
v -0.557932 0.227571 1.555136
v -0.654287 0.400898 1.806280
v -0.676593 0.308152 1.617091
v -0.516355 0.285652 1.694097
v -0.557932 0.227571 1.555136
v -0.611768 0.460341 1.768021
v -0.511233 0.367669 1.606167
v -0.647699 0.273690 1.674413
v -0.557932 0.227571 1.555136
v -0.648766 0.409845 1.801967
v -0.622808 0.227478 1.697274
v -0.565723 0.373484 1.610463
v -0.557932 0.227571 1.555136
v -0.804040 0.023358 1.543840
v -0.675920 0.164718 1.636008
v -0.636830 0.127055 1.465227
v -0.557932 0.227571 1.555136
v -0.758357 0.067958 1.363425
v -0.705007 0.217898 1.503295
v -0.571196 0.109554 1.453608
v -0.557932 0.227571 1.555136
v -0.797497 0.031341 1.474500
v -0.604726 0.078642 1.548622
v -0.702790 0.219517 1.497141
v -0.557932 0.227571 1.555136
v -0.786787 0.041860 1.430492
v -0.630120 0.089355 1.564997
v -0.668828 0.217218 1.445560
v -0.557932 0.227571 1.555136
v -0.507205 -0.068351 1.665846
v -0.590274 0.126523 1.669832
v -0.485007 0.091882 1.529008
v -0.557932 0.227571 1.555136
v -0.647083 -0.022246 1.734142
v -0.678814 0.140506 1.602244
v -0.508370 0.114783 1.651233
v -0.557932 0.227571 1.555136
v -0.612837 -0.040612 1.720856
v -0.588719 0.168470 1.696456
v -0.571069 0.072127 1.546392
v -0.557932 0.227571 1.555136
v -0.562031 -0.059251 1.696968
v -0.603549 0.078746 1.541644
v -0.515594 0.146940 1.682094
v -0.412183 0.347839 1.402010
v -0.479135 0.576949 1.471834
v -0.405008 0.353113 1.391947
v -0.473969 0.580747 1.464588
v -0.410773 0.355289 1.380006
v -0.478120 0.582313 1.455991
v -0.423712 0.352190 1.378127
v -0.487436 0.580082 1.454638
v -0.430887 0.346916 1.388190
v -0.492602 0.576285 1.461884
v -0.425122 0.344741 1.400131
v -0.488451 0.574719 1.470481
v -0.483286 0.578516 1.463236
v -0.483286 0.578516 1.463236
v -0.246249 0.779270 1.386350
v -0.442187 0.699669 1.373542
v -0.334755 0.617966 1.491421
v -0.483286 0.578516 1.463236
v -0.200347 0.668834 1.344120
v -0.351058 0.656427 1.492526
v -0.389162 0.572859 1.338653
v -0.483286 0.578516 1.463236
v -0.284450 0.824135 1.412881
v -0.450509 0.726511 1.501120
v -0.356994 0.627016 1.385068
v -0.483286 0.578516 1.463236
v -0.226298 0.745141 1.370535
v -0.332533 0.607825 1.491987
v -0.428449 0.682507 1.360324
v -0.483286 0.578516 1.463236
v -0.776720 0.675658 1.380414
v -0.611591 0.542906 1.381493
v -0.589728 0.691840 1.478721
v -0.483286 0.578516 1.463236
v -0.763090 0.723401 1.407402
v -0.620019 0.621208 1.525635
v -0.570397 0.651732 1.356169
v -0.483286 0.578516 1.463236
v -0.771106 0.548694 1.326598
v -0.593620 0.477603 1.417904
v -0.603208 0.655572 1.399257
v -0.483286 0.578516 1.463236
v -0.774428 0.562707 1.331379
v -0.627515 0.638595 1.463854
v -0.571970 0.505789 1.357132
v -0.483286 0.578516 1.463236
v -0.428232 0.756051 1.723717
v -0.545336 0.680346 1.564194
v -0.377193 0.618713 1.570663
v -0.483286 0.578516 1.463236
v -0.376724 0.672376 1.750002
v -0.525042 0.621076 1.607656
v -0.356280 0.611044 1.548229
v -0.483286 0.578516 1.463236
v -0.364063 0.646924 1.752211
v -0.469090 0.688780 1.573019
v -0.402103 0.522978 1.584632
v -0.483286 0.578516 1.463236
v -0.405791 0.722935 1.738077
v -0.521098 0.692745 1.562906
v -0.383477 0.579822 1.583439
v -0.413002 0.362334 1.392148
v -0.631190 0.429120 1.491058
v -0.419235 0.359458 1.380597
v -0.635677 0.427049 1.482741
v -0.424180 0.347139 1.378517
v -0.639238 0.418179 1.481244
v -0.422893 0.337695 1.387989
v -0.638311 0.411380 1.488064
v -0.416660 0.340571 1.399540
v -0.633823 0.413451 1.496381
v -0.411715 0.352891 1.401620
v -0.630263 0.422321 1.497878
v -0.634750 0.420250 1.489561
v -0.787559 0.532621 1.231836
v -0.774010 0.458248 1.429768
v -0.617738 0.472149 1.343174
v -0.634750 0.420250 1.489561
v -0.779917 0.530486 1.226550
v -0.688427 0.382698 1.347713
v -0.697207 0.545991 1.421000
v -0.634750 0.420250 1.489561
v -0.757409 0.523858 1.212757
v -0.623916 0.412504 1.333886
v -0.743712 0.510882 1.423793
v -0.634750 0.420250 1.489561
v -0.793571 0.534255 1.236226
v -0.766863 0.488311 1.441331
v -0.629695 0.443393 1.335123
v -0.634750 0.420250 1.489561
v -0.771176 0.198443 1.675544
v -0.645549 0.267267 1.519425
v -0.733093 0.395787 1.608483
v -0.634750 0.420250 1.489561
v -0.670256 0.140553 1.640917
v -0.717133 0.342495 1.597169
v -0.580772 0.274247 1.503038
v -0.634750 0.420250 1.489561
v -0.776990 0.203251 1.676856
v -0.612825 0.314882 1.602826
v -0.770468 0.352019 1.526132
v -0.634750 0.420250 1.489561
v -0.748042 0.181106 1.669492
v -0.685311 0.379943 1.631797
v -0.674823 0.269242 1.491270
v -0.634750 0.420250 1.489561
v -0.938233 0.520363 1.506163
v -0.727729 0.544084 1.510352
v -0.784558 0.376507 1.482052
v -0.634750 0.420250 1.489561
v -0.938238 0.519817 1.509089
v -0.750042 0.461150 1.586757
v -0.762249 0.459004 1.407987
v -0.634750 0.420250 1.489561
v -0.937964 0.517375 1.521628
v -0.784452 0.382598 1.465400
v -0.727619 0.535602 1.539376
v -0.634750 0.420250 1.489561
v -0.938220 0.519311 1.511759
v -0.749870 0.497270 1.417259
v -0.762407 0.422479 1.579622
v -0.174687 0.279248 1.243485
v -0.312556 0.283629 1.513600
v -0.175014 0.260591 1.243802
v -0.312792 0.270196 1.513828
v -0.160894 0.251141 1.251523
v -0.302626 0.263392 1.519387
v -0.146448 0.260347 1.258927
v -0.292224 0.270020 1.524719
v -0.146121 0.279004 1.258611
v -0.291989 0.283453 1.524491
v -0.160240 0.288455 1.250890
v -0.302155 0.290258 1.518932
v -0.311779 0.284922 1.513978
v -0.484616 0.160407 1.642323
v -0.308457 0.273558 1.507624
v -0.482225 0.152225 1.637748
v -0.299069 0.265461 1.512805
v -0.475465 0.146395 1.641479
v -0.293002 0.268728 1.524341
v -0.471097 0.148747 1.649785
v -0.296324 0.280092 1.530695
v -0.473489 0.156929 1.654360
v -0.305712 0.288189 1.525514
v -0.480249 0.162759 1.650629
v -0.477857 0.154577 1.646054
v -0.626283 -0.059275 1.459944
v -0.543715 0.130223 1.506477
v -0.530739 0.007850 1.636743
v -0.477857 0.154577 1.646054
v -0.657320 -0.071370 1.507704
v -0.584167 0.042730 1.670559
v -0.515117 0.085666 1.510869
v -0.477857 0.154577 1.646054
v -0.634868 -0.063120 1.471825
v -0.603165 0.061429 1.640273
v -0.478157 0.073567 1.512452
v -0.477857 0.154577 1.646054
v -0.610360 -0.051338 1.440040
v -0.608295 0.117003 1.568683
v -0.453421 0.027419 1.558614
v -0.477857 0.154577 1.646054
v -0.418949 0.051374 1.943172
v -0.371577 0.147436 1.760360
v -0.537010 0.079156 1.769442
v -0.477857 0.154577 1.646054
v -0.425669 0.048632 1.943463
v -0.521327 0.050754 1.754420
v -0.392636 0.173644 1.775615
v -0.477857 0.154577 1.646054
v -0.351366 0.082831 1.931103
v -0.380844 0.202507 1.758763
v -0.473677 0.049250 1.761384
v -0.477857 0.154577 1.646054
v -0.457091 0.036665 1.942812
v -0.558678 0.111896 1.772776
v -0.380423 0.102928 1.756739
v -0.477857 0.154577 1.646054
v -0.719447 0.342242 1.552161
v -0.617429 0.158068 1.575915
v -0.531556 0.301218 1.641079
v -0.477857 0.154577 1.646054
v -0.793908 0.188883 1.682584
v -0.590295 0.234153 1.719793
v -0.618260 0.102446 1.601539
v -0.477857 0.154577 1.646054
v -0.793283 0.201154 1.673202
v -0.592277 0.260927 1.642937
v -0.615777 0.085488 1.670890
v -0.477857 0.154577 1.646054
v -0.793762 0.193456 1.679105
v -0.590037 0.244074 1.707844
v -0.618401 0.096182 1.610705
v -0.477857 0.154577 1.646054
v -0.682349 -0.090190 1.620133
v -0.627785 0.111537 1.655073
v -0.491523 0.001803 1.616298
v -0.477857 0.154577 1.646054
v -0.707388 -0.057932 1.713548
v -0.632077 0.130050 1.651233
v -0.507262 0.009097 1.694871
v -0.477857 0.154577 1.646054
v -0.695525 -0.079610 1.659366
v -0.607466 0.104190 1.717291
v -0.522382 0.017614 1.585466
v -0.477857 0.154577 1.646054
v -0.654591 -0.097945 1.560045
v -0.621241 0.105801 1.607661
v -0.475860 0.001335 1.615640
v -0.297122 0.288937 1.521630
v -0.505232 0.350506 1.643075
v -0.304349 0.286899 1.510487
v -0.510436 0.349039 1.635052
v -0.309617 0.274788 1.508016
v -0.514229 0.340318 1.633273
v -0.307658 0.264713 1.516689
v -0.512818 0.333065 1.639518
v -0.300431 0.266750 1.527832
v -0.507615 0.334531 1.647541
v -0.295163 0.278862 1.530303
v -0.503822 0.343252 1.649320
v -0.509025 0.341785 1.641297
v -0.573770 0.138787 1.880042
v -0.447340 0.244694 1.747034
v -0.622506 0.276478 1.726556
v -0.509025 0.341785 1.641297
v -0.516592 0.107024 1.858621
v -0.588640 0.217644 1.692897
v -0.435464 0.278117 1.763556
v -0.509025 0.341785 1.641297
v -0.609597 0.164663 1.888102
v -0.615634 0.329266 1.754831
v -0.482873 0.212606 1.725207
v -0.509025 0.341785 1.641297
v -0.505230 0.102021 1.853190
v -0.597036 0.247345 1.729316
v -0.417978 0.244414 1.722791
v -0.509025 0.341785 1.641297
v -0.809768 0.450500 1.652915
v -0.604069 0.448957 1.703689
v -0.654575 0.321585 1.588198
v -0.509025 0.341785 1.641297
v -0.808739 0.439975 1.695427
v -0.659060 0.322544 1.602163
v -0.598762 0.439578 1.723735
v -0.509025 0.341785 1.641297
v -0.805118 0.432242 1.722208
v -0.606927 0.367714 1.760271
v -0.647997 0.388222 1.587051
v -0.509025 0.341785 1.641297
v -0.810037 0.446603 1.669665
v -0.633990 0.394653 1.563832
v -0.624870 0.372772 1.741457
v -0.312615 0.283624 1.513701
v -0.433116 0.269234 1.730777
v -0.312369 0.270204 1.513065
v -0.432939 0.259572 1.730319
v -0.302145 0.263405 1.518523
v -0.425578 0.254677 1.734248
v -0.292166 0.270026 1.524617
v -0.418393 0.259444 1.738636
v -0.292412 0.283446 1.525254
v -0.418570 0.269106 1.739095
v -0.302636 0.290244 1.519796
v -0.425931 0.274001 1.735165
v -0.425754 0.264339 1.734707
v -0.612637 0.011786 1.795468
v -0.484778 0.131852 1.676606
v -0.516237 0.194783 1.841417
v -0.425754 0.264339 1.734707
v -0.548110 -0.016721 1.642866
v -0.466266 0.120914 1.781613
v -0.483127 0.182916 1.614328
v -0.425754 0.264339 1.734707
v -0.543582 -0.016046 1.635202
v -0.554201 0.176025 1.724018
v -0.391570 0.128345 1.665792
v -0.425754 0.264339 1.734707
v -0.590427 -0.009986 1.729338
v -0.566793 0.199352 1.751943
v -0.416454 0.109865 1.713176
v -0.425754 0.264339 1.734707
v -0.201707 0.351246 1.946012
v -0.297430 0.350644 1.756991
v -0.374840 0.247560 1.881466
v -0.425754 0.264339 1.734707
v -0.266246 0.338661 2.001976
v -0.307585 0.224037 1.828643
v -0.416317 0.364098 1.854586
v -0.425754 0.264339 1.734707
v -0.260945 0.339805 1.998416
v -0.356151 0.207874 1.862688
v -0.363510 0.381177 1.817693
v -0.425754 0.264339 1.734707
v -0.312548 0.328037 2.027156
v -0.436425 0.359499 1.858169
v -0.324519 0.220138 1.845204
v -0.425754 0.264339 1.734707
v -0.705928 0.416065 1.764401
v -0.497163 0.403248 1.730565
v -0.578485 0.246810 1.762604
v -0.425754 0.264339 1.734707
v -0.678127 0.443405 1.653200
v -0.489519 0.351990 1.622175
v -0.563888 0.319940 1.782033
v -0.425754 0.264339 1.734707
v -0.706607 0.412344 1.774912
v -0.510220 0.390668 1.698396
v -0.565970 0.256414 1.803182
v -0.425754 0.264339 1.734707
v -0.678566 0.443255 1.654237
v -0.581262 0.266814 1.719755
v -0.472497 0.404996 1.685282
v -0.425754 0.264339 1.734707
v -0.608418 0.215346 1.992842
v -0.537645 0.175003 1.797251
v -0.459995 0.314481 1.878670
v -0.425754 0.264339 1.734707
v -0.636686 0.055804 1.854796
v -0.514558 0.139674 1.703327
v -0.505696 0.222177 1.862158
v -0.425754 0.264339 1.734707
v -0.635254 0.122945 1.930966
v -0.456206 0.135984 1.818431
v -0.562902 0.279579 1.807990
v -0.425754 0.264339 1.734707
v -0.638703 0.084869 1.892325
v -0.457544 0.192397 1.869710
v -0.564324 0.192705 1.725798
v 0.001801 0.242747 0.930977
v 0.253570 0.450063 1.105482
v 0.014409 0.246665 0.908671
v 0.262647 0.452884 1.089422
v 0.008543 0.267136 0.893893
v 0.258424 0.467623 1.078782
v -0.009929 0.283687 0.901420
v 0.245124 0.479540 1.084201
v -0.022537 0.279768 0.923725
v 0.236047 0.476718 1.100261
v -0.016671 0.259298 0.938504
v 0.240270 0.461980 1.110902
v 0.252142 0.450720 1.106767
v 0.550700 0.500483 1.087383
v 0.251660 0.447439 1.088401
v 0.550353 0.498120 1.074160
v 0.248865 0.461519 1.076476
v 0.548341 0.508258 1.065574
v 0.246553 0.478882 1.082917
v 0.546676 0.520759 1.070211
v 0.247035 0.482164 1.101282
v 0.547023 0.523122 1.083434
v 0.249829 0.468083 1.113207
v 0.549035 0.512984 1.092020
v 0.550774 0.499565 1.086143
v 0.756026 0.454493 0.953140
v 0.543457 0.498876 1.074894
v 0.750757 0.453997 0.945041
v 0.541371 0.509932 1.067548
v 0.749255 0.461957 0.939752
v 0.546602 0.521677 1.071451
v 0.753022 0.470414 0.942561
v 0.553920 0.522366 1.082700
v 0.758290 0.470910 0.950660
v 0.556006 0.511310 1.090046
v 0.759792 0.462950 0.955950
v 0.754524 0.462454 0.947851
v 0.636018 0.257682 0.732386
v 0.786127 0.379273 0.819420
v 0.628115 0.381817 0.903909
v 0.754524 0.462454 0.947851
v 0.663941 0.256030 0.720729
v 0.774442 0.418931 0.799119
v 0.662139 0.340837 0.914886
v 0.754524 0.462454 0.947851
v 0.624454 0.258942 0.737934
v 0.629021 0.375433 0.914855
v 0.775970 0.386665 0.812912
v 0.754524 0.462454 0.947851
v 0.679077 0.255904 0.715374
v 0.745398 0.311447 0.908787
v 0.703292 0.448221 0.800933
v 0.754524 0.462454 0.947851
v 0.969513 0.697977 0.921236
v 0.855331 0.553120 1.025501
v 0.825708 0.560205 0.848908
v 0.754524 0.462454 0.947851
v 0.996067 0.665370 0.894171
v 0.801428 0.611149 0.957949
v 0.900855 0.476092 0.894809
v 0.754524 0.462454 0.947851
v 0.988569 0.675876 0.902314
v 0.830411 0.548528 0.841811
v 0.865873 0.547117 1.017461
v 0.754524 0.462454 0.947851
v 0.907150 0.742629 0.972493
v 0.834631 0.571839 0.870199
v 0.796517 0.577208 1.045216
v 0.754524 0.462454 0.947851
v 0.788526 0.303586 0.672161
v 0.809863 0.469720 0.801916
v 0.726386 0.328093 0.873233
v 0.754524 0.462454 0.947851
v 0.802154 0.307093 0.672179
v 0.774121 0.478406 0.793663
v 0.773031 0.322213 0.881501
v 0.754524 0.462454 0.947851
v 0.917372 0.351075 0.695908
v 0.861788 0.359324 0.900198
v 0.777538 0.476480 0.793949
v 0.754524 0.462454 0.947851
v 0.809116 0.309011 0.672396
v 0.821426 0.337564 0.881980
v 0.731295 0.464589 0.793358
v 0.547548 0.513492 1.065720
v 0.696171 0.709966 1.099755
v 0.538830 0.518690 1.074525
v 0.689894 0.713709 1.106094
v 0.539970 0.515819 1.087602
v 0.690715 0.711642 1.115510
v 0.549829 0.507750 1.091874
v 0.697813 0.705832 1.118586
v 0.558547 0.502552 1.083069
v 0.704090 0.702089 1.112246
v 0.557406 0.505423 1.069992
v 0.703269 0.704156 1.102831
v 0.696992 0.707899 1.109170
v 0.696992 0.707899 1.109170
v 0.527907 0.972216 1.171995
v 0.643851 0.802061 1.221961
v 0.614865 0.825190 1.046640
v 0.696992 0.707899 1.109170
v 0.466445 0.922475 1.165785
v 0.584057 0.794470 1.044647
v 0.625490 0.792989 1.218985
v 0.696992 0.707899 1.109170
v 0.448921 0.902764 1.162913
v 0.543018 0.715031 1.134731
v 0.652509 0.856659 1.126604
v 0.696992 0.707899 1.109170
v 0.503065 0.955050 1.170070
v 0.563544 0.752117 1.177349
v 0.675299 0.861401 1.089712
v 0.696992 0.707899 1.109170
v 0.888627 0.528496 1.292175
v 0.828977 0.705842 1.192764
v 0.718315 0.566434 1.171980
v 0.696992 0.707899 1.109170
v 0.941674 0.620472 1.295952
v 0.737137 0.641990 1.245026
v 0.852594 0.703866 1.122740
v 0.696992 0.707899 1.109170
v 0.940711 0.618136 1.296104
v 0.815938 0.607859 1.125170
v 0.773021 0.736129 1.242718
v 0.696992 0.707899 1.109170
v 0.955130 0.659039 1.291867
v 0.753171 0.632122 1.233725
v 0.847323 0.744588 1.130772
v 0.696992 0.707899 1.109170
v 0.735760 0.832879 0.817148
v 0.740419 0.834759 1.028966
v 0.684579 0.681023 0.955757
v 0.696992 0.707899 1.109170
v 0.703406 0.792278 0.800562
v 0.777622 0.698842 0.975645
v 0.621494 0.784459 0.995809
v 0.696992 0.707899 1.109170
v 0.718672 0.811712 0.807255
v 0.617453 0.737633 0.978016
v 0.793875 0.761215 0.998793
v 0.696992 0.707899 1.109170
v 0.810205 0.916662 0.894692
v 0.675073 0.770776 0.967826
v 0.809482 0.812032 1.078932
v 0.548181 0.517891 1.090086
v 0.764918 0.417822 1.159802
v 0.542735 0.505612 1.089752
v 0.760998 0.408981 1.159561
v 0.543243 0.498342 1.078463
v 0.761363 0.403746 1.151433
v 0.549196 0.503351 1.067508
v 0.765650 0.407353 1.143546
v 0.554642 0.515630 1.067842
v 0.769570 0.416194 1.143786
v 0.554134 0.522900 1.079131
v 0.769205 0.421429 1.151914
v 0.765284 0.412588 1.151674
v 0.808338 0.144853 1.321570
v 0.714558 0.328605 1.273271
v 0.850454 0.282383 1.165993
v 0.765284 0.412588 1.151674
v 0.701286 0.145316 1.315594
v 0.763193 0.256455 1.146161
v 0.716177 0.354903 1.288323
v 0.765284 0.412588 1.151674
v 0.779953 0.141990 1.321855
v 0.739551 0.347750 1.291481
v 0.802752 0.260947 1.148011
v 0.765284 0.412588 1.151674
v 0.772469 0.141594 1.321705
v 0.856434 0.313957 1.231522
v 0.679882 0.294424 1.207851
v 0.765284 0.412588 1.151674
v 0.939676 0.420575 0.883488
v 0.814577 0.330005 1.028538
v 0.855504 0.501560 1.060261
v 0.765284 0.412588 1.151674
v 0.874693 0.452129 0.853569
v 0.789881 0.342831 1.014047
v 0.828214 0.513977 1.050817
v 0.765284 0.412588 1.151674
v 1.000098 0.384649 0.936077
v 0.798648 0.401963 0.999404
v 0.919771 0.400861 1.131466
v 0.765284 0.412588 1.151674
v 1.002358 0.383112 0.938772
v 0.865555 0.490010 1.060221
v 0.854672 0.311584 1.072805
v 0.765284 0.412588 1.151674
v 0.806244 0.494348 1.458329
v 0.797169 0.530025 1.249674
v 0.766167 0.360559 1.298998
v 0.765284 0.412588 1.151674
v 0.764605 0.516610 1.454294
v 0.756379 0.538530 1.243713
v 0.773646 0.369863 1.301730
v 0.765284 0.412588 1.151674
v 0.811220 0.491534 1.458361
v 0.706531 0.489767 1.274162
v 0.860786 0.398565 1.274535
v 0.765284 0.412588 1.151674
v 0.708857 0.542845 1.438465
v 0.667774 0.416123 1.273704
v 0.817652 0.513258 1.259076
v 0.765284 0.412588 1.151674
v 0.967170 0.217327 1.305021
v 0.820153 0.369291 1.291412
v 0.871924 0.299676 1.134613
v 0.765284 0.412588 1.151674
v 0.937591 0.198171 1.315184
v 0.893241 0.322946 1.149786
v 0.775173 0.330696 1.284369
v 0.765284 0.412588 1.151674
v 0.885624 0.173429 1.326949
v 0.850393 0.376451 1.277621
v 0.776447 0.257398 1.165947
v 0.765284 0.412588 1.151674
v 0.853888 0.162839 1.331047
v 0.714829 0.289020 1.232898
v 0.886622 0.336357 1.213948
v 0.549951 0.500416 1.087447
v 0.797156 0.519841 1.068430
v 0.549229 0.497988 1.074251
v 0.796636 0.518092 1.058929
v 0.547966 0.508193 1.065601
v 0.795727 0.525439 1.052701
v 0.547426 0.520826 1.070147
v 0.795338 0.534535 1.055974
v 0.548148 0.523254 1.083343
v 0.795858 0.536284 1.065475
v 0.549410 0.513049 1.091993
v 0.796767 0.528936 1.071703
v 0.796247 0.527188 1.062202
v 0.796247 0.527188 1.062202
v 0.767379 0.344599 0.800998
v 0.841006 0.394259 0.993365
v 0.728393 0.514046 0.922076
v 0.796247 0.527188 1.062202
v 0.872602 0.357208 0.802054
v 0.897270 0.512654 0.943900
v 0.756308 0.405738 0.972386
v 0.796247 0.527188 1.062202
v 0.759364 0.344456 0.802109
v 0.866289 0.426163 0.965764
v 0.696699 0.482027 0.950566
v 0.796247 0.527188 1.062202
v 0.841143 0.351323 0.798657
v 0.761837 0.512882 0.910467
v 0.866574 0.400802 1.003101
v 0.796247 0.527188 1.062202
v 0.839201 0.841566 1.103694
v 0.732405 0.668615 1.043905
v 0.894453 0.637263 1.113692
v 0.796247 0.527188 1.062202
v 0.909479 0.824582 1.095894
v 0.920681 0.613077 1.101589
v 0.762399 0.679214 1.049769
v 0.796247 0.527188 1.062202
v 0.721553 0.834389 1.111680
v 0.798162 0.644338 1.165567
v 0.734577 0.655798 0.998420
v 0.796247 0.527188 1.062202
v 0.864191 0.837451 1.101195
v 0.757466 0.658165 1.138051
v 0.889384 0.644421 1.017547
v 0.796247 0.527188 1.062202
v 0.979508 0.341570 1.247571
v 0.938980 0.507927 1.122771
v 0.800123 0.397955 1.149929
v 0.796247 0.527188 1.062202
v 0.979955 0.341792 1.247350
v 0.888316 0.523499 1.188384
v 0.851145 0.382560 1.084138
v 0.796247 0.527188 1.062202
v 1.027568 0.370726 1.218440
v 0.831937 0.397428 1.141579
v 0.945614 0.531779 1.107815
v 0.796247 0.527188 1.062202
v 0.966441 0.335445 1.253692
v 0.824416 0.378906 1.102589
v 0.904233 0.522075 1.175007
v 0.253522 0.473641 1.078945
v 0.317700 0.722353 1.240228
v 0.236072 0.474057 1.085548
v 0.305135 0.722654 1.244983
v 0.231897 0.465218 1.101445
v 0.302129 0.716289 1.256429
v 0.245172 0.455962 1.110739
v 0.311687 0.709625 1.263120
v 0.262622 0.455545 1.104136
v 0.324252 0.709325 1.258366
v 0.266797 0.464384 1.088239
v 0.327258 0.715689 1.246920
v 0.314693 0.715989 1.251674
v 0.315750 0.722885 1.240190
v 0.164959 0.896471 1.334949
v 0.306003 0.713754 1.241672
v 0.157941 0.889897 1.336017
v 0.304947 0.706859 1.253157
v 0.157181 0.884932 1.344285
v 0.313637 0.709094 1.263159
v 0.163438 0.886541 1.351487
v 0.323384 0.718224 1.261676
v 0.170455 0.893115 1.350420
v 0.324440 0.725119 1.250192
v 0.171216 0.898080 1.342151
v 0.164198 0.891506 1.343218
v 0.164198 0.891506 1.343218
v -0.154735 0.917469 1.345955
v 0.030000 0.817435 1.373493
v 0.043250 0.986347 1.315133
v 0.164198 0.891506 1.343218
v -0.131123 0.788527 1.275536
v 0.076371 0.766092 1.312077
v 0.015769 0.934537 1.320214
v 0.164198 0.891506 1.343218
v -0.155584 0.901662 1.337186
v 0.039517 0.961027 1.279708
v 0.033054 0.830110 1.401903
v 0.164198 0.891506 1.343218
v -0.118527 0.764924 1.262948
v 0.088108 0.759287 1.309447
v 0.014108 0.922460 1.312773
v 0.164198 0.891506 1.343218
v 0.264151 1.014902 1.621036
v 0.283491 0.900555 1.443714
v 0.124868 0.981174 1.464976
v 0.164198 0.891506 1.343218
v 0.219951 1.045386 1.618196
v 0.261798 0.905801 1.464388
v 0.111200 1.000315 1.442031
v 0.164198 0.891506 1.343218
v 0.365791 0.918380 1.590277
v 0.229247 0.816812 1.464056
v 0.260424 0.987699 1.420028
v 0.164198 0.891506 1.343218
v 0.235977 1.034959 1.620110
v 0.249197 0.882107 1.473981
v 0.136622 1.015668 1.433968
v 0.164198 0.891506 1.343218
v 0.086938 1.153022 1.175766
v 0.055145 0.958558 1.253644
v 0.211444 1.033667 1.298830
v 0.164198 0.891506 1.343218
v 0.175229 1.079864 1.084762
v 0.159344 1.039060 1.292066
v 0.177876 0.894639 1.187606
v 0.164198 0.891506 1.343218
v 0.158089 1.097365 1.098301
v 0.141084 1.040334 1.301649
v 0.182425 0.907365 1.188854
v 0.164198 0.891506 1.343218
v 0.079603 1.157026 1.185921
v 0.164618 0.963868 1.204742
v 0.096102 1.031561 1.355857
v 0.304044 0.713825 1.259577
v 0.425581 0.823280 1.446922
v 0.313793 0.704614 1.258769
v 0.432600 0.816648 1.446340
v 0.324443 0.706778 1.250866
v 0.440268 0.818206 1.440650
v 0.325343 0.718153 1.243771
v 0.440916 0.826396 1.435541
v 0.315594 0.727365 1.244579
v 0.433897 0.833028 1.436123
v 0.304944 0.725201 1.252482
v 0.426229 0.831470 1.441813
v 0.433248 0.824838 1.441231
v 0.563348 0.573697 1.590906
v 0.420772 0.671485 1.468424
v 0.549805 0.777278 1.533778
v 0.433248 0.824838 1.441231
v 0.554103 0.560658 1.575408
v 0.549318 0.767230 1.528532
v 0.413863 0.671102 1.461273
v 0.433248 0.824838 1.441231
v 0.586754 0.618875 1.632059
v 0.426904 0.684386 1.509387
v 0.562397 0.800519 1.525738
v 0.433248 0.824838 1.441231
v 0.613309 0.729965 1.688168
v 0.509734 0.871465 1.569247
v 0.500812 0.702312 1.510765
v 0.433248 0.824838 1.441231
v 0.587802 1.105040 1.440843
v 0.504080 0.931826 1.352076
v 0.486060 0.942012 1.530076
v 0.433248 0.824838 1.441231
v 0.538153 1.092942 1.301534
v 0.555472 0.920537 1.423471
v 0.394949 0.943622 1.347234
v 0.433248 0.824838 1.441231
v 0.592809 1.101303 1.463763
v 0.574719 0.890741 1.448644
v 0.419426 0.980107 1.451844
v 0.433248 0.824838 1.441231
v 0.565532 1.106395 1.366220
v 0.409743 0.962907 1.371974
v 0.562581 0.912015 1.450480
v 0.433248 0.824838 1.441231
v 0.617489 0.921389 1.684405
v 0.576258 0.818484 1.503843
v 0.437632 0.908432 1.573159
v 0.433248 0.824838 1.441231
v 0.636379 0.721602 1.665910
v 0.517827 0.703362 1.491253
v 0.511174 0.863725 1.570953
v 0.433248 0.824838 1.441231
v 0.618788 0.917085 1.685087
v 0.485522 0.787332 1.583615
v 0.529406 0.936141 1.493933
v 0.433248 0.824838 1.441231
v 0.618553 0.917874 1.684966
v 0.568764 0.801140 1.515301
v 0.445977 0.922964 1.562150
v 0.327496 0.712035 1.252674
v 0.399287 0.945791 1.207359
v 0.321284 0.711741 1.240762
v 0.394814 0.945580 1.198783
v 0.308481 0.715696 1.239763
v 0.385596 0.948427 1.198064
v 0.301891 0.719944 1.250675
v 0.380851 0.951486 1.205920
v 0.308103 0.720237 1.262586
v 0.385323 0.951697 1.214496
v 0.320906 0.716282 1.263586
v 0.394542 0.948849 1.215216
v 0.390069 0.948638 1.206640
v 0.487175 1.120532 0.954800
v 0.372429 0.972042 1.053169
v 0.485394 1.062749 1.158639
v 0.390069 0.948638 1.206640
v 0.457407 0.977576 0.895146
v 0.455687 1.039488 1.097769
v 0.378321 0.880939 1.066315
v 0.390069 0.948638 1.206640
v 0.467768 1.019797 0.904482
v 0.334230 0.982045 1.064590
v 0.508067 0.972159 1.106963
v 0.390069 0.948638 1.206640
v 0.469346 1.026688 0.906601
v 0.335860 0.973027 1.062145
v 0.507700 0.986689 1.111103
v 0.390069 0.948638 1.206640
v 0.231776 1.084515 1.449293
v 0.319394 1.078771 1.256466
v 0.334109 0.927207 1.350936
v 0.390069 0.948638 1.206640
v 0.262016 1.145896 1.423647
v 0.420796 1.055818 1.316096
v 0.256900 0.999265 1.270789
v 0.390069 0.948638 1.206640
v 0.204072 0.990048 1.463721
v 0.288507 1.044208 1.277094
v 0.342833 0.886196 1.341850
v 0.390069 0.948638 1.206640
v 0.263939 1.149082 1.421846
v 0.280130 1.056765 1.231826
v 0.399104 1.000867 1.353618
v 0.390069 0.948638 1.206640
v 0.697853 0.885374 1.146087
v 0.509484 0.852696 1.237418
v 0.516881 0.993970 1.127420
v 0.390069 0.948638 1.206640
v 0.692778 1.019544 1.130880
v 0.537616 0.897245 1.207431
v 0.484689 1.056756 1.145241
v 0.390069 0.948638 1.206640
v 0.680358 1.058575 1.128883
v 0.520879 1.014399 1.261197
v 0.491490 0.970828 1.089877
v 0.390069 0.948638 1.206640
v 0.698868 0.989278 1.133214
v 0.517356 1.035561 1.232226
v 0.509821 0.894228 1.122313
v 0.390069 0.948638 1.206640
v 0.476786 1.231793 1.085382
v 0.510302 1.035273 1.157135
v 0.339210 1.088528 1.159138
v 0.390069 0.948638 1.206640
v 0.457963 1.127842 0.950365
v 0.455661 1.081514 1.157103
v 0.378792 0.959125 1.051157
v 0.390069 0.948638 1.206640
v 0.452274 1.102627 0.933111
v 0.396828 1.088395 1.137109
v 0.433074 0.932073 1.057347
v 0.390069 0.948638 1.206640
v 0.470218 1.188097 1.010080
v 0.440641 1.096259 1.198715
v 0.403616 0.992585 1.057317
v 0.237874 0.466242 1.109491
v 0.480240 0.479376 1.291358
v 0.243412 0.449424 1.103593
v 0.484227 0.467267 1.287112
v 0.254885 0.447983 1.088945
v 0.492488 0.466230 1.276565
v 0.260820 0.463361 1.080193
v 0.496761 0.477302 1.270263
v 0.255282 0.480179 1.086090
v 0.492774 0.489411 1.274509
v 0.243809 0.481619 1.100739
v 0.484513 0.490448 1.285056
v 0.493731 0.467478 1.274874
v 0.718191 0.573941 1.286403
v 0.489351 0.477759 1.267413
v 0.715037 0.581343 1.281031
v 0.484120 0.488620 1.273349
v 0.711271 0.589163 1.285305
v 0.483270 0.489199 1.286747
v 0.710659 0.589580 1.294951
v 0.487650 0.478919 1.294208
v 0.713813 0.582178 1.300323
v 0.492881 0.468058 1.288272
v 0.717579 0.574358 1.296049
v 0.714425 0.581760 1.290677
v 0.657141 0.757104 1.029194
v 0.604675 0.630286 1.190615
v 0.778348 0.673510 1.181553
v 0.714425 0.581760 1.290677
v 0.585099 0.719271 1.032286
v 0.609737 0.686138 1.240102
v 0.715653 0.587391 1.134539
v 0.714425 0.581760 1.290677
v 0.694350 0.771711 1.033936
v 0.690961 0.728112 1.241252
v 0.721829 0.587370 1.134709
v 0.714425 0.581760 1.290677
v 0.605188 0.731201 1.029650
v 0.709600 0.579570 1.134523
v 0.631860 0.703503 1.238010
v 0.714425 0.581760 1.290677
v 0.710596 0.701350 1.587465
v 0.714644 0.546513 1.442893
v 0.711143 0.712680 1.375892
v 0.714425 0.581760 1.290677
v 0.690617 0.693438 1.589610
v 0.639381 0.681788 1.384351
v 0.770423 0.571074 1.436149
v 0.714425 0.581760 1.290677
v 0.732749 0.709480 1.583511
v 0.770095 0.700843 1.375129
v 0.673414 0.564854 1.440491
v 0.714425 0.581760 1.290677
v 0.653969 0.677468 1.589984
v 0.629173 0.677904 1.379563
v 0.751312 0.562183 1.441237
v 0.714425 0.581760 1.290677
v 0.887116 0.342956 1.165975
v 0.724937 0.479102 1.173361
v 0.842066 0.493375 1.308231
v 0.714425 0.581760 1.290677
v 0.859356 0.326520 1.163211
v 0.705644 0.471315 1.180509
v 0.839151 0.488013 1.298872
v 0.714425 0.581760 1.290677
v 0.988774 0.447884 1.194708
v 0.826105 0.582992 1.181414
v 0.822225 0.473428 1.323165
v 0.714425 0.581760 1.290677
v 0.880821 0.338918 1.165219
v 0.738351 0.495719 1.162471
v 0.823616 0.473527 1.318516
v 0.714425 0.581760 1.290677
v 0.893854 0.774854 1.109238
v 0.839683 0.675122 1.288154
v 0.732710 0.642874 1.148048
v 0.714425 0.581760 1.290677
v 0.966750 0.759365 1.205890
v 0.765025 0.695316 1.196036
v 0.865685 0.610288 1.317488
v 0.714425 0.581760 1.290677
v 0.950565 0.766180 1.178306
v 0.750715 0.722584 1.233545
v 0.867048 0.588473 1.257913
v 0.714425 0.581760 1.290677
v 0.965640 0.759934 1.203814
v 0.827153 0.677381 1.341286
v 0.802669 0.628679 1.170577
v 0.487927 0.491761 1.280571
v 0.549741 0.494931 1.521441
v 0.476951 0.484620 1.283587
v 0.541838 0.489790 1.523612
v 0.477525 0.471198 1.283826
v 0.542251 0.480125 1.523785
v 0.489074 0.464916 1.281050
v 0.550567 0.475603 1.521786
v 0.500050 0.472057 1.278034
v 0.558469 0.480744 1.519615
v 0.499476 0.485480 1.277795
v 0.558056 0.490409 1.519442
v 0.550154 0.485267 1.521614
v 0.239595 0.512732 1.593716
v 0.423591 0.409662 1.573362
v 0.428269 0.582843 1.527547
v 0.550154 0.485267 1.521614
v 0.253616 0.513820 1.638447
v 0.463840 0.540213 1.639694
v 0.399237 0.453163 1.497000
v 0.550154 0.485267 1.521614
v 0.245175 0.513303 1.614361
v 0.447680 0.573829 1.599511
v 0.408645 0.419133 1.517915
v 0.550154 0.485267 1.521614
v 0.287224 0.514295 1.701685
v 0.488258 0.459837 1.662803
v 0.401706 0.533920 1.524481
v 0.550154 0.485267 1.521614
v 0.793544 0.333493 1.663479
v 0.592510 0.397411 1.643677
v 0.702509 0.451703 1.513043
v 0.550154 0.485267 1.521614
v 0.804212 0.314824 1.615441
v 0.706106 0.482427 1.530727
v 0.597448 0.351752 1.587562
v 0.550154 0.485267 1.521614
v 0.801880 0.289654 1.493871
v 0.647750 0.415680 1.421389
v 0.653939 0.398364 1.599643
v 0.550154 0.485267 1.521614
v 0.796873 0.328371 1.651665
v 0.606384 0.421136 1.652524
v 0.691299 0.423881 1.494744
v 0.550154 0.485267 1.521614
v 0.565089 0.777271 1.651654
v 0.619217 0.625231 1.514373
v 0.493039 0.578906 1.632887
v 0.550154 0.485267 1.521614
v 0.593853 0.708881 1.746307
v 0.500510 0.622794 1.576695
v 0.634757 0.526631 1.646287
v 0.550154 0.485267 1.521614
v 0.594628 0.706315 1.748681
v 0.627618 0.520331 1.652693
v 0.508269 0.627042 1.572188
v 0.550154 0.485267 1.521614
v 0.587401 0.728537 1.726143
v 0.531686 0.639022 1.542363
v 0.598419 0.526128 1.664488
v 0.550154 0.485267 1.521614
v 0.473306 0.489425 1.832221
v 0.529719 0.398003 1.649597
v 0.509110 0.575857 1.642117
v 0.550154 0.485267 1.521614
v 0.463838 0.488949 1.829731
v 0.580669 0.428091 1.663782
v 0.450586 0.545389 1.625939
v 0.550154 0.485267 1.521614
v 0.413038 0.486261 1.810747
v 0.467372 0.401523 1.624308
v 0.523243 0.569806 1.650226
v 0.550154 0.485267 1.521614
v 0.531934 0.492210 1.841019
v 0.550670 0.577291 1.647881
v 0.535062 0.398797 1.650871
v 0.480494 0.479380 1.291551
v 0.682228 0.482182 1.436964
v 0.484075 0.467259 1.286990
v 0.684806 0.473455 1.433680
v 0.492081 0.466217 1.276250
v 0.690571 0.472705 1.425947
v 0.496507 0.477297 1.270070
v 0.693758 0.480682 1.421498
v 0.492927 0.489419 1.274630
v 0.691179 0.489410 1.424781
v 0.484920 0.490460 1.285371
v 0.685414 0.490160 1.432514
v 0.687993 0.481432 1.429231
v 0.740420 0.175201 1.505872
v 0.673668 0.333309 1.381622
v 0.744259 0.384570 1.538153
v 0.687993 0.481432 1.429231
v 0.814994 0.216676 1.556412
v 0.816191 0.392579 1.438306
v 0.661395 0.358481 1.521900
v 0.687993 0.481432 1.429231
v 0.728756 0.171496 1.497626
v 0.620556 0.340491 1.429614
v 0.788039 0.374424 1.483564
v 0.687993 0.481432 1.429231
v 0.819187 0.220060 1.559125
v 0.662501 0.357446 1.520826
v 0.818440 0.396321 1.441551
v 0.687993 0.481432 1.429231
v 0.851777 0.662127 1.222050
v 0.772304 0.480868 1.297689
v 0.734709 0.626553 1.395028
v 0.687993 0.481432 1.429231
v 0.789272 0.657634 1.182056
v 0.709671 0.626706 1.375961
v 0.747338 0.477119 1.284761
v 0.687993 0.481432 1.429231
v 0.864526 0.661802 1.232501
v 0.750471 0.491565 1.286382
v 0.766741 0.615595 1.414696
v 0.687993 0.481432 1.429231
v 0.916943 0.654102 1.287220
v 0.738624 0.625936 1.398131
v 0.820522 0.475064 1.346722
v 0.687993 0.481432 1.429231
v 0.852073 0.260087 1.591970
v 0.822175 0.401797 1.437320
v 0.685074 0.383991 1.551333
v 0.687993 0.481432 1.429231
v 0.912063 0.375159 1.631465
v 0.722997 0.455278 1.579240
v 0.832244 0.422568 1.441009
v 0.687993 0.481432 1.429231
v 0.877970 0.298238 1.610196
v 0.828675 0.414305 1.439930
v 0.699292 0.402004 1.563304
v 0.687993 0.481432 1.429231
v 0.916796 0.391066 1.633885
v 0.774417 0.361487 1.479789
v 0.784611 0.529085 1.542396
v 0.254386 0.450826 1.106137
v 0.441273 0.641496 1.250039
v 0.263760 0.453856 1.090287
v 0.448022 0.643677 1.238626
v 0.258721 0.467831 1.078992
v 0.444394 0.653740 1.230494
v 0.244308 0.478776 1.083546
v 0.434017 0.661620 1.233773
v 0.234934 0.475747 1.099396
v 0.427267 0.659439 1.245185
v 0.239973 0.461771 1.110692
v 0.430895 0.649377 1.253318
v 0.441381 0.641460 1.249945
v 0.669312 0.740238 1.261782
v 0.442695 0.640282 1.236624
v 0.670258 0.739389 1.252191
v 0.438958 0.650380 1.228585
v 0.667567 0.746660 1.246404
v 0.433908 0.661656 1.233867
v 0.663931 0.754778 1.250206
v 0.432595 0.662834 1.247188
v 0.662986 0.755627 1.259797
v 0.436331 0.652736 1.255226
v 0.665676 0.748356 1.265585
v 0.666622 0.747508 1.255994
v 0.867838 0.680260 1.016433
v 0.683849 0.742930 1.100771
v 0.810367 0.698287 1.219569
v 0.666622 0.747508 1.255994
v 0.798758 0.635998 0.986726
v 0.799863 0.702601 1.187860
v 0.639090 0.703207 1.108714
v 0.666622 0.747508 1.255994
v 0.924175 0.732031 1.066715
v 0.720644 0.770591 1.111216
v 0.818642 0.712043 1.249350
v 0.666622 0.747508 1.255994
v 0.885061 0.694008 1.028350
v 0.713013 0.649326 1.143654
v 0.794982 0.802890 1.186219
v 0.666622 0.747508 1.255994
v 0.662559 1.049605 1.361450
v 0.576596 0.862486 1.311561
v 0.753397 0.874208 1.284792
v 0.666622 0.747508 1.255994
v 0.562582 1.030488 1.363224
v 0.557592 0.819793 1.341432
v 0.692419 0.901607 1.256340
v 0.666622 0.747508 1.255994
v 0.689758 1.049545 1.359137
v 0.587014 0.877489 1.290341
v 0.764738 0.859156 1.304162
v 0.666622 0.747508 1.255994
v 0.621290 1.045483 1.363493
v 0.690046 0.845429 1.375472
v 0.606932 0.887966 1.222516
v 0.666622 0.747508 1.255994
v 0.854298 0.555113 1.429665
v 0.814262 0.710076 1.290828
v 0.669123 0.631024 1.360097
v 0.666622 0.747508 1.255994
v 0.858932 0.558958 1.428811
v 0.814154 0.701110 1.278213
v 0.672938 0.643066 1.372029
v 0.666622 0.747508 1.255994
v 0.785670 0.510445 1.434959
v 0.632475 0.636401 1.360404
v 0.796007 0.668965 1.294757
v 0.666622 0.747508 1.255994
v 0.753468 0.495893 1.433610
v 0.668389 0.591520 1.264764
v 0.734332 0.702203 1.389317
v 0.666622 0.747508 1.255994
v 0.954677 0.773665 1.119100
v 0.769672 0.846310 1.192504
v 0.794016 0.669632 1.209969
v 0.666622 0.747508 1.255994
v 0.948442 0.758832 1.104835
v 0.739912 0.790540 1.124888
v 0.818787 0.713535 1.266173
v 0.666622 0.747508 1.255994
v 0.966235 0.841105 1.193773
v 0.790616 0.824905 1.311195
v 0.782318 0.744988 1.151017
v 0.666622 0.747508 1.255994
v 0.925165 0.718448 1.069686
v 0.736156 0.796618 1.124978
v 0.803922 0.675150 1.237964
v 0.440720 0.657595 1.230302
v 0.444573 0.875952 1.349275
v 0.427857 0.656007 1.233846
v 0.435312 0.874809 1.351826
v 0.424781 0.649970 1.245450
v 0.433097 0.870462 1.360181
v 0.434569 0.645522 1.253510
v 0.440144 0.867260 1.365984
v 0.447433 0.647110 1.249966
v 0.449406 0.868403 1.363433
v 0.450508 0.653146 1.238362
v 0.451621 0.872750 1.355078
v 0.442359 0.871606 1.357630
v 0.174698 1.036860 1.416354
v 0.382500 0.997330 1.428499
v 0.288088 0.878085 1.333739
v 0.442359 0.871606 1.357630
v 0.148555 0.993901 1.391140
v 0.309620 0.907913 1.283641
v 0.340054 0.933135 1.458427
v 0.442359 0.871606 1.357630
v 0.153936 1.004441 1.397219
v 0.362422 1.005840 1.359485
v 0.291558 0.843640 1.387446
v 0.442359 0.871606 1.357630
v 0.159137 1.013614 1.402563
v 0.331105 0.905101 1.462094
v 0.327035 0.951718 1.289112
v 0.442359 0.871606 1.357630
v 0.648405 0.807128 1.593824
v 0.591849 0.842803 1.392774
v 0.457705 0.848826 1.511440
v 0.442359 0.871606 1.357630
v 0.631180 0.894606 1.614958
v 0.564628 0.945878 1.420448
v 0.471147 0.815734 1.500674
v 0.442359 0.871606 1.357630
v 0.647331 0.816559 1.597121
v 0.514634 0.761324 1.441453
v 0.534061 0.937851 1.465400
v 0.442359 0.871606 1.357630
v 0.601931 0.972883 1.615854
v 0.463987 0.991006 1.456057
v 0.548389 0.833227 1.465782
v 0.442359 0.871606 1.357630
v 0.435821 1.112816 1.147451
v 0.408214 0.912508 1.210751
v 0.471273 1.023672 1.336365
v 0.442359 0.871606 1.357630
v 0.433675 1.049015 1.091452
v 0.507206 0.991811 1.281749
v 0.370565 0.893329 1.220568
v 0.442359 0.871606 1.357630
v 0.435897 1.114556 1.149463
v 0.529268 0.972738 1.276197
v 0.350280 0.964834 1.272529
v 0.442359 0.871606 1.357630
v 0.433998 1.060801 1.099685
v 0.439984 1.019544 1.307421
v 0.438045 0.875024 1.201483
v 0.442359 0.871606 1.357630
v 0.328493 1.152296 1.460818
v 0.411856 1.019671 1.318152
v 0.381769 0.948093 1.479658
v 0.442359 0.871606 1.357630
v 0.252568 1.120090 1.425711
v 0.433351 1.009684 1.430194
v 0.299534 0.932315 1.339531
v 0.442359 0.871606 1.357630
v 0.317076 1.149041 1.456291
v 0.361203 0.942323 1.470877
v 0.423289 1.022837 1.323312
v 0.442359 0.871606 1.357630
v 0.274375 1.132114 1.437108
v 0.301762 0.939597 1.352969
v 0.448569 1.012021 1.425873
v 0.428515 0.653095 1.251644
v 0.604197 0.600161 1.419523
v 0.430386 0.641031 1.246032
v 0.605544 0.591475 1.415482
v 0.439516 0.639493 1.236294
v 0.612117 0.590368 1.408471
v 0.446775 0.650021 1.232168
v 0.617344 0.597948 1.405500
v 0.444904 0.662086 1.237779
v 0.615997 0.606635 1.409540
v 0.435774 0.663623 1.247517
v 0.609423 0.607741 1.416552
v 0.610770 0.599055 1.412511
v 0.663027 0.303305 1.522970
v 0.553279 0.483084 1.500020
v 0.710067 0.478425 1.413370
v 0.610770 0.599055 1.412511
v 0.604860 0.284925 1.473238
v 0.526958 0.467798 1.399884
v 0.689855 0.479007 1.473719
v 0.610770 0.599055 1.412511
v 0.600892 0.284361 1.469700
v 0.519301 0.472437 1.416197
v 0.694337 0.473917 1.454576
v 0.610770 0.599055 1.412511
v 0.663848 0.303703 1.523643
v 0.705494 0.474966 1.406055
v 0.558509 0.486862 1.507872
v 0.610770 0.599055 1.412511
v 0.816859 0.788631 1.257630
v 0.757923 0.614015 1.362167
v 0.628489 0.735755 1.338950
v 0.610770 0.599055 1.412511
v 0.876835 0.758452 1.333760
v 0.670366 0.739107 1.377213
v 0.764027 0.586521 1.384809
v 0.610770 0.599055 1.412511
v 0.908549 0.716215 1.411334
v 0.707388 0.702428 1.346245
v 0.752375 0.589410 1.477835
v 0.610770 0.599055 1.412511
v 0.895174 0.739635 1.370656
v 0.761006 0.575753 1.376479
v 0.688057 0.734821 1.415059
v 0.610770 0.599055 1.412511
v 0.596157 0.569289 1.730788
v 0.649818 0.664135 1.549083
v 0.560032 0.510161 1.530561
v 0.610770 0.599055 1.412511
v 0.523121 0.585153 1.719959
v 0.525594 0.521324 1.517940
v 0.625827 0.665664 1.553041
v 0.610770 0.599055 1.412511
v 0.568288 0.575124 1.728775
v 0.631235 0.670112 1.550149
v 0.556319 0.508853 1.527884
v 0.610770 0.599055 1.412511
v 0.583236 0.571962 1.730171
v 0.621776 0.501539 1.534091
v 0.577736 0.674896 1.545059
v 0.610770 0.599055 1.412511
v 0.765331 0.387144 1.595827
v 0.607280 0.454566 1.471867
v 0.737910 0.574014 1.499808
v 0.610770 0.599055 1.412511
v 0.796279 0.437667 1.617304
v 0.627136 0.551975 1.560592
v 0.742812 0.517024 1.428265
v 0.610770 0.599055 1.412511
v 0.724560 0.341258 1.564145
v 0.719038 0.546596 1.512202
v 0.593534 0.445276 1.434127
v 0.610770 0.599055 1.412511
v 0.706004 0.325669 1.548858
v 0.564238 0.471926 1.490519
v 0.733489 0.507475 1.443581
v 0.441374 0.641587 1.250104
v 0.607031 0.794703 1.354807
v 0.447517 0.643203 1.238263
v 0.611454 0.795867 1.346282
v 0.443788 0.653174 1.230065
v 0.608768 0.803046 1.340379
v 0.433915 0.661530 1.233707
v 0.601660 0.809062 1.343002
v 0.427772 0.659914 1.245548
v 0.597237 0.807899 1.351527
v 0.431502 0.649942 1.253747
v 0.599922 0.800719 1.357430
v 0.604345 0.801883 1.348905
v 0.821301 0.677603 1.149193
v 0.753592 0.806731 1.302925
v 0.628663 0.697611 1.235115
v 0.604345 0.801883 1.348905
v 0.875865 0.735291 1.193204
v 0.745877 0.855288 1.309805
v 0.680029 0.695203 1.263444
v 0.604345 0.801883 1.348905
v 0.884033 0.747265 1.203330
v 0.759507 0.816334 1.360222
v 0.672933 0.743737 1.221128
v 0.604345 0.801883 1.348905
v 0.898287 0.772719 1.225830
v 0.711999 0.868594 1.257404
v 0.731845 0.711841 1.341945
v 0.604345 0.801883 1.348905
v 0.405519 1.051916 1.367651
v 0.462291 0.849408 1.393335
v 0.587339 0.954384 1.319471
v 0.604345 0.801883 1.348905
v 0.499145 1.096934 1.414310
v 0.505043 0.914742 1.306312
v 0.619487 0.925064 1.443821
v 0.604345 0.801883 1.348905
v 0.395976 1.044398 1.361896
v 0.466937 0.855480 1.297345
v 0.575059 0.942298 1.410857
v 0.604345 0.801883 1.348905
v 0.376334 1.026406 1.349193
v 0.487861 0.865914 1.431024
v 0.538420 0.917470 1.267016
v 0.604345 0.801883 1.348905
v 0.751005 0.580687 1.527687
v 0.675007 0.773896 1.485418
v 0.651011 0.652913 1.355418
v 0.604345 0.801883 1.348905
v 0.783930 0.624367 1.545470
v 0.682402 0.667442 1.364558
v 0.669956 0.794311 1.490503
v 0.604345 0.801883 1.348905
v 0.840374 0.761196 1.561120
v 0.759224 0.801047 1.369498
v 0.638289 0.770169 1.498083
v 0.604345 0.801883 1.348905
v 0.781485 0.620625 1.544269
v 0.647410 0.777774 1.497149
v 0.702992 0.680985 1.356952
v 0.604345 0.801883 1.348905
v 0.871079 0.965508 1.415835
v 0.760530 0.797584 1.348958
v 0.661547 0.937082 1.402396
v 0.604345 0.801883 1.348905
v 0.909770 0.859433 1.272724
v 0.730344 0.888276 1.381656
v 0.722687 0.761529 1.255208
v 0.604345 0.801883 1.348905
v 0.894702 0.934927 1.368700
v 0.691561 0.908421 1.422765
v 0.749416 0.801780 1.290881
v 0.604345 0.801883 1.348905
v 0.866068 0.970147 1.423657
v 0.671743 0.942750 1.343787
v 0.746326 0.795627 1.413824
v 0.021848 0.263207 0.915577
v 0.022070 0.466818 1.224384
v 0.008603 0.281951 0.903532
v 0.012533 0.480314 1.215712
v -0.017310 0.281961 0.904154
v -0.006124 0.480321 1.216160
v -0.029977 0.263227 0.916820
v -0.015244 0.466832 1.225279
v -0.016731 0.244483 0.928864
v -0.005707 0.453337 1.233951
v 0.009181 0.244473 0.928243
v 0.012950 0.453330 1.233504
v 0.003413 0.466825 1.224832
v 0.021968 0.464980 1.225600
v 0.043497 0.760759 1.289166
v 0.013674 0.469224 1.209429
v 0.037525 0.763814 1.277523
v -0.004881 0.471069 1.208661
v 0.024166 0.765143 1.276971
v -0.015142 0.468671 1.224064
v 0.016778 0.763416 1.288061
v -0.006848 0.464427 1.240235
v 0.022749 0.760361 1.299703
v 0.011707 0.462582 1.241002
v 0.036109 0.759032 1.300256
v 0.043439 0.761252 1.286906
v 0.038238 0.980133 1.168949
v 0.035143 0.756175 1.277635
v 0.032265 0.976477 1.162274
v 0.021842 0.757010 1.279343
v 0.022688 0.977078 1.163504
v 0.016835 0.762923 1.290321
v 0.019083 0.981335 1.171408
v 0.025131 0.768000 1.299592
v 0.025056 0.984991 1.178083
v 0.038433 0.767165 1.297884
v 0.034634 0.984390 1.176854
v 0.028661 0.980734 1.170179
v 0.028661 0.980734 1.170179
v -0.093385 1.228021 1.332518
v 0.034159 1.135505 1.190866
v -0.074474 1.023793 1.279364
v 0.028661 0.980734 1.170179
v -0.088237 1.242957 1.311508
v -0.049682 1.035368 1.293830
v 0.013486 1.135878 1.159591
v 0.028661 0.980734 1.170179
v -0.093686 1.227009 1.333825
v -0.030292 1.125017 1.159265
v -0.010264 1.033471 1.312009
v 0.028661 0.980734 1.170179
v -0.089079 1.240779 1.314796
v -0.047012 1.033964 1.296085
v 0.010142 1.135540 1.159967
v 0.028661 0.980734 1.170179
v 0.330320 1.031770 1.076386
v 0.177241 0.991631 1.217268
v 0.121408 1.010666 1.048055
v 0.028661 0.980734 1.170179
v 0.323568 1.050734 1.067565
v 0.118009 1.004945 1.044310
v 0.175239 1.012523 1.213956
v 0.028661 0.980734 1.170179
v 0.337265 1.005367 1.089205
v 0.128716 1.001540 1.051992
v 0.175489 0.979635 1.223587
v 0.028661 0.980734 1.170179
v 0.321680 1.055381 1.065454
v 0.167529 1.040234 1.210022
v 0.124208 0.980952 1.046555
v 0.020188 0.764846 1.280014
v -0.057506 0.944521 1.433408
v 0.018308 0.755825 1.289793
v -0.058860 0.938026 1.440449
v 0.028257 0.753066 1.298393
v -0.051696 0.936040 1.446641
v 0.040087 0.759329 1.297213
v -0.043179 0.940549 1.445792
v 0.041967 0.768350 1.287434
v -0.041825 0.947045 1.438751
v 0.032017 0.771109 1.278834
v -0.048989 0.949030 1.432559
v -0.050342 0.942535 1.439600
v -0.050342 0.942535 1.439600
v 0.205317 1.119362 1.515562
v 0.029797 1.072517 1.406518
v 0.074045 0.954015 1.533451
v -0.050342 0.942535 1.439600
v 0.155716 1.158383 1.555141
v 0.088978 1.010240 1.419155
v -0.024816 1.047508 1.552477
v -0.050342 0.942535 1.439600
v 0.095404 1.185559 1.588252
v -0.063098 1.049508 1.552765
v 0.079010 1.029982 1.445356
v -0.050342 0.942535 1.439600
v 0.168085 1.150470 1.546618
v 0.086735 0.957738 1.513023
v -0.012678 1.093681 1.451791
v -0.050342 0.942535 1.439600
v -0.297115 0.958959 1.236539
v -0.205298 0.928746 1.425084
v -0.092805 0.969463 1.291667
v -0.050342 0.942535 1.439600
v -0.320570 1.014292 1.283946
v -0.192481 0.891419 1.399652
v -0.124386 1.051057 1.355025
v -0.050342 0.942535 1.439600
v -0.327145 1.085237 1.366003
v -0.116774 1.060420 1.361484
v -0.205353 0.938812 1.458839
v -0.050342 0.942535 1.439600
v -0.327762 1.080484 1.359548
v -0.195241 0.917430 1.386814
v -0.127380 1.078000 1.428344
v 0.043540 0.761477 1.289345
v 0.047524 1.002918 1.348839
v 0.037581 0.764549 1.277701
v 0.043233 1.005130 1.340455
v 0.024178 0.765160 1.276969
v 0.033583 1.005570 1.339928
v 0.016734 0.762698 1.287882
v 0.028224 1.003798 1.347785
v 0.022694 0.759626 1.299526
v 0.032514 1.001586 1.356169
v 0.036097 0.759015 1.300258
v 0.042165 1.001146 1.356696
v 0.037874 1.003358 1.348312
v 0.059820 1.135582 1.057735
v 0.131505 1.028181 1.225718
v -0.038200 1.084315 1.238444
v 0.037874 1.003358 1.348312
v 0.060545 1.186342 1.086772
v 0.016311 1.008830 1.193660
v 0.077574 1.144274 1.293732
v 0.037874 1.003358 1.348312
v 0.060570 1.224137 1.117787
v 0.019515 1.031434 1.195711
v 0.074390 1.151905 1.316493
v 0.037874 1.003358 1.348312
v 0.060234 1.249494 1.145045
v 0.107738 1.056773 1.219169
v -0.014102 1.146852 1.314842
v 0.037874 1.003358 1.348312
v -0.141925 1.059737 1.606951
v -0.105667 0.993013 1.409149
v 0.037576 1.058806 1.494386
v 0.037874 1.003358 1.348312
v -0.155964 0.975555 1.601400
v -0.109929 0.983042 1.394720
v 0.030606 1.001431 1.504375
v 0.037874 1.003358 1.348312
v -0.155962 0.975584 1.601405
v -0.072139 0.915660 1.416270
v -0.007182 1.068837 1.482828
v 0.037874 1.003358 1.348312
v -0.102143 1.167472 1.584663
v 0.022439 1.143849 1.414918
v -0.058705 0.994159 1.470786
v 0.037874 1.003358 1.348312
v 0.319517 1.151718 1.380970
v 0.108466 1.136010 1.391117
v 0.192596 0.989394 1.331633
v 0.037874 1.003358 1.348312
v 0.316958 1.156227 1.382125
v 0.116595 1.134572 1.316719
v 0.182420 0.994439 1.406955
v 0.037874 1.003358 1.348312
v 0.262907 1.224929 1.399947
v 0.070764 1.156014 1.343169
v 0.185011 1.027959 1.394763
v 0.037874 1.003358 1.348312
v 0.317417 1.155431 1.381921
v 0.140679 1.061064 1.450846
v 0.158703 1.067310 1.272664
v 0.037874 1.003358 1.348312
v 0.070032 1.320053 1.381023
v 0.133487 1.125147 1.327385
v -0.032013 1.134926 1.395407
v 0.037874 1.003358 1.348312
v 0.073478 1.302173 1.239490
v 0.131774 1.128205 1.345457
v -0.027543 1.117563 1.264109
v 0.037874 1.003358 1.348312
v 0.072877 1.317482 1.298301
v 0.028468 1.145144 1.413278
v 0.075282 1.112872 1.243337
v 0.037874 1.003358 1.348312
v 0.073357 1.310703 1.266579
v -0.016341 1.118930 1.258223
v 0.120475 1.133662 1.373014
v -0.012042 0.475725 1.219335
v -0.123485 0.444387 1.499670
v -0.010947 0.457153 1.217868
v -0.122697 0.431015 1.498614
v 0.004508 0.448253 1.223365
v -0.111569 0.424607 1.502571
v 0.018868 0.457925 1.230329
v -0.101229 0.431572 1.507586
v 0.017774 0.476498 1.231796
v -0.102017 0.444944 1.508642
v 0.002319 0.485398 1.226299
v -0.113145 0.451352 1.504684
v -0.112357 0.437979 1.503628
v -0.122432 0.446223 1.500297
v -0.281486 0.290539 1.611263
v -0.118774 0.436363 1.491934
v -0.278853 0.283439 1.605241
v -0.108699 0.428119 1.495264
v -0.271599 0.277504 1.607639
v -0.102282 0.429736 1.506958
v -0.266979 0.278668 1.616059
v -0.105940 0.439596 1.515322
v -0.269612 0.285767 1.622081
v -0.116014 0.447840 1.511991
v -0.276866 0.291703 1.619683
v -0.274232 0.284603 1.613661
v -0.386620 0.067687 1.406982
v -0.252544 0.142196 1.553147
v -0.385830 0.253477 1.508832
v -0.274232 0.284603 1.613661
v -0.377871 0.074055 1.396110
v -0.400232 0.215809 1.551988
v -0.231144 0.184959 1.501293
v -0.274232 0.284603 1.613661
v -0.335575 0.108712 1.353470
v -0.214793 0.227091 1.481104
v -0.382746 0.201403 1.538065
v -0.274232 0.284603 1.613661
v -0.355153 0.091933 1.371318
v -0.357936 0.272400 1.482295
v -0.255265 0.142670 1.551153
v -0.274232 0.284603 1.613661
v -0.117215 0.185670 1.874348
v -0.281627 0.194349 1.740986
v -0.141224 0.295711 1.694886
v -0.274232 0.284603 1.613661
v -0.191455 0.140675 1.887216
v -0.325072 0.197276 1.732831
v -0.157170 0.256787 1.713335
v -0.274232 0.284603 1.613661
v -0.208920 0.132082 1.887288
v -0.162185 0.248054 1.716237
v -0.334030 0.199135 1.729987
v -0.274232 0.284603 1.613661
v -0.217138 0.128272 1.886975
v -0.163375 0.234426 1.711667
v -0.339414 0.209716 1.734307
v -0.274232 0.284603 1.613661
v -0.557981 0.410154 1.535408
v -0.421270 0.252417 1.571753
v -0.354194 0.417230 1.592966
v -0.274232 0.284603 1.613661
v -0.542721 0.431546 1.520269
v -0.350409 0.420924 1.608562
v -0.412846 0.265837 1.544047
v -0.274232 0.284603 1.613661
v -0.537291 0.438156 1.515571
v -0.374595 0.303923 1.495482
v -0.384317 0.388126 1.653368
v -0.274232 0.284603 1.613661
v -0.578498 0.370096 1.563528
v -0.398569 0.266716 1.520749
v -0.393309 0.370885 1.666467
v -0.274232 0.284603 1.613661
v -0.460321 0.024292 1.610665
v -0.354813 0.185899 1.523238
v -0.342523 0.175059 1.701687
v -0.274232 0.284603 1.613661
v -0.461827 0.025412 1.618961
v -0.318190 0.160097 1.697195
v -0.380350 0.201757 1.534367
v -0.274232 0.284603 1.613661
v -0.443621 0.021994 1.544784
v -0.416934 0.220987 1.612472
v -0.267042 0.138132 1.559748
v -0.274232 0.284603 1.613661
v -0.467326 0.033666 1.659982
v -0.411588 0.237754 1.671546
v -0.291351 0.130703 1.592833
v -0.108871 0.425003 1.503733
v -0.010527 0.457143 1.729885
v -0.100382 0.434201 1.498846
v -0.004415 0.463765 1.726366
v -0.103868 0.447177 1.498741
v -0.006924 0.473108 1.726291
v -0.115843 0.450956 1.503523
v -0.015546 0.475829 1.729734
v -0.124332 0.441758 1.508410
v -0.021659 0.469206 1.733253
v -0.120846 0.428782 1.508515
v -0.019149 0.459863 1.733328
v -0.013037 0.466486 1.729809
v 0.276643 0.596695 1.690679
v 0.115203 0.468945 1.640586
v 0.090468 0.568193 1.787728
v -0.013037 0.466486 1.729809
v 0.279928 0.594984 1.737553
v 0.121684 0.473344 1.808648
v 0.086614 0.562427 1.657166
v -0.013037 0.466486 1.729809
v 0.277033 0.596670 1.693591
v 0.077996 0.552222 1.636137
v 0.127986 0.484897 1.794507
v -0.013037 0.466486 1.729809
v 0.276395 0.596704 1.688914
v 0.140712 0.444754 1.747166
v 0.064760 0.592393 1.679737
v -0.013037 0.466486 1.729809
v -0.220683 0.585517 1.942211
v -0.078028 0.596999 1.785975
v -0.114162 0.431197 1.843566
v -0.013037 0.466486 1.729809
v -0.305482 0.574833 1.801481
v -0.164110 0.463031 1.690096
v -0.095920 0.556618 1.826860
v -0.013037 0.466486 1.729809
v -0.239694 0.585953 1.921523
v -0.069764 0.596453 1.795405
v -0.137636 0.432093 1.817584
v -0.013037 0.466486 1.729809
v -0.224730 0.585682 1.938084
v -0.107734 0.586669 1.761440
v -0.087694 0.441659 1.864799
v -0.013037 0.466486 1.729809
v 0.135640 0.184596 1.700941
v 0.008049 0.341684 1.638202
v 0.084818 0.365776 1.798323
v -0.013037 0.466486 1.729809
v 0.178198 0.235671 1.841853
v 0.002461 0.353932 1.837064
v 0.124454 0.394388 1.712190
v -0.013037 0.466486 1.729809
v 0.177989 0.234861 1.840530
v 0.012764 0.367302 1.847747
v 0.113983 0.380369 1.700449
v -0.013037 0.466486 1.729809
v 0.174638 0.224230 1.821951
v 0.070522 0.343694 1.681309
v 0.053545 0.395472 1.852023
v -0.013037 0.466486 1.729809
v 0.183289 0.499712 1.980313
v 0.027413 0.558527 1.849410
v 0.103575 0.401026 1.810612
v -0.013037 0.466486 1.729809
v 0.234723 0.515277 1.926366
v 0.100529 0.565825 1.770388
v 0.071605 0.406179 1.846476
v -0.013037 0.466486 1.729809
v 0.227158 0.512885 1.936095
v 0.129584 0.527469 1.748588
v 0.036498 0.442622 1.876059
v -0.013037 0.466486 1.729809
v 0.269378 0.527052 1.867554
v 0.104489 0.405729 1.812927
v 0.095370 0.575696 1.756887
v -0.107264 0.449953 1.506982
v -0.309022 0.492613 1.645990
v -0.115109 0.448788 1.496135
v -0.314670 0.491774 1.638180
v -0.120202 0.436815 1.492781
v -0.318337 0.483153 1.635766
v -0.117450 0.426006 1.500274
v -0.316356 0.475371 1.641161
v -0.109605 0.427171 1.511121
v -0.310707 0.476209 1.648970
v -0.104512 0.439144 1.514475
v -0.307041 0.484830 1.651385
v -0.312689 0.483992 1.643575
v -0.546547 0.664854 1.521103
v -0.399723 0.612060 1.664448
v -0.412741 0.500613 1.524725
v -0.312689 0.483992 1.643575
v -0.523758 0.667318 1.487879
v -0.353666 0.542070 1.504436
v -0.440567 0.572574 1.658158
v -0.312689 0.483992 1.643575
v -0.401952 0.647868 1.383620
v -0.263565 0.549994 1.510749
v -0.433223 0.549090 1.568437
v -0.312689 0.483992 1.643575
v -0.406981 0.649367 1.386360
v -0.294929 0.501986 1.489391
v -0.405883 0.598297 1.591987
v -0.312689 0.483992 1.643575
v -0.396844 0.218746 1.801571
v -0.345543 0.331853 1.629911
v -0.347159 0.423934 1.783636
v -0.312689 0.483992 1.643575
v -0.350511 0.194251 1.774034
v -0.242681 0.369538 1.723647
v -0.412955 0.366652 1.667871
v -0.312689 0.483992 1.643575
v -0.451145 0.262609 1.828561
v -0.388294 0.458509 1.777913
v -0.347849 0.332368 1.657226
v -0.312689 0.483992 1.643575
v -0.410114 0.227813 1.808744
v -0.284500 0.333518 1.674805
v -0.418818 0.429522 1.744480
v -0.312689 0.483992 1.643575
v -0.341539 0.789104 1.735630
v -0.400988 0.612583 1.634643
v -0.247470 0.599490 1.726151
v -0.312689 0.483992 1.643575
v -0.356715 0.784522 1.744288
v -0.351634 0.573758 1.765384
v -0.308965 0.634649 1.602337
v -0.312689 0.483992 1.643575
v -0.303874 0.796220 1.713115
v -0.219727 0.607526 1.666147
v -0.398599 0.610240 1.676636
v -0.312689 0.483992 1.643575
v -0.306776 0.795885 1.714901
v -0.224654 0.601365 1.697293
v -0.395993 0.616133 1.646918
v -0.312689 0.483992 1.643575
v -0.609114 0.589788 1.701364
v -0.461247 0.441881 1.667433
v -0.401270 0.610739 1.665948
v -0.312689 0.483992 1.643575
v -0.610065 0.595584 1.682488
v -0.449825 0.510068 1.573391
v -0.413454 0.547190 1.744890
v -0.312689 0.483992 1.643575
v -0.608650 0.588110 1.706554
v -0.464703 0.448206 1.638746
v -0.397444 0.603073 1.698788
v -0.312689 0.483992 1.643575
v -0.600097 0.616307 1.595728
v -0.450019 0.468869 1.570611
v -0.405285 0.604967 1.678262
v 0.002565 0.451273 1.235112
v 0.160321 0.592492 1.452275
v 0.016780 0.453892 1.223308
v 0.170556 0.594377 1.443775
v 0.017629 0.469444 1.213027
v 0.171167 0.605575 1.436373
v 0.004261 0.482378 1.214551
v 0.161543 0.614887 1.437471
v -0.009954 0.479759 1.226356
v 0.151308 0.613002 1.445970
v -0.010802 0.464207 1.236637
v 0.150697 0.601804 1.453372
v 0.158812 0.593157 1.452942
v 0.394626 0.609670 1.530197
v 0.163170 0.591226 1.440379
v 0.397764 0.608280 1.521152
v 0.165290 0.601758 1.432310
v 0.399291 0.615863 1.515342
v 0.163052 0.614222 1.436804
v 0.397679 0.624837 1.518577
v 0.158694 0.616153 1.449367
v 0.394542 0.626228 1.527622
v 0.156574 0.605621 1.457436
v 0.393015 0.618644 1.533432
v 0.396153 0.617254 1.524387
v 0.384196 0.933177 1.573882
v 0.327979 0.751075 1.481303
v 0.454761 0.736171 1.607067
v 0.396153 0.617254 1.524387
v 0.401491 0.932438 1.579435
v 0.311420 0.748524 1.525075
v 0.485157 0.738131 1.567737
v 0.396153 0.617254 1.524387
v 0.547760 0.882689 1.619041
v 0.448788 0.697546 1.647654
v 0.464804 0.749310 1.476843
v 0.396153 0.617254 1.524387
v 0.390854 0.933013 1.576040
v 0.479960 0.749055 1.520258
v 0.308107 0.738060 1.569838
v 0.396153 0.617254 1.524387
v 0.379910 0.339329 1.682165
v 0.373365 0.550300 1.663707
v 0.405946 0.461868 1.511290
v 0.396153 0.617254 1.524387
v 0.550170 0.404448 1.707123
v 0.426857 0.465595 1.546042
v 0.488662 0.598668 1.648921
v 0.396153 0.617254 1.524387
v 0.542047 0.398972 1.707329
v 0.528494 0.580468 1.598851
v 0.380527 0.479414 1.596277
v 0.396153 0.617254 1.524387
v 0.478877 0.365396 1.703620
v 0.512325 0.549192 1.603658
v 0.346160 0.483829 1.588502
v 0.396153 0.617254 1.524387
v 0.694937 0.524910 1.456561
v 0.507073 0.511152 1.553565
v 0.524261 0.649481 1.440948
v 0.396153 0.617254 1.524387
v 0.703951 0.542160 1.479429
v 0.529202 0.575101 1.594624
v 0.509342 0.599331 1.418184
v 0.396153 0.617254 1.524387
v 0.710483 0.560927 1.503794
v 0.507253 0.507601 1.531113
v 0.536516 0.681845 1.501187
v 0.396153 0.617254 1.524387
v 0.685681 0.511498 1.438426
v 0.484467 0.490436 1.501368
v 0.539461 0.659467 1.478638
v 0.169186 0.608971 1.435679
v 0.135590 0.832489 1.539411
v 0.155994 0.608236 1.433233
v 0.126091 0.831960 1.537650
v 0.147740 0.602955 1.442426
v 0.120148 0.828158 1.544269
v 0.152678 0.598408 1.454067
v 0.123703 0.824884 1.552650
v 0.165870 0.599143 1.456513
v 0.133202 0.825413 1.554412
v 0.174124 0.604424 1.447319
v 0.139145 0.829215 1.547792
v 0.129646 0.828686 1.546031
v 0.175400 0.839503 1.862558
v 0.060792 0.849972 1.684660
v 0.235103 0.816055 1.660623
v 0.129646 0.828686 1.546031
v 0.161362 0.902317 1.855825
v 0.147041 0.945080 1.648803
v 0.137625 0.771197 1.691094
v 0.129646 0.828686 1.546031
v 0.186269 0.783516 1.857725
v 0.204849 0.883181 1.671677
v 0.099741 0.738056 1.669740
v 0.129646 0.828686 1.546031
v 0.187256 0.777996 1.856694
v 0.165883 0.896233 1.682179
v 0.139498 0.720587 1.658412
v 0.129646 0.828686 1.546031
v 0.038624 1.112354 1.662852
v 0.050374 0.959962 1.516119
v 0.136101 0.924345 1.669400
v 0.129646 0.828686 1.546031
v -0.035245 1.100106 1.585297
v 0.127160 0.982244 1.517289
v 0.000220 0.892265 1.606186
v 0.129646 0.828686 1.546031
v 0.011136 1.111736 1.636793
v 0.068700 0.909771 1.664871
v 0.095784 0.974042 1.499800
v 0.129646 0.828686 1.546031
v 0.023458 1.112511 1.648829
v 0.171369 0.967392 1.604615
v 0.002973 0.917040 1.569685
v 0.149588 0.605571 1.451824
v 0.270282 0.540247 1.659224
v 0.152319 0.593514 1.446558
v 0.272249 0.531566 1.655433
v 0.163664 0.591633 1.439608
v 0.280417 0.530211 1.650429
v 0.172277 0.601808 1.437922
v 0.286618 0.537537 1.649215
v 0.169545 0.613865 1.443187
v 0.284651 0.546218 1.653006
v 0.158200 0.615746 1.450138
v 0.276483 0.547573 1.658011
v 0.278450 0.538892 1.654220
v 0.279899 0.223531 1.708492
v 0.361153 0.407038 1.640556
v 0.196905 0.418458 1.711301
v 0.278450 0.538892 1.654220
v 0.242360 0.221055 1.645427
v 0.255006 0.415245 1.561625
v 0.273022 0.408271 1.739781
v 0.278450 0.538892 1.654220
v 0.285928 0.225477 1.718366
v 0.319400 0.430668 1.759209
v 0.243482 0.396384 1.600548
v 0.278450 0.538892 1.654220
v 0.232521 0.223257 1.628431
v 0.239564 0.422702 1.557267
v 0.280593 0.402574 1.730542
v 0.278450 0.538892 1.654220
v 0.549587 0.686364 1.738698
v 0.431607 0.520728 1.679220
v 0.342202 0.675034 1.696802
v 0.278450 0.538892 1.654220
v 0.514485 0.751360 1.614917
v 0.354602 0.659033 1.718866
v 0.391125 0.588726 1.558131
v 0.278450 0.538892 1.654220
v 0.540010 0.721130 1.682070
v 0.434103 0.542258 1.641073
v 0.332045 0.681316 1.689647
v 0.278450 0.538892 1.654220
v 0.538619 0.723801 1.677037
v 0.370962 0.639571 1.578607
v 0.394073 0.586140 1.748087
v 0.278450 0.538892 1.654220
v 0.169206 0.520848 1.954453
v 0.155863 0.502088 1.743830
v 0.313642 0.561262 1.804796
v 0.278450 0.538892 1.654220
v 0.079264 0.553034 1.904270
v 0.133773 0.508063 1.704524
v 0.263777 0.581035 1.803956
v 0.278450 0.538892 1.654220
v 0.022765 0.578017 1.842620
v 0.201966 0.484485 1.779129
v 0.150386 0.624599 1.680031
v 0.278450 0.538892 1.654220
v 0.105378 0.542976 1.923347
v 0.257558 0.472262 1.793991
v 0.160884 0.608790 1.729750
v 0.278450 0.538892 1.654220
v 0.374284 0.318032 1.865019
v 0.399760 0.484271 1.736149
v 0.233806 0.416825 1.740930
v 0.278450 0.538892 1.654220
v 0.385553 0.336843 1.878061
v 0.401233 0.455695 1.703360
v 0.241350 0.460450 1.784153
v 0.278450 0.538892 1.654220
v 0.385951 0.337553 1.878510
v 0.318095 0.524180 1.804633
v 0.324806 0.392533 1.683239
v 0.278450 0.538892 1.654220
v 0.411258 0.390834 1.904900
v 0.345674 0.558926 1.793833
v 0.317472 0.400412 1.715152
v 0.160484 0.592629 1.452489
v 0.294881 0.710709 1.625243
v 0.170495 0.594325 1.443688
v 0.302088 0.711931 1.618906
v 0.170943 0.605386 1.436072
v 0.302411 0.719895 1.613423
v 0.161380 0.614750 1.437257
v 0.295526 0.726637 1.614276
v 0.151369 0.613054 1.446058
v 0.288318 0.725416 1.620612
v 0.150921 0.601993 1.453674
v 0.287995 0.717452 1.626096
v 0.295203 0.718673 1.619759
v 0.606971 0.647102 1.610905
v 0.401815 0.617294 1.567146
v 0.438005 0.762796 1.665289
v 0.295203 0.718673 1.619759
v 0.528978 0.553600 1.476582
v 0.385698 0.708845 1.492771
v 0.391728 0.596443 1.632206
v 0.295203 0.718673 1.619759
v 0.582474 0.598816 1.545530
v 0.377885 0.642147 1.511502
v 0.442338 0.699314 1.668634
v 0.295203 0.718673 1.619759
v 0.572244 0.587051 1.528523
v 0.439830 0.680562 1.664957
v 0.372209 0.651487 1.501572
v 0.295203 0.718673 1.619759
v 0.136992 0.992544 1.668382
v 0.280380 0.867623 1.574965
v 0.183457 0.788820 1.703451
v 0.295203 0.718673 1.619759
v 0.176714 1.003257 1.705622
v 0.194195 0.792251 1.713545
v 0.301420 0.872763 1.594663
v 0.295203 0.718673 1.619759
v 0.240137 1.003585 1.754641
v 0.356453 0.833082 1.706772
v 0.189900 0.832194 1.640652
v 0.295203 0.718673 1.619759
v 0.197133 1.005370 1.722652
v 0.175563 0.819072 1.624063
v 0.336387 0.847633 1.697769
v 0.295203 0.718673 1.619759
v 0.333958 0.526005 1.872301
v 0.399602 0.645972 1.710464
v 0.221807 0.637241 1.731087
v 0.295203 0.718673 1.619759
v 0.350196 0.548921 1.885390
v 0.305316 0.724468 1.775568
v 0.329085 0.577076 1.676455
v 0.295203 0.718673 1.619759
v 0.347460 0.544895 1.883332
v 0.318876 0.574647 1.675510
v 0.313336 0.723677 1.774867
v 0.295203 0.718673 1.619759
v 0.393894 0.623633 1.908943
v 0.418843 0.675739 1.705094
v 0.250516 0.685575 1.765772
v 0.295203 0.718673 1.619759
v 0.556535 0.836168 1.762240
v 0.386992 0.844140 1.635418
v 0.412480 0.687203 1.718085
v 0.295203 0.718673 1.619759
v 0.554497 0.837930 1.764482
v 0.402177 0.694498 1.731044
v 0.395664 0.838254 1.624252
v 0.295203 0.718673 1.619759
v 0.514243 0.866146 1.800517
v 0.438036 0.707798 1.682151
v 0.327602 0.847527 1.701974
v 0.295203 0.718673 1.619759
v 0.521516 0.861809 1.794959
v 0.335404 0.765635 1.763254
v 0.436052 0.786220 1.616425
v -0.027407 0.023343 0.550000
v -0.203285 -0.198702 0.901092
v -0.029440 -0.006806 0.530431
v -0.204750 -0.220409 0.887002
v -0.002034 -0.030148 0.530431
v -0.185017 -0.237216 0.887002
v 0.027407 -0.023343 0.550000
v -0.163820 -0.232315 0.901092
v 0.029440 0.006806 0.569569
v -0.162355 -0.210609 0.915182
v 0.002034 0.030148 0.569569
v -0.182088 -0.193802 0.915182
v -0.204193 -0.199876 0.899896
v -0.417228 -0.485632 0.998786
v -0.196693 -0.213069 0.878883
v -0.411828 -0.495131 0.983656
v -0.176052 -0.228701 0.880079
v -0.396967 -0.506386 0.984517
v -0.162912 -0.231141 0.902287
v -0.387506 -0.508143 1.000507
v -0.170412 -0.217949 0.923300
v -0.392906 -0.498644 1.015636
v -0.191053 -0.202316 0.922105
v -0.407767 -0.487389 1.014776
v -0.402367 -0.496887 0.999646
v -0.416830 -0.485170 1.000988
v -0.588746 -0.689176 0.856711
v -0.405553 -0.484411 0.986138
v -0.580626 -0.688630 0.846019
v -0.391089 -0.496128 0.984796
v -0.570212 -0.697066 0.845053
v -0.387904 -0.508605 0.998305
v -0.567919 -0.706049 0.854779
v -0.399182 -0.509364 1.013155
v -0.576039 -0.706596 0.865471
v -0.413645 -0.497647 1.014496
v -0.586452 -0.698159 0.866437
v -0.588985 -0.689651 0.857666
v -0.634790 -0.698349 0.613380
v -0.576944 -0.684263 0.855113
v -0.626121 -0.694470 0.611542
v -0.566291 -0.692224 0.853192
v -0.618451 -0.700202 0.610159
v -0.567680 -0.705574 0.853824
v -0.619451 -0.709814 0.610614
v -0.579721 -0.710963 0.856377
v -0.628120 -0.713694 0.612452
v -0.590374 -0.703001 0.858298
v -0.635790 -0.707961 0.613835
v -0.627120 -0.704082 0.611997
v -0.627120 -0.704082 0.611997
v -0.488470 -0.420338 0.560366
v -0.507730 -0.611022 0.650703
v -0.635591 -0.570146 0.531986
v -0.627120 -0.704082 0.611997
v -0.499874 -0.426477 0.516371
v -0.600395 -0.611026 0.489365
v -0.552049 -0.575053 0.658128
v -0.627120 -0.704082 0.611997
v -0.482518 -0.419474 0.589897
v -0.504149 -0.619111 0.657495
v -0.634410 -0.561366 0.548819
v -0.627120 -0.704082 0.611997
v -0.510229 -0.434900 0.484414
v -0.540277 -0.644276 0.496699
v -0.620450 -0.548542 0.625229
v -0.627120 -0.704082 0.611997
v -0.625987 -0.973090 0.438696
v -0.576407 -0.771364 0.480417
v -0.676927 -0.852006 0.604936
v -0.627120 -0.704082 0.611997
v -0.636104 -0.948361 0.405486
v -0.699448 -0.763232 0.486769
v -0.561979 -0.840354 0.572016
v -0.627120 -0.704082 0.611997
v -0.612733 -0.998300 0.486983
v -0.572212 -0.849016 0.631775
v -0.670518 -0.794522 0.492208
v -0.627120 -0.704082 0.611997
v -0.608075 -1.005161 0.505281
v -0.702056 -0.840671 0.600164
v -0.536948 -0.808356 0.538457
v -0.627120 -0.704082 0.611997
v -0.831300 -0.475498 0.703977
v -0.774566 -0.653117 0.603355
v -0.643018 -0.572179 0.694222
v -0.627120 -0.704082 0.611997
v -0.851629 -0.476056 0.611706
v -0.767788 -0.663020 0.557786
v -0.666060 -0.562723 0.665975
v -0.627120 -0.704082 0.611997
v -0.837166 -0.473930 0.684874
v -0.722162 -0.647850 0.722529
v -0.700115 -0.576191 0.559767
v -0.627120 -0.704082 0.611997
v -0.840872 -0.473360 0.670970
v -0.762957 -0.641014 0.567464
v -0.662285 -0.582572 0.703708
v -0.568951 -0.699014 0.846228
v -0.635924 -0.937144 0.820580
v -0.565874 -0.701371 0.859093
v -0.633709 -0.938842 0.829844
v -0.575255 -0.699970 0.868611
v -0.640463 -0.937833 0.836696
v -0.587714 -0.696212 0.865262
v -0.649434 -0.935127 0.834285
v -0.590791 -0.693854 0.852396
v -0.651649 -0.933430 0.825022
v -0.581410 -0.695255 0.842879
v -0.644895 -0.934438 0.818169
v -0.642679 -0.936136 0.827433
v -0.431449 -1.055189 1.036259
v -0.580888 -0.920359 0.970069
v -0.535486 -1.047155 0.851857
v -0.642679 -0.936136 0.827433
v -0.440434 -1.077848 1.030938
v -0.603568 -0.953572 0.977694
v -0.519994 -1.032069 0.839976
v -0.642679 -0.936136 0.827433
v -0.433098 -1.059657 1.035323
v -0.622020 -0.985795 0.974127
v -0.495673 -0.985294 0.847050
v -0.642679 -0.936136 0.827433
v -0.468022 -1.130259 1.012395
v -0.518754 -1.031176 0.832114
v -0.626878 -0.996393 0.970721
v -0.642679 -0.936136 0.827433
v -0.949884 -0.849186 0.848998
v -0.790260 -0.987325 0.830829
v -0.740862 -0.815387 0.841288
v -0.642679 -0.936136 0.827433
v -0.957785 -0.991768 0.831034
v -0.782069 -0.880101 0.870358
v -0.755374 -1.036677 0.787389
v -0.642679 -0.936136 0.827433
v -0.958467 -0.887256 0.844422
v -0.780400 -1.000470 0.863574
v -0.757588 -0.832697 0.804883
v -0.642679 -0.936136 0.827433
v -0.960976 -0.906572 0.842037
v -0.760815 -0.840719 0.864198
v -0.779181 -1.007902 0.802351
v -0.642679 -0.936136 0.827433
v -0.395741 -1.029240 0.646454
v -0.503142 -1.006433 0.827664
v -0.584665 -0.940322 0.682419
v -0.642679 -0.936136 0.827433
v -0.434521 -1.101997 0.649780
v -0.546850 -1.059502 0.824333
v -0.571981 -0.945458 0.688411
v -0.642679 -0.936136 0.827433
v -0.425341 -1.087826 0.648117
v -0.566069 -1.070541 0.805562
v -0.545419 -0.923083 0.705851
v -0.642679 -0.936136 0.827433
v -0.392864 -1.021886 0.646769
v -0.592037 -0.958409 0.681312
v -0.493469 -0.982462 0.829023
v -0.642679 -0.936136 0.827433
v -0.650661 -1.255896 0.836904
v -0.730592 -1.061066 0.860234
v -0.561151 -1.067014 0.802208
v -0.642679 -0.936136 0.827433
v -0.521676 -1.198520 0.964956
v -0.673661 -1.081870 0.874483
v -0.514894 -1.000309 0.890401
v -0.642679 -0.936136 0.827433
v -0.580433 -1.239653 0.907448
v -0.627482 -1.082104 0.773819
v -0.608079 -1.032981 0.945059
v -0.642679 -0.936136 0.827433
v -0.660786 -1.255622 0.826588
v -0.693420 -1.061258 0.748808
v -0.606423 -1.066602 0.905382
v -0.583434 -0.701585 0.867524
v -0.799692 -0.748130 0.753878
v -0.584365 -0.688708 0.863799
v -0.800362 -0.738858 0.751196
v -0.579263 -0.684736 0.852020
v -0.796689 -0.735998 0.742715
v -0.573231 -0.693640 0.843966
v -0.792346 -0.742409 0.736916
v -0.572300 -0.706517 0.847690
v -0.791676 -0.751680 0.739598
v -0.577401 -0.710489 0.859469
v -0.795349 -0.754541 0.748079
v -0.796019 -0.745269 0.745397
v -0.975622 -0.482602 0.779290
v -0.828094 -0.623135 0.837411
v -0.907626 -0.657269 0.680497
v -0.796019 -0.745269 0.745397
v -0.908144 -0.454714 0.818921
v -0.920912 -0.651474 0.741366
v -0.760826 -0.606621 0.808247
v -0.796019 -0.745269 0.745397
v -0.929384 -0.461080 0.807444
v -0.839849 -0.646312 0.858085
v -0.858881 -0.616875 0.682347
v -0.796019 -0.745269 0.745397
v -0.916594 -0.457011 0.814452
v -0.870549 -0.660168 0.853171
v -0.817949 -0.599764 0.692868
v -0.796019 -0.745269 0.745397
v -0.781330 -0.915355 0.474740
v -0.790643 -0.889179 0.684788
v -0.789644 -0.737429 0.589480
v -0.796019 -0.745269 0.745397
v -0.886953 -0.901133 0.481129
v -0.798456 -0.883624 0.672842
v -0.866329 -0.731605 0.606537
v -0.796019 -0.745269 0.745397
v -0.702150 -0.913568 0.489928
v -0.823760 -0.872046 0.658390
v -0.693183 -0.753132 0.628029
v -0.796019 -0.745269 0.745397
v -0.838143 -0.910084 0.474359
v -0.891356 -0.769942 0.624095
v -0.734381 -0.852448 0.649869
v -0.796019 -0.745269 0.745397
v -1.002338 -0.795341 0.984824
v -0.902293 -0.843460 0.804359
v -0.854800 -0.687135 0.877977
v -0.796019 -0.745269 0.745397
v -0.994884 -0.793748 0.991370
v -0.826549 -0.835108 0.869530
v -0.924581 -0.694214 0.818042
v -0.796019 -0.745269 0.745397
v -0.873547 -0.767217 1.055087
v -0.772650 -0.824737 0.877877
v -0.881411 -0.683359 0.860669
v -0.796019 -0.745269 0.745397
v -1.017719 -0.798607 0.969906
v -0.943071 -0.791017 0.771759
v -0.826326 -0.742191 0.898642
v -0.796019 -0.745269 0.745397
v -1.087125 -0.745160 0.612516
v -0.875268 -0.742768 0.610766
v -0.949655 -0.747683 0.773723
v -0.796019 -0.745269 0.745397
v -1.066908 -0.589958 0.675414
v -0.891458 -0.699853 0.630328
v -0.917291 -0.666436 0.804479
v -0.796019 -0.745269 0.745397
v -1.089811 -0.700367 0.626779
v -0.916266 -0.813096 0.672238
v -0.910805 -0.641520 0.723662
v -0.796019 -0.745269 0.745397
v -1.069854 -0.597042 0.671619
v -0.888637 -0.698105 0.628737
v -0.922469 -0.673852 0.803035
v -0.588388 -0.688783 0.856954
v -0.741753 -0.855008 0.753522
v -0.580880 -0.688929 0.845812
v -0.736347 -0.855113 0.745499
v -0.570824 -0.697759 0.844603
v -0.729106 -0.861470 0.744629
v -0.568276 -0.706442 0.854535
v -0.727272 -0.867722 0.751780
v -0.575785 -0.706296 0.865678
v -0.732678 -0.867617 0.759803
v -0.585841 -0.697466 0.866887
v -0.739918 -0.861259 0.760674
v -0.734512 -0.861365 0.752651
v -0.806252 -0.887902 0.441927
v -0.837987 -0.824421 0.641565
v -0.688429 -0.919539 0.615158
v -0.734512 -0.861365 0.752651
v -0.767643 -0.841429 0.434996
v -0.836653 -0.847551 0.635226
v -0.658876 -0.859230 0.615952
v -0.734512 -0.861365 0.752651
v -0.709146 -0.774919 0.445595
v -0.686117 -0.749672 0.654699
v -0.762615 -0.903901 0.604959
v -0.734512 -0.861365 0.752651
v -0.714815 -0.781165 0.443491
v -0.638626 -0.846056 0.630243
v -0.814641 -0.812514 0.627731
v -0.734512 -0.861365 0.752651
v -0.660727 -1.155783 0.854010
v -0.632261 -0.978915 0.740875
v -0.777736 -0.979349 0.845515
v -0.734512 -0.861365 0.752651
v -0.584416 -1.097782 0.907500
v -0.747326 -0.969133 0.865053
v -0.601621 -0.942731 0.764129
v -0.734512 -0.861365 0.752651
v -0.648360 -1.149092 0.863063
v -0.729181 -1.014275 0.720991
v -0.670922 -0.938637 0.872640
v -0.734512 -0.861365 0.752651
v -0.664473 -1.157632 0.851243
v -0.736310 -0.959621 0.874120
v -0.676683 -1.000122 0.710056
v -0.734512 -0.861365 0.752651
v -1.034230 -0.831452 0.644602
v -0.835533 -0.766926 0.679931
v -0.873265 -0.931874 0.738932
v -0.734512 -0.861365 0.752651
v -0.985991 -0.669157 0.705591
v -0.803737 -0.763328 0.652607
v -0.866471 -0.805636 0.815048
v -0.734512 -0.861365 0.752651
v -1.033943 -0.819446 0.647845
v -0.853248 -0.760429 0.741433
v -0.855320 -0.928766 0.680024
v -0.734512 -0.861365 0.752651
v -1.012287 -0.718833 0.682466
v -0.809136 -0.724478 0.742381
v -0.882109 -0.884227 0.706773
v -0.734512 -0.861365 0.752651
v -0.823138 -0.905433 0.448343
v -0.808713 -0.798206 0.630514
v -0.731212 -0.959778 0.631341
v -0.734512 -0.861365 0.752651
v -0.826103 -0.908775 0.449726
v -0.763907 -0.968870 0.643149
v -0.778391 -0.791788 0.619813
v -0.734512 -0.861365 0.752651
v -0.833582 -0.917258 0.453551
v -0.690719 -0.870816 0.602968
v -0.857561 -0.896628 0.663054
v -0.734512 -0.861365 0.752651
v -0.920472 -1.024109 0.549345
v -0.809249 -0.856357 0.615533
v -0.808544 -0.996568 0.727125
v -0.394915 -0.507409 0.986154
v -0.364784 -0.733362 1.186221
v -0.383923 -0.496729 0.996804
v -0.356870 -0.725672 1.193888
v -0.391376 -0.486208 1.010296
v -0.362236 -0.718097 1.203603
v -0.409820 -0.486366 1.013139
v -0.375515 -0.718211 1.205650
v -0.420811 -0.497046 1.002489
v -0.383429 -0.725900 1.197982
v -0.413359 -0.507567 0.988997
v -0.378063 -0.733476 1.188267
v -0.370149 -0.725786 1.195935
v -0.366493 -0.733903 1.185870
v -0.223644 -0.860763 1.345087
v -0.359374 -0.722810 1.188480
v -0.218518 -0.852776 1.346966
v -0.363030 -0.714693 1.198545
v -0.221151 -0.846932 1.354213
v -0.373806 -0.717670 1.206000
v -0.228909 -0.849075 1.359581
v -0.380925 -0.728763 1.203390
v -0.234035 -0.857062 1.357702
v -0.377269 -0.736879 1.193325
v -0.231402 -0.862906 1.350455
v -0.226276 -0.854919 1.352334
v -0.226276 -0.854919 1.352334
v 0.075769 -0.755976 1.315205
v -0.079525 -0.869576 1.403923
v -0.131391 -0.761108 1.271042
v -0.226276 -0.854919 1.352334
v 0.042985 -0.707966 1.261212
v -0.162899 -0.756463 1.248884
v -0.074245 -0.835813 1.382886
v -0.226276 -0.854919 1.352334
v 0.043857 -0.708896 1.262305
v -0.093928 -0.869640 1.270607
v -0.142519 -0.723380 1.362037
v -0.226276 -0.854919 1.352334
v 0.089279 -0.803194 1.364550
v -0.096676 -0.833691 1.267686
v -0.103432 -0.834767 1.446755
v -0.226276 -0.854919 1.352334
v -0.127236 -1.076373 1.143649
v -0.209382 -1.008106 1.326635
v -0.163939 -0.878895 1.211085
v -0.226276 -0.854919 1.352334
v -0.127024 -1.076542 1.143929
v -0.154442 -0.879086 1.215703
v -0.218709 -1.008051 1.322241
v -0.226276 -0.854919 1.352334
v -0.101579 -1.095164 1.181650
v -0.257917 -0.971090 1.252758
v -0.094878 -0.930944 1.315363
v -0.226276 -0.854919 1.352334
v -0.065703 -1.113531 1.253662
v -0.117331 -0.908040 1.253738
v -0.206764 -1.008688 1.371993
v -0.367440 -0.717002 1.205735
v -0.539957 -0.827141 1.347003
v -0.376876 -0.714173 1.196596
v -0.546751 -0.825105 1.340423
v -0.379585 -0.722958 1.186796
v -0.548702 -0.831430 1.333367
v -0.372859 -0.734571 1.186135
v -0.543858 -0.839791 1.332891
v -0.363423 -0.737400 1.195274
v -0.537065 -0.841828 1.339471
v -0.360714 -0.728615 1.205074
v -0.535114 -0.835502 1.346527
v -0.541908 -0.833466 1.339947
v -0.541908 -0.833466 1.339947
v -0.803757 -0.692652 1.221599
v -0.645638 -0.833677 1.223104
v -0.647657 -0.720603 1.362111
v -0.541908 -0.833466 1.339947
v -0.835006 -0.728555 1.265872
v -0.627685 -0.757872 1.233458
v -0.690609 -0.825131 1.387177
v -0.541908 -0.833466 1.339947
v -0.820114 -0.709154 1.242235
v -0.619086 -0.701257 1.308698
v -0.687295 -0.866225 1.293027
v -0.541908 -0.833466 1.339947
v -0.813574 -0.702090 1.233467
v -0.683284 -0.862530 1.280113
v -0.617864 -0.699301 1.314597
v -0.541908 -0.833466 1.339947
v -0.676477 -0.746314 1.616887
v -0.553313 -0.865610 1.492423
v -0.638158 -0.731600 1.409023
v -0.541908 -0.833466 1.339947
v -0.647397 -0.705845 1.613781
v -0.502675 -0.792410 1.485506
v -0.665531 -0.772426 1.413455
v -0.541908 -0.833466 1.339947
v -0.654608 -0.715270 1.615135
v -0.514235 -0.816327 1.492763
v -0.659741 -0.756048 1.407282
v -0.541908 -0.833466 1.339947
v -0.651837 -0.711605 1.614657
v -0.654227 -0.842636 1.448171
v -0.517533 -0.726807 1.451490
v -0.380933 -0.731825 1.190663
v -0.258541 -0.948203 1.197743
v -0.371420 -0.726825 1.182599
v -0.251691 -0.944603 1.191937
v -0.360636 -0.720786 1.187871
v -0.243927 -0.940255 1.195733
v -0.359365 -0.719748 1.201207
v -0.243012 -0.939507 1.205335
v -0.368879 -0.724748 1.209272
v -0.249862 -0.943108 1.211141
v -0.379663 -0.730787 1.204000
v -0.257626 -0.947456 1.207346
v -0.250776 -0.943855 1.201539
v -0.075459 -0.937828 0.933906
v -0.106645 -0.928308 1.143260
v -0.254654 -0.954580 1.045712
v -0.250776 -0.943855 1.201539
v -0.079919 -0.927070 0.931491
v -0.248807 -0.891426 1.054368
v -0.116060 -0.982856 1.132672
v -0.250776 -0.943855 1.201539
v -0.053652 -1.003249 0.956561
v -0.127300 -1.026853 1.153819
v -0.216553 -0.908372 1.053276
v -0.250776 -0.943855 1.201539
v -0.051697 -1.010971 0.960162
v -0.122228 -1.022162 1.159642
v -0.220062 -0.919241 1.050334
v -0.250776 -0.943855 1.201539
v -0.167570 -0.850861 1.496206
v -0.303186 -0.887932 1.337694
v -0.131802 -0.925383 1.301118
v -0.250776 -0.943855 1.201539
v -0.167129 -0.851594 1.496312
v -0.242472 -0.986729 1.351556
v -0.192163 -0.827173 1.287341
v -0.250776 -0.943855 1.201539
v -0.164888 -0.855349 1.496819
v -0.281351 -0.959807 1.353930
v -0.151491 -0.857099 1.285372
v -0.250776 -0.943855 1.201539
v -0.141170 -0.898054 1.498673
v -0.199510 -1.014156 1.331315
v -0.214358 -0.836913 1.309471
v -0.250776 -0.943855 1.201539
v -0.339717 -1.229034 1.086810
v -0.238979 -1.042723 1.081131
v -0.333727 -1.073130 1.230164
v -0.250776 -0.943855 1.201539
v -0.408864 -1.185239 1.063184
v -0.291290 -1.008990 1.065421
v -0.336733 -1.071827 1.226973
v -0.250776 -0.943855 1.201539
v -0.423184 -1.172757 1.059133
v -0.317624 -1.083877 1.219911
v -0.321855 -0.986955 1.069243
v -0.250776 -0.943855 1.201539
v -0.446724 -1.148871 1.053307
v -0.289358 -1.094271 1.184252
v -0.368954 -0.957453 1.100240
v -0.250776 -0.943855 1.201539
v -0.069054 -1.202008 1.149248
v -0.177934 -1.064801 1.268460
v -0.178241 -1.029432 1.092785
v -0.250776 -0.943855 1.201539
v -0.054216 -1.150986 1.057107
v -0.238825 -1.086337 1.138545
v -0.105479 -0.967079 1.148988
v -0.250776 -0.943855 1.201539
v -0.075688 -1.210132 1.172544
v -0.191513 -1.047767 1.101029
v -0.169969 -1.052964 1.278853
v -0.250776 -0.943855 1.201539
v -0.058341 -1.091239 0.992621
v -0.133087 -0.924923 1.100530
v -0.214518 -1.080694 1.135414
v -0.403592 -0.489891 1.016904
v -0.705302 -0.516177 1.000503
v -0.403947 -0.478462 1.002155
v -0.705558 -0.507949 0.989883
v -0.402723 -0.485459 0.984897
v -0.704677 -0.512986 0.977458
v -0.401143 -0.503884 0.982389
v -0.703539 -0.526253 0.975652
v -0.400787 -0.515313 0.997138
v -0.703283 -0.534481 0.986271
v -0.402012 -0.508316 1.014396
v -0.704165 -0.529443 0.998697
v -0.704421 -0.521215 0.988077
v -0.705273 -0.516622 1.000676
v -0.893375 -0.369876 0.930442
v -0.697285 -0.510457 0.991804
v -0.887623 -0.365437 0.924054
v -0.696432 -0.515049 0.979205
v -0.887009 -0.368744 0.914983
v -0.703568 -0.525808 0.975479
v -0.892147 -0.376490 0.912300
v -0.711557 -0.531973 0.984351
v -0.897899 -0.380929 0.918688
v -0.712409 -0.527380 0.996950
v -0.898513 -0.377622 0.927759
v -0.892761 -0.373183 0.921371
v -0.679178 -0.160794 0.813328
v -0.872536 -0.244735 0.834744
v -0.742119 -0.331720 0.921564
v -0.892761 -0.373183 0.921371
v -0.673801 -0.165292 0.815363
v -0.748445 -0.317254 0.942752
v -0.861908 -0.262799 0.815184
v -0.892761 -0.373183 0.921371
v -0.825908 -0.092070 0.783871
v -0.807292 -0.301225 0.812149
v -0.924747 -0.220250 0.920593
v -0.892761 -0.373183 0.921371
v -0.748957 -0.117228 0.794062
v -0.913345 -0.244348 0.835407
v -0.757134 -0.297254 0.905488
v -0.892761 -0.373183 0.921371
v -1.013393 -0.192559 1.156367
v -0.995289 -0.260654 0.956548
v -0.886738 -0.341213 1.074191
v -0.892761 -0.373183 0.921371
v -0.968192 -0.221722 1.192977
v -0.846099 -0.340341 1.066823
v -0.999768 -0.284856 0.993204
v -0.892761 -0.373183 0.921371
v -0.930670 -0.248886 1.213798
v -0.930006 -0.404375 1.069870
v -0.885843 -0.242554 1.006813
v -0.892761 -0.373183 0.921371
v -0.966788 -0.222693 1.193902
v -0.884599 -0.379335 1.077280
v -0.960144 -0.246639 0.983486
v -0.892761 -0.373183 0.921371
v -1.070958 -0.133344 0.806814
v -0.945541 -0.303462 0.791890
v -0.982539 -0.251033 0.959207
v -0.892761 -0.373183 0.921371
v -0.981719 -0.091154 0.799118
v -0.977478 -0.302676 0.810629
v -0.879210 -0.218066 0.934311
v -0.892761 -0.373183 0.921371
v -1.012846 -0.102361 0.800396
v -0.983927 -0.249569 0.950014
v -0.897663 -0.280140 0.795948
v -0.892761 -0.373183 0.921371
v -0.917821 -0.077977 0.800435
v -0.834426 -0.228268 0.924331
v -0.971144 -0.281934 0.821662
v -0.704115 -0.518728 0.974876
v -0.869192 -0.701522 0.940449
v -0.695566 -0.527597 0.980241
v -0.863036 -0.707909 0.944312
v -0.695871 -0.530085 0.993442
v -0.863256 -0.709699 0.953817
v -0.704726 -0.523702 1.001279
v -0.869632 -0.705104 0.959459
v -0.713276 -0.514832 0.995913
v -0.875787 -0.698718 0.955596
v -0.712970 -0.512345 0.982712
v -0.875568 -0.696927 0.946091
v -0.869412 -0.703313 0.949954
v -1.077633 -0.679720 1.191796
v -0.919589 -0.769024 1.082530
v -0.985812 -0.618727 1.010851
v -0.869412 -0.703313 0.949954
v -1.058462 -0.652552 1.203101
v -1.017323 -0.693850 0.999400
v -0.872741 -0.672167 1.103026
v -0.869412 -0.703313 0.949954
v -1.081108 -0.685097 1.189229
v -0.931063 -0.610553 1.059530
v -0.977118 -0.781499 1.031798
v -0.869412 -0.703313 0.949954
v -1.079282 -0.682251 1.190601
v -1.019578 -0.718103 0.990495
v -0.887142 -0.671674 1.101930
v -0.869412 -0.703313 0.949954
v -0.909424 -0.685346 0.632974
v -0.815093 -0.750347 0.811212
v -0.955740 -0.641905 0.835112
v -0.869412 -0.703313 0.949954
v -0.882487 -0.654560 0.633960
v -0.836634 -0.603399 0.834390
v -0.912650 -0.764224 0.812722
v -0.869412 -0.703313 0.949954
v -0.888852 -0.661740 0.633262
v -0.951589 -0.637976 0.834238
v -0.802787 -0.735392 0.812316
v -0.869412 -0.703313 0.949954
v -0.981176 -0.773001 0.658316
v -0.862694 -0.666756 0.798195
v -0.965541 -0.795620 0.868402
v -0.869412 -0.703313 0.949954
v -0.831687 -1.016633 0.896970
v -0.809811 -0.810495 0.853145
v -0.898833 -0.846787 1.004376
v -0.869412 -0.703313 0.949954
v -0.874513 -1.018752 0.896360
v -0.915537 -0.841861 1.005534
v -0.827368 -0.817116 0.851499
v -0.869412 -0.703313 0.949954
v -1.034649 -0.973323 0.903140
v -0.991677 -0.788373 0.997157
v -0.879336 -0.834261 0.865300
v -0.869412 -0.703313 0.949954
v -1.043925 -0.967584 0.904060
v -0.999864 -0.761103 0.886277
v -0.878570 -0.856940 0.976916
v -0.703633 -0.533529 0.993397
v -0.878976 -0.469633 1.157778
v -0.695793 -0.523672 0.998081
v -0.873332 -0.462536 1.161151
v -0.696581 -0.511358 0.992762
v -0.873900 -0.453670 1.157321
v -0.705209 -0.508901 0.982758
v -0.880111 -0.451900 1.150118
v -0.713048 -0.518757 0.978073
v -0.885756 -0.458997 1.146745
v -0.712260 -0.531071 0.983393
v -0.885188 -0.467863 1.150575
v -0.879544 -0.460767 1.153948
v -0.731776 -0.303073 1.389951
v -0.807670 -0.327850 1.193690
v -0.833203 -0.467528 1.303009
v -0.879544 -0.460767 1.153948
v -0.688434 -0.310676 1.362154
v -0.778474 -0.343170 1.173133
v -0.827725 -0.458291 1.301328
v -0.879544 -0.460767 1.153948
v -0.620625 -0.335937 1.294584
v -0.740756 -0.393216 1.129721
v -0.811197 -0.428454 1.290684
v -0.879544 -0.460767 1.153948
v -0.702829 -0.307600 1.372379
v -0.855711 -0.438818 1.306796
v -0.762005 -0.360181 1.175845
v -0.879544 -0.460767 1.153948
v -1.136119 -0.286705 1.074756
v -0.935495 -0.352312 1.056381
v -1.028853 -0.429972 1.188161
v -0.879544 -0.460767 1.153948
v -1.067622 -0.295662 0.954531
v -0.920593 -0.439750 1.004665
v -0.988957 -0.349700 1.143698
v -0.879544 -0.460767 1.153948
v -1.058373 -0.298399 0.944051
v -0.984814 -0.346587 1.136818
v -0.917337 -0.445052 1.003161
v -0.879544 -0.460767 1.153948
v -1.126179 -0.285849 1.049186
v -0.969719 -0.427528 1.030758
v -0.986677 -0.354072 1.193329
v -0.879544 -0.460767 1.153948
v -1.033970 -0.619636 1.384844
v -1.018672 -0.487735 1.219737
v -0.863957 -0.560893 1.272876
v -0.879544 -0.460767 1.153948
v -0.994198 -0.673871 1.363330
v -0.845119 -0.585617 1.241352
v -1.005692 -0.506400 1.234050
v -0.879544 -0.460767 1.153948
v -1.026484 -0.631307 1.381378
v -0.900593 -0.603803 1.213190
v -0.976047 -0.454163 1.276650
v -0.879544 -0.460767 1.153948
v -0.924639 -0.735152 1.312312
v -0.895683 -0.615533 1.139844
v -0.899481 -0.525508 1.294743
v -0.879544 -0.460767 1.153948
v -0.977104 -0.334461 1.431309
v -0.980488 -0.362349 1.221302
v -0.856648 -0.458140 1.308483
v -0.879544 -0.460767 1.153948
v -0.984837 -0.335743 1.429053
v -0.925337 -0.329793 1.225788
v -0.917985 -0.491722 1.302192
v -0.879544 -0.460767 1.153948
v -1.011116 -0.340816 1.419844
v -0.855095 -0.425507 1.304185
v -1.009251 -0.400066 1.216428
v -0.879544 -0.460767 1.153948
v -0.912166 -0.327137 1.442876
v -0.944458 -0.475684 1.295284
v -0.840727 -0.338946 1.243754
v -0.175852 -0.238193 0.891193
v -0.139505 -0.367887 1.235690
v -0.158396 -0.219796 0.896550
v -0.126937 -0.354641 1.239547
v -0.166096 -0.197112 0.906449
v -0.132481 -0.338308 1.246674
v -0.191253 -0.192825 0.910990
v -0.150593 -0.335221 1.249944
v -0.208709 -0.211221 0.905633
v -0.163162 -0.348467 1.246087
v -0.201009 -0.233905 0.895735
v -0.157618 -0.364799 1.238960
v -0.145049 -0.351554 1.242817
v -0.137022 -0.366877 1.235812
v 0.046256 -0.374908 1.477336
v -0.130306 -0.350012 1.231479
v 0.051092 -0.362766 1.474216
v -0.138334 -0.334690 1.238483
v 0.045312 -0.351733 1.479259
v -0.153077 -0.336231 1.249822
v 0.034697 -0.352843 1.487423
v -0.159792 -0.353095 1.254155
v 0.029862 -0.364986 1.490543
v -0.151765 -0.368418 1.247151
v 0.035641 -0.376018 1.485500
v 0.040477 -0.363876 1.482380
v 0.047686 -0.373450 1.476304
v 0.254625 -0.270881 1.568527
v 0.044986 -0.361969 1.469866
v 0.252682 -0.262615 1.563892
v 0.037777 -0.352394 1.475942
v 0.247491 -0.255721 1.568266
v 0.033268 -0.354301 1.488455
v 0.244244 -0.257094 1.577275
v 0.035967 -0.365782 1.494893
v 0.246188 -0.265360 1.581911
v 0.043176 -0.375357 1.488818
v 0.251378 -0.272254 1.577536
v 0.249435 -0.263988 1.572901
v 0.249435 -0.263988 1.572901
v 0.344006 -0.056994 1.347934
v 0.342790 -0.142641 1.541726
v 0.231736 -0.219740 1.424102
v 0.249435 -0.263988 1.572901
v 0.451192 -0.044098 1.457392
v 0.358131 -0.158018 1.609884
v 0.302144 -0.194045 1.443511
v 0.249435 -0.263988 1.572901
v 0.396918 -0.044780 1.392355
v 0.253912 -0.112982 1.533032
v 0.362944 -0.239627 1.468334
v 0.249435 -0.263988 1.572901
v 0.398985 -0.044498 1.394410
v 0.233649 -0.162049 1.455549
v 0.384860 -0.190334 1.547461
v 0.249435 -0.263988 1.572901
v 0.290167 -0.158132 1.872126
v 0.286017 -0.140274 1.661043
v 0.245439 -0.303016 1.724139
v 0.249435 -0.263988 1.572901
v 0.256745 -0.167855 1.878032
v 0.177786 -0.177677 1.681662
v 0.326932 -0.273392 1.708245
v 0.249435 -0.263988 1.572901
v 0.119173 -0.220284 1.861902
v 0.230548 -0.325259 1.715383
v 0.164112 -0.167753 1.661620
v 0.249435 -0.263988 1.572901
v 0.187860 -0.191504 1.878441
v 0.169150 -0.305006 1.700510
v 0.280460 -0.164983 1.689724
v 0.249435 -0.263988 1.572901
v 0.543859 -0.333344 1.468477
v 0.334299 -0.308511 1.449499
v 0.400110 -0.274949 1.612763
v 0.249435 -0.263988 1.572901
v 0.450245 -0.421572 1.379919
v 0.260162 -0.357739 1.448371
v 0.399356 -0.296304 1.543045
v 0.249435 -0.263988 1.572901
v 0.434215 -0.430498 1.371580
v 0.252732 -0.344395 1.438976
v 0.393962 -0.316789 1.545769
v 0.249435 -0.263988 1.572901
v 0.437379 -0.428820 1.373133
v 0.261844 -0.393521 1.486418
v 0.387381 -0.266320 1.499570
v 0.043769 -0.350986 1.480493
v 0.005082 -0.309579 1.722646
v 0.030980 -0.354908 1.479225
v -0.004126 -0.312404 1.721733
v 0.027688 -0.367798 1.481112
v -0.006496 -0.321684 1.723092
v 0.037184 -0.376766 1.484266
v 0.000341 -0.328141 1.725363
v 0.049973 -0.372843 1.485535
v 0.009549 -0.325317 1.726276
v 0.053266 -0.359953 1.483648
v 0.011920 -0.316036 1.724918
v 0.002712 -0.318860 1.724005
v 0.002712 -0.318860 1.724005
v -0.241908 -0.202262 1.894199
v -0.147114 -0.339302 1.763332
v -0.043159 -0.205139 1.820833
v 0.002712 -0.318860 1.724005
v -0.295235 -0.202227 1.728953
v -0.143276 -0.342743 1.774297
v -0.089658 -0.201671 1.677671
v 0.002712 -0.318860 1.724005
v -0.258630 -0.199433 1.864851
v -0.068835 -0.188272 1.771333
v -0.134815 -0.353906 1.789353
v 0.002712 -0.318860 1.724005
v -0.244584 -0.201756 1.889931
v -0.110641 -0.211347 1.726042
v -0.081772 -0.332690 1.854708
v 0.002712 -0.318860 1.724005
v 0.104737 -0.475269 1.983864
v 0.127589 -0.355964 1.810266
v -0.040546 -0.406883 1.845631
v 0.002712 -0.318860 1.724005
v 0.171885 -0.566072 1.836551
v 0.104328 -0.431725 1.687290
v 0.036434 -0.403765 1.850757
v 0.002712 -0.318860 1.724005
v 0.127751 -0.507048 1.950610
v -0.004870 -0.360420 1.874429
v 0.110325 -0.427851 1.754865
v 0.002712 -0.318860 1.724005
v 0.109791 -0.482282 1.977436
v -0.023009 -0.441382 1.817487
v 0.114096 -0.327075 1.833267
v 0.002712 -0.318860 1.724005
v 0.055936 -0.006886 1.771329
v 0.107322 -0.203496 1.711359
v -0.059319 -0.184645 1.774510
v 0.002712 -0.318860 1.724005
v 0.048689 -0.012251 1.803230
v 0.090123 -0.191846 1.698727
v -0.047917 -0.200586 1.812662
v 0.002712 -0.318860 1.724005
v 0.052674 -0.008937 1.786066
v 0.058302 -0.216516 1.828156
v -0.012909 -0.173266 1.669502
v 0.002712 -0.318860 1.724005
v 0.044691 -0.016379 1.819622
v 0.027629 -0.172000 1.676853
v 0.011378 -0.223735 1.847651
v 0.031105 -0.370580 1.489292
v 0.210108 -0.513711 1.585837
v 0.034599 -0.374688 1.476985
v 0.212624 -0.516669 1.576976
v 0.043971 -0.367984 1.470072
v 0.219371 -0.511842 1.571999
v 0.049848 -0.357172 1.475467
v 0.223603 -0.504057 1.575883
v 0.046354 -0.353063 1.487774
v 0.221087 -0.501099 1.584744
v 0.036983 -0.359767 1.494687
v 0.214340 -0.505926 1.589721
v 0.216856 -0.508884 1.580860
v 0.216856 -0.508884 1.580860
v 0.235504 -0.787816 1.425139
v 0.148607 -0.601055 1.474753
v 0.300023 -0.639858 1.562390
v 0.216856 -0.508884 1.580860
v 0.275345 -0.799601 1.460601
v 0.152180 -0.641023 1.528245
v 0.328322 -0.609318 1.537268
v 0.216856 -0.508884 1.580860
v 0.256394 -0.794995 1.443103
v 0.231903 -0.662283 1.606442
v 0.233439 -0.584373 1.445072
v 0.216856 -0.508884 1.580860
v 0.224886 -0.783346 1.416526
v 0.253377 -0.575224 1.444195
v 0.186758 -0.662113 1.586058
v 0.216856 -0.508884 1.580860
v 0.399640 -0.256679 1.654227
v 0.341923 -0.425004 1.539215
v 0.238015 -0.391000 1.681199
v 0.216856 -0.508884 1.580860
v 0.431463 -0.289918 1.672499
v 0.252161 -0.356682 1.581475
v 0.353236 -0.485913 1.653557
v 0.216856 -0.508884 1.580860
v 0.480861 -0.375814 1.703309
v 0.283502 -0.452563 1.710469
v 0.361413 -0.458749 1.549210
v 0.216856 -0.508884 1.580860
v 0.485638 -0.389160 1.706647
v 0.278777 -0.389783 1.660816
v 0.369960 -0.532206 1.601534
v 0.216856 -0.508884 1.580860
v 0.121652 -0.736406 1.784747
v 0.094345 -0.570682 1.655588
v 0.263203 -0.629103 1.669242
v 0.216856 -0.508884 1.580860
v 0.013980 -0.684397 1.755321
v 0.170039 -0.653918 1.615289
v 0.101372 -0.504260 1.686000
v 0.216856 -0.508884 1.580860
v 0.075496 -0.719126 1.776348
v 0.137256 -0.643115 1.588465
v 0.183368 -0.542846 1.729646
v 0.216856 -0.508884 1.580860
v 0.041129 -0.701654 1.766223
v 0.211105 -0.648052 1.651650
v 0.082025 -0.523932 1.658361
v -0.137915 -0.335271 1.248496
v -0.269883 -0.377533 1.518288
v -0.154714 -0.335776 1.240381
v -0.281977 -0.377896 1.512445
v -0.161848 -0.352059 1.234702
v -0.287114 -0.389620 1.508356
v -0.152183 -0.367837 1.237138
v -0.280155 -0.400981 1.510111
v -0.135385 -0.367332 1.245253
v -0.268061 -0.400617 1.515953
v -0.128251 -0.351049 1.250932
v -0.262924 -0.388893 1.520042
v -0.286476 -0.392910 1.508205
v -0.314733 -0.571186 1.679285
v -0.274849 -0.398500 1.504448
v -0.306361 -0.575211 1.676580
v -0.263392 -0.394847 1.510443
v -0.298112 -0.572581 1.680896
v -0.263562 -0.385604 1.520194
v -0.298234 -0.565926 1.687917
v -0.275189 -0.380014 1.523951
v -0.306606 -0.561901 1.690622
v -0.286646 -0.383667 1.517956
v -0.314855 -0.564532 1.686306
v -0.306484 -0.568556 1.683601
v -0.184811 -0.862151 1.646215
v -0.339892 -0.721029 1.676654
v -0.175738 -0.650960 1.660639
v -0.306484 -0.568556 1.683601
v -0.146227 -0.805959 1.540921
v -0.214597 -0.692831 1.706510
v -0.270165 -0.634204 1.546548
v -0.306484 -0.568556 1.683601
v -0.209204 -0.873099 1.697399
v -0.232068 -0.682744 1.607209
v -0.303075 -0.698003 1.771032
v -0.306484 -0.568556 1.683601
v -0.204929 -0.871967 1.688921
v -0.185050 -0.663366 1.657577
v -0.346673 -0.716475 1.713881
v -0.306484 -0.568556 1.683601
v -0.250598 -0.390349 1.943445
v -0.195915 -0.507137 1.775331
v -0.372344 -0.487410 1.799747
v -0.306484 -0.568556 1.683601
v -0.256325 -0.420061 1.962587
v -0.357433 -0.456668 1.780024
v -0.215407 -0.561648 1.810367
v -0.306484 -0.568556 1.683601
v -0.249746 -0.385798 1.940078
v -0.255176 -0.567466 1.831177
v -0.312400 -0.423440 1.741207
v -0.306484 -0.568556 1.683601
v -0.260010 -0.438520 1.972272
v -0.367181 -0.548304 1.826142
v -0.208607 -0.484780 1.771997
v -0.306484 -0.568556 1.683601
v -0.564751 -0.745174 1.616486
v -0.365667 -0.678023 1.589121
v -0.453914 -0.600383 1.724389
v -0.306484 -0.568556 1.683601
v -0.570320 -0.693133 1.552182
v -0.458733 -0.546283 1.656468
v -0.365304 -0.690491 1.605599
v -0.306484 -0.568556 1.683601
v -0.570385 -0.712611 1.574036
v -0.361429 -0.682265 1.591604
v -0.462660 -0.570091 1.687947
v -0.306484 -0.568556 1.683601
v -0.561260 -0.754904 1.631031
v -0.428311 -0.595245 1.589485
v -0.388477 -0.690945 1.735661
v -0.306484 -0.568556 1.683601
v -0.205866 -0.870708 1.714914
v -0.191814 -0.669369 1.650436
v -0.340659 -0.709465 1.741816
v -0.306484 -0.568556 1.683601
v -0.273782 -0.845141 1.841182
v -0.232819 -0.706315 1.686451
v -0.353987 -0.652065 1.806816
v -0.306484 -0.568556 1.683601
v -0.238867 -0.865400 1.782149
v -0.192682 -0.673352 1.705489
v -0.366192 -0.701235 1.740552
v -0.306484 -0.568556 1.683601
v -0.257432 -0.856240 1.814871
v -0.213601 -0.694179 1.685615
v -0.360124 -0.673081 1.786603
v -0.263846 -0.395191 1.518726
v -0.272609 -0.249543 1.720120
v -0.262974 -0.384249 1.510976
v -0.271982 -0.241665 1.714540
v -0.274148 -0.378315 1.506449
v -0.280027 -0.237392 1.711280
v -0.286193 -0.383323 1.509673
v -0.288699 -0.240998 1.713601
v -0.287064 -0.394265 1.517423
v -0.289327 -0.248876 1.719181
v -0.275891 -0.400199 1.521949
v -0.281282 -0.253149 1.722440
v -0.280654 -0.245271 1.716860
v -0.280654 -0.245271 1.716860
v -0.144636 0.043950 1.732692
v -0.277706 -0.109239 1.793665
v -0.174788 -0.149926 1.652721
v -0.280654 -0.245271 1.716860
v -0.132449 0.037208 1.691542
v -0.148648 -0.173343 1.674282
v -0.294096 -0.091215 1.739184
v -0.280654 -0.245271 1.716860
v -0.113014 -0.012198 1.575530
v -0.152085 -0.156891 1.725295
v -0.275112 -0.147192 1.595361
v -0.280654 -0.245271 1.716860
v -0.114547 -0.000448 1.594916
v -0.269840 -0.089645 1.708141
v -0.158582 -0.205038 1.628024
v -0.280654 -0.245271 1.716860
v 0.020808 -0.317373 1.796369
v -0.134630 -0.190774 1.727784
v -0.185508 -0.357449 1.769543
v -0.280654 -0.245271 1.716860
v 0.006789 -0.270301 1.855243
v -0.170278 -0.169392 1.797307
v -0.161075 -0.341174 1.747119
v -0.280654 -0.245271 1.716860
v 0.017316 -0.299129 1.820363
v -0.190851 -0.266718 1.842906
v -0.132081 -0.266910 1.673617
v -0.280654 -0.245271 1.716860
v -0.028659 -0.215730 1.911862
v -0.142421 -0.305746 1.757436
v -0.217292 -0.161163 1.832287
v -0.269942 -0.377550 1.518409
v -0.381029 -0.412695 1.738122
v -0.281954 -0.377890 1.512396
v -0.389677 -0.412940 1.733793
v -0.287031 -0.389597 1.508187
v -0.393333 -0.421369 1.730762
v -0.280096 -0.400964 1.509990
v -0.388339 -0.429553 1.732061
v -0.268084 -0.400624 1.516002
v -0.379691 -0.429308 1.736390
v -0.263007 -0.388917 1.520212
v -0.376036 -0.420879 1.739420
v -0.384684 -0.421124 1.735091
v -0.384684 -0.421124 1.735091
v -0.674918 -0.301775 1.797701
v -0.467761 -0.330580 1.831590
v -0.533794 -0.416190 1.688680
v -0.384684 -0.421124 1.735091
v -0.662649 -0.267752 1.694933
v -0.478939 -0.352039 1.631383
v -0.512801 -0.367512 1.806673
v -0.384684 -0.421124 1.735091
v -0.675224 -0.297215 1.786402
v -0.530897 -0.452223 1.780554
v -0.470903 -0.290898 1.730678
v -0.384684 -0.421124 1.735091
v -0.670815 -0.277894 1.731292
v -0.524837 -0.413315 1.803708
v -0.473436 -0.314350 1.663435
v -0.384684 -0.421124 1.735091
v -0.333617 -0.701438 1.880750
v -0.451507 -0.538977 1.812922
v -0.277008 -0.527522 1.773788
v -0.384684 -0.421124 1.735091
v -0.295966 -0.714979 1.825525
v -0.264834 -0.510150 1.781162
v -0.433559 -0.567182 1.761368
v -0.384684 -0.421124 1.735091
v -0.259391 -0.714487 1.760389
v -0.302793 -0.517896 1.826422
v -0.366341 -0.559043 1.663999
v -0.384684 -0.421124 1.735091
v -0.294062 -0.715328 1.822451
v -0.284186 -0.537556 1.707596
v -0.412685 -0.540056 1.832474
v -0.384684 -0.421124 1.735091
v -0.303890 -0.168145 1.913624
v -0.272124 -0.356601 1.822150
v -0.432609 -0.283264 1.790859
v -0.384684 -0.421124 1.735091
v -0.329179 -0.187539 1.946650
v -0.374330 -0.385747 1.886925
v -0.350635 -0.269633 1.752505
v -0.384684 -0.421124 1.735091
v -0.344433 -0.201046 1.963882
v -0.279986 -0.346102 1.823535
v -0.457181 -0.320084 1.829681
v -0.384684 -0.421124 1.735091
v -0.257696 -0.144952 1.835105
v -0.356654 -0.272084 1.697494
v -0.311124 -0.349226 1.852700
v -0.163013 -0.356612 1.242827
v -0.082707 -0.622280 1.365143
v -0.152272 -0.360360 1.228033
v -0.074974 -0.624978 1.354491
v -0.134308 -0.355302 1.228023
v -0.062040 -0.621336 1.354484
v -0.127086 -0.346496 1.242807
v -0.056839 -0.614996 1.365128
v -0.137827 -0.342748 1.257601
v -0.064573 -0.612297 1.375780
v -0.155790 -0.347806 1.257611
v -0.077507 -0.615939 1.375787
v -0.082559 -0.622666 1.364209
v -0.003215 -0.842268 1.278600
v -0.076658 -0.616584 1.353781
v 0.001034 -0.837889 1.271092
v -0.063873 -0.612556 1.354707
v 0.010239 -0.834989 1.271760
v -0.056988 -0.614610 1.366062
v 0.015196 -0.836468 1.279935
v -0.062889 -0.620692 1.376490
v 0.010948 -0.840847 1.287443
v -0.075674 -0.624720 1.375563
v 0.001742 -0.843747 1.286776
v 0.005991 -0.839368 1.279268
v 0.005991 -0.839368 1.279268
v 0.033348 -0.733589 0.978498
v -0.061011 -0.753630 1.167143
v 0.094878 -0.840483 1.150777
v 0.005991 -0.839368 1.279268
v 0.047367 -0.778087 0.967928
v -0.043654 -0.871828 1.134721
v 0.088737 -0.757883 1.174743
v 0.005991 -0.839368 1.279268
v 0.077843 -0.893550 0.972182
v 0.037517 -0.949121 1.172626
v 0.031946 -0.772960 1.140241
v 0.005991 -0.839368 1.279268
v 0.076291 -0.886806 0.970710
v 0.033711 -0.946915 1.169371
v 0.034511 -0.769771 1.142319
v 0.005991 -0.839368 1.279268
v 0.224522 -0.993631 1.454901
v 0.028931 -0.929233 1.405006
v 0.157875 -0.872914 1.294036
v 0.005991 -0.839368 1.279268
v 0.217419 -1.049363 1.395888
v 0.040258 -0.990950 1.295419
v 0.140866 -0.855782 1.356413
v 0.005991 -0.839368 1.279268
v 0.222191 -0.956873 1.483840
v 0.067323 -0.826003 1.422348
v 0.117618 -0.946736 1.299846
v 0.005991 -0.839368 1.279268
v 0.214681 -1.057972 1.384438
v 0.154391 -0.865061 1.320854
v 0.024543 -0.988557 1.321817
v 0.005991 -0.839368 1.279268
v -0.184883 -1.084362 1.202164
v -0.063282 -0.969150 1.331900
v -0.077435 -0.905582 1.164952
v 0.005991 -0.839368 1.279268
v -0.261645 -1.009063 1.234827
v -0.066980 -0.973895 1.310730
v -0.135147 -0.840597 1.212253
v 0.005991 -0.839368 1.279268
v -0.262453 -1.007907 1.235304
v -0.133738 -0.875462 1.339146
v -0.069036 -0.938104 1.184219
v 0.005991 -0.839368 1.279268
v -0.205843 -1.068771 1.209263
v -0.052756 -0.977196 1.323589
v -0.104730 -0.885062 1.178943
v -0.060738 -0.620560 1.355378
v 0.107469 -0.681132 1.528257
v -0.062040 -0.608442 1.361037
v 0.106531 -0.672407 1.532331
v -0.071076 -0.606520 1.370794
v 0.100025 -0.671023 1.539357
v -0.078809 -0.616716 1.374893
v 0.094457 -0.678364 1.542308
v -0.077507 -0.628833 1.369234
v 0.095395 -0.687088 1.538233
v -0.068471 -0.630755 1.359476
v 0.101900 -0.688472 1.531208
v 0.100963 -0.679748 1.535282
v 0.225768 -0.405840 1.643903
v 0.097940 -0.524007 1.523118
v 0.203829 -0.616362 1.634342
v 0.100963 -0.679748 1.535282
v 0.246185 -0.425746 1.664872
v 0.081170 -0.533848 1.587567
v 0.236933 -0.622446 1.586670
v 0.100963 -0.679748 1.535282
v 0.192002 -0.382129 1.609678
v 0.116482 -0.575760 1.650859
v 0.158275 -0.545640 1.479223
v 0.100963 -0.679748 1.535282
v 0.118151 -0.360211 1.536306
v 0.137094 -0.553236 1.451012
v 0.078582 -0.550631 1.620371
v 0.100963 -0.679748 1.535282
v 0.008430 -0.920344 1.724890
v -0.004037 -0.726044 1.641320
v 0.131936 -0.825929 1.580931
v 0.100963 -0.679748 1.535282
v -0.114492 -0.898567 1.625269
v 0.080087 -0.828002 1.579971
v -0.050525 -0.706549 1.562583
v 0.100963 -0.679748 1.535282
v -0.066607 -0.915283 1.672554
v 0.081984 -0.764422 1.665214
v -0.014114 -0.783502 1.515168
v 0.100963 -0.679748 1.535282
v 0.050763 -0.915161 1.746139
v 0.097525 -0.717169 1.686940
v 0.064240 -0.830657 1.552310
v 0.100963 -0.679748 1.535282
v 0.407047 -0.758731 1.485540
v 0.247947 -0.659596 1.584290
v 0.198846 -0.763086 1.446481
v 0.100963 -0.679748 1.535282
v 0.404649 -0.756750 1.470124
v 0.238824 -0.720029 1.596796
v 0.206051 -0.701068 1.421642
v 0.100963 -0.679748 1.535282
v 0.407823 -0.759494 1.491952
v 0.218085 -0.686631 1.432097
v 0.229329 -0.736662 1.603803
v 0.100963 -0.679748 1.535282
v 0.408835 -0.760695 1.502693
v 0.234627 -0.707915 1.611128
v 0.213596 -0.716338 1.433366
v 0.100963 -0.679748 1.535282
v 0.339051 -0.602272 1.734560
v 0.222667 -0.584534 1.558400
v 0.169729 -0.712981 1.671587
v 0.100963 -0.679748 1.535282
v 0.340516 -0.624125 1.740027
v 0.144235 -0.682272 1.685393
v 0.249333 -0.632726 1.548967
v 0.100963 -0.679748 1.535282
v 0.340355 -0.620472 1.739189
v 0.149477 -0.693411 1.683174
v 0.243962 -0.618664 1.550516
v 0.100963 -0.679748 1.535282
v 0.320005 -0.515524 1.700965
v 0.171935 -0.664592 1.673649
v 0.205225 -0.563525 1.529462
v -0.072913 -0.613939 1.377326
v -0.165130 -0.837442 1.435567
v -0.081785 -0.613010 1.367278
v -0.171519 -0.836773 1.428332
v -0.078646 -0.617708 1.355087
v -0.169258 -0.840156 1.419555
v -0.066634 -0.623336 1.352944
v -0.160609 -0.844208 1.418012
v -0.057761 -0.624265 1.362993
v -0.154221 -0.844877 1.425247
v -0.060901 -0.619567 1.375184
v -0.156482 -0.841494 1.434024
v -0.162870 -0.840825 1.426789
v -0.162870 -0.840825 1.426789
v -0.452110 -0.806679 1.294221
v -0.295691 -0.913818 1.388808
v -0.261440 -0.740515 1.358716
v -0.162870 -0.840825 1.426789
v -0.462956 -0.889031 1.326667
v -0.252584 -0.913750 1.321692
v -0.313225 -0.806464 1.451788
v -0.162870 -0.840825 1.426789
v -0.452100 -0.962450 1.363916
v -0.240227 -0.961172 1.363983
v -0.316898 -0.817778 1.439297
v -0.162870 -0.840825 1.426789
v -0.442054 -0.775888 1.284523
v -0.253489 -0.727773 1.368312
v -0.295597 -0.901927 1.371453
v -0.162870 -0.840825 1.426789
v 0.036020 -1.050398 1.289233
v -0.152483 -0.978893 1.354392
v -0.014145 -0.870415 1.389141
v -0.162870 -0.840825 1.426789
v 0.041243 -1.042914 1.285731
v -0.013448 -0.865992 1.388685
v -0.149001 -0.977329 1.352047
v -0.162870 -0.840825 1.426789
v -0.016046 -1.106039 1.324299
v -0.159824 -0.996815 1.435159
v -0.048456 -0.897006 1.336427
v -0.162870 -0.840825 1.426789
v 0.072966 -0.983897 1.264580
v -0.128076 -0.953284 1.324055
v -0.008995 -0.842823 1.399756
v -0.082637 -0.622519 1.365266
v -0.013545 -0.834773 1.474920
v -0.074819 -0.625522 1.354758
v -0.007916 -0.836935 1.467354
v -0.061956 -0.621640 1.354628
v 0.001346 -0.834140 1.467260
v -0.056910 -0.614756 1.365005
v 0.004979 -0.829184 1.474732
v -0.064728 -0.611753 1.375513
v -0.000650 -0.827022 1.482298
v -0.077591 -0.615635 1.375643
v -0.009912 -0.829816 1.482392
v -0.004283 -0.831978 1.474826
v -0.004283 -0.831978 1.474826
v 0.099951 -1.079969 1.301517
v -0.044224 -0.940518 1.369773
v 0.119046 -0.921832 1.441232
v -0.004283 -0.831978 1.474826
v 0.092427 -1.047601 1.259062
v -0.001708 -0.868885 1.323025
v 0.070510 -0.967570 1.454016
v -0.004283 -0.831978 1.474826
v 0.072083 -0.974389 1.198624
v -0.025434 -0.830708 1.320025
v 0.077961 -0.947177 1.408665
v -0.004283 -0.831978 1.474826
v 0.080629 -1.003694 1.218498
v 0.115723 -0.894150 1.396433
v -0.056359 -0.907179 1.348157
v -0.004283 -0.831978 1.474826
v 0.201813 -0.772343 1.712245
v 0.123478 -0.882611 1.549161
v 0.032833 -0.733637 1.590427
v -0.004283 -0.831978 1.474826
v 0.200451 -0.753168 1.707791
v 0.010003 -0.798546 1.626781
v 0.145218 -0.802362 1.509243
v -0.004283 -0.831978 1.474826
v 0.192616 -0.701726 1.690847
v 0.008089 -0.726927 1.589818
v 0.140864 -0.832828 1.532650
v -0.004283 -0.831978 1.474826
v 0.202326 -0.805589 1.717759
v 0.143295 -0.855425 1.520468
v 0.013426 -0.787420 1.623531
v -0.004283 -0.831978 1.474826
v -0.251509 -1.034984 1.483083
v -0.065052 -0.962232 1.413562
v -0.141295 -0.864129 1.542695
v -0.004283 -0.831978 1.474826
v -0.211102 -1.073362 1.511704
v -0.025899 -0.985767 1.457677
v -0.148123 -0.871297 1.521477
v -0.004283 -0.831978 1.474826
v -0.177294 -1.095177 1.531339
v -0.127069 -0.890359 1.551816
v -0.019907 -0.984156 1.443046
v -0.004283 -0.831978 1.474826
v -0.219224 -1.066921 1.506485
v -0.073976 -0.928987 1.575545
v -0.106543 -0.922924 1.399434
v -0.169734 -0.200792 0.917350
v -0.483940 -0.108557 1.089358
v -0.179059 -0.190622 0.895408
v -0.490654 -0.101234 1.073560
v -0.192878 -0.205338 0.879150
v -0.500603 -0.111830 1.061854
v -0.197371 -0.230225 0.884834
v -0.503839 -0.129748 1.065946
v -0.188046 -0.240395 0.906776
v -0.497124 -0.137071 1.081745
v -0.174227 -0.225679 0.923034
v -0.487175 -0.126475 1.093450
v -0.493889 -0.119153 1.077652
v -0.503358 -0.120249 1.061607
v -0.735933 -0.242292 1.213276
v -0.492557 -0.134458 1.067058
v -0.728157 -0.252523 1.217200
v -0.483088 -0.133362 1.083102
v -0.721339 -0.251734 1.228752
v -0.484420 -0.118057 1.093697
v -0.722299 -0.240714 1.236380
v -0.495222 -0.103847 1.088246
v -0.730075 -0.230483 1.232456
v -0.504690 -0.104943 1.072202
v -0.736893 -0.231272 1.220904
v -0.729116 -0.241503 1.224828
v -0.735782 -0.242653 1.213218
v -0.786065 -0.479523 1.269905
v -0.722644 -0.245427 1.213725
v -0.776606 -0.481521 1.270270
v -0.715978 -0.244277 1.225335
v -0.771807 -0.480693 1.278630
v -0.722450 -0.240353 1.236438
v -0.776466 -0.477867 1.286624
v -0.735588 -0.237579 1.235930
v -0.785926 -0.475870 1.286258
v -0.742254 -0.238729 1.224320
v -0.790725 -0.476698 1.277899
v -0.781266 -0.478695 1.278264
v -0.553170 -0.642098 1.124408
v -0.650870 -0.467042 1.192981
v -0.729185 -0.621071 1.240463
v -0.781266 -0.478695 1.278264
v -0.602167 -0.718413 1.164867
v -0.768508 -0.587189 1.166557
v -0.650744 -0.561976 1.299254
v -0.781266 -0.478695 1.278264
v -0.658913 -0.766159 1.209024
v -0.752056 -0.581241 1.164057
v -0.712594 -0.606121 1.337079
v -0.781266 -0.478695 1.278264
v -0.646675 -0.758169 1.199654
v -0.783086 -0.633006 1.302699
v -0.671773 -0.547964 1.190941
v -0.781266 -0.478695 1.278264
v -0.931079 -0.544088 1.553364
v -0.860653 -0.586964 1.358187
v -0.821729 -0.422741 1.418421
v -0.781266 -0.478695 1.278264
v -0.922470 -0.424896 1.560341
v -0.822511 -0.542191 1.414937
v -0.852984 -0.372161 1.367253
v -0.781266 -0.478695 1.278264
v -0.927917 -0.597257 1.536792
v -0.861729 -0.599766 1.335533
v -0.818124 -0.452474 1.427817
v -0.781266 -0.478695 1.278264
v -0.923599 -0.432195 1.561070
v -0.873964 -0.542124 1.386874
v -0.802434 -0.378067 1.395900
v -0.781266 -0.478695 1.278264
v -0.947648 -0.496054 1.005472
v -0.896387 -0.552870 1.203048
v -0.799251 -0.418408 1.135247
v -0.781266 -0.478695 1.278264
v -0.958308 -0.555628 1.023044
v -0.909010 -0.554039 1.229101
v -0.795156 -0.464898 1.123252
v -0.781266 -0.478695 1.278264
v -0.959997 -0.571050 1.029415
v -0.905402 -0.444007 1.189951
v -0.800115 -0.587267 1.167498
v -0.781266 -0.478695 1.278264
v -0.962028 -0.622497 1.056801
v -0.920344 -0.543589 1.248968
v -0.786798 -0.528843 1.130390
v -0.781266 -0.478695 1.278264
v -0.763824 -0.798211 1.275893
v -0.718117 -0.603953 1.347075
v -0.830462 -0.609050 1.207557
v -0.781266 -0.478695 1.278264
v -0.654631 -0.765836 1.215703
v -0.778236 -0.629158 1.320265
v -0.682989 -0.557945 1.186215
v -0.781266 -0.478695 1.278264
v -0.671402 -0.774493 1.225029
v -0.681751 -0.588941 1.326792
v -0.792890 -0.605088 1.187149
v -0.781266 -0.478695 1.278264
v -0.730052 -0.793881 1.257404
v -0.762663 -0.599158 1.180516
v -0.758898 -0.610381 1.359324
v -0.720636 -0.248085 1.232910
v -0.851050 -0.167818 1.428866
v -0.718125 -0.235336 1.229488
v -0.849242 -0.158639 1.426402
v -0.726605 -0.228754 1.221406
v -0.855347 -0.153900 1.420583
v -0.737596 -0.234921 1.216746
v -0.863261 -0.158340 1.417228
v -0.740107 -0.247670 1.220168
v -0.865069 -0.167519 1.419692
v -0.731627 -0.254252 1.228250
v -0.858963 -0.172258 1.425511
v -0.857155 -0.163079 1.423047
v -0.795547 0.111169 1.575993
v -0.863863 -0.088780 1.560331
v -0.801161 -0.017979 1.408120
v -0.857155 -0.163079 1.423047
v -0.782261 0.114137 1.564263
v -0.795734 -0.021017 1.401647
v -0.858661 -0.083368 1.557420
v -0.857155 -0.163079 1.423047
v -0.715223 0.114872 1.493748
v -0.753557 -0.056412 1.375070
v -0.847207 -0.047385 1.527585
v -0.857155 -0.163079 1.423047
v -0.769965 0.116133 1.552811
v -0.908450 -0.030411 1.487701
v -0.736109 -0.072378 1.462204
v -0.857155 -0.163079 1.423047
v -1.148968 -0.247874 1.322771
v -1.004820 -0.189573 1.466697
v -0.942941 -0.204420 1.299176
v -0.857155 -0.163079 1.423047
v -1.163626 -0.157976 1.514971
v -0.976442 -0.249154 1.475716
v -0.983045 -0.072922 1.443917
v -0.857155 -0.163079 1.423047
v -1.153003 -0.244052 1.331847
v -1.007507 -0.120586 1.423930
v -0.943482 -0.270350 1.349204
v -0.857155 -0.163079 1.423047
v -1.174278 -0.185918 1.459262
v -0.995626 -0.144916 1.352988
v -0.972383 -0.199513 1.522078
v -0.857155 -0.163079 1.423047
v -0.784317 -0.260575 1.719001
v -0.897155 -0.155222 1.573879
v -0.758885 -0.248933 1.508978
v -0.857155 -0.163079 1.423047
v -0.797747 -0.250449 1.725102
v -0.919707 -0.219526 1.554627
v -0.747077 -0.176528 1.533111
v -0.857155 -0.163079 1.423047
v -0.784878 -0.260155 1.719277
v -0.869326 -0.129751 1.575209
v -0.787163 -0.274068 1.507869
v -0.857155 -0.163079 1.423047
v -0.715667 -0.309986 1.669623
v -0.745941 -0.264526 1.464906
v -0.855179 -0.179158 1.578449
v -0.857155 -0.163079 1.423047
v -0.882987 0.051410 1.659113
v -0.956744 -0.079881 1.510067
v -0.778233 -0.074686 1.524880
v -0.857155 -0.163079 1.423047
v -0.923664 0.018655 1.677899
v -0.954974 -0.056648 1.482345
v -0.812544 -0.124122 1.567630
v -0.857155 -0.163079 1.423047
v -0.863389 0.064716 1.647704
v -0.819906 -0.127795 1.570626
v -0.899392 -0.016127 1.455193
v -0.857155 -0.163079 1.423047
v -0.921442 0.020631 1.677051
v -0.798209 -0.060258 1.524857
v -0.967531 -0.118932 1.524439
v -0.735422 -0.229640 1.224611
v -0.950897 -0.349059 1.190564
v -0.730772 -0.234986 1.213194
v -0.947549 -0.352908 1.182344
v -0.724466 -0.246849 1.213411
v -0.943009 -0.361450 1.182500
v -0.722810 -0.253366 1.225044
v -0.941816 -0.366142 1.190876
v -0.727460 -0.248020 1.236461
v -0.945164 -0.362292 1.199096
v -0.733766 -0.236157 1.236245
v -0.949704 -0.353751 1.198940
v -0.946356 -0.357600 1.190720
v -0.884477 -0.328791 0.878084
v -0.977782 -0.276434 1.060964
v -0.865427 -0.415719 1.070367
v -0.946356 -0.357600 1.190720
v -1.043709 -0.413385 0.891036
v -0.902609 -0.406586 1.048950
v -1.067985 -0.353242 1.092743
v -0.946356 -0.357600 1.190720
v -0.892607 -0.333143 0.876216
v -0.922662 -0.258544 1.072235
v -0.927051 -0.437091 1.057601
v -0.946356 -0.357600 1.190720
v -1.063862 -0.423988 0.900573
v -1.003526 -0.296570 1.058738
v -0.983192 -0.471741 1.090584
v -0.946356 -0.357600 1.190720
v -0.906602 -0.574867 1.422268
v -0.972029 -0.390313 1.341328
v -0.888880 -0.498701 1.225350
v -0.946356 -0.357600 1.190720
v -1.023095 -0.607187 1.375700
v -0.900286 -0.497760 1.242149
v -1.053818 -0.417110 1.287275
v -0.946356 -0.357600 1.190720
v -0.923961 -0.582121 1.417631
v -0.902151 -0.504199 1.221814
v -0.972646 -0.390618 1.341155
v -0.946356 -0.357600 1.190720
v -0.968886 -0.596955 1.401911
v -0.964442 -0.511836 1.207934
v -0.946295 -0.394848 1.342459
v -0.946356 -0.357600 1.190720
v -1.194377 -0.160077 1.147475
v -0.989386 -0.213656 1.147818
v -1.101743 -0.343526 1.199026
v -0.946356 -0.357600 1.190720
v -1.237155 -0.233481 1.141418
v -1.025349 -0.230429 1.146000
v -1.100003 -0.385476 1.195998
v -0.946356 -0.357600 1.190720
v -1.239298 -0.238746 1.141135
v -1.029424 -0.249642 1.114189
v -1.097642 -0.370474 1.227584
v -0.946356 -0.357600 1.190720
v -1.245764 -0.256537 1.140307
v -1.073031 -0.294544 1.256974
v -1.059208 -0.339806 1.084136
v -0.946356 -0.357600 1.190720
v -1.110584 -0.438168 0.928159
v -1.088615 -0.368433 1.127022
v -0.935480 -0.411221 1.044369
v -0.946356 -0.357600 1.190720
v -1.125923 -0.445329 0.940801
v -0.944357 -0.417320 1.046354
v -1.092009 -0.368063 1.135151
v -0.946356 -0.357600 1.190720
v -1.181395 -0.471036 1.005547
v -1.015894 -0.486753 1.136904
v -1.064850 -0.319196 1.096398
v -0.946356 -0.357600 1.190720
v -1.130836 -0.447618 0.945233
v -0.948640 -0.392937 1.038542
v -1.091657 -0.394278 1.146509
v -0.492009 -0.133862 1.088983
v -0.600526 0.034402 1.316800
v -0.477935 -0.121773 1.086973
v -0.590393 0.043106 1.315353
v -0.479814 -0.107064 1.075642
v -0.591746 0.053697 1.307194
v -0.495769 -0.104444 1.066321
v -0.603233 0.055583 1.300483
v -0.509844 -0.116533 1.068331
v -0.613367 0.046879 1.301931
v -0.507964 -0.131242 1.079663
v -0.612014 0.036289 1.310090
v -0.599054 0.034945 1.317104
v -0.509486 0.201329 1.478792
v -0.589905 0.038921 1.308101
v -0.502899 0.204192 1.472310
v -0.592732 0.048969 1.299639
v -0.504934 0.211427 1.466218
v -0.604706 0.055041 1.300180
v -0.513555 0.215798 1.466607
v -0.613854 0.051065 1.309183
v -0.520142 0.212936 1.473089
v -0.611028 0.041017 1.317645
v -0.518107 0.205701 1.479182
v -0.511520 0.208564 1.472700
v -0.207145 0.224900 1.375291
v -0.381083 0.294564 1.474207
v -0.398457 0.135633 1.393265
v -0.511520 0.208564 1.472700
v -0.203660 0.294771 1.458899
v -0.410600 0.326328 1.491642
v -0.366153 0.159765 1.442716
v -0.511520 0.208564 1.472700
v -0.205792 0.229688 1.380591
v -0.413617 0.268528 1.366721
v -0.364841 0.165499 1.504991
v -0.511520 0.208564 1.472700
v -0.217333 0.198557 1.347187
v -0.428060 0.176671 1.344523
v -0.359631 0.232451 1.500467
v -0.511520 0.208564 1.472700
v -0.758580 0.409513 1.504024
v -0.619719 0.264078 1.570798
v -0.600969 0.313809 1.399661
v -0.511520 0.208564 1.472700
v -0.765004 0.402505 1.495783
v -0.640638 0.259538 1.400989
v -0.585189 0.312743 1.562876
v -0.511520 0.208564 1.472700
v -0.772613 0.393154 1.485242
v -0.619293 0.283766 1.388189
v -0.612622 0.281034 1.567244
v -0.511520 0.208564 1.472700
v -0.756281 0.411852 1.506850
v -0.654440 0.227878 1.532810
v -0.564409 0.351881 1.439910
v -0.511520 0.208564 1.472700
v -0.384717 -0.013129 1.665502
v -0.485797 0.167764 1.621312
v -0.435801 0.072010 1.478329
v -0.511520 0.208564 1.472700
v -0.412184 -0.059821 1.615884
v -0.518202 0.052474 1.470825
v -0.425370 0.149945 1.589122
v -0.511520 0.208564 1.472700
v -0.404540 -0.049053 1.629508
v -0.399298 0.100037 1.479052
v -0.538158 0.110997 1.591794
v -0.511520 0.208564 1.472700
v -0.370718 0.022612 1.691781
v -0.535565 0.112020 1.593171
v -0.374834 0.156346 1.527493
v -0.511520 0.208564 1.472700
v -0.226913 0.339710 1.537502
v -0.358970 0.206484 1.438993
v -0.436385 0.315561 1.558248
v -0.511520 0.208564 1.472700
v -0.308068 0.396337 1.633162
v -0.373749 0.282060 1.467274
v -0.486530 0.285286 1.606496
v -0.511520 0.208564 1.472700
v -0.314793 0.398874 1.638472
v -0.371143 0.277143 1.474464
v -0.494517 0.292232 1.603553
v -0.511520 0.208564 1.472700
v -0.306412 0.395681 1.631816
v -0.461165 0.355084 1.492907
v -0.397789 0.211737 1.579785
v -0.594109 0.055312 1.304942
v -0.764390 0.211574 1.396789
v -0.603309 0.050444 1.296444
v -0.771014 0.208069 1.390671
v -0.611079 0.040125 1.300144
v -0.776608 0.200640 1.393334
v -0.609650 0.034674 1.312342
v -0.775580 0.196715 1.402117
v -0.600451 0.039542 1.320840
v -0.768956 0.200220 1.408236
v -0.592680 0.049861 1.317140
v -0.763361 0.207649 1.405572
v -0.769985 0.204145 1.399453
v -1.004826 0.245382 1.186031
v -0.921897 0.235531 1.380757
v -0.805945 0.205748 1.247412
v -0.769985 0.204145 1.399453
v -1.026884 0.280436 1.224575
v -0.891319 0.301662 1.386018
v -0.854169 0.167661 1.272986
v -0.769985 0.204145 1.399453
v -0.925890 0.160064 1.123499
v -0.799885 0.264161 1.258329
v -0.864808 0.108864 1.319815
v -0.769985 0.204145 1.399453
v -1.024030 0.275228 1.218323
v -0.916422 0.258623 1.400084
v -0.826784 0.206532 1.253919
v -0.769985 0.204145 1.399453
v -0.810739 0.082823 1.692745
v -0.781827 0.072705 1.483094
v -0.790746 0.238527 1.550447
v -0.769985 0.204145 1.399453
v -0.838835 0.114743 1.698898
v -0.768697 0.085505 1.501115
v -0.826353 0.251263 1.537347
v -0.769985 0.204145 1.399453
v -0.891927 0.184417 1.694650
v -0.874977 0.132133 1.490025
v -0.762547 0.260374 1.545039
v -0.769985 0.204145 1.399453
v -0.884643 0.174004 1.696682
v -0.896139 0.220210 1.490224
v -0.735558 0.163967 1.546466
v -0.769985 0.204145 1.399453
v -0.635601 0.483450 1.319894
v -0.769220 0.358067 1.426277
v -0.663243 0.273666 1.308982
v -0.769985 0.204145 1.399453
v -0.568551 0.424151 1.283601
v -0.619904 0.239942 1.374828
v -0.758919 0.344352 1.331397
v -0.769985 0.204145 1.399453
v -0.588580 0.445910 1.294373
v -0.699089 0.337609 1.439117
v -0.695757 0.264092 1.275725
v -0.769985 0.204145 1.399453
v -0.623991 0.475640 1.313568
v -0.675742 0.271081 1.294334
v -0.747433 0.354404 1.435864
v -0.769985 0.204145 1.399453
v -1.009391 0.411428 1.445477
v -0.925033 0.220346 1.409934
v -0.806462 0.353770 1.425792
v -0.769985 0.204145 1.399453
v -1.019399 0.404503 1.406438
v -0.890731 0.261099 1.318282
v -0.848770 0.307478 1.486213
v -0.769985 0.204145 1.399453
v -1.027049 0.384685 1.338434
v -0.906830 0.254990 1.455134
v -0.838791 0.297731 1.294957
v -0.769985 0.204145 1.399453
v -1.013933 0.409022 1.429696
v -0.862756 0.304738 1.324043
v -0.872372 0.267453 1.499057
v -0.614078 0.039703 1.306698
v -0.652943 0.048671 1.552174
v -0.603518 0.031657 1.308767
v -0.645339 0.042877 1.553664
v -0.591319 0.036946 1.310711
v -0.636556 0.046686 1.555063
v -0.589682 0.050282 1.310586
v -0.635377 0.056288 1.554973
v -0.600242 0.058329 1.308517
v -0.642981 0.062081 1.553484
v -0.612440 0.053039 1.306573
v -0.651763 0.058273 1.552084
v -0.644160 0.052479 1.553574
v -0.510294 -0.231777 1.614226
v -0.609627 -0.051607 1.664864
v -0.571600 -0.070839 1.490805
v -0.644160 0.052479 1.553574
v -0.536312 -0.208311 1.704428
v -0.531971 -0.004669 1.646093
v -0.670071 -0.099005 1.581738
v -0.644160 0.052479 1.553574
v -0.551923 -0.189098 1.742075
v -0.561624 0.013353 1.680338
v -0.652906 -0.101657 1.577611
v -0.644160 0.052479 1.553574
v -0.526512 -0.218830 1.675846
v -0.631628 -0.034984 1.682436
v -0.562574 -0.077105 1.522529
v -0.644160 0.052479 1.553574
v -0.560309 0.360005 1.525349
v -0.525557 0.151019 1.528368
v -0.695682 0.199960 1.556200
v -0.644160 0.052479 1.553574
v -0.556770 0.355502 1.499350
v -0.559169 0.146855 1.462569
v -0.659239 0.200522 1.601200
v -0.644160 0.052479 1.553574
v -0.556809 0.355568 1.499657
v -0.525087 0.153626 1.555381
v -0.693352 0.193804 1.508633
v -0.644160 0.052479 1.553574
v -0.590278 0.345373 1.670663
v -0.623352 0.203014 1.517262
v -0.621862 0.136260 1.683558
v -0.644160 0.052479 1.553574
v -0.908722 -0.091447 1.661704
v -0.777326 0.072248 1.632871
v -0.722643 -0.082430 1.560781
v -0.644160 0.052479 1.553574
v -0.916042 -0.114008 1.525963
v -0.800123 0.061541 1.551212
v -0.705702 -0.089773 1.533847
v -0.644160 0.052479 1.553574
v -0.914125 -0.114552 1.513328
v -0.711525 -0.065140 1.475857
v -0.792766 0.036473 1.599094
v -0.644160 0.052479 1.553574
v -0.915428 -0.114226 1.521591
v -0.714180 -0.064702 1.477561
v -0.791155 0.036296 1.604000
v -0.644160 0.052479 1.553574
v -0.636954 -0.058827 1.853505
v -0.551772 0.005293 1.670408
v -0.730783 0.010620 1.676685
v -0.644160 0.052479 1.553574
v -0.601686 -0.127997 1.814388
v -0.562069 -0.064865 1.616053
v -0.692272 0.025442 1.699746
v -0.644160 0.052479 1.553574
v -0.615400 -0.101970 1.832354
v -0.573183 0.051733 1.692764
v -0.692129 -0.070333 1.637408
v -0.644160 0.052479 1.553574
v -0.592471 -0.144807 1.800163
v -0.536965 -0.003149 1.652705
v -0.710004 -0.049722 1.651715
v -0.600437 0.034250 1.316583
v -0.679930 0.170426 1.508901
v -0.590197 0.042786 1.314902
v -0.672557 0.176572 1.507691
v -0.591640 0.053529 1.306961
v -0.673596 0.184307 1.501974
v -0.603323 0.055736 1.300701
v -0.682008 0.185896 1.497466
v -0.613563 0.047199 1.302382
v -0.689380 0.179750 1.498676
v -0.612120 0.036456 1.310322
v -0.688341 0.172015 1.504394
v -0.680969 0.178161 1.503184
v -0.408222 0.296744 1.621283
v -0.582254 0.175929 1.624273
v -0.561486 0.275259 1.476574
v -0.680969 0.178161 1.503184
v -0.387192 0.273787 1.586557
v -0.532474 0.191130 1.456352
v -0.594443 0.241693 1.616714
v -0.680969 0.178161 1.503184
v -0.467298 0.334762 1.682686
v -0.619207 0.317889 1.535951
v -0.571794 0.163713 1.614018
v -0.680969 0.178161 1.503184
v -0.466249 0.334276 1.681855
v -0.639512 0.317226 1.561102
v -0.550649 0.163989 1.588202
v -0.680969 0.178161 1.503184
v -0.911394 0.395298 1.549614
v -0.832743 0.209858 1.483899
v -0.713534 0.320173 1.559612
v -0.680969 0.178161 1.503184
v -0.925954 0.363152 1.412848
v -0.774681 0.217528 1.384523
v -0.783244 0.286787 1.549576
v -0.680969 0.178161 1.503184
v -0.914712 0.394074 1.537030
v -0.753590 0.273540 1.603389
v -0.795341 0.255513 1.430056
v -0.680969 0.178161 1.503184
v -0.916686 0.393070 1.528702
v -0.717180 0.323921 1.546251
v -0.833331 0.204328 1.480531
v -0.680969 0.178161 1.503184
v -0.618887 0.366520 1.754314
v -0.704461 0.199366 1.656189
v -0.607811 0.307644 1.551083
v -0.680969 0.178161 1.503184
v -0.638020 0.366618 1.758212
v -0.667836 0.325854 1.552441
v -0.659743 0.181233 1.657949
v -0.680969 0.178161 1.503184
v -0.698609 0.362403 1.764227
v -0.646792 0.188206 1.655313
v -0.729258 0.315510 1.559889
v -0.680969 0.178161 1.503184
v -0.538191 0.357779 1.726235
v -0.543855 0.220264 1.565146
v -0.703860 0.279752 1.619662
v -0.202576 -0.197943 0.899911
v -0.372258 -0.373748 1.177616
v -0.204001 -0.219567 0.885690
v -0.373284 -0.389317 1.167377
v -0.184977 -0.237132 0.886871
v -0.359587 -0.401964 1.168228
v -0.164529 -0.233074 0.902273
v -0.344864 -0.399042 1.179317
v -0.163104 -0.211451 0.916494
v -0.343838 -0.383473 1.189556
v -0.182128 -0.193885 0.915313
v -0.357535 -0.370826 1.188706
v -0.354155 -0.402944 1.171051
v -0.285377 -0.503245 1.448897
v -0.341102 -0.389717 1.172770
v -0.275979 -0.493721 1.450135
v -0.345508 -0.373168 1.180186
v -0.279151 -0.481806 1.455475
v -0.362967 -0.369846 1.185882
v -0.291721 -0.479414 1.459576
v -0.376019 -0.383073 1.184163
v -0.301119 -0.488938 1.458338
v -0.371613 -0.399622 1.176747
v -0.297947 -0.500853 1.452999
v -0.285337 -0.503232 1.448892
v -0.101954 -0.524330 1.615551
v -0.279642 -0.492003 1.444199
v -0.097854 -0.516245 1.612172
v -0.282854 -0.480100 1.449543
v -0.100167 -0.507675 1.616020
v -0.291761 -0.479427 1.459581
v -0.106580 -0.507190 1.623247
v -0.297456 -0.490656 1.464275
v -0.110680 -0.515275 1.626626
v -0.294244 -0.502558 1.458930
v -0.108368 -0.523845 1.622778
v -0.104267 -0.515760 1.619399
v 0.179371 -0.401827 1.524695
v -0.026116 -0.448284 1.502132
v 0.044492 -0.492089 1.660903
v -0.104267 -0.515760 1.619399
v 0.167888 -0.394987 1.502158
v -0.016211 -0.499312 1.491385
v 0.025401 -0.435590 1.653621
v -0.104267 -0.515760 1.619399
v 0.170083 -0.396155 1.506145
v -0.014070 -0.388480 1.610647
v 0.025017 -0.547356 1.537548
v -0.104267 -0.515760 1.619399
v 0.182583 -0.404132 1.531899
v 0.003998 -0.406267 1.645895
v 0.016948 -0.535951 1.522903
v -0.104267 -0.515760 1.619399
v -0.288725 -0.489120 1.879525
v -0.109223 -0.530553 1.774862
v -0.246878 -0.479655 1.672037
v -0.104267 -0.515760 1.619399
v -0.289755 -0.488983 1.878777
v -0.214464 -0.430141 1.689672
v -0.142461 -0.579957 1.756629
v -0.104267 -0.515760 1.619399
v -0.225404 -0.497624 1.915029
v -0.233927 -0.492387 1.703387
v -0.071516 -0.524624 1.771915
v -0.104267 -0.515760 1.619399
v -0.285777 -0.489514 1.881630
v -0.190947 -0.593745 1.723405
v -0.162795 -0.416778 1.725178
v -0.104267 -0.515760 1.619399
v -0.010072 -0.811717 1.542350
v -0.013703 -0.636133 1.660879
v -0.119475 -0.632153 1.516280
v -0.104267 -0.515760 1.619399
v 0.072774 -0.781522 1.640057
v -0.107982 -0.671046 1.636267
v 0.041081 -0.573084 1.619057
v -0.104267 -0.515760 1.619399
v -0.026147 -0.811887 1.526632
v -0.038434 -0.650475 1.663332
v -0.107604 -0.617947 1.501252
v -0.104267 -0.515760 1.619399
v 0.036379 -0.801983 1.593035
v -0.113748 -0.667022 1.657374
v 0.017731 -0.593476 1.560333
v -0.104267 -0.515760 1.619399
v 0.177218 -0.504320 1.771172
v -0.019253 -0.575464 1.736104
v 0.035907 -0.446904 1.624112
v -0.104267 -0.515760 1.619399
v 0.205734 -0.440607 1.644925
v 0.002856 -0.404534 1.595616
v 0.036611 -0.566864 1.663603
v -0.104267 -0.515760 1.619399
v 0.205798 -0.442363 1.648940
v 0.028306 -0.548339 1.695393
v 0.011212 -0.424463 1.567038
v -0.104267 -0.515760 1.619399
v 0.175999 -0.505691 1.773507
v -0.029908 -0.550885 1.752249
v 0.045587 -0.472581 1.609836
v -0.301334 -0.495033 1.456073
v -0.221483 -0.713837 1.543239
v -0.295217 -0.497573 1.444383
v -0.217078 -0.715666 1.534821
v -0.282432 -0.493870 1.442546
v -0.207873 -0.713000 1.533499
v -0.275764 -0.487626 1.452400
v -0.203072 -0.708505 1.540594
v -0.281881 -0.485086 1.464091
v -0.207476 -0.706675 1.549011
v -0.294666 -0.488789 1.465928
v -0.216682 -0.709342 1.550334
v -0.212277 -0.711171 1.541916
v -0.193000 -0.778853 1.229750
v -0.126217 -0.695012 1.412515
v -0.282916 -0.781475 1.421584
v -0.212277 -0.711171 1.541916
v -0.188537 -0.791779 1.233146
v -0.261431 -0.679112 1.397112
v -0.144131 -0.807716 1.439704
v -0.212277 -0.711171 1.541916
v -0.146696 -0.911654 1.301280
v -0.215624 -0.730523 1.386911
v -0.156465 -0.852205 1.504412
v -0.212277 -0.711171 1.541916
v -0.148491 -0.906571 1.296661
v -0.188549 -0.859621 1.499351
v -0.184976 -0.719041 1.388277
v -0.212277 -0.711171 1.541916
v 0.045941 -0.685402 1.729157
v -0.131355 -0.616250 1.636011
v -0.086625 -0.785477 1.597614
v -0.212277 -0.711171 1.541916
v 0.039237 -0.613505 1.713968
v -0.167032 -0.634606 1.670379
v -0.056311 -0.709603 1.551094
v -0.212277 -0.711171 1.541916
v 0.027019 -0.567448 1.698380
v -0.108642 -0.725114 1.658009
v -0.124475 -0.582250 1.550995
v -0.212277 -0.711171 1.541916
v 0.030469 -0.578116 1.702449
v -0.173548 -0.613164 1.657271
v -0.056810 -0.702734 1.554987
v -0.212277 -0.711171 1.541916
v -0.464182 -0.897549 1.606779
v -0.326979 -0.797414 1.480128
v -0.299099 -0.774030 1.655595
v -0.212277 -0.711171 1.541916
v -0.525300 -0.775745 1.557636
v -0.333481 -0.734631 1.637683
v -0.341491 -0.739369 1.458725
v -0.212277 -0.711171 1.541916
v -0.486864 -0.866950 1.594215
v -0.321494 -0.802975 1.478231
v -0.322730 -0.743989 1.647440
v -0.212277 -0.711171 1.541916
v -0.419001 -0.940884 1.624965
v -0.243302 -0.824214 1.645216
v -0.346631 -0.781898 1.505055
v -0.212277 -0.711171 1.541916
v -0.133256 -1.009654 1.457871
v -0.118310 -0.798370 1.452593
v -0.243028 -0.862758 1.564003
v -0.212277 -0.711171 1.541916
v -0.116833 -1.016374 1.553806
v -0.092769 -0.808935 1.517998
v -0.255430 -0.857569 1.575346
v -0.212277 -0.711171 1.541916
v -0.138594 -1.003545 1.434734
v -0.193035 -0.799767 1.414666
v -0.172573 -0.856474 1.583421
v -0.212277 -0.711171 1.541916
v -0.119446 -1.017318 1.534415
v -0.089659 -0.807553 1.532564
v -0.260630 -0.859707 1.545267
v -0.285184 -0.503541 1.449752
v -0.236516 -0.571954 1.683848
v -0.275842 -0.493932 1.450726
v -0.229790 -0.565035 1.684549
v -0.279207 -0.481720 1.455211
v -0.232212 -0.556243 1.687778
v -0.291914 -0.479118 1.458721
v -0.241361 -0.554369 1.690305
v -0.301255 -0.488727 1.457747
v -0.248087 -0.561287 1.689604
v -0.297891 -0.500938 1.453263
v -0.245665 -0.570080 1.686375
v -0.238938 -0.563161 1.687076
v 0.034925 -0.587475 1.850807
v -0.125602 -0.660297 1.733247
v -0.133184 -0.485477 1.771890
v -0.238938 -0.563161 1.687076
v 0.041051 -0.583444 1.840682
v -0.084639 -0.580957 1.670130
v -0.169246 -0.561591 1.826907
v -0.238938 -0.563161 1.687076
v 0.013011 -0.599870 1.880916
v -0.144495 -0.491896 1.789124
v -0.131822 -0.663793 1.740100
v -0.238938 -0.563161 1.687076
v 0.061462 -0.566805 1.797285
v -0.145870 -0.610009 1.803505
v -0.091686 -0.519228 1.658814
v -0.238938 -0.563161 1.687076
v -0.499939 -0.439243 1.824637
v -0.378413 -0.595709 1.749524
v -0.308264 -0.431479 1.734677
v -0.238938 -0.563161 1.687076
v -0.437647 -0.494253 1.928254
v -0.254782 -0.485306 1.821612
v -0.382062 -0.585890 1.745483
v -0.238938 -0.563161 1.687076
v -0.459064 -0.477247 1.902862
v -0.370407 -0.482043 1.710484
v -0.283570 -0.575548 1.836297
v -0.238938 -0.563161 1.687076
v -0.450898 -0.483877 1.913322
v -0.334566 -0.618066 1.797770
v -0.312878 -0.444829 1.757380
v -0.238938 -0.563161 1.687076
v 0.000643 -0.587304 1.897832
v -0.100989 -0.504635 1.731311
v -0.185223 -0.641001 1.811445
v -0.238938 -0.563161 1.687076
v -0.064606 -0.625713 1.948027
v -0.142866 -0.665796 1.755256
v -0.195545 -0.510568 1.827658
v -0.238938 -0.563161 1.687076
v -0.008911 -0.593858 1.907406
v -0.208834 -0.594079 1.837243
v -0.085021 -0.556801 1.713173
v -0.238938 -0.563161 1.687076
v -0.086901 -0.636254 1.958999
v -0.101160 -0.562838 1.760759
v -0.255087 -0.621958 1.830931
v -0.349512 -0.375679 1.190778
v -0.613497 -0.321948 1.330114
v -0.356412 -0.368155 1.175155
v -0.618464 -0.316531 1.318865
v -0.365460 -0.378871 1.162844
v -0.624979 -0.324247 1.310001
v -0.367610 -0.397111 1.166155
v -0.626527 -0.337380 1.312385
v -0.360710 -0.404635 1.181778
v -0.621559 -0.342797 1.323634
v -0.351661 -0.393919 1.194090
v -0.615044 -0.335081 1.332498
v -0.620012 -0.329664 1.321250
v -0.613299 -0.323365 1.331038
v -0.776648 -0.136325 1.317520
v -0.609983 -0.321262 1.318188
v -0.774260 -0.134810 1.308268
v -0.616695 -0.327561 1.308399
v -0.779093 -0.139346 1.301220
v -0.626724 -0.335963 1.311461
v -0.786314 -0.145396 1.303425
v -0.630041 -0.338066 1.324312
v -0.788702 -0.146910 1.312677
v -0.623328 -0.331767 1.334100
v -0.783869 -0.142374 1.319725
v -0.781481 -0.140860 1.310472
v -0.587710 0.027119 1.119067
v -0.707047 -0.139406 1.173105
v -0.700898 -0.007931 1.294715
v -0.781481 -0.140860 1.310472
v -0.564878 -0.000692 1.121168
v -0.716913 -0.004858 1.268682
v -0.672767 -0.164728 1.200820
v -0.781481 -0.140860 1.310472
v -0.564692 -0.000941 1.121197
v -0.748168 -0.013430 1.226424
v -0.641363 -0.156354 1.243100
v -0.781481 -0.140860 1.310472
v -0.684396 0.105378 1.130635
v -0.740683 -0.095701 1.166568
v -0.744611 0.010971 1.310506
v -0.781481 -0.140860 1.310472
v -1.058567 -0.295714 1.269928
v -0.864801 -0.266791 1.350615
v -0.919830 -0.138812 1.237894
v -0.781481 -0.140860 1.310472
v -1.084874 -0.234037 1.269596
v -0.874638 -0.260251 1.272005
v -0.931038 -0.096010 1.316239
v -0.781481 -0.140860 1.310472
v -1.060510 -0.292165 1.269857
v -0.861663 -0.271652 1.340080
v -0.924522 -0.131112 1.248373
v -0.781481 -0.140860 1.310472
v -1.095657 -0.186617 1.270479
v -0.914802 -0.076714 1.260242
v -0.899501 -0.241611 1.328708
v -0.781481 -0.140860 1.310472
v -0.754163 0.128688 1.480760
v -0.814986 -0.071329 1.446322
v -0.726122 0.005247 1.310853
v -0.781481 -0.140860 1.310472
v -0.697155 0.098754 1.505086
v -0.678422 -0.025981 1.334843
v -0.817079 -0.064048 1.441792
v -0.781481 -0.140860 1.310472
v -0.750481 0.127148 1.482551
v -0.684727 -0.024858 1.350404
v -0.853434 -0.042456 1.408204
v -0.781481 -0.140860 1.310472
v -0.633497 0.047754 1.522429
v -0.800238 -0.051299 1.437118
v -0.644336 -0.079530 1.353392
v -0.781481 -0.140860 1.310472
v -0.789208 0.129127 1.138871
v -0.847143 0.000251 1.296752
v -0.722000 -0.065981 1.186911
v -0.781481 -0.140860 1.310472
v -0.946727 0.125866 1.247614
v -0.829976 -0.043842 1.198009
v -0.865182 -0.024497 1.372649
v -0.781481 -0.140860 1.310472
v -0.888517 0.139471 1.199307
v -0.768185 0.014467 1.320906
v -0.880406 -0.071922 1.211107
v -0.781481 -0.140860 1.310472
v -0.820557 0.136306 1.155385
v -0.728943 -0.050772 1.194128
v -0.865279 -0.009216 1.302747
v -0.626353 -0.329107 1.309416
v -0.803865 -0.476727 1.401867
v -0.617278 -0.338743 1.311728
v -0.797331 -0.483665 1.403532
v -0.610937 -0.339300 1.323562
v -0.792765 -0.484066 1.412052
v -0.613670 -0.330221 1.333083
v -0.794733 -0.477530 1.418907
v -0.622745 -0.320585 1.330771
v -0.801267 -0.470592 1.417243
v -0.629087 -0.320028 1.318938
v -0.805833 -0.470191 1.408723
v -0.799299 -0.477129 1.410387
v -0.661255 -0.741520 1.294453
v -0.808422 -0.632843 1.401332
v -0.679741 -0.532928 1.326695
v -0.799299 -0.477129 1.410387
v -0.733733 -0.780642 1.333052
v -0.806763 -0.584942 1.297548
v -0.739382 -0.612125 1.461358
v -0.799299 -0.477129 1.410387
v -0.665715 -0.744777 1.296722
v -0.675016 -0.536972 1.337007
v -0.816715 -0.631404 1.392835
v -0.799299 -0.477129 1.410387
v -0.787880 -0.793533 1.363933
v -0.872371 -0.612917 1.435567
v -0.717092 -0.594463 1.348044
v -0.799299 -0.477129 1.410387
v -0.804691 -0.326399 1.692613
v -0.739215 -0.359497 1.493843
v -0.863697 -0.474176 1.552712
v -0.799299 -0.477129 1.410387
v -0.868785 -0.387385 1.709582
v -0.819854 -0.526296 1.557262
v -0.834333 -0.356166 1.502869
v -0.799299 -0.477129 1.410387
v -0.872913 -0.391757 1.709875
v -0.815077 -0.356992 1.509030
v -0.842412 -0.528968 1.551335
v -0.799299 -0.477129 1.410387
v -0.923773 -0.450878 1.704015
v -0.778554 -0.510333 1.561646
v -0.919623 -0.422924 1.494030
v -0.799299 -0.477129 1.410387
v -0.826697 -0.795794 1.420488
v -0.898678 -0.596609 1.426522
v -0.721838 -0.612580 1.402333
v -0.799299 -0.477129 1.410387
v -0.960046 -0.739404 1.498545
v -0.886291 -0.542247 1.522656
v -0.840905 -0.621831 1.368645
v -0.799299 -0.477129 1.410387
v -0.958569 -0.740595 1.497670
v -0.925684 -0.531714 1.484275
v -0.800330 -0.633316 1.406326
v -0.799299 -0.477129 1.410387
v -0.930187 -0.760491 1.480914
v -0.901288 -0.551688 1.502319
v -0.802021 -0.629259 1.374877
v -0.617606 -0.339834 1.329696
v -0.652350 -0.184427 1.520723
v -0.607472 -0.332126 1.325401
v -0.645053 -0.178878 1.517630
v -0.609878 -0.321956 1.316955
v -0.646786 -0.171556 1.511549
v -0.622418 -0.319494 1.312803
v -0.655814 -0.169783 1.508560
v -0.632552 -0.327202 1.317098
v -0.663111 -0.175332 1.511652
v -0.630146 -0.337371 1.325544
v -0.661379 -0.182655 1.517733
v -0.654082 -0.177105 1.514641
v -0.439499 0.006555 1.665050
v -0.564041 -0.049927 1.503214
v -0.572456 -0.157355 1.646396
v -0.654082 -0.177105 1.514641
v -0.364430 -0.052804 1.569875
v -0.552602 -0.065709 1.473351
v -0.523840 -0.189060 1.600118
v -0.654082 -0.177105 1.514641
v -0.405491 -0.012669 1.631102
v -0.610428 -0.062934 1.611962
v -0.498863 -0.159727 1.510489
v -0.654082 -0.177105 1.514641
v -0.457912 0.014115 1.680026
v -0.576151 -0.041690 1.513301
v -0.575077 -0.159544 1.648290
v -0.654082 -0.177105 1.514641
v -0.882438 0.046708 1.501958
v -0.789628 -0.128937 1.575627
v -0.701221 -0.046222 1.443509
v -0.654082 -0.177105 1.514641
v -0.890962 0.031868 1.463475
v -0.770254 -0.136339 1.418442
v -0.727414 -0.050693 1.569908
v -0.654082 -0.177105 1.514641
v -0.879598 0.049909 1.511923
v -0.807153 -0.148581 1.527598
v -0.681424 -0.024018 1.499510
v -0.654082 -0.177105 1.514641
v -0.851944 0.065023 1.582643
v -0.681826 -0.057881 1.611739
v -0.784628 -0.102627 1.471945
v -0.654082 -0.177105 1.514641
v -0.516399 -0.413315 1.680919
v -0.527149 -0.219909 1.595065
v -0.670868 -0.323269 1.567240
v -0.654082 -0.177105 1.514641
v -0.540512 -0.321945 1.776411
v -0.536764 -0.262071 1.573204
v -0.680544 -0.208011 1.665495
v -0.654082 -0.177105 1.514641
v -0.538049 -0.329556 1.770951
v -0.536253 -0.263786 1.569548
v -0.679085 -0.212385 1.664782
v -0.654082 -0.177105 1.514641
v -0.548825 -0.297468 1.791830
v -0.696590 -0.236198 1.652892
v -0.527369 -0.214303 1.598142
v -0.654082 -0.177105 1.514641
v -0.589931 0.024048 1.755103
v -0.540716 -0.111008 1.599444
v -0.716127 -0.082279 1.622208
v -0.654082 -0.177105 1.514641
v -0.525644 0.020716 1.730906
v -0.583378 -0.167947 1.653671
v -0.622036 -0.028007 1.548624
v -0.654082 -0.177105 1.514641
v -0.592668 0.023986 1.755869
v -0.677149 -0.032853 1.570061
v -0.581885 -0.160485 1.652204
v -0.654082 -0.177105 1.514641
v -0.490435 0.014464 1.711925
v -0.523019 -0.094026 1.532871
v -0.654228 -0.106930 1.654239
v -0.371992 -0.373501 1.177184
v -0.514484 -0.506370 1.409630
v -0.373349 -0.389386 1.167482
v -0.515461 -0.517807 1.402644
v -0.359917 -0.402280 1.168765
v -0.505791 -0.527091 1.403568
v -0.345130 -0.399288 1.179750
v -0.495143 -0.524937 1.411477
v -0.343773 -0.383404 1.189451
v -0.494167 -0.513500 1.418462
v -0.357204 -0.370510 1.188168
v -0.503837 -0.504217 1.417539
v -0.502546 -0.527780 1.405229
v -0.498979 -0.623687 1.634660
v -0.492212 -0.519839 1.408498
v -0.491538 -0.617969 1.637014
v -0.494480 -0.507712 1.413823
v -0.493171 -0.609238 1.640847
v -0.507082 -0.503527 1.415878
v -0.502244 -0.606225 1.642327
v -0.517416 -0.511469 1.412609
v -0.509685 -0.611942 1.639974
v -0.515148 -0.523595 1.407284
v -0.508052 -0.620674 1.636140
v -0.500611 -0.614956 1.638494
v -0.190871 -0.588788 1.714494
v -0.369420 -0.693785 1.669907
v -0.384011 -0.515192 1.667881
v -0.500611 -0.614956 1.638494
v -0.194054 -0.595402 1.728161
v -0.384430 -0.517802 1.676904
v -0.371546 -0.696466 1.671817
v -0.500611 -0.614956 1.638494
v -0.190091 -0.542925 1.610410
v -0.379803 -0.541279 1.704744
v -0.373004 -0.631008 1.549776
v -0.500611 -0.614956 1.638494
v -0.216753 -0.625114 1.785876
v -0.346937 -0.635386 1.619026
v -0.427199 -0.602652 1.775867
v -0.500611 -0.614956 1.638494
v -0.753788 -0.535594 1.817389
v -0.652970 -0.580387 1.636498
v -0.550794 -0.586035 1.783605
v -0.500611 -0.614956 1.638494
v -0.705545 -0.593147 1.883292
v -0.516639 -0.626854 1.793457
v -0.648531 -0.585610 1.679369
v -0.500611 -0.614956 1.638494
v -0.733829 -0.562160 1.851148
v -0.533397 -0.563903 1.782476
v -0.654400 -0.623771 1.664635
v -0.500611 -0.614956 1.638494
v -0.737899 -0.557169 1.845268
v -0.615039 -0.516025 1.677622
v -0.576013 -0.667657 1.764784
v -0.500611 -0.614956 1.638494
v -0.385244 -0.910740 1.678518
v -0.506907 -0.744001 1.726356
v -0.402022 -0.722538 1.582651
v -0.500611 -0.614956 1.638494
v -0.371849 -0.897787 1.562162
v -0.374814 -0.706458 1.653138
v -0.523398 -0.749718 1.562783
v -0.500611 -0.614956 1.638494
v -0.392795 -0.906489 1.714546
v -0.380251 -0.695727 1.696815
v -0.534719 -0.767411 1.641014
v -0.500611 -0.614956 1.638494
v -0.392306 -0.906850 1.712438
v -0.389389 -0.721083 1.610585
v -0.525189 -0.742344 1.725558
v -0.500611 -0.614956 1.638494
v -0.446638 -0.754812 1.921207
v -0.453885 -0.745980 1.709638
v -0.504159 -0.595817 1.793520
v -0.500611 -0.614956 1.638494
v -0.269009 -0.681737 1.848970
v -0.465902 -0.689884 1.771133
v -0.350038 -0.593452 1.674236
v -0.500611 -0.614956 1.638494
v -0.404060 -0.743339 1.915253
v -0.529177 -0.625059 1.791771
v -0.394804 -0.707559 1.706623
v -0.500611 -0.614956 1.638494
v -0.440952 -0.753451 1.920734
v -0.545924 -0.725882 1.738765
v -0.407571 -0.614826 1.764015
v -0.498466 -0.507468 1.419112
v -0.719085 -0.438495 1.510869
v -0.502200 -0.502956 1.407019
v -0.721774 -0.435247 1.502162
v -0.508548 -0.511142 1.398460
v -0.726344 -0.441140 1.495999
v -0.511162 -0.523839 1.401994
v -0.728226 -0.450282 1.498544
v -0.507428 -0.528351 1.414088
v -0.725538 -0.453531 1.507251
v -0.501080 -0.520166 1.422647
v -0.720968 -0.447637 1.513414
v -0.723656 -0.444389 1.504706
v -0.877473 -0.190056 1.386153
v -0.850521 -0.396142 1.427313
v -0.719844 -0.289169 1.487257
v -0.723656 -0.444389 1.504706
v -0.868405 -0.188557 1.378225
v -0.789391 -0.385137 1.375942
v -0.773720 -0.298975 1.532285
v -0.723656 -0.444389 1.504706
v -0.746904 -0.199489 1.300052
v -0.650343 -0.363718 1.392770
v -0.815567 -0.329139 1.452919
v -0.723656 -0.444389 1.504706
v -0.820134 -0.186611 1.341480
v -0.754347 -0.291439 1.513455
v -0.770147 -0.391117 1.365377
v -0.723656 -0.444389 1.504706
v -0.800526 -0.754935 1.497516
v -0.835719 -0.547754 1.470509
v -0.673088 -0.589461 1.533152
v -0.723656 -0.444389 1.504706
v -0.947119 -0.665189 1.565626
v -0.854426 -0.511993 1.452352
v -0.771657 -0.553424 1.605797
v -0.723656 -0.444389 1.504706
v -0.867338 -0.729470 1.526706
v -0.740969 -0.584506 1.437777
v -0.821288 -0.532337 1.589236
v -0.723656 -0.444389 1.504706
v -0.773417 -0.759960 1.486310
v -0.709313 -0.571191 1.414553
v -0.777808 -0.570044 1.580142
v -0.723656 -0.444389 1.504706
v -0.933786 -0.215134 1.429290
v -0.758476 -0.292789 1.519447
v -0.856940 -0.412584 1.429633
v -0.723656 -0.444389 1.504706
v -1.009772 -0.325932 1.585363
v -0.875609 -0.440980 1.468503
v -0.800595 -0.353031 1.605435
v -0.723656 -0.444389 1.504706
v -0.982057 -0.255686 1.500199
v -0.878879 -0.440297 1.487348
v -0.775154 -0.297518 1.518459
v -0.723656 -0.444389 1.504706
v -0.958082 -0.231056 1.460733
v -0.757519 -0.292516 1.490557
v -0.877333 -0.425595 1.483677
v -0.514623 -0.506498 1.409838
v -0.632429 -0.623782 1.594813
v -0.515324 -0.517688 1.402433
v -0.632935 -0.631839 1.589481
v -0.505516 -0.526844 1.403148
v -0.625872 -0.638431 1.589996
v -0.495005 -0.524809 1.411268
v -0.618305 -0.636966 1.595842
v -0.494303 -0.513619 1.418674
v -0.617799 -0.628909 1.601174
v -0.504112 -0.504464 1.417959
v -0.624862 -0.622317 1.600659
v -0.625367 -0.630374 1.595328
v -0.795780 -0.886873 1.508338
v -0.652515 -0.781619 1.623614
v -0.734550 -0.684328 1.497449
v -0.625367 -0.630374 1.595328
v -0.807687 -0.890340 1.555614
v -0.738597 -0.695416 1.509533
v -0.657993 -0.773304 1.649351
v -0.625367 -0.630374 1.595328
v -0.799798 -0.888553 1.522406
v -0.701264 -0.754086 1.653181
v -0.689014 -0.713205 1.479137
v -0.625367 -0.630374 1.595328
v -0.779480 -0.877131 1.462061
v -0.672104 -0.694482 1.460725
v -0.701921 -0.763671 1.623317
v -0.625367 -0.630374 1.595328
v -0.372742 -0.700621 1.778756
v -0.566045 -0.732173 1.697943
v -0.482589 -0.584773 1.639455
v -0.625367 -0.630374 1.595328
v -0.365962 -0.695596 1.770984
v -0.470709 -0.652324 1.591965
v -0.572501 -0.660601 1.739215
v -0.625367 -0.630374 1.595328
v -0.472377 -0.750714 1.849320
v -0.562052 -0.758958 1.657532
v -0.566290 -0.598062 1.736317
v -0.625367 -0.630374 1.595328
v -0.365083 -0.694919 1.769931
v -0.471841 -0.605490 1.610252
v -0.570666 -0.706894 1.720086
v -0.625367 -0.630374 1.595328
v -0.887612 -0.452504 1.639933
v -0.781583 -0.629687 1.592436
v -0.678948 -0.488765 1.633903
v -0.625367 -0.630374 1.595328
v -0.894783 -0.470318 1.660112
v -0.745681 -0.552034 1.533687
v -0.720586 -0.580669 1.708796
v -0.625367 -0.630374 1.595328
v -0.892577 -0.464132 1.653313
v -0.750021 -0.561816 1.530726
v -0.714481 -0.565938 1.706318
v -0.625367 -0.630374 1.595328
v -0.903103 -0.510964 1.700226
v -0.751041 -0.545879 1.556873
v -0.721882 -0.619341 1.717701
v -0.625367 -0.630374 1.595328
v -0.836007 -0.861668 1.662662
v -0.743969 -0.672501 1.687907
v -0.675277 -0.773281 1.556616
v -0.625367 -0.630374 1.595328
v -0.812695 -0.831359 1.759380
v -0.772815 -0.673540 1.623752
v -0.627781 -0.747996 1.698145
v -0.625367 -0.630374 1.595328
v -0.809993 -0.828039 1.766330
v -0.671425 -0.670057 1.739258
v -0.727010 -0.748822 1.588199
v -0.625367 -0.630374 1.595328
v -0.816993 -0.836685 1.747364
v -0.770250 -0.655369 1.648208
v -0.633785 -0.770427 1.664076
v -0.002317 -0.035925 0.550000
v 0.316672 -0.046393 0.868809
v 0.020835 -0.019381 0.527948
v 0.333341 -0.034481 0.852931
v 0.023151 0.016545 0.527948
v 0.335009 -0.008615 0.852931
v 0.002317 0.035925 0.550000
v 0.320008 0.005339 0.868809
v -0.020835 0.019381 0.572052
v 0.303339 -0.006573 0.884686
v -0.023151 -0.016545 0.572052
v 0.301671 -0.032439 0.884686
v 0.313941 -0.045922 0.871566
v 0.678813 -0.098403 0.902122
v 0.317619 -0.035895 0.847949
v 0.681461 -0.091184 0.885117
v 0.322018 -0.010501 0.845191
v 0.684629 -0.072899 0.883132
v 0.322739 0.004868 0.866051
v 0.685148 -0.061834 0.898151
v 0.319062 -0.005159 0.889669
v 0.682500 -0.069053 0.915155
v 0.314663 -0.030554 0.892427
v 0.679333 -0.087337 0.917141
v 0.681981 -0.080118 0.900136
v 0.678870 -0.098482 0.901312
v 0.936169 -0.146561 0.748095
v 0.672229 -0.088803 0.886803
v 0.931387 -0.139592 0.737650
v 0.675339 -0.070439 0.885628
v 0.933627 -0.126370 0.736803
v 0.685091 -0.061755 0.898961
v 0.940648 -0.120117 0.746403
v 0.691732 -0.071434 0.913469
v 0.945430 -0.127086 0.756849
v 0.688622 -0.089798 0.914644
v 0.943190 -0.140308 0.757695
v 0.936347 -0.146567 0.748397
v 0.972429 -0.169614 0.503414
v 0.925999 -0.138338 0.745995
v 0.964979 -0.163690 0.501685
v 0.928061 -0.125110 0.744848
v 0.966463 -0.154165 0.500859
v 0.940470 -0.120111 0.746102
v 0.975398 -0.150566 0.501762
v 0.950817 -0.128339 0.748503
v 0.982848 -0.156491 0.503491
v 0.948756 -0.141567 0.749651
v 0.981364 -0.166015 0.504317
v 0.973914 -0.160090 0.502588
v 0.662705 -0.106138 0.451221
v 0.846403 -0.086539 0.554966
v 0.852458 -0.190480 0.409116
v 0.973914 -0.160090 0.502588
v 0.687134 -0.117620 0.367112
v 0.896537 -0.149910 0.367232
v 0.821867 -0.136294 0.529564
v 0.973914 -0.160090 0.502588
v 0.679983 -0.114858 0.384441
v 0.890809 -0.094063 0.387932
v 0.821874 -0.189932 0.522727
v 0.973914 -0.160090 0.502588
v 0.695995 -0.120772 0.348915
v 0.895028 -0.070726 0.401577
v 0.830464 -0.218000 0.480661
v 0.973914 -0.160090 0.502588
v 1.214174 0.039014 0.431648
v 1.019565 -0.042145 0.410844
v 1.120471 -0.118752 0.537580
v 0.973914 -0.160090 0.502588
v 1.207597 0.020595 0.379523
v 1.033473 -0.099844 0.371305
v 1.101301 -0.075788 0.535419
v 0.973914 -0.160090 0.502588
v 1.201428 0.008931 0.354032
v 1.101185 -0.071651 0.522406
v 1.028655 -0.113313 0.363925
v 0.973914 -0.160090 0.502588
v 1.202314 0.010490 0.357208
v 1.002826 -0.049170 0.396414
v 1.127722 -0.134546 0.492458
v 0.973914 -0.160090 0.502588
v 0.959706 -0.413375 0.307537
v 0.927364 -0.308603 0.488835
v 1.009098 -0.214205 0.360301
v 0.973914 -0.160090 0.502588
v 0.941985 -0.450977 0.373108
v 0.958524 -0.239785 0.369081
v 0.963760 -0.313106 0.532511
v 0.973914 -0.160090 0.502588
v 0.932235 -0.465368 0.416168
v 1.007599 -0.308672 0.537242
v 0.906885 -0.255731 0.398799
v 0.973914 -0.160090 0.502588
v 0.945888 -0.443863 0.357373
v 0.966076 -0.233075 0.364661
v 0.959330 -0.314123 0.524343
v 0.973914 -0.160090 0.502588
v 0.927459 -0.200853 0.188613
v 0.884286 -0.228199 0.394236
v 1.026377 -0.124592 0.359761
v 0.973914 -0.160090 0.502588
v 0.786199 -0.169089 0.243586
v 0.884271 -0.251049 0.412573
v 0.913385 -0.076330 0.385402
v 0.973914 -0.160090 0.502588
v 0.939046 -0.202951 0.187394
v 0.873227 -0.196116 0.388674
v 1.046706 -0.158353 0.364348
v 0.973914 -0.160090 0.502588
v 0.783924 -0.168461 0.245229
v 0.848712 -0.096804 0.433802
v 0.947123 -0.230073 0.365487
v 0.944590 -0.136558 0.758738
v 1.069230 -0.314339 0.637461
v 0.933027 -0.142546 0.755423
v 1.060904 -0.318651 0.635075
v 0.926845 -0.139327 0.743935
v 1.056454 -0.316333 0.626803
v 0.932227 -0.130120 0.735761
v 1.060328 -0.309704 0.620918
v 0.943790 -0.124132 0.739075
v 1.068654 -0.305393 0.623304
v 0.949972 -0.127350 0.750563
v 1.073105 -0.307710 0.631576
v 1.064779 -0.312022 0.629189
v 0.952396 -0.604868 0.565857
v 0.936566 -0.396315 0.599724
v 1.103086 -0.462006 0.607989
v 1.064779 -0.312022 0.629189
v 0.953038 -0.605043 0.565530
v 1.088434 -0.465167 0.649166
v 0.951732 -0.393293 0.558285
v 1.064779 -0.312022 0.629189
v 0.960681 -0.606992 0.561691
v 0.974293 -0.429960 0.677304
v 1.071986 -0.430060 0.527076
v 1.064779 -0.312022 0.629189
v 0.860119 -0.557880 0.620957
v 0.926374 -0.365064 0.678613
v 1.039456 -0.455666 0.573180
v 1.064779 -0.312022 0.629189
v 1.225278 -0.485198 0.845176
v 1.063342 -0.367909 0.775089
v 1.194615 -0.394676 0.656079
v 1.064779 -0.312022 0.629189
v 1.179037 -0.416764 0.909143
v 1.065604 -0.430764 0.730736
v 1.155361 -0.277073 0.751606
v 1.064779 -0.312022 0.629189
v 1.241849 -0.512235 0.805147
v 1.142502 -0.329770 0.763563
v 1.128711 -0.454443 0.635582
v 1.064779 -0.312022 0.629189
v 1.233023 -0.497556 0.828365
v 1.171590 -0.425653 0.638766
v 1.092564 -0.346818 0.778954
v 1.064779 -0.312022 0.629189
v 1.048972 -0.622677 0.554068
v 1.123768 -0.425026 0.538843
v 0.993144 -0.447541 0.659438
v 1.064779 -0.312022 0.629189
v 1.092523 -0.615924 0.532889
v 1.144909 -0.445014 0.646634
v 1.006845 -0.422151 0.534705
v 1.064779 -0.312022 0.629189
v 1.116201 -0.609189 0.522198
v 1.069248 -0.403510 0.502611
v 1.101448 -0.458267 0.670174
v 1.064779 -0.312022 0.629189
v 0.995288 -0.620933 0.582879
v 1.122084 -0.451244 0.587410
v 0.951881 -0.419929 0.633920
v 0.936090 -0.146544 0.748144
v 1.145459 -0.188122 0.620531
v 0.931251 -0.139563 0.737732
v 1.141975 -0.183096 0.613035
v 0.933569 -0.126358 0.736838
v 1.143645 -0.173588 0.612391
v 0.940727 -0.120134 0.746355
v 1.148798 -0.169107 0.619243
v 0.945566 -0.127115 0.756767
v 1.152282 -0.174133 0.626740
v 0.943247 -0.140320 0.757661
v 1.150613 -0.183641 0.627384
v 1.147129 -0.178615 0.619887
v 1.103145 -0.163921 0.303265
v 1.203728 -0.221376 0.480675
v 1.055342 -0.124098 0.505802
v 1.147129 -0.178615 0.619887
v 1.147677 -0.173938 0.299922
v 1.072548 -0.127421 0.492494
v 1.222148 -0.226067 0.491308
v 1.147129 -0.178615 0.619887
v 1.047222 -0.151486 0.317096
v 1.038383 -0.117208 0.525995
v 1.175950 -0.218318 0.471546
v 1.147129 -0.178615 0.619887
v 0.955620 -0.131538 0.367879
v 1.069461 -0.247997 0.503414
v 1.071590 -0.071571 0.534753
v 1.147129 -0.178615 0.619887
v 1.424499 -0.050141 0.714546
v 1.216077 -0.050315 0.676433
v 1.300076 -0.204135 0.639068
v 1.147129 -0.178615 0.619887
v 1.327046 0.000243 0.814925
v 1.284288 -0.105640 0.636452
v 1.153904 -0.108503 0.759353
v 1.147129 -0.178615 0.619887
v 1.398075 -0.029708 0.751237
v 1.213616 -0.039945 0.647496
v 1.281398 -0.198159 0.697359
v 1.147129 -0.178615 0.619887
v 1.446045 -0.076491 0.671073
v 1.298415 -0.206800 0.592862
v 1.234976 -0.068730 0.687861
v 1.147129 -0.178615 0.619887
v 1.148726 -0.494833 0.570861
v 1.087891 -0.295185 0.534363
v 1.207644 -0.315019 0.666191
v 1.147129 -0.178615 0.619887
v 1.219645 -0.477793 0.532518
v 1.094826 -0.325568 0.610875
v 1.257445 -0.271004 0.559004
v 1.147129 -0.178615 0.619887
v 1.212699 -0.480418 0.536129
v 1.097520 -0.302601 0.538779
v 1.249194 -0.296071 0.633989
v 1.147129 -0.178615 0.619887
v 1.164395 -0.492882 0.562113
v 1.076066 -0.300520 0.552795
v 1.232005 -0.308123 0.640760
v 1.147129 -0.178615 0.619887
v 1.320235 -0.251204 0.360725
v 1.141650 -0.209420 0.466808
v 1.291093 -0.205880 0.565636
v 1.147129 -0.178615 0.619887
v 1.255116 -0.239221 0.324818
v 1.202206 -0.288892 0.523880
v 1.178441 -0.116822 0.479839
v 1.147129 -0.178615 0.619887
v 1.344936 -0.255071 0.380248
v 1.289766 -0.230905 0.583385
v 1.162737 -0.187489 0.464678
v 1.147129 -0.178615 0.619887
v 1.258368 -0.239871 0.326164
v 1.108462 -0.196967 0.469620
v 1.274787 -0.209267 0.535176
v 0.680407 -0.079946 0.918731
v 0.899676 -0.288939 0.933982
v 0.670088 -0.091745 0.908603
v 0.892246 -0.297434 0.926690
v 0.671662 -0.091917 0.890007
v 0.893379 -0.297558 0.913301
v 0.683554 -0.080291 0.881541
v 0.901942 -0.289187 0.907205
v 0.693873 -0.068492 0.891670
v 0.909371 -0.280692 0.914498
v 0.692300 -0.068320 0.910265
v 0.908238 -0.280568 0.927887
v 0.900814 -0.287748 0.933966
v 0.883979 -0.535021 0.954511
v 0.889201 -0.287621 0.927208
v 0.875617 -0.534929 0.949644
v 0.889196 -0.288936 0.913835
v 0.875613 -0.535876 0.940016
v 0.900803 -0.290378 0.907222
v 0.883971 -0.536914 0.935254
v 0.912416 -0.290505 0.913980
v 0.892332 -0.537006 0.940120
v 0.912422 -0.289190 0.927353
v 0.892336 -0.536059 0.949749
v 0.883975 -0.535967 0.944882
v 0.883975 -0.535967 0.944882
v 0.581150 -0.633902 0.978142
v 0.733892 -0.494234 0.932811
v 0.791798 -0.656049 0.983561
v 0.883975 -0.535967 0.944882
v 0.578238 -0.624627 0.977512
v 0.750795 -0.566578 0.869130
v 0.772565 -0.576284 1.046738
v 0.883975 -0.535967 0.944882
v 0.602114 -0.683098 0.981041
v 0.739046 -0.550607 0.888370
v 0.803414 -0.639032 1.030322
v 0.883975 -0.535967 0.944882
v 0.581667 -0.635452 0.978244
v 0.750168 -0.514965 1.022772
v 0.775935 -0.636557 0.893682
v 0.883975 -0.535967 0.944882
v 1.072619 -0.632625 0.705153
v 0.967527 -0.655000 0.887765
v 0.951338 -0.494262 0.810216
v 0.883975 -0.535967 0.944882
v 1.050627 -0.709746 0.734103
v 0.900619 -0.572584 0.793904
v 1.000652 -0.638374 0.927237
v 0.883975 -0.535967 0.944882
v 1.067051 -0.658051 0.712550
v 1.022642 -0.527473 0.873389
v 0.891768 -0.642130 0.830510
v 0.883975 -0.535967 0.944882
v 1.074696 -0.620896 0.702369
v 0.991494 -0.638459 0.896434
v 0.929032 -0.501419 0.799320
v 0.883975 -0.535967 0.944882
v 0.834327 -0.692056 1.219785
v 0.867669 -0.676532 1.011124
v 0.860562 -0.520274 1.098563
v 0.883975 -0.535967 0.944882
v 0.833716 -0.619062 1.249791
v 0.810737 -0.497856 1.077532
v 0.917005 -0.640554 1.056160
v 0.883975 -0.535967 0.944882
v 0.834946 -0.569082 1.259366
v 0.824702 -0.468901 1.072949
v 0.904024 -0.629525 1.068402
v 0.883975 -0.535967 0.944882
v 0.834928 -0.708291 1.210022
v 0.948688 -0.589137 1.076781
v 0.780023 -0.620657 1.025095
v 0.896268 -0.294916 0.909383
v 1.129429 -0.361620 0.854282
v 0.900020 -0.282015 0.909181
v 1.132130 -0.352332 0.854137
v 0.904560 -0.276162 0.920392
v 1.135399 -0.348117 0.862208
v 0.905349 -0.283210 0.931805
v 1.135967 -0.353192 0.870426
v 0.901598 -0.296111 0.932007
v 1.133266 -0.362481 0.870571
v 0.897057 -0.301964 0.920796
v 1.129997 -0.366695 0.862500
v 1.132698 -0.357406 0.862354
v 1.132698 -0.357406 0.862354
v 1.216887 -0.123250 0.661150
v 1.081832 -0.234076 0.781025
v 1.250915 -0.293412 0.782720
v 1.132698 -0.357406 0.862354
v 1.187771 -0.110919 0.665857
v 1.234804 -0.246261 0.821942
v 1.074650 -0.271362 0.745568
v 1.132698 -0.357406 0.862354
v 1.210330 -0.120236 0.662045
v 1.181726 -0.322536 0.718158
v 1.145775 -0.202540 0.846303
v 1.132698 -0.357406 0.862354
v 1.316058 -0.188787 0.661489
v 1.181415 -0.214237 0.823093
v 1.230669 -0.365680 0.740923
v 1.132698 -0.357406 0.862354
v 1.074293 -0.446334 0.560558
v 1.030146 -0.351167 0.744641
v 1.188526 -0.434787 0.738630
v 1.132698 -0.357406 0.862354
v 1.250755 -0.474024 0.588743
v 1.143594 -0.483878 0.771258
v 1.216247 -0.324229 0.734561
v 1.132698 -0.357406 0.862354
v 1.157773 -0.463582 0.561525
v 1.066845 -0.357286 0.720666
v 1.218610 -0.442466 0.763379
v 1.132698 -0.357406 0.862354
v 1.062128 -0.443204 0.562256
v 1.081347 -0.473367 0.771094
v 1.127593 -0.310084 0.713536
v 0.910029 -0.279324 0.921429
v 1.051392 -0.430208 1.059632
v 0.900293 -0.280167 0.930651
v 1.044382 -0.430814 1.066272
v 0.891073 -0.289905 0.929816
v 1.037743 -0.437826 1.065671
v 0.891588 -0.298801 0.919759
v 1.038114 -0.444231 1.058430
v 0.901324 -0.297959 0.910537
v 1.045125 -0.443625 1.051790
v 0.910545 -0.288221 0.911372
v 1.051763 -0.436613 1.052391
v 1.044753 -0.437219 1.059031
v 0.985130 -0.422765 1.373095
v 0.969257 -0.504371 1.178208
v 1.072550 -0.358505 1.191105
v 1.044753 -0.437219 1.059031
v 0.957010 -0.396090 1.364006
v 0.923899 -0.432677 1.157954
v 1.095413 -0.408859 1.204088
v 1.044753 -0.437219 1.059031
v 1.009082 -0.444995 1.376942
v 1.097857 -0.381948 1.195183
v 0.963113 -0.498711 1.177208
v 1.044753 -0.437219 1.059031
v 0.973496 -0.411808 1.369960
v 0.948789 -0.485040 1.172681
v 1.083712 -0.369070 1.194124
v 1.044753 -0.437219 1.059031
v 1.104928 -0.716565 0.914999
v 1.154229 -0.524524 0.989712
v 0.983417 -0.573391 1.013124
v 1.044753 -0.437219 1.059031
v 1.046135 -0.673015 0.842701
v 0.997450 -0.582899 1.028177
v 1.093162 -0.480176 0.916822
v 1.044753 -0.437219 1.059031
v 1.071717 -0.694993 0.871346
v 1.007711 -0.588132 1.042741
v 1.103366 -0.492526 0.925173
v 1.044753 -0.437219 1.059031
v 1.102775 -0.715420 0.911933
v 1.131587 -0.509155 0.950877
v 1.004337 -0.587845 1.049507
v 1.044753 -0.437219 1.059031
v 1.291903 -0.262328 1.162617
v 1.196228 -0.404898 1.038471
v 1.090998 -0.329628 1.162461
v 1.044753 -0.437219 1.059031
v 1.305072 -0.297587 1.182064
v 1.133401 -0.308560 1.058367
v 1.164361 -0.454173 1.158121
v 1.044753 -0.437219 1.059031
v 1.242785 -0.190841 1.108840
v 1.074887 -0.288043 1.023669
v 1.173045 -0.389293 1.134240
v 1.044753 -0.437219 1.059031
v 1.307901 -0.307737 1.187045
v 1.103341 -0.312107 1.132014
v 1.196683 -0.458746 1.088459
v 1.044753 -0.437219 1.059031
v 1.138195 -0.567890 1.335787
v 1.004800 -0.534483 1.174598
v 1.159460 -0.444492 1.164869
v 1.044753 -0.437219 1.059031
v 1.168971 -0.595849 1.307640
v 1.014852 -0.498576 1.199578
v 1.174029 -0.502766 1.117372
v 1.044753 -0.437219 1.059031
v 1.162338 -0.589921 1.314484
v 1.072911 -0.427218 1.212391
v 1.110663 -0.569382 1.110034
v 1.044753 -0.437219 1.059031
v 1.131806 -0.561951 1.340569
v 1.031026 -0.424972 1.214188
v 1.128123 -0.549253 1.129104
v 0.900248 -0.289488 0.934012
v 1.080048 -0.461297 0.932315
v 0.892497 -0.297674 0.926701
v 1.074467 -0.467192 0.927051
v 0.893058 -0.297249 0.913283
v 1.074871 -0.466886 0.917389
v 0.901369 -0.288638 0.907175
v 1.080856 -0.460685 0.912992
v 0.909121 -0.280451 0.914487
v 1.086436 -0.454791 0.918256
v 0.908560 -0.280876 0.927905
v 1.086033 -0.455097 0.927917
v 1.080452 -0.460991 0.922653
v 0.912785 -0.727368 0.864937
v 1.082743 -0.617156 0.927064
v 0.944027 -0.517928 0.872069
v 1.080452 -0.460991 0.922653
v 0.993942 -0.764738 0.871135
v 1.100345 -0.585963 0.831009
v 0.991351 -0.579017 0.973083
v 1.080452 -0.460991 0.922653
v 0.949600 -0.747722 0.867304
v 1.108645 -0.614053 0.908893
v 0.947577 -0.537314 0.892134
v 1.080452 -0.460991 0.922653
v 0.844376 -0.668696 0.863264
v 1.016908 -0.597705 0.963688
v 0.955134 -0.490441 0.834107
v 1.080452 -0.460991 0.922653
v 1.256667 -0.332891 0.688263
v 1.081224 -0.416170 0.772978
v 1.220652 -0.403332 0.884816
v 1.080452 -0.460991 0.922653
v 1.276450 -0.356562 0.692264
v 1.220959 -0.399861 0.892109
v 1.096744 -0.438579 0.768886
v 1.080452 -0.460991 0.922653
v 1.319498 -0.423484 0.713249
v 1.125538 -0.389282 0.791363
v 1.226603 -0.502695 0.886421
v 1.080452 -0.460991 0.922653
v 1.301486 -0.392080 0.701758
v 1.187276 -0.356655 0.876667
v 1.150456 -0.510198 0.791923
v 1.080452 -0.460991 0.922653
v 1.221454 -0.747267 0.898894
v 1.161300 -0.570603 0.999211
v 1.112406 -0.580400 0.827089
v 1.080452 -0.460991 0.922653
v 1.254216 -0.728737 0.899893
v 1.209872 -0.534075 0.970832
v 1.090043 -0.602104 0.856266
v 1.080452 -0.460991 0.922653
v 1.268058 -0.719275 0.900440
v 1.222539 -0.513022 0.883714
v 1.088450 -0.615588 0.943822
v 1.080452 -0.460991 0.922653
v 1.214031 -0.750791 0.898720
v 1.082705 -0.594606 0.841695
v 1.185062 -0.559216 0.984465
v 0.330327 -0.000167 0.858150
v 0.387138 0.134936 1.197767
v 0.304769 0.000604 0.862396
v 0.368736 0.135491 1.200824
v 0.292782 -0.019756 0.873054
v 0.360105 0.120832 1.208498
v 0.306353 -0.040888 0.879468
v 0.369876 0.105617 1.213115
v 0.331911 -0.041659 0.875222
v 0.388278 0.105062 1.210058
v 0.343899 -0.021298 0.864563
v 0.396909 0.119721 1.202384
v 0.388683 0.133978 1.197891
v 0.290591 0.320092 1.416361
v 0.371034 0.131361 1.192419
v 0.277884 0.318208 1.412421
v 0.360858 0.117660 1.199969
v 0.270557 0.308343 1.417857
v 0.368331 0.106575 1.212991
v 0.275938 0.300362 1.427232
v 0.385980 0.109192 1.218463
v 0.288645 0.302246 1.431172
v 0.396156 0.122893 1.210913
v 0.295972 0.312111 1.425736
v 0.288773 0.320537 1.415170
v 0.087262 0.456705 1.467139
v 0.281010 0.311728 1.408635
v 0.081673 0.450363 1.462435
v 0.275501 0.301418 1.415262
v 0.077706 0.442940 1.467206
v 0.277756 0.299917 1.428423
v 0.079329 0.441859 1.476682
v 0.285519 0.308725 1.434958
v 0.084919 0.448201 1.481387
v 0.291027 0.319035 1.428331
v 0.088885 0.455624 1.476615
v 0.083296 0.449282 1.471911
v -0.142448 0.471238 1.246172
v 0.035340 0.528609 1.346134
v -0.049343 0.387520 1.417096
v 0.083296 0.449282 1.471911
v -0.155485 0.486374 1.262130
v -0.071316 0.464546 1.455343
v 0.046882 0.463692 1.320654
v 0.083296 0.449282 1.471911
v -0.166580 0.500700 1.278731
v 0.039298 0.490163 1.327671
v -0.072608 0.449535 1.461607
v 0.083296 0.449282 1.471911
v -0.168937 0.503970 1.282733
v 0.026649 0.538258 1.356643
v -0.061844 0.404056 1.435836
v 0.083296 0.449282 1.471911
v 0.023068 0.444438 1.786154
v 0.120829 0.383209 1.608431
v -0.002421 0.511480 1.586786
v 0.083296 0.449282 1.471911
v 0.069892 0.409576 1.789155
v 0.035532 0.511921 1.606844
v 0.120336 0.354878 1.590772
v 0.083296 0.449282 1.471911
v 0.021216 0.445852 1.785812
v -0.019599 0.406898 1.581585
v 0.136527 0.488921 1.613358
v 0.083296 0.449282 1.471911
v 0.114709 0.377739 1.782225
v 0.181799 0.399286 1.582408
v 0.009923 0.442044 1.609665
v 0.083296 0.449282 1.471911
v 0.105788 0.717528 1.298884
v 0.004145 0.569831 1.411784
v 0.180440 0.543330 1.393616
v 0.083296 0.449282 1.471911
v -0.010015 0.735926 1.364540
v -0.016141 0.567864 1.493420
v 0.108084 0.560015 1.364505
v 0.083296 0.449282 1.471911
v -0.032772 0.733329 1.381105
v -0.046383 0.534132 1.452009
v 0.120120 0.591670 1.419168
v 0.083296 0.449282 1.471911
v 0.134582 0.705381 1.287024
v 0.015777 0.558274 1.382612
v 0.191843 0.545169 1.413300
v 0.083296 0.449282 1.471911
v -0.213160 0.534441 1.386694
v -0.059505 0.485337 1.524066
v -0.011069 0.481354 1.351582
v 0.083296 0.449282 1.471911
v -0.212186 0.569287 1.445655
v -0.016203 0.525135 1.378324
v -0.053591 0.469434 1.544493
v 0.083296 0.449282 1.471911
v -0.211275 0.572712 1.452074
v -0.058075 0.433362 1.407311
v -0.010990 0.563946 1.520641
v 0.083296 0.449282 1.471911
v -0.209446 0.518362 1.362684
v -0.020328 0.563508 1.446877
v -0.047274 0.390320 1.409563
v 0.270967 0.304857 1.421097
v 0.253646 0.321702 1.668616
v 0.281703 0.296899 1.422492
v 0.261376 0.315972 1.669621
v 0.294001 0.302269 1.423191
v 0.270231 0.319838 1.670124
v 0.295562 0.315596 1.422496
v 0.271355 0.329434 1.669623
v 0.284825 0.323555 1.421101
v 0.263625 0.335164 1.668619
v 0.272528 0.318185 1.420401
v 0.254770 0.331298 1.668115
v 0.262500 0.325568 1.669120
v 0.380127 0.117163 1.881561
v 0.372698 0.217952 1.695340
v 0.246404 0.266460 1.812853
v 0.262500 0.325568 1.669120
v 0.401832 0.085649 1.828573
v 0.384496 0.284571 1.757712
v 0.251970 0.174629 1.708091
v 0.262500 0.325568 1.669120
v 0.376095 0.123166 1.889415
v 0.303008 0.177475 1.698101
v 0.312868 0.311739 1.816375
v 0.262500 0.325568 1.669120
v 0.368261 0.134930 1.903367
v 0.370680 0.220298 1.709464
v 0.238930 0.278328 1.816174
v 0.262500 0.325568 1.669120
v 0.356702 0.628574 1.710515
v 0.344282 0.443707 1.607743
v 0.256080 0.449834 1.763613
v 0.262500 0.325568 1.669120
v 0.347220 0.617848 1.768090
v 0.232518 0.439735 1.771487
v 0.360259 0.445224 1.645929
v 0.262500 0.325568 1.669120
v 0.351876 0.623956 1.742445
v 0.312576 0.419793 1.783252
v 0.283925 0.470053 1.613648
v 0.262500 0.325568 1.669120
v 0.310185 0.545193 1.896915
v 0.263378 0.478449 1.701348
v 0.299771 0.348387 1.819127
v 0.262500 0.325568 1.669120
v 0.322896 0.134612 1.918696
v 0.310460 0.320472 1.817734
v 0.262858 0.177898 1.720167
v 0.262500 0.325568 1.669120
v 0.324891 0.130819 1.915250
v 0.213916 0.200129 1.748599
v 0.360998 0.295207 1.786545
v 0.262500 0.325568 1.669120
v 0.323390 0.133671 1.917853
v 0.371525 0.239601 1.740782
v 0.202187 0.258017 1.796443
v 0.262500 0.325568 1.669120
v 0.318596 0.142865 1.925777
v 0.339213 0.315633 1.804872
v 0.230664 0.189340 1.738694
v 0.294269 0.307521 1.429016
v 0.308770 0.548162 1.490098
v 0.295393 0.310850 1.416047
v 0.309580 0.550559 1.480760
v 0.284389 0.313556 1.408827
v 0.301657 0.552507 1.475562
v 0.272260 0.312933 1.414576
v 0.292924 0.552059 1.479701
v 0.271135 0.309603 1.427546
v 0.292114 0.549662 1.489039
v 0.282140 0.306898 1.434766
v 0.300038 0.547713 1.494238
v 0.300847 0.550110 1.484900
v 0.524601 0.607567 1.263466
v 0.412591 0.648960 1.438488
v 0.368106 0.497226 1.354165
v 0.300847 0.550110 1.484900
v 0.501910 0.750115 1.336671
v 0.382841 0.575757 1.354395
v 0.379704 0.684467 1.496821
v 0.300847 0.550110 1.484900
v 0.508578 0.732184 1.323353
v 0.315876 0.669466 1.385198
v 0.452003 0.576413 1.455364
v 0.300847 0.550110 1.484900
v 0.524210 0.599564 1.261151
v 0.347235 0.643914 1.368877
v 0.433150 0.495869 1.421923
v 0.300847 0.550110 1.484900
v -0.001319 0.587489 1.583380
v 0.194131 0.505969 1.590139
v 0.165830 0.624155 1.458444
v 0.300847 0.550110 1.484900
v 0.027377 0.671097 1.598812
v 0.154127 0.517115 1.527286
v 0.228791 0.679895 1.533643
v 0.300847 0.550110 1.484900
v -0.005244 0.490947 1.557067
v 0.152726 0.592585 1.459050
v 0.204095 0.460305 1.568483
v 0.300847 0.550110 1.484900
v -0.004064 0.571477 1.579624
v 0.199782 0.629006 1.574194
v 0.157984 0.488308 1.471385
v 0.300847 0.550110 1.484900
v 0.558688 0.624365 1.659268
v 0.362214 0.551232 1.628584
v 0.445753 0.608392 1.480711
v 0.300847 0.550110 1.484900
v 0.545769 0.659955 1.659105
v 0.356920 0.568545 1.629565
v 0.440711 0.619551 1.479598
v 0.300847 0.550110 1.484900
v 0.557329 0.628689 1.659377
v 0.354462 0.575374 1.629466
v 0.452418 0.587709 1.479916
v 0.300847 0.550110 1.484900
v 0.573816 0.547948 1.651883
v 0.409376 0.459648 1.551610
v 0.410694 0.638843 1.551775
v 0.300847 0.550110 1.484900
v 0.379941 0.857377 1.526511
v 0.409920 0.648006 1.539046
v 0.255050 0.698028 1.464042
v 0.300847 0.550110 1.484900
v 0.372478 0.857382 1.538314
v 0.413789 0.657958 1.479873
v 0.245210 0.688080 1.532658
v 0.300847 0.550110 1.484900
v 0.404826 0.852746 1.484654
v 0.419095 0.644796 1.446635
v 0.265782 0.697533 1.522968
v 0.300847 0.550110 1.484900
v 0.393658 0.855763 1.503948
v 0.254444 0.696376 1.514315
v 0.421499 0.648367 1.470723
v 0.290892 0.319487 1.415745
v 0.211677 0.487407 1.581205
v 0.278203 0.317583 1.411755
v 0.202541 0.486036 1.578333
v 0.270575 0.308323 1.417807
v 0.197049 0.479369 1.582690
v 0.275637 0.300967 1.427848
v 0.200693 0.474073 1.589920
v 0.288326 0.302871 1.431838
v 0.209829 0.475444 1.592792
v 0.295953 0.312131 1.425786
v 0.215321 0.482111 1.588435
v 0.206185 0.480740 1.585563
v 0.206185 0.480740 1.585563
v -0.061682 0.654979 1.568584
v 0.086276 0.539391 1.666767
v 0.111800 0.561480 1.490775
v 0.206185 0.480740 1.585563
v -0.057344 0.662250 1.582999
v 0.119679 0.579613 1.500987
v 0.081867 0.527075 1.668088
v 0.206185 0.480740 1.585563
v -0.067435 0.641345 1.543874
v 0.050338 0.472081 1.592568
v 0.143135 0.617883 1.545207
v 0.206185 0.480740 1.585563
v -0.046653 0.675162 1.611510
v 0.067332 0.501701 1.654066
v 0.142767 0.615316 1.537817
v 0.206185 0.480740 1.585563
v 0.205230 0.355405 1.879995
v 0.282152 0.387371 1.685179
v 0.129453 0.473840 1.721492
v 0.206185 0.480740 1.585563
v 0.231643 0.289551 1.840903
v 0.133314 0.426674 1.712759
v 0.299422 0.381855 1.662639
v 0.206185 0.480740 1.585563
v 0.204074 0.358473 1.881276
v 0.261508 0.367180 1.677517
v 0.149172 0.496486 1.730179
v 0.206185 0.480740 1.585563
v 0.232628 0.287260 1.839071
v 0.183811 0.467889 1.739661
v 0.249713 0.338807 1.634271
v 0.206185 0.480740 1.585563
v 0.309466 0.783171 1.569176
v 0.163026 0.630905 1.585381
v 0.331968 0.572520 1.572636
v 0.206185 0.480740 1.585563
v 0.287306 0.789945 1.600101
v 0.175603 0.618033 1.653587
v 0.301664 0.590811 1.529168
v 0.206185 0.480740 1.585563
v 0.318121 0.779117 1.556560
v 0.257013 0.606487 1.663128
v 0.244905 0.593695 1.484796
v 0.206185 0.480740 1.585563
v 0.282060 0.790863 1.607159
v 0.321037 0.582721 1.614213
v 0.152032 0.626857 1.574190
v 0.362021 0.113655 1.211157
v 0.482956 0.063447 1.484732
v 0.374617 0.102112 1.203648
v 0.492025 0.055136 1.479326
v 0.391103 0.108733 1.197933
v 0.503895 0.059903 1.475210
v 0.394993 0.126897 1.199725
v 0.506695 0.072981 1.476501
v 0.382396 0.138441 1.207234
v 0.497626 0.081292 1.481907
v 0.365911 0.131820 1.212949
v 0.485756 0.076525 1.486023
v 0.483402 0.062175 1.484303
v 0.617519 -0.118413 1.590369
v 0.489026 0.059253 1.472454
v 0.621568 -0.120517 1.581838
v 0.500450 0.065292 1.468768
v 0.629793 -0.116169 1.579184
v 0.506249 0.074253 1.476930
v 0.633969 -0.109717 1.585061
v 0.500625 0.077175 1.488779
v 0.629919 -0.107613 1.593591
v 0.489201 0.071136 1.492465
v 0.621695 -0.111961 1.596245
v 0.625744 -0.114065 1.587715
v 0.625744 -0.114065 1.587715
v 0.698049 -0.348527 1.382289
v 0.683554 -0.258528 1.573554
v 0.625778 -0.157171 1.437535
v 0.625744 -0.114065 1.587715
v 0.717466 -0.367182 1.414744
v 0.740661 -0.216800 1.562187
v 0.584204 -0.213823 1.474866
v 0.625744 -0.114065 1.587715
v 0.700606 -0.351144 1.386247
v 0.682294 -0.259267 1.576288
v 0.629083 -0.158526 1.437967
v 0.625744 -0.114065 1.587715
v 0.708971 -0.359376 1.399842
v 0.661101 -0.266211 1.584019
v 0.656968 -0.158168 1.441113
v 0.625744 -0.114065 1.587715
v 0.804665 0.096173 1.749540
v 0.648065 -0.044568 1.725860
v 0.746559 -0.015371 1.579030
v 0.625744 -0.114065 1.587715
v 0.843344 0.019775 1.780424
v 0.725308 -0.139397 1.705432
v 0.700260 0.018339 1.624165
v 0.625744 -0.114065 1.587715
v 0.841953 0.023525 1.779346
v 0.775486 -0.071891 1.602230
v 0.648968 -0.046167 1.726504
v 0.625744 -0.114065 1.587715
v 0.795932 0.108439 1.742400
v 0.634508 -0.026378 1.716735
v 0.753130 -0.023748 1.582442
v 0.505748 0.062792 1.474973
v 0.647511 0.203445 1.623195
v 0.500322 0.073928 1.469768
v 0.643604 0.211462 1.619446
v 0.489399 0.079350 1.475411
v 0.635740 0.215366 1.623509
v 0.483903 0.073636 1.486259
v 0.631782 0.211252 1.631321
v 0.489329 0.062501 1.491465
v 0.635690 0.203235 1.635069
v 0.500252 0.057079 1.485822
v 0.643554 0.199331 1.631006
v 0.639647 0.207348 1.627258
v 0.640167 0.484458 1.467227
v 0.629358 0.362707 1.640293
v 0.650352 0.273677 1.486197
v 0.639647 0.207348 1.627258
v 0.749143 0.508021 1.624665
v 0.661056 0.335025 1.539780
v 0.705834 0.320209 1.712661
v 0.639647 0.207348 1.627258
v 0.745562 0.509181 1.618370
v 0.762832 0.300521 1.650849
v 0.601194 0.355642 1.596556
v 0.639647 0.207348 1.627258
v 0.649328 0.490344 1.478195
v 0.731813 0.311187 1.555597
v 0.555226 0.329907 1.579668
v 0.639647 0.207348 1.627258
v 0.572550 0.274570 1.932838
v 0.561531 0.160922 1.754359
v 0.664085 0.307552 1.744621
v 0.639647 0.207348 1.627258
v 0.637344 0.312505 1.929477
v 0.562291 0.205077 1.762989
v 0.715161 0.293745 1.733302
v 0.639647 0.207348 1.627258
v 0.588848 0.284676 1.933591
v 0.604172 0.152093 1.769034
v 0.634483 0.324466 1.730548
v 0.639647 0.207348 1.627258
v 0.589735 0.285215 1.933600
v 0.701637 0.274466 1.754004
v 0.537728 0.202525 1.745585
v 0.639647 0.207348 1.627258
v 0.887650 0.099666 1.456089
v 0.693805 0.180816 1.483122
v 0.783892 0.147735 1.634458
v 0.639647 0.207348 1.627258
v 0.894084 0.105437 1.462103
v 0.687342 0.136784 1.496269
v 0.795502 0.196384 1.626123
v 0.639647 0.207348 1.627258
v 0.949058 0.183890 1.549063
v 0.786123 0.232404 1.675518
v 0.740700 0.163526 1.516442
v 0.639647 0.207348 1.627258
v 0.955333 0.205888 1.574910
v 0.768718 0.119313 1.625623
v 0.763125 0.294215 1.587014
v 0.639647 0.207348 1.627258
v 0.752525 0.500352 1.565556
v 0.605573 0.359816 1.625110
v 0.764024 0.289284 1.580044
v 0.639647 0.207348 1.627258
v 0.805426 0.472461 1.695320
v 0.739164 0.273833 1.727698
v 0.672753 0.352954 1.581267
v 0.639647 0.207348 1.627258
v 0.764126 0.499630 1.588831
v 0.611240 0.353260 1.579142
v 0.767637 0.295262 1.644632
v 0.639647 0.207348 1.627258
v 0.773149 0.497557 1.608386
v 0.717156 0.306835 1.535025
v 0.668939 0.340029 1.704394
v 0.490561 0.080283 1.484703
v 0.407443 -0.024300 1.694472
v 0.482387 0.072316 1.477613
v 0.401558 -0.030036 1.689367
v 0.486652 0.060247 1.473526
v 0.404629 -0.038726 1.686425
v 0.499090 0.056145 1.476530
v 0.413585 -0.041679 1.688588
v 0.507264 0.064112 1.483620
v 0.419469 -0.035943 1.693693
v 0.502999 0.076182 1.487707
v 0.416398 -0.027253 1.696635
v 0.410514 -0.032990 1.691530
v 0.124225 -0.073505 1.554426
v 0.332260 -0.033378 1.556296
v 0.259737 -0.065013 1.717082
v 0.410514 -0.032990 1.691530
v 0.108205 -0.097923 1.609109
v 0.303750 -0.145878 1.675100
v 0.275431 0.027952 1.642023
v 0.410514 -0.032990 1.691530
v 0.104241 -0.110205 1.640203
v 0.277758 -0.081262 1.758297
v 0.298251 -0.046489 1.583702
v 0.410514 -0.032990 1.691530
v 0.103618 -0.121130 1.670409
v 0.278038 -0.055535 1.771242
v 0.297473 -0.080957 1.594922
v 0.410514 -0.032990 1.691530
v 0.213499 -0.165910 1.905814
v 0.402286 -0.117340 1.822792
v 0.261130 -0.054976 1.731696
v 0.410514 -0.032990 1.691530
v 0.162139 -0.164289 1.844731
v 0.255585 -0.053185 1.690407
v 0.366743 -0.117833 1.815215
v 0.410514 -0.032990 1.691530
v 0.203685 -0.166224 1.896153
v 0.321902 -0.008758 1.817914
v 0.333663 -0.163809 1.728845
v 0.410514 -0.032990 1.691530
v 0.148606 -0.161975 1.822554
v 0.332380 -0.165841 1.717177
v 0.279121 -0.003326 1.770703
v 0.483211 0.063310 1.485265
v 0.595983 0.010654 1.700578
v 0.491843 0.055227 1.478885
v 0.602198 0.004835 1.695984
v 0.503457 0.060131 1.474236
v 0.610560 0.008366 1.692637
v 0.506440 0.073118 1.475968
v 0.612707 0.017716 1.693883
v 0.497808 0.081201 1.482348
v 0.606492 0.023536 1.698477
v 0.486194 0.076297 1.486997
v 0.598130 0.020005 1.701824
v 0.604345 0.014185 1.697231
v 0.744715 -0.273265 1.705515
v 0.656215 -0.100305 1.790041
v 0.664771 -0.101285 1.611048
v 0.604345 0.014185 1.697231
v 0.726877 -0.278149 1.653342
v 0.570595 -0.136860 1.675819
v 0.736121 -0.068637 1.683531
v 0.604345 0.014185 1.697231
v 0.680304 -0.261440 1.553491
v 0.581749 -0.074671 1.570716
v 0.687708 -0.117458 1.708754
v 0.604345 0.014185 1.697231
v 0.727366 -0.278134 1.654626
v 0.572480 -0.133591 1.657748
v 0.734627 -0.071893 1.702629
v 0.604345 0.014185 1.697231
v 0.720994 0.304729 1.763393
v 0.585868 0.142833 1.783952
v 0.716141 0.117973 1.663439
v 0.604345 0.014185 1.697231
v 0.688917 0.322803 1.698885
v 0.722652 0.114584 1.678909
v 0.553696 0.160681 1.716876
v 0.604345 0.014185 1.697231
v 0.681219 0.324558 1.684625
v 0.635744 0.141810 1.781719
v 0.634445 0.134859 1.602658
v 0.604345 0.014185 1.697231
v 0.731486 0.293835 1.786847
v 0.737414 0.092601 1.720802
v 0.572988 0.159489 1.745353
v 0.604345 0.014185 1.697231
v 0.427652 -0.158483 1.900615
v 0.485571 -0.086530 1.709931
v 0.581764 -0.023234 1.847238
v 0.604345 0.014185 1.697231
v 0.376915 -0.154884 1.845863
v 0.495885 -0.097009 1.680367
v 0.530861 -0.009875 1.833000
v 0.604345 0.014185 1.697231
v 0.376496 -0.154806 1.845308
v 0.452855 0.009298 1.735165
v 0.573556 -0.116120 1.777758
v 0.604345 0.014185 1.697231
v 0.425134 -0.158524 1.898365
v 0.491432 0.019787 1.805080
v 0.573889 -0.129583 1.750288
v 0.604345 0.014185 1.697231
v 0.754722 -0.157506 1.921527
v 0.667070 -0.124769 1.731428
v 0.661921 0.015787 1.842470
v 0.604345 0.014185 1.697231
v 0.756020 -0.221003 1.852412
v 0.662772 -0.130224 1.685211
v 0.667257 -0.029556 1.833395
v 0.604345 0.014185 1.697231
v 0.748624 -0.116862 1.951022
v 0.664567 0.041922 1.838709
v 0.659546 -0.118389 1.758785
v 0.604345 0.014185 1.697231
v 0.748697 -0.117254 1.950778
v 0.608541 0.008235 1.853305
v 0.715631 -0.085015 1.743994
v 0.395912 0.113550 1.205144
v 0.495040 0.379853 1.311188
v 0.389021 0.122268 1.190151
v 0.490078 0.386131 1.300393
v 0.371615 0.128995 1.190448
v 0.477546 0.390974 1.300607
v 0.361102 0.127003 1.205738
v 0.469976 0.389540 1.311616
v 0.367993 0.118285 1.220731
v 0.474938 0.383262 1.322411
v 0.385399 0.111558 1.220434
v 0.487470 0.378419 1.322197
v 0.495115 0.380177 1.310306
v 0.569100 0.611124 1.255179
v 0.487062 0.380299 1.299550
v 0.563303 0.611212 1.247435
v 0.474455 0.384818 1.300646
v 0.554226 0.614466 1.248224
v 0.469901 0.389216 1.312498
v 0.550947 0.617632 1.256757
v 0.477954 0.389094 1.323254
v 0.556745 0.617544 1.264502
v 0.490560 0.384575 1.322158
v 0.565822 0.614291 1.263713
v 0.560024 0.614378 1.255968
v 0.560024 0.614378 1.255968
v 0.549807 0.681851 0.943329
v 0.466388 0.641760 1.133924
v 0.645486 0.640975 1.127901
v 0.560024 0.614378 1.255968
v 0.536508 0.646829 0.938488
v 0.582601 0.710829 1.135139
v 0.518634 0.543889 1.122813
v 0.560024 0.614378 1.255968
v 0.508489 0.568397 0.943510
v 0.597604 0.527858 1.131412
v 0.481215 0.664113 1.130557
v 0.560024 0.614378 1.255968
v 0.530342 0.630135 0.937738
v 0.631155 0.588261 1.119329
v 0.465146 0.653101 1.138023
v 0.474103 0.391274 1.303238
v 0.438418 0.560179 1.482255
v 0.469403 0.381731 1.311447
v 0.435034 0.553308 1.488166
v 0.477808 0.375153 1.319611
v 0.441086 0.548572 1.494043
v 0.490913 0.378119 1.319566
v 0.450522 0.550708 1.494011
v 0.495613 0.387663 1.311357
v 0.453906 0.557579 1.488101
v 0.487208 0.394240 1.303193
v 0.447854 0.562315 1.482223
v 0.444470 0.555444 1.488133
v 0.444470 0.555444 1.488133
v 0.193396 0.436819 1.647162
v 0.288504 0.551714 1.496677
v 0.399577 0.464273 1.606812
v 0.444470 0.555444 1.488133
v 0.201870 0.499339 1.689125
v 0.298376 0.595220 1.526688
v 0.396484 0.470783 1.610371
v 0.444470 0.555444 1.488133
v 0.194443 0.407812 1.622638
v 0.291475 0.526125 1.476081
v 0.397443 0.466657 1.607789
v 0.444470 0.555444 1.488133
v 0.197300 0.388606 1.604203
v 0.330769 0.552918 1.595268
v 0.360435 0.424499 1.473855
v 0.444470 0.555444 1.488133
v 0.700777 0.690774 1.623752
v 0.544374 0.548701 1.608074
v 0.549611 0.670450 1.476687
v 0.444470 0.555444 1.488133
v 0.714192 0.677373 1.609719
v 0.549251 0.670798 1.476891
v 0.555467 0.537632 1.596644
v 0.444470 0.555444 1.488133
v 0.758886 0.599245 1.528429
v 0.570482 0.632666 1.437440
v 0.569991 0.513263 1.571063
v 0.444470 0.555444 1.488133
v 0.731781 0.655723 1.587111
v 0.563956 0.651454 1.457848
v 0.554832 0.539656 1.597601
v 0.444470 0.555444 1.488133
v 0.233564 0.754205 1.352439
v 0.424397 0.696616 1.424262
v 0.295818 0.573280 1.443450
v 0.444470 0.555444 1.488133
v 0.237928 0.715117 1.303080
v 0.428276 0.672318 1.385711
v 0.295430 0.566308 1.442513
v 0.444470 0.555444 1.488133
v 0.235720 0.727846 1.317543
v 0.295472 0.567687 1.442726
v 0.426469 0.681122 1.397068
v 0.444470 0.555444 1.488133
v 0.237561 0.786086 1.408180
v 0.424739 0.709530 1.471392
v 0.298674 0.585872 1.440912
v 0.484243 0.379158 1.323521
v 0.719622 0.459436 1.322347
v 0.486741 0.371986 1.312436
v 0.721421 0.454272 1.314366
v 0.485006 0.377524 1.300317
v 0.720172 0.458260 1.305640
v 0.480773 0.390235 1.299283
v 0.717124 0.467412 1.304896
v 0.478275 0.397407 1.310368
v 0.715325 0.472576 1.312877
v 0.480010 0.391869 1.322487
v 0.716574 0.468588 1.321602
v 0.718373 0.463424 1.313621
v 0.718373 0.463424 1.313621
v 0.864239 0.229471 1.151174
v 0.697595 0.342948 1.216328
v 0.855843 0.396738 1.280956
v 0.718373 0.463424 1.313621
v 0.838249 0.216831 1.148631
v 0.736819 0.308302 1.310610
v 0.795828 0.421272 1.184640
v 0.718373 0.463424 1.313621
v 0.923277 0.269013 1.163226
v 0.778812 0.319394 1.309800
v 0.821857 0.451925 1.197127
v 0.718373 0.463424 1.313621
v 0.943448 0.287055 1.169971
v 0.859773 0.398836 1.329331
v 0.757033 0.386916 1.182992
v 0.718373 0.463424 1.313621
v 0.712790 0.770084 1.222362
v 0.729492 0.561040 1.192132
v 0.702788 0.611136 1.362103
v 0.718373 0.463424 1.313621
v 0.775105 0.767049 1.229995
v 0.743021 0.608321 1.366626
v 0.739111 0.561427 1.193715
v 0.718373 0.463424 1.313621
v 0.856627 0.743898 1.245650
v 0.756965 0.604040 1.369745
v 0.790384 0.547187 1.203121
v 0.718373 0.463424 1.313621
v 0.688928 0.768115 1.220366
v 0.626725 0.589929 1.316661
v 0.786465 0.580671 1.235977
v 0.718373 0.463424 1.313621
v 0.793537 0.286368 1.569359
v 0.676911 0.340733 1.401029
v 0.819966 0.444470 1.430803
v 0.718373 0.463424 1.313621
v 0.806051 0.291188 1.568665
v 0.667697 0.388212 1.440851
v 0.839192 0.400847 1.390427
v 0.718373 0.463424 1.313621
v 0.767092 0.277345 1.569358
v 0.663269 0.421282 1.453620
v 0.812452 0.356703 1.378211
v 0.718373 0.463424 1.313621
v 0.939083 0.370500 1.525876
v 0.854285 0.388716 1.332564
v 0.759029 0.463793 1.464482
v 0.494784 0.379252 1.310959
v 0.588992 0.594284 1.393031
v 0.489871 0.385629 1.300201
v 0.585454 0.598875 1.385285
v 0.477594 0.391073 1.300643
v 0.576615 0.602795 1.385604
v 0.470231 0.390141 1.311845
v 0.571314 0.602124 1.393669
v 0.475145 0.383765 1.322603
v 0.574852 0.597533 1.401415
v 0.487421 0.378320 1.322161
v 0.583691 0.593613 1.401096
v 0.580153 0.598204 1.393350
v 0.666156 0.787646 1.150215
v 0.570298 0.742248 1.333633
v 0.658811 0.605713 1.258559
v 0.580153 0.598204 1.393350
v 0.666426 0.788234 1.150769
v 0.670554 0.718301 1.350730
v 0.558770 0.630131 1.241905
v 0.580153 0.598204 1.393350
v 0.684205 0.826979 1.195272
v 0.655996 0.734470 1.383789
v 0.587552 0.644957 1.244449
v 0.580153 0.598204 1.393350
v 0.616390 0.678929 1.085827
v 0.540213 0.700643 1.282341
v 0.649083 0.560344 1.258341
v 0.580153 0.598204 1.393350
v 0.406716 0.717879 1.634177
v 0.467265 0.699070 1.432008
v 0.554291 0.593077 1.547354
v 0.580153 0.598204 1.393350
v 0.483766 0.794044 1.627351
v 0.461243 0.683598 1.447944
v 0.621953 0.669481 1.525956
v 0.580153 0.598204 1.393350
v 0.427212 0.741648 1.635079
v 0.587137 0.713033 1.499074
v 0.450816 0.598130 1.481009
v 0.580153 0.598204 1.393350
v 0.422662 0.736633 1.635081
v 0.561432 0.602003 1.548422
v 0.472881 0.705147 1.431663
v 0.580153 0.598204 1.393350
v 0.893942 0.612314 1.454482
v 0.722641 0.607276 1.329892
v 0.688696 0.600420 1.505714
v 0.580153 0.598204 1.393350
v 0.886082 0.508806 1.421910
v 0.679644 0.504808 1.469448
v 0.725404 0.620081 1.340100
v 0.580153 0.598204 1.393350
v 0.894679 0.561223 1.439241
v 0.689790 0.515379 1.467727
v 0.722136 0.651443 1.355687
v 0.580153 0.598204 1.393350
v 0.888014 0.516701 1.424636
v 0.685478 0.484958 1.371121
v 0.721116 0.646247 1.440608
v 0.580153 0.598204 1.393350
v 0.700892 0.869489 1.274075
v 0.578686 0.696420 1.271845
v 0.678211 0.717015 1.419436
v 0.580153 0.598204 1.393350
v 0.707739 0.880591 1.313481
v 0.550817 0.749857 1.369839
v 0.711558 0.672460 1.352966
v 0.580153 0.598204 1.393350
v 0.692347 0.854425 1.237905
v 0.541395 0.731235 1.321152
v 0.708666 0.670149 1.341192
v 0.580153 0.598204 1.393350
v 0.711298 0.885593 1.342278
v 0.551504 0.750969 1.377412
v 0.713718 0.675349 1.368431
v 0.387236 0.135451 1.198972
v 0.402365 0.241313 1.482792
v 0.368617 0.135218 1.200223
v 0.388959 0.241145 1.483693
v 0.359888 0.120044 1.206692
v 0.382675 0.230220 1.488350
v 0.369778 0.105102 1.211910
v 0.389796 0.219462 1.492107
v 0.388397 0.105335 1.210659
v 0.403201 0.219629 1.491206
v 0.397126 0.120509 1.204190
v 0.409486 0.230555 1.486549
v 0.403007 0.240960 1.482890
v 0.240968 0.391424 1.596702
v 0.392964 0.235846 1.475573
v 0.233736 0.387742 1.591434
v 0.386037 0.225273 1.480133
v 0.228749 0.380130 1.594717
v 0.389154 0.219815 1.492009
v 0.230993 0.376200 1.603268
v 0.399197 0.224929 1.499326
v 0.238224 0.379882 1.608535
v 0.406124 0.235501 1.494766
v 0.243212 0.387494 1.605252
v 0.235980 0.383812 1.599985
v -0.030388 0.515774 1.481519
v 0.171415 0.451560 1.474870
v 0.087451 0.421633 1.630327
v 0.235980 0.383812 1.599985
v 0.001106 0.460243 1.396534
v 0.202381 0.448083 1.461592
v 0.081680 0.380686 1.575616
v 0.235980 0.383812 1.599985
v 0.016161 0.441254 1.374640
v 0.082972 0.388828 1.568754
v 0.213134 0.424749 1.450940
v 0.235980 0.383812 1.599985
v -0.031770 0.520013 1.489717
v 0.177036 0.506296 1.522943
v 0.080724 0.370289 1.588812
v 0.235980 0.383812 1.599985
v 0.259897 0.241299 1.885498
v 0.186714 0.264502 1.688019
v 0.304380 0.389112 1.740361
v 0.235980 0.383812 1.599985
v 0.244790 0.256787 1.893561
v 0.293197 0.399408 1.744536
v 0.185812 0.266596 1.690294
v 0.235980 0.383812 1.599985
v 0.234260 0.267944 1.898266
v 0.270765 0.260700 1.689682
v 0.199819 0.414229 1.748912
v 0.235980 0.383812 1.599985
v 0.240924 0.260849 1.895375
v 0.299023 0.274463 1.692074
v 0.176892 0.394791 1.744208
v 0.235980 0.383812 1.599985
v 0.308067 0.690826 1.545711
v 0.300155 0.512834 1.660376
v 0.229476 0.500402 1.496174
v 0.235980 0.383812 1.599985
v 0.309224 0.690406 1.544891
v 0.352270 0.485170 1.575178
v 0.178285 0.527729 1.580717
v 0.235980 0.383812 1.599985
v 0.245295 0.703529 1.590288
v 0.236051 0.509091 1.506619
v 0.243361 0.514306 1.685594
v 0.235980 0.383812 1.599985
v 0.353613 0.668560 1.513491
v 0.236191 0.536965 1.630909
v 0.329876 0.458457 1.499866
v 0.235980 0.383812 1.599985
v -0.023885 0.569351 1.621081
v 0.103477 0.410062 1.678508
v 0.160591 0.505994 1.538338
v 0.235980 0.383812 1.599985
v -0.021726 0.571320 1.628768
v 0.084385 0.388139 1.637565
v 0.181411 0.529491 1.585430
v 0.235980 0.383812 1.599985
v -0.019422 0.573145 1.636353
v 0.187073 0.531594 1.613432
v 0.080566 0.387497 1.615631
v 0.235980 0.383812 1.599985
v -0.022813 0.570363 1.624974
v 0.091717 0.410448 1.546220
v 0.173209 0.506417 1.673741
v 0.383820 0.225566 1.490096
v 0.456842 0.178251 1.723074
v 0.393426 0.217356 1.485526
v 0.463758 0.172340 1.719784
v 0.405686 0.222177 1.482880
v 0.472585 0.175811 1.717878
v 0.408340 0.235208 1.484803
v 0.474496 0.185193 1.719263
v 0.398734 0.243418 1.489373
v 0.467580 0.191104 1.722553
v 0.386475 0.238597 1.492019
v 0.458753 0.187633 1.724458
v 0.465669 0.181722 1.721168
v 0.567416 -0.082570 1.870156
v 0.536626 0.043731 1.702847
v 0.476110 0.108280 1.858680
v 0.465669 0.181722 1.721168
v 0.538639 -0.129506 1.706580
v 0.453597 0.051275 1.636021
v 0.536116 0.063187 1.794644
v 0.465669 0.181722 1.721168
v 0.542802 -0.128828 1.724146
v 0.412116 0.036333 1.701013
v 0.580928 0.078671 1.743706
v 0.465669 0.181722 1.721168
v 0.555502 -0.118496 1.785971
v 0.569206 0.069279 1.688785
v 0.433997 0.053991 1.805394
v 0.465669 0.181722 1.721168
v 0.613032 0.461988 1.767372
v 0.600599 0.259238 1.707122
v 0.448630 0.328419 1.772177
v 0.465669 0.181722 1.721168
v 0.630492 0.411858 1.870402
v 0.465591 0.331977 1.764012
v 0.597605 0.215576 1.797712
v 0.465669 0.181722 1.721168
v 0.593679 0.474475 1.703598
v 0.440627 0.334037 1.745362
v 0.593118 0.263610 1.682918
v 0.465669 0.181722 1.721168
v 0.598348 0.472894 1.717308
v 0.449133 0.330522 1.765859
v 0.588347 0.265860 1.673388
v 0.465669 0.181722 1.721168
v 0.192639 0.028836 1.788108
v 0.310495 0.195939 1.732622
v 0.402419 0.045196 1.763266
v 0.465669 0.181722 1.721168
v 0.203541 0.024375 1.815672
v 0.326170 0.127128 1.676762
v 0.395465 0.110438 1.841177
v 0.465669 0.181722 1.721168
v 0.292283 0.023489 1.938654
v 0.443312 0.043992 1.791474
v 0.349317 0.192866 1.824851
v 0.465669 0.181722 1.721168
v 0.262677 0.020026 1.908381
v 0.349664 0.194339 1.825071
v 0.419280 0.039749 1.767035
v 0.465669 0.181722 1.721168
v 0.596267 -0.075950 1.858823
v 0.531479 0.125638 1.851306
v 0.504337 0.031667 1.701155
v 0.465669 0.181722 1.721168
v 0.579824 0.031803 1.979804
v 0.520399 0.046428 1.776958
v 0.502263 0.197080 1.872288
v 0.465669 0.181722 1.721168
v 0.587169 -0.000838 1.954212
v 0.561688 0.062847 1.753745
v 0.466850 0.154549 1.875027
v 0.465669 0.181722 1.721168
v 0.578724 0.036236 1.982802
v 0.505976 0.044453 1.783974
v 0.515806 0.202602 1.867669
v 0.409107 0.227124 1.487912
v 0.457118 0.448749 1.590023
v 0.404111 0.233311 1.477081
v 0.453521 0.453204 1.582225
v 0.391084 0.236574 1.476618
v 0.444142 0.455553 1.581892
v 0.383054 0.233650 1.486987
v 0.438360 0.453448 1.589357
v 0.388050 0.227464 1.497818
v 0.441957 0.448994 1.597156
v 0.401076 0.224201 1.498281
v 0.451336 0.446644 1.597489
v 0.447739 0.451099 1.589690
v 0.550580 0.667244 1.377311
v 0.573462 0.512162 1.519853
v 0.404289 0.562951 1.489624
v 0.447739 0.451099 1.589690
v 0.554211 0.725525 1.464175
v 0.462450 0.604994 1.612312
v 0.518206 0.516744 1.466656
v 0.447739 0.451099 1.589690
v 0.542824 0.619496 1.334737
v 0.465655 0.449241 1.434488
v 0.505892 0.587674 1.540930
v 0.447739 0.451099 1.589690
v 0.543785 0.624641 1.338576
v 0.552676 0.554901 1.538450
v 0.419640 0.486130 1.440039
v 0.447739 0.451099 1.589690
v 0.278713 0.516152 1.853505
v 0.449810 0.522421 1.728690
v 0.310448 0.431819 1.661742
v 0.447739 0.451099 1.589690
v 0.247394 0.444993 1.839139
v 0.387679 0.534056 1.707686
v 0.347523 0.363256 1.671254
v 0.447739 0.451099 1.589690
v 0.273900 0.506815 1.852512
v 0.445577 0.521415 1.729200
v 0.310830 0.425355 1.660438
v 0.447739 0.451099 1.589690
v 0.285653 0.528913 1.854403
v 0.311587 0.503458 1.645665
v 0.454223 0.460991 1.745486
v 0.447739 0.451099 1.589690
v 0.765985 0.463266 1.558519
v 0.569063 0.412330 1.499193
v 0.581012 0.499601 1.655250
v 0.447739 0.451099 1.589690
v 0.765984 0.463199 1.558486
v 0.576579 0.368237 1.558926
v 0.573495 0.543640 1.595491
v 0.447739 0.451099 1.589690
v 0.734956 0.340596 1.501964
v 0.534975 0.402601 1.469482
v 0.590277 0.411193 1.639718
v 0.447739 0.451099 1.589690
v 0.765493 0.449591 1.551868
v 0.565075 0.412441 1.494034
v 0.584606 0.488550 1.655088
v 0.447739 0.451099 1.589690
v 0.516477 0.731979 1.452645
v 0.515244 0.520599 1.467114
v 0.435225 0.606302 1.602630
v 0.447739 0.451099 1.589690
v 0.515719 0.726251 1.441131
v 0.501028 0.515534 1.457703
v 0.448834 0.606785 1.602829
v 0.447739 0.451099 1.589690
v 0.516551 0.732559 1.453877
v 0.394739 0.564412 1.496079
v 0.555788 0.562953 1.574651
v 0.447739 0.451099 1.589690
v 0.518628 0.755158 1.519531
v 0.483361 0.551039 1.474994
v 0.468828 0.594406 1.648259
v 0.402289 0.241101 1.482232
v 0.434296 0.329890 1.712322
v 0.388986 0.241301 1.484115
v 0.424718 0.330035 1.713678
v 0.382777 0.230588 1.489333
v 0.420247 0.322321 1.717434
v 0.389871 0.219674 1.492667
v 0.425355 0.314463 1.719835
v 0.403174 0.219474 1.490784
v 0.434933 0.314319 1.718479
v 0.409383 0.230187 1.485566
v 0.439403 0.322033 1.714723
v 0.429825 0.322177 1.716078
v 0.233591 0.495135 1.900409
v 0.368080 0.463741 1.739725
v 0.334583 0.318979 1.839896
v 0.429825 0.322177 1.716078
v 0.152674 0.471587 1.773207
v 0.275164 0.317738 1.694346
v 0.362765 0.446143 1.783513
v 0.429825 0.322177 1.716078
v 0.165248 0.479867 1.802871
v 0.372282 0.435059 1.807504
v 0.275707 0.335447 1.694087
v 0.429825 0.322177 1.716078
v 0.143028 0.461605 1.742675
v 0.284469 0.306447 1.771181
v 0.345744 0.449449 1.682253
v 0.429825 0.322177 1.716078
v 0.581394 0.046315 1.773759
v 0.433365 0.194440 1.805983
v 0.547541 0.229224 1.672318
v 0.429825 0.322177 1.716078
v 0.584384 0.052099 1.790708
v 0.534634 0.217036 1.667368
v 0.448664 0.211256 1.824493
v 0.429825 0.322177 1.716078
v 0.577753 0.041224 1.755868
v 0.548100 0.231907 1.668386
v 0.429892 0.187685 1.795603
v 0.429825 0.322177 1.716078
v 0.578536 0.042181 1.759523
v 0.534727 0.222469 1.657204
v 0.443893 0.197888 1.809708
v 0.429825 0.322177 1.716078
v 0.529618 0.624928 1.744059
v 0.553022 0.417770 1.706245
v 0.386463 0.468785 1.748296
v 0.429825 0.322177 1.716078
v 0.525497 0.608609 1.821925
v 0.541227 0.399167 1.794017
v 0.394961 0.474332 1.722818
v 0.429825 0.322177 1.716078
v 0.529506 0.624255 1.750897
v 0.457268 0.436906 1.818529
v 0.482127 0.449110 1.641482
v 0.429825 0.322177 1.716078
v 0.529580 0.624685 1.746697
v 0.455429 0.438953 1.816677
v 0.484025 0.447408 1.639975
v 0.429825 0.322177 1.716078
v 0.353442 0.511281 1.962666
v 0.363593 0.457329 1.758024
v 0.434951 0.338308 1.871403
v 0.429825 0.322177 1.716078
v 0.394564 0.498148 1.981014
v 0.448696 0.325257 1.871148
v 0.382745 0.459874 1.772957
v 0.429825 0.322177 1.716078
v 0.423270 0.486930 1.990329
v 0.493096 0.440806 1.795678
v 0.361311 0.335350 1.855880
v 0.429825 0.322177 1.716078
v 0.439255 0.479974 1.994307
v 0.428020 0.307590 1.871630
v 0.439174 0.463001 1.783110
v 0.300134 -0.025038 0.886698
v 0.499698 -0.312373 1.006832
v 0.298469 -0.036265 0.863395
v 0.498499 -0.320456 0.990054
v 0.316675 -0.031754 0.845506
v 0.511608 -0.317208 0.977174
v 0.336547 -0.016016 0.850920
v 0.525915 -0.305877 0.981072
v 0.338212 -0.004790 0.874223
v 0.527114 -0.297794 0.997850
v 0.320005 -0.009300 0.892112
v 0.514005 -0.301042 1.010730
v 0.500903 -0.310965 1.008207
v 0.485927 -0.608343 0.950493
v 0.494445 -0.307473 0.991050
v 0.481277 -0.605830 0.938140
v 0.506349 -0.305634 0.976794
v 0.489847 -0.604505 0.927876
v 0.524710 -0.307286 0.979697
v 0.503068 -0.605695 0.929965
v 0.531168 -0.310777 0.996855
v 0.507717 -0.608208 0.942319
v 0.519264 -0.312616 1.011110
v 0.499147 -0.609533 0.952583
v 0.494497 -0.607019 0.940229
v 0.486851 -0.608523 0.951176
v 0.317891 -0.726880 0.812275
v 0.485434 -0.597631 0.943436
v 0.316871 -0.719038 0.806702
v 0.493081 -0.596127 0.932489
v 0.322376 -0.717955 0.798821
v 0.502143 -0.605515 0.929283
v 0.328901 -0.724714 0.796512
v 0.503560 -0.616407 0.937023
v 0.329921 -0.732556 0.802085
v 0.495914 -0.617911 0.947969
v 0.324416 -0.733639 0.809966
v 0.323396 -0.725797 0.804394
v 0.323396 -0.725797 0.804394
v 0.137101 -0.507091 0.663462
v 0.313405 -0.622005 0.688034
v 0.184351 -0.654624 0.808007
v 0.323396 -0.725797 0.804394
v 0.216609 -0.434255 0.726935
v 0.222085 -0.612658 0.841105
v 0.339277 -0.605703 0.705715
v 0.323396 -0.725797 0.804394
v 0.167949 -0.471348 0.688239
v 0.339284 -0.587528 0.733391
v 0.183150 -0.660507 0.782472
v 0.323396 -0.725797 0.804394
v 0.213122 -0.436307 0.724174
v 0.195793 -0.642434 0.770037
v 0.362779 -0.577568 0.774575
v 0.323396 -0.725797 0.804394
v 0.356446 -0.960583 0.589491
v 0.352834 -0.877955 0.784560
v 0.320398 -0.761468 0.652306
v 0.323396 -0.725797 0.804394
v 0.515580 -0.925888 0.644929
v 0.402590 -0.748657 0.671661
v 0.397949 -0.863010 0.809554
v 0.323396 -0.725797 0.804394
v 0.508657 -0.929133 0.640893
v 0.394185 -0.865055 0.807272
v 0.400816 -0.749208 0.670714
v 0.323396 -0.725797 0.804394
v 0.346437 -0.960513 0.588112
v 0.283727 -0.771452 0.660330
v 0.381498 -0.867915 0.775432
v 0.492451 -0.604540 0.927182
v 0.605063 -0.819447 0.872566
v 0.503710 -0.600274 0.933146
v 0.613170 -0.816375 0.876860
v 0.505757 -0.602752 0.946193
v 0.614643 -0.818160 0.886254
v 0.496544 -0.609498 0.953276
v 0.608010 -0.823016 0.891354
v 0.485284 -0.613764 0.947312
v 0.599903 -0.826089 0.887060
v 0.483238 -0.611286 0.934265
v 0.598430 -0.824304 0.877666
v 0.606537 -0.821232 0.881960
v 0.916220 -0.756900 0.833406
v 0.726728 -0.837459 0.783456
v 0.734093 -0.753540 0.941621
v 0.606537 -0.821232 0.881960
v 0.917437 -0.764363 0.831893
v 0.711094 -0.758739 0.784111
v 0.750699 -0.838230 0.939756
v 0.606537 -0.821232 0.881960
v 0.917021 -0.761680 0.832433
v 0.716735 -0.710511 0.878901
v 0.744726 -0.884311 0.845398
v 0.606537 -0.821232 0.881960
v 0.895257 -0.687143 0.849395
v 0.748539 -0.836887 0.818696
v 0.695511 -0.698305 0.919172
v 0.606537 -0.821232 0.881960
v 0.459723 -1.001262 1.102039
v 0.569675 -0.833706 1.033280
v 0.525947 -0.952781 0.906703
v 0.606537 -0.821232 0.881960
v 0.501664 -1.056104 1.072319
v 0.534381 -0.854338 1.016533
v 0.594794 -0.976023 0.899675
v 0.606537 -0.821232 0.881960
v 0.445547 -0.977176 1.110354
v 0.547179 -0.811423 1.026156
v 0.537103 -0.955796 0.920478
v 0.606537 -0.821232 0.881960
v 0.489057 -1.041727 1.081911
v 0.596946 -0.974153 0.912542
v 0.522143 -0.844707 1.011339
v 0.606537 -0.821232 0.881960
v 0.692578 -0.855203 0.575622
v 0.726548 -0.843549 0.784434
v 0.555358 -0.826091 0.734416
v 0.606537 -0.821232 0.881960
v 0.698157 -0.869058 0.579110
v 0.557435 -0.848603 0.736179
v 0.728935 -0.832122 0.785460
v 0.606537 -0.821232 0.881960
v 0.686230 -0.839912 0.572606
v 0.551936 -0.822627 0.735574
v 0.724892 -0.834781 0.780863
v 0.606537 -0.821232 0.881960
v 0.672658 -0.808700 0.569117
v 0.700454 -0.873955 0.768770
v 0.565516 -0.758484 0.744876
v 0.606537 -0.821232 0.881960
v 0.914810 -0.876697 0.816454
v 0.749654 -0.758723 0.877265
v 0.710038 -0.928113 0.834250
v 0.606537 -0.821232 0.881960
v 0.873285 -0.978646 0.801547
v 0.674997 -0.961464 0.874203
v 0.751475 -0.806930 0.825387
v 0.606537 -0.821232 0.881960
v 0.852780 -1.007892 0.798760
v 0.761911 -0.837296 0.885547
v 0.648157 -0.954496 0.811814
v 0.606537 -0.821232 0.881960
v 0.859921 -0.998455 0.799568
v 0.654886 -0.945045 0.799833
v 0.760895 -0.839197 0.898174
v 0.515931 -0.314632 0.976397
v 0.808728 -0.352397 1.045917
v 0.517356 -0.296579 0.980907
v 0.809754 -0.339399 1.049164
v 0.514231 -0.291072 0.998462
v 0.807504 -0.335434 1.061804
v 0.509682 -0.303618 1.011508
v 0.804228 -0.344468 1.071197
v 0.508257 -0.321672 1.006997
v 0.803203 -0.357466 1.067950
v 0.511382 -0.327178 0.989442
v 0.805453 -0.361431 1.055310
v 0.806478 -0.348432 1.058557
v 0.808406 -0.353932 1.046449
v 1.005567 -0.205715 1.014691
v 0.800584 -0.343082 1.047732
v 0.999935 -0.197902 1.015615
v 0.798657 -0.337582 1.059840
v 0.998547 -0.193943 1.024332
v 0.804551 -0.342933 1.070664
v 1.002791 -0.197796 1.032126
v 0.812373 -0.353783 1.069382
v 1.008423 -0.205608 1.031202
v 0.814300 -0.359283 1.057274
v 1.009811 -0.209567 1.022485
v 1.004179 -0.201755 1.023409
v 0.982163 0.079166 0.871756
v 1.064409 -0.058159 1.010570
v 0.926336 -0.120614 0.914925
v 1.004179 -0.201755 1.023409
v 0.827163 0.017310 0.871502
v 0.964572 -0.050721 1.017730
v 0.902174 -0.177536 0.907562
v 1.004179 -0.201755 1.023409
v 0.991537 0.080443 0.873061
v 0.997411 -0.131058 0.884239
v 1.000834 -0.046694 1.042301
v 1.004179 -0.201755 1.023409
v 0.977590 0.078452 0.871168
v 0.906959 -0.106466 0.946725
v 1.080128 -0.072879 0.978300
v 1.004179 -0.201755 1.023409
v 1.182903 -0.167190 1.286587
v 1.104536 -0.272323 1.120161
v 1.046802 -0.103535 1.137199
v 1.004179 -0.201755 1.023409
v 1.201523 -0.148862 1.269697
v 1.014324 -0.188622 1.178769
v 1.151909 -0.172574 1.065079
v 1.004179 -0.201755 1.023409
v 1.093028 -0.242368 1.328132
v 1.016241 -0.133449 1.163412
v 1.063196 -0.302551 1.127184
v 1.004179 -0.201755 1.023409
v 1.133198 -0.210940 1.316103
v 1.040611 -0.117630 1.149931
v 1.070963 -0.293228 1.131041
v 1.004179 -0.201755 1.023409
v 1.141859 -0.280512 0.745485
v 1.118462 -0.166837 0.922749
v 1.000041 -0.299679 0.901729
v 1.004179 -0.201755 1.023409
v 1.161922 -0.259165 0.750973
v 1.090030 -0.138204 0.909378
v 1.044522 -0.311234 0.919491
v 1.004179 -0.201755 1.023409
v 1.090345 -0.327668 0.742123
v 1.091233 -0.181274 0.895290
v 0.986058 -0.322967 0.926499
v 1.004179 -0.201755 1.023409
v 1.100260 -0.319336 0.741729
v 1.047412 -0.165650 0.877671
v 1.037811 -0.331924 0.943803
v 1.004179 -0.201755 1.023409
v 1.163657 0.064317 0.944845
v 1.145123 -0.140814 0.994543
v 0.990818 -0.049838 0.989424
v 1.004179 -0.201755 1.023409
v 1.039700 0.094298 0.907259
v 0.932908 -0.083615 0.950090
v 1.103867 -0.083053 1.003807
v 1.004179 -0.201755 1.023409
v 1.193674 0.047638 0.957871
v 1.093114 -0.133727 0.914436
v 1.066840 -0.070269 1.079951
v 1.004179 -0.201755 1.023409
v 1.181168 0.055160 0.952205
v 1.015915 -0.075841 0.931648
v 1.134034 -0.122137 1.058207
v 0.806814 -0.336333 1.064392
v 0.961975 -0.427574 1.236001
v 0.797561 -0.345335 1.068119
v 0.955313 -0.434055 1.238684
v 0.797225 -0.357434 1.062284
v 0.955071 -0.442767 1.234483
v 0.806143 -0.360532 1.052722
v 0.961491 -0.444997 1.227599
v 0.815396 -0.351530 1.048995
v 0.968154 -0.438516 1.224915
v 0.815732 -0.339431 1.054829
v 0.968396 -0.429804 1.229116
v 0.961733 -0.436286 1.231800
v 0.961733 -0.436286 1.231800
v 0.859367 -0.549863 1.512907
v 1.005332 -0.499906 1.367681
v 0.836241 -0.463527 1.320804
v 0.961733 -0.436286 1.231800
v 0.872463 -0.552410 1.516309
v 0.925371 -0.399710 1.379286
v 0.926679 -0.565761 1.311921
v 0.961733 -0.436286 1.231800
v 0.926097 -0.560391 1.524593
v 0.994896 -0.418176 1.383406
v 0.900061 -0.553679 1.314428
v 0.961733 -0.436286 1.231800
v 0.924039 -0.560154 1.524435
v 0.910105 -0.559372 1.313018
v 0.983206 -0.412294 1.384690
v 0.961733 -0.436286 1.231800
v 1.166892 -0.636033 1.088933
v 1.109821 -0.485885 1.227102
v 0.977772 -0.546485 1.122204
v 0.961733 -0.436286 1.231800
v 1.155372 -0.631349 1.067927
v 1.060677 -0.556762 1.242173
v 1.017700 -0.471860 1.090328
v 0.961733 -0.436286 1.231800
v 1.171196 -0.637592 1.097632
v 1.108950 -0.453673 1.182433
v 0.982087 -0.579944 1.173832
v 0.961733 -0.436286 1.231800
v 1.064190 -0.580041 0.964897
v 1.070133 -0.435052 1.119283
v 0.935299 -0.552524 1.130795
v 0.804484 -0.361682 1.059563
v 1.022565 -0.399321 0.946104
v 0.800113 -0.355034 1.048735
v 1.019419 -0.394534 0.938307
v 0.802108 -0.341784 1.047729
v 1.020855 -0.384994 0.937583
v 0.808473 -0.335183 1.057550
v 1.025438 -0.380241 0.944654
v 0.812843 -0.341831 1.068378
v 1.028584 -0.385028 0.952450
v 0.810848 -0.355081 1.069385
v 1.027148 -0.394568 0.953175
v 1.024001 -0.389781 0.945379
v 1.133217 -0.399764 0.644759
v 1.126807 -0.456840 0.848703
v 1.008568 -0.330708 0.801558
v 1.024001 -0.389781 0.945379
v 1.110368 -0.394565 0.637291
v 1.141403 -0.416309 0.845753
v 0.975694 -0.367079 0.798535
v 1.024001 -0.389781 0.945379
v 1.052110 -0.381683 0.626719
v 0.946862 -0.398827 0.809806
v 1.123628 -0.374256 0.826023
v 1.024001 -0.389781 0.945379
v 0.958579 -0.362047 0.633368
v 0.949125 -0.305367 0.837305
v 1.046540 -0.452007 0.803844
v 1.024001 -0.389781 0.945379
v 1.245297 -0.218360 1.100437
v 1.137756 -0.283782 0.930005
v 1.087283 -0.358642 1.084799
v 1.024001 -0.389781 0.945379
v 1.096373 -0.186846 1.181979
v 0.985440 -0.341506 1.088888
v 1.120461 -0.275707 0.991151
v 1.024001 -0.389781 0.945379
v 1.099826 -0.186902 1.180943
v 0.988333 -0.253856 1.013676
v 1.120330 -0.363402 1.065534
v 1.024001 -0.389781 0.945379
v 1.143296 -0.189913 1.164973
v 1.126490 -0.374498 1.062318
v 1.016949 -0.245169 1.004115
v 1.024001 -0.389781 0.945379
v 1.095139 -0.700500 0.917223
v 0.972994 -0.528754 0.895410
v 1.131919 -0.499383 0.972823
v 1.024001 -0.389781 0.945379
v 1.081588 -0.703860 0.924451
v 1.096877 -0.501401 0.863880
v 0.997195 -0.529424 1.010135
v 1.024001 -0.389781 0.945379
v 1.061830 -0.707366 0.934947
v 0.967362 -0.523616 0.888001
v 1.110904 -0.510013 0.994412
v 1.024001 -0.389781 0.945379
v 1.010245 -0.709046 0.962129
v 0.929738 -0.514282 0.940271
v 1.107260 -0.520692 0.963887
v 1.024001 -0.389781 0.945379
v 1.275084 -0.424763 0.750100
v 1.130947 -0.314733 0.859690
v 1.117922 -0.492815 0.874844
v 1.024001 -0.389781 0.945379
v 1.133429 -0.416125 0.645826
v 0.983631 -0.399725 0.794768
v 1.151914 -0.400912 0.856347
v 1.024001 -0.389781 0.945379
v 1.251181 -0.423818 0.722599
v 1.139600 -0.481120 0.893357
v 1.090146 -0.325672 0.819176
v 1.024001 -0.389781 0.945379
v 1.265630 -0.424429 0.738460
v 1.126709 -0.490387 0.884209
v 1.114597 -0.316893 0.841014
v 0.500539 -0.313495 1.007320
v 0.683817 -0.538856 1.094561
v 0.499158 -0.321363 0.990453
v 0.682823 -0.544521 1.082417
v 0.511426 -0.316994 0.977086
v 0.691656 -0.541375 1.072793
v 0.525074 -0.304756 0.980585
v 0.701483 -0.532563 1.075312
v 0.526455 -0.296887 0.997451
v 0.702476 -0.526898 1.087455
v 0.514187 -0.301257 1.010818
v 0.693643 -0.530044 1.097080
v 0.692650 -0.535709 1.084936
v 0.683357 -0.539496 1.093873
v 0.747908 -0.776487 1.054907
v 0.680114 -0.538351 1.080884
v 0.745573 -0.775662 1.045555
v 0.689406 -0.534564 1.071947
v 0.752263 -0.772935 1.039121
v 0.701942 -0.531922 1.076000
v 0.761289 -0.771033 1.042039
v 0.705185 -0.533068 1.088989
v 0.763624 -0.771858 1.051391
v 0.695893 -0.536855 1.097925
v 0.756934 -0.774585 1.057825
v 0.754599 -0.773760 1.048473
v 0.608308 -0.909421 0.798282
v 0.704549 -0.908419 0.987039
v 0.687616 -0.747630 0.909754
v 0.754599 -0.773760 1.048473
v 0.569743 -0.821900 0.791742
v 0.752161 -0.820847 0.899513
v 0.609152 -0.765185 0.992047
v 0.754599 -0.773760 1.048473
v 0.569739 -0.821888 0.791742
v 0.657296 -0.873418 0.977674
v 0.704014 -0.712604 0.913887
v 0.754599 -0.773760 1.048473
v 0.610658 -0.913613 0.799230
v 0.617375 -0.817640 0.988005
v 0.776670 -0.841763 0.909546
v 0.754599 -0.773760 1.048473
v 1.051471 -0.683152 1.126298
v 0.878795 -0.690186 1.003720
v 0.867901 -0.784848 1.155486
v 0.754599 -0.773760 1.048473
v 1.068240 -0.802183 1.105230
v 0.896542 -0.718728 1.013320
v 0.863568 -0.851530 1.129032
v 0.754599 -0.773760 1.048473
v 1.068611 -0.780862 1.109677
v 0.884885 -0.859514 1.039316
v 0.875522 -0.693687 1.106593
v 0.754599 -0.773760 1.048473
v 1.053530 -0.881609 1.086004
v 0.857584 -0.832734 1.150101
v 0.890759 -0.801065 0.976870
v 0.754599 -0.773760 1.048473
v 0.529509 -0.929150 1.214572
v 0.671320 -0.905546 1.058929
v 0.657806 -0.766286 1.170896
v 0.754599 -0.773760 1.048473
v 0.497056 -0.814391 1.234002
v 0.636736 -0.869752 1.084614
v 0.666427 -0.710273 1.160755
v 0.754599 -0.773760 1.048473
v 0.562895 -0.985632 1.192555
v 0.607161 -0.806408 1.088578
v 0.748673 -0.910609 1.123634
v 0.754599 -0.773760 1.048473
v 0.524005 -0.916774 1.218101
v 0.660839 -0.761464 1.172852
v 0.663883 -0.900467 1.059796
v 0.754599 -0.773760 1.048473
v 0.671838 -1.011195 0.850545
v 0.713173 -0.809917 0.902224
v 0.729815 -0.927551 1.036380
v 0.754599 -0.773760 1.048473
v 0.758525 -1.064495 0.914841
v 0.678451 -0.872304 0.954119
v 0.833888 -0.907804 1.035921
v 0.754599 -0.773760 1.048473
v 0.728843 -1.050918 0.890613
v 0.783816 -0.927163 1.053569
v 0.704776 -0.842083 0.917089
v 0.754599 -0.773760 1.048473
v 0.795109 -1.074783 0.947756
v 0.831655 -0.866083 0.948719
v 0.709951 -0.922255 1.067653
v 0.694088 -0.539689 1.072183
v 0.935358 -0.580907 1.116216
v 0.695810 -0.526762 1.075422
v 0.936598 -0.571600 1.118549
v 0.694371 -0.522783 1.088175
v 0.935563 -0.568735 1.127731
v 0.691211 -0.531730 1.097690
v 0.933287 -0.575176 1.134581
v 0.689489 -0.544656 1.094450
v 0.932048 -0.584483 1.132249
v 0.690928 -0.548636 1.081697
v 0.933083 -0.587349 1.123067
v 0.934323 -0.578042 1.125399
v 0.934323 -0.578042 1.125399
v 1.067872 -0.299518 1.041796
v 1.054355 -0.510746 1.051401
v 0.921130 -0.422518 1.132515
v 0.934323 -0.578042 1.125399
v 1.100118 -0.314770 1.050566
v 0.929105 -0.422263 1.114534
v 1.072177 -0.523202 1.076397
v 0.934323 -0.578042 1.125399
v 1.182687 -0.380872 1.082513
v 1.081337 -0.566729 1.073717
v 0.986000 -0.431618 1.142773
v 0.934323 -0.578042 1.125399
v 1.210336 -0.418359 1.098599
v 1.009490 -0.445597 1.160333
v 1.079966 -0.582740 1.069025
v 0.934323 -0.578042 1.125399
v 0.870046 -0.782141 1.363332
v 0.823536 -0.665054 1.192980
v 0.993689 -0.654309 1.248164
v 0.934323 -0.578042 1.125399
v 0.953792 -0.787469 1.366565
v 0.867793 -0.702418 1.192603
v 1.016428 -0.621207 1.251128
v 0.934323 -0.578042 1.125399
v 0.919546 -0.787043 1.367267
v 1.008016 -0.633055 1.251712
v 0.848808 -0.690229 1.192580
v 0.934323 -0.578042 1.125399
v 1.042778 -0.776987 1.351360
v 0.930675 -0.724626 1.179361
v 1.024734 -0.590614 1.252205
v 0.934323 -0.578042 1.125399
v 0.944051 -0.615250 0.807718
v 0.906894 -0.509664 0.987615
v 0.969534 -0.676187 1.009038
v 0.934323 -0.578042 1.125399
v 0.913716 -0.609385 0.807605
v 0.841330 -0.561621 1.000921
v 1.010831 -0.619536 0.995642
v 0.934323 -0.578042 1.125399
v 1.028338 -0.629781 0.823929
v 0.889708 -0.627734 0.984146
v 1.054150 -0.569741 1.025476
v 0.934323 -0.578042 1.125399
v 0.940968 -0.614669 0.807571
v 0.942694 -0.503849 0.988149
v 0.931268 -0.681536 1.008387
v 0.697423 -0.527953 1.094816
v 0.733256 -0.731925 1.232515
v 0.684299 -0.530775 1.094235
v 0.723807 -0.733956 1.232097
v 0.679525 -0.538531 1.084355
v 0.720370 -0.739541 1.224983
v 0.687876 -0.543465 1.075057
v 0.726382 -0.743094 1.218288
v 0.701000 -0.540644 1.075637
v 0.735832 -0.741062 1.218706
v 0.705774 -0.532888 1.085517
v 0.739269 -0.735478 1.225820
v 0.729819 -0.737509 1.225402
v 0.471644 -0.771698 1.411349
v 0.610613 -0.831285 1.262927
v 0.642485 -0.671085 1.336634
v 0.729819 -0.737509 1.225402
v 0.513803 -0.837918 1.439072
v 0.660727 -0.706149 1.361985
v 0.626099 -0.849196 1.259755
v 0.729819 -0.737509 1.225402
v 0.469527 -0.767354 1.409133
v 0.575122 -0.759438 1.225614
v 0.676283 -0.739456 1.372174
v 0.729819 -0.737509 1.225402
v 0.442198 -0.674321 1.350626
v 0.583140 -0.788869 1.241510
v 0.646401 -0.635599 1.309472
v 0.729819 -0.737509 1.225402
v 0.917179 -0.919033 1.040077
v 0.870449 -0.804247 1.211927
v 0.739078 -0.815991 1.090616
v 0.729819 -0.737509 1.225402
v 0.916843 -0.911232 1.032418
v 0.832133 -0.732101 1.107441
v 0.777124 -0.881896 1.188976
v 0.729819 -0.737509 1.225402
v 0.887446 -1.015089 1.202968
v 0.763619 -0.871734 1.297882
v 0.822120 -0.825348 1.134975
v 0.729819 -0.737509 1.225402
v 0.915203 -0.957360 1.085051
v 0.787188 -0.788583 1.089341
v 0.820757 -0.862317 1.249181
v 0.729819 -0.737509 1.225402
v 0.822111 -0.744085 1.531733
v 0.682815 -0.722071 1.373606
v 0.850657 -0.758208 1.322263
v 0.729819 -0.737509 1.225402
v 0.815204 -0.588677 1.495510
v 0.731261 -0.746232 1.381395
v 0.796685 -0.609721 1.285494
v 0.729819 -0.737509 1.225402
v 0.822517 -0.697971 1.529118
v 0.690337 -0.758733 1.375077
v 0.843460 -0.684655 1.318699
v 0.729819 -0.737509 1.225402
v 0.822586 -0.716555 1.530943
v 0.699698 -0.672241 1.364128
v 0.834153 -0.786014 1.331108
v 0.729819 -0.737509 1.225402
v 0.700732 -0.964525 1.449048
v 0.786753 -0.873012 1.278408
v 0.649616 -0.783619 1.351312
v 0.729819 -0.737509 1.225402
v 0.728380 -0.972478 1.442629
v 0.711706 -0.891087 1.247720
v 0.746781 -0.771907 1.376865
v 0.729819 -0.737509 1.225402
v 0.717554 -0.969602 1.445362
v 0.678597 -0.776310 1.367820
v 0.771230 -0.884382 1.258952
v 0.729819 -0.737509 1.225402
v 0.583027 -0.906483 1.454093
v 0.746843 -0.806125 1.364737
v 0.595361 -0.804073 1.269019
v 0.316687 -0.046394 0.868825
v 0.564361 -0.054787 1.143427
v 0.334147 -0.034533 0.853782
v 0.576933 -0.046247 1.132596
v 0.335801 -0.008666 0.853766
v 0.578124 -0.027622 1.132584
v 0.319994 0.005340 0.868793
v 0.566743 -0.017538 1.143404
v 0.302533 -0.006521 0.883836
v 0.554171 -0.026078 1.154235
v 0.300880 -0.032388 0.883852
v 0.552981 -0.044702 1.154246
v 0.565552 -0.036162 1.143415
v 0.565372 -0.054802 1.142516
v 0.867483 -0.051201 1.115952
v 0.564039 -0.044692 1.126886
v 0.866523 -0.043922 1.104699
v 0.564219 -0.026053 1.127785
v 0.866652 -0.030501 1.105346
v 0.565732 -0.017522 1.144315
v 0.867742 -0.024359 1.117248
v 0.567065 -0.027632 1.159945
v 0.868702 -0.031638 1.128501
v 0.566885 -0.046272 1.159046
v 0.868572 -0.045059 1.127854
v 0.867583 -0.051208 1.117086
v 0.998420 -0.055370 0.905629
v 0.857702 -0.044694 1.110724
v 0.991305 -0.050680 0.901048
v 0.857731 -0.031266 1.110238
v 0.991326 -0.041012 0.900699
v 0.867641 -0.024352 1.116114
v 0.998462 -0.036034 0.904930
v 0.877523 -0.030866 1.122476
v 1.005576 -0.040724 0.909510
v 0.877494 -0.044294 1.122962
v 1.005556 -0.050392 0.909860
v 0.998441 -0.045702 0.905279
v 0.763607 -0.013211 0.690343
v 0.905942 -0.121043 0.804384
v 0.903072 0.055632 0.834226
v 0.998441 -0.045702 0.905279
v 0.792486 -0.015530 0.662232
v 0.984545 -0.031076 0.750343
v 0.847572 -0.036190 0.865777
v 0.998441 -0.045702 0.905279
v 0.804148 -0.016522 0.652695
v 0.878615 0.034047 0.844501
v 0.962832 -0.102107 0.763990
v 0.998441 -0.045702 0.905279
v 0.792878 -0.015563 0.661896
v 0.955490 -0.102542 0.766224
v 0.876942 0.035250 0.849628
v 0.998441 -0.045702 0.905279
v 1.261954 0.135847 0.904444
v 1.053168 0.100442 0.897596
v 1.154525 -0.046607 0.912294
v 0.998441 -0.045702 0.905279
v 1.248683 0.148398 0.951149
v 1.154354 -0.036873 0.910299
v 1.042721 0.100750 0.936955
v 0.998441 -0.045702 0.905279
v 1.243741 0.151121 0.964345
v 1.136844 -0.031419 0.976361
v 1.056277 0.097474 0.881450
v 0.998441 -0.045702 0.905279
v 1.263154 0.133971 0.898628
v 1.130579 -0.015286 0.827649
v 1.078074 0.067621 0.977589
v 0.998441 -0.045702 0.905279
v 1.035552 -0.317511 0.740530
v 0.959158 -0.196696 0.896926
v 1.067412 -0.112155 0.781833
v 0.998441 -0.045702 0.905279
v 1.043257 -0.310345 0.731051
v 1.068308 -0.185365 0.900299
v 0.964427 -0.117753 0.770878
v 0.998441 -0.045702 0.905279
v 1.040212 -0.313249 0.734769
v 1.024879 -0.103775 0.762659
v 1.005420 -0.201666 0.911492
v 0.998441 -0.045702 0.905279
v 1.018115 -0.331566 0.762821
v 0.921485 -0.152065 0.820563
v 1.091135 -0.168031 0.876029
v 0.998441 -0.045702 0.905279
v 1.078788 -0.031909 0.595838
v 0.943852 -0.038658 0.759052
v 1.117308 -0.041711 0.803954
v 0.998441 -0.045702 0.905279
v 0.975437 -0.035937 0.586257
v 1.026288 -0.123214 0.772507
v 0.952190 0.039622 0.782834
v 0.998441 -0.045702 0.905279
v 1.095885 -0.031357 0.600815
v 1.115291 -0.004512 0.810087
v 0.959546 -0.075416 0.756900
v 0.998441 -0.045702 0.905279
v 0.907065 -0.039232 0.598671
v 0.982236 0.044043 0.778412
v 0.941545 -0.130271 0.786860
v 0.867060 -0.026273 1.109685
v 1.081121 0.043206 1.215514
v 0.861421 -0.027074 1.121855
v 1.077061 0.042629 1.224277
v 0.861974 -0.038582 1.128770
v 1.077459 0.034344 1.229256
v 0.868165 -0.049288 1.123515
v 1.081916 0.026636 1.225472
v 0.873803 -0.048486 1.111345
v 1.085976 0.027213 1.216710
v 0.873251 -0.036978 1.104430
v 1.085578 0.035498 1.211731
v 1.081519 0.034921 1.220493
v 1.081519 0.034921 1.220493
v 1.099348 0.176874 1.506730
v 1.026449 0.035552 1.366709
v 1.150852 0.147853 1.303267
v 1.081519 0.034921 1.220493
v 1.009276 0.166014 1.503328
v 0.965847 0.070113 1.319456
v 1.139397 0.104603 1.347799
v 1.081519 0.034921 1.220493
v 0.978636 0.159619 1.496656
v 0.959614 0.098569 1.294658
v 1.121118 0.071032 1.367259
v 1.081519 0.034921 1.220493
v 0.950888 0.152503 1.487907
v 1.082182 0.154023 1.321619
v 0.976351 0.009885 1.333298
v 1.081519 0.034921 1.220493
v 1.305913 -0.190142 1.257830
v 1.162533 -0.049062 1.324395
v 1.180020 -0.061146 1.146460
v 1.081519 0.034921 1.220493
v 1.246218 -0.239437 1.221939
v 1.136867 -0.080676 1.309858
v 1.157930 -0.068968 1.132285
v 1.081519 0.034921 1.220493
v 1.331456 -0.157031 1.276045
v 1.186461 -0.060701 1.155258
v 1.176526 -0.023018 1.330169
v 1.081519 0.034921 1.220493
v 1.330728 -0.158134 1.275488
v 1.196548 -0.047593 1.154374
v 1.165857 -0.037009 1.330608
v 0.868801 -0.037568 1.129982
v 1.067884 -0.185385 1.110855
v 0.861332 -0.047032 1.124050
v 1.062505 -0.192199 1.106584
v 0.860142 -0.047244 1.110668
v 1.061649 -0.192351 1.096948
v 0.866423 -0.037992 1.103217
v 1.066171 -0.185690 1.091584
v 0.873893 -0.028528 1.109150
v 1.071550 -0.178876 1.095855
v 0.875082 -0.028316 1.122532
v 1.072406 -0.178724 1.105491
v 1.067027 -0.185538 1.101220
v 0.857042 -0.423397 1.142801
v 0.980500 -0.293930 1.029273
v 0.985567 -0.267433 1.206431
v 1.067027 -0.185538 1.101220
v 0.979023 -0.491658 1.131966
v 1.068768 -0.310411 1.195112
v 0.994884 -0.305561 1.031924
v 1.067027 -0.185538 1.101220
v 0.953276 -0.482768 1.134609
v 0.947324 -0.271748 1.152707
v 1.095730 -0.337111 1.076444
v 1.067027 -0.185538 1.101220
v 0.931035 -0.473015 1.136758
v 1.085928 -0.339387 1.081588
v 0.939333 -0.261670 1.149282
v 1.067027 -0.185538 1.101220
v 1.308646 -0.141667 0.896047
v 1.118599 -0.100944 0.980404
v 1.208751 -0.235034 1.057898
v 1.067027 -0.185538 1.101220
v 1.323329 -0.170799 0.910190
v 1.220662 -0.157771 1.095073
v 1.118435 -0.201513 0.954542
v 1.067027 -0.185538 1.101220
v 1.297444 -0.122926 0.888174
v 1.190888 -0.243723 1.025819
v 1.127500 -0.077263 1.006184
v 1.067027 -0.185538 1.101220
v 1.317847 -0.159146 0.904260
v 1.222995 -0.183521 1.092146
v 1.111716 -0.166441 0.952726
v 1.067027 -0.185538 1.101220
v 1.271648 -0.431382 1.091698
v 1.086122 -0.337459 1.132323
v 1.211630 -0.230292 1.062498
v 1.067027 -0.185538 1.101220
v 1.276914 -0.426881 1.091185
v 1.200045 -0.236919 1.037357
v 1.101919 -0.327232 1.157054
v 1.067027 -0.185538 1.101220
v 1.156740 -0.492704 1.101975
v 1.062659 -0.320356 1.022370
v 1.143167 -0.296452 1.180673
v 1.067027 -0.185538 1.101220
v 1.133652 -0.498514 1.103879
v 1.178650 -0.292455 1.124053
v 1.008705 -0.329001 1.080514
v 0.866680 -0.051175 1.116091
v 1.111442 -0.062823 1.073605
v 0.865185 -0.043906 1.104890
v 1.110366 -0.057590 1.065540
v 0.866117 -0.030511 1.105398
v 1.111037 -0.047945 1.065907
v 0.868545 -0.024385 1.117109
v 1.112785 -0.043535 1.074338
v 0.870040 -0.031654 1.128310
v 1.113862 -0.048769 1.082403
v 0.869107 -0.045049 1.127802
v 1.113190 -0.058413 1.082037
v 1.112114 -0.053179 1.073972
v 1.112114 -0.053179 1.073972
v 1.066029 -0.043744 0.757448
v 1.058781 -0.131888 0.949985
v 1.128579 0.033077 0.944740
v 1.112114 -0.053179 1.073972
v 1.080975 -0.044701 0.755603
v 1.153682 0.021614 0.943242
v 1.045635 -0.121190 0.950007
v 1.112114 -0.053179 1.073972
v 1.192726 -0.052306 0.764293
v 1.060267 -0.030913 0.928272
v 1.228450 -0.074747 0.971928
v 1.112114 -0.053179 1.073972
v 1.105046 -0.046272 0.754124
v 1.150460 -0.129952 0.943405
v 1.068113 0.029120 0.948660
v 1.112114 -0.053179 1.073972
v 1.175100 0.167091 1.297386
v 1.107109 0.099101 1.108583
v 1.167508 -0.029243 1.218092
v 1.112114 -0.053179 1.073972
v 1.213701 0.162026 1.287904
v 1.083605 0.012608 1.212793
v 1.221892 0.053198 1.106296
v 1.112114 -0.053179 1.073972
v 1.285434 0.141949 1.259133
v 1.149473 0.095658 1.103365
v 1.213411 -0.045913 1.192708
v 1.112114 -0.053179 1.073972
v 1.215004 0.161791 1.287517
v 1.070068 0.040495 1.191741
v 1.236471 0.025124 1.127038
v 1.112114 -0.053179 1.073972
v 1.157002 -0.354699 0.976654
v 1.117042 -0.148321 0.950133
v 1.143096 -0.199253 1.119956
v 1.112114 -0.053179 1.073972
v 1.023850 -0.351329 0.998366
v 0.990687 -0.148299 1.049075
v 1.162929 -0.196579 1.038384
v 1.112114 -0.053179 1.073972
v 1.102667 -0.359983 0.983518
v 1.170880 -0.159537 0.975754
v 1.045790 -0.192265 1.099826
v 1.112114 -0.053179 1.073972
v 1.059197 -0.357664 0.990972
v 1.169879 -0.198336 1.076156
v 1.012015 -0.151610 1.005387
v 0.577226 -0.025486 1.133514
v 0.632795 0.136672 1.383726
v 0.559175 -0.020911 1.134753
v 0.619798 0.139966 1.384618
v 0.547502 -0.031587 1.144654
v 0.611393 0.132279 1.391747
v 0.553878 -0.046838 1.153317
v 0.615985 0.121299 1.397984
v 0.571929 -0.051413 1.152078
v 0.628981 0.118005 1.397092
v 0.583603 -0.040737 1.142176
v 0.637386 0.125692 1.389963
v 0.634203 0.135370 1.384260
v 0.535895 0.352350 1.455707
v 0.622724 0.132362 1.377956
v 0.527631 0.350184 1.451168
v 0.612911 0.125977 1.384551
v 0.520565 0.345587 1.455916
v 0.614576 0.122601 1.397450
v 0.521764 0.343157 1.465203
v 0.626055 0.125609 1.403754
v 0.530029 0.345323 1.469742
v 0.635868 0.131994 1.397159
v 0.537095 0.349919 1.464994
v 0.528830 0.347753 1.460455
v 0.314766 0.518999 1.295375
v 0.396063 0.429634 1.469435
v 0.490346 0.402870 1.319411
v 0.528830 0.347753 1.460455
v 0.324080 0.443313 1.233859
v 0.389584 0.321725 1.394538
v 0.504277 0.450230 1.345096
v 0.528830 0.347753 1.460455
v 0.337155 0.398417 1.209270
v 0.522691 0.362344 1.305015
v 0.381628 0.373694 1.414947
v 0.528830 0.347753 1.460455
v 0.314884 0.508496 1.284987
v 0.494569 0.401076 1.317644
v 0.391934 0.423025 1.462892
v 0.528830 0.347753 1.460455
v 0.493125 0.184721 1.733485
v 0.455358 0.343418 1.598278
v 0.573738 0.221662 1.541056
v 0.528830 0.347753 1.460455
v 0.449868 0.284660 1.764074
v 0.444653 0.255437 1.554286
v 0.549837 0.389595 1.609520
v 0.528830 0.347753 1.460455
v 0.487182 0.196692 1.739464
v 0.461366 0.355141 1.601190
v 0.562975 0.219517 1.542927
v 0.528830 0.347753 1.460455
v 0.488839 0.193305 1.737847
v 0.424082 0.286920 1.559143
v 0.601584 0.285028 1.583680
v 0.528830 0.347753 1.460455
v 0.711811 0.592170 1.364650
v 0.559368 0.446570 1.343344
v 0.644677 0.444470 1.500922
v 0.528830 0.347753 1.460455
v 0.732878 0.568471 1.350691
v 0.679448 0.383890 1.439950
v 0.541450 0.488191 1.393149
v 0.528830 0.347753 1.460455
v 0.738185 0.561591 1.347124
v 0.643025 0.372529 1.356735
v 0.582119 0.494048 1.473510
v 0.528830 0.347753 1.460455
v 0.674881 0.623244 1.388527
v 0.572695 0.487429 1.515034
v 0.601806 0.428471 1.348334
v 0.528830 0.347753 1.460455
v 0.403412 0.637768 1.511067
v 0.402943 0.438070 1.440269
v 0.554383 0.489449 1.521131
v 0.528830 0.347753 1.460455
v 0.332573 0.579822 1.360319
v 0.382813 0.381803 1.416502
v 0.517841 0.499359 1.424299
v 0.528830 0.347753 1.460455
v 0.327537 0.566653 1.342285
v 0.451610 0.480177 1.490676
v 0.445016 0.390450 1.335698
v 0.528830 0.347753 1.460455
v 0.382534 0.631943 1.475738
v 0.401086 0.423513 1.508976
v 0.539536 0.499346 1.424161
v 0.611710 0.127321 1.394981
v 0.697067 0.066569 1.620531
v 0.618485 0.116967 1.389741
v 0.701944 0.059114 1.616758
v 0.631164 0.118632 1.385615
v 0.711073 0.060312 1.613788
v 0.637069 0.130650 1.386729
v 0.715324 0.068965 1.614590
v 0.630295 0.141004 1.391970
v 0.710447 0.076420 1.618363
v 0.617616 0.139339 1.396095
v 0.701318 0.075222 1.621334
v 0.706195 0.067767 1.617561
v 0.789762 -0.233300 1.686665
v 0.682063 -0.082798 1.583503
v 0.797180 -0.022521 1.706902
v 0.706195 0.067767 1.617561
v 0.784843 -0.238449 1.667021
v 0.678687 -0.079969 1.574788
v 0.796623 -0.029470 1.699902
v 0.706195 0.067767 1.617561
v 0.762484 -0.245908 1.588578
v 0.755397 -0.060812 1.691445
v 0.702024 -0.054594 1.520491
v 0.706195 0.067767 1.617561
v 0.771732 -0.245446 1.619236
v 0.659364 -0.072536 1.667899
v 0.805456 -0.042500 1.568563
v 0.706195 0.067767 1.617561
v 0.896385 0.201954 1.837155
v 0.759259 0.202761 1.675637
v 0.805284 0.040122 1.735159
v 0.706195 0.067767 1.617561
v 0.901033 0.239082 1.804883
v 0.714175 0.160831 1.742811
v 0.854086 0.111755 1.642168
v 0.706195 0.067767 1.617561
v 0.898611 0.290673 1.742818
v 0.762138 0.212680 1.600746
v 0.804185 0.101178 1.734582
v 0.706195 0.067767 1.617561
v 0.901613 0.254808 1.788521
v 0.732384 0.213318 1.667972
v 0.836341 0.071849 1.703918
v 0.706195 0.067767 1.617561
v 0.476991 -0.055105 1.804022
v 0.575102 0.098959 1.696640
v 0.653926 -0.061723 1.687650
v 0.706195 0.067767 1.617561
v 0.424385 -0.039535 1.724654
v 0.567144 0.109136 1.675574
v 0.619798 -0.059444 1.645222
v 0.706195 0.067767 1.617561
v 0.465404 -0.053015 1.790277
v 0.551991 0.043087 1.622470
v 0.667766 -0.004179 1.750824
v 0.706195 0.067767 1.617561
v 0.465908 -0.053117 1.790907
v 0.669152 -0.014693 1.744998
v 0.551009 0.053520 1.628800
v 0.706195 0.067767 1.617561
v 0.786302 -0.207883 1.758982
v 0.694063 -0.017456 1.747952
v 0.782413 -0.067530 1.600306
v 0.706195 0.067767 1.617561
v 0.794416 -0.184018 1.794256
v 0.744615 -0.083647 1.614429
v 0.738352 0.017753 1.762048
v 0.706195 0.067767 1.617561
v 0.808618 -0.086476 1.878556
v 0.693584 -0.062968 1.702186
v 0.800745 0.075108 1.741732
v 0.706195 0.067767 1.617561
v 0.781566 -0.218171 1.739867
v 0.784930 -0.065024 1.593487
v 0.687757 -0.028192 1.739478
v 0.635731 0.122045 1.392790
v 0.755742 0.336340 1.431834
v 0.632448 0.126249 1.380457
v 0.753379 0.339367 1.422954
v 0.621107 0.133189 1.378522
v 0.745213 0.344364 1.421561
v 0.613048 0.135926 1.388920
v 0.739410 0.346334 1.429047
v 0.616331 0.131722 1.401253
v 0.741774 0.343308 1.437927
v 0.627673 0.124782 1.403188
v 0.749940 0.338311 1.439320
v 0.747576 0.341337 1.430440
v 0.845400 0.381746 1.128451
v 0.702013 0.350439 1.281265
v 0.871399 0.364562 1.338024
v 0.747576 0.341337 1.430440
v 0.875103 0.438975 1.153666
v 0.849042 0.439794 1.363934
v 0.748132 0.320991 1.275528
v 0.747576 0.341337 1.430440
v 0.881516 0.452394 1.161876
v 0.737090 0.448099 1.316844
v 0.865215 0.323422 1.329186
v 0.747576 0.341337 1.430440
v 0.907250 0.513141 1.212753
v 0.800552 0.483583 1.393402
v 0.822340 0.336534 1.293329
v 0.747576 0.341337 1.430440
v 0.564094 0.506934 1.633694
v 0.631634 0.332162 1.534773
v 0.716733 0.482990 1.488710
v 0.747576 0.341337 1.430440
v 0.575319 0.518994 1.633334
v 0.607543 0.359844 1.497227
v 0.749804 0.464956 1.525969
v 0.747576 0.341337 1.430440
v 0.670355 0.591634 1.614256
v 0.671188 0.387141 1.558811
v 0.762187 0.495771 1.449123
v 0.747576 0.341337 1.430440
v 0.595385 0.538352 1.631494
v 0.676393 0.352796 1.569054
v 0.697006 0.487490 1.452670
v 0.747576 0.341337 1.430440
v 1.053644 0.390259 1.509998
v 0.845391 0.377364 1.546830
v 0.894616 0.344447 1.377697
v 0.747576 0.341337 1.430440
v 1.053776 0.287164 1.505984
v 0.860654 0.233723 1.437137
v 0.879459 0.405613 1.484179
v 0.747576 0.341337 1.430440
v 1.046381 0.424204 1.509489
v 0.849106 0.459645 1.440798
v 0.885091 0.289323 1.483321
v 0.747576 0.341337 1.430440
v 1.040261 0.232527 1.500411
v 0.897080 0.381115 1.452319
v 0.832221 0.214511 1.464538
v 0.747576 0.341337 1.430440
v 0.919237 0.569212 1.285506
v 0.891816 0.393549 1.400758
v 0.740665 0.471425 1.344175
v 0.747576 0.341337 1.430440
v 0.918884 0.568109 1.283375
v 0.860154 0.368978 1.325682
v 0.772044 0.495114 1.417546
v 0.747576 0.341337 1.430440
v 0.924393 0.589525 1.332773
v 0.756301 0.460572 1.329847
v 0.880305 0.420652 1.452900
v 0.747576 0.341337 1.430440
v 0.922444 0.580376 1.309271
v 0.850998 0.381214 1.320322
v 0.784049 0.492692 1.443623
v 0.632610 0.136267 1.383112
v 0.695079 0.270955 1.582628
v 0.619808 0.140023 1.384712
v 0.685861 0.273659 1.583779
v 0.611588 0.132741 1.392455
v 0.679943 0.268416 1.589354
v 0.616169 0.121704 1.398598
v 0.683241 0.260469 1.593777
v 0.628971 0.117948 1.396998
v 0.692458 0.257765 1.592626
v 0.637191 0.125230 1.389256
v 0.698377 0.263008 1.587051
v 0.689160 0.265712 1.588202
v 0.538245 0.541270 1.648965
v 0.685365 0.392012 1.680104
v 0.572222 0.359858 1.544911
v 0.689160 0.265712 1.588202
v 0.495582 0.520375 1.579578
v 0.545966 0.316470 1.551714
v 0.677491 0.418684 1.617792
v 0.689160 0.265712 1.588202
v 0.504517 0.526950 1.596038
v 0.683490 0.417383 1.625294
v 0.547116 0.323031 1.557379
v 0.689160 0.265712 1.588202
v 0.491135 0.516480 1.570842
v 0.539599 0.310916 1.587776
v 0.680301 0.421122 1.574740
v 0.689160 0.265712 1.588202
v 0.780620 0.096217 1.843754
v 0.806888 0.235701 1.686444
v 0.644599 0.160127 1.694402
v 0.689160 0.265712 1.588202
v 0.781189 0.099370 1.845614
v 0.760327 0.273735 1.727066
v 0.691616 0.124615 1.655269
v 0.689160 0.265712 1.588202
v 0.782749 0.108502 1.850740
v 0.732198 0.127001 1.645814
v 0.720993 0.278655 1.740620
v 0.689160 0.265712 1.588202
v 0.789574 0.162784 1.874075
v 0.808436 0.202389 1.666788
v 0.650215 0.246693 1.738315
v 0.689160 0.265712 1.588202
v 0.884508 0.504414 1.502995
v 0.787270 0.317791 1.478319
v 0.747328 0.404594 1.629919
v 0.689160 0.265712 1.588202
v 0.884578 0.504899 1.504529
v 0.720394 0.373362 1.479354
v 0.814260 0.349411 1.630112
v 0.689160 0.265712 1.588202
v 0.849953 0.421784 1.359758
v 0.685089 0.385314 1.487749
v 0.821866 0.270968 1.505900
v 0.689160 0.265712 1.588202
v 0.883293 0.498170 1.484879
v 0.695718 0.406049 1.519831
v 0.837908 0.311341 1.573915
v 0.689160 0.265712 1.588202
v 0.644297 0.525712 1.769275
v 0.699958 0.421496 1.593397
v 0.642472 0.317928 1.727866
v 0.689160 0.265712 1.588202
v 0.579364 0.538306 1.714841
v 0.594113 0.327826 1.695534
v 0.696370 0.421673 1.582182
v 0.689160 0.265712 1.588202
v 0.547160 0.536967 1.681244
v 0.640050 0.348879 1.711018
v 0.624670 0.399549 1.539820
v 0.689160 0.265712 1.588202
v 0.681223 0.510950 1.793617
v 0.747646 0.406711 1.621528
v 0.624324 0.320903 1.719208
v 0.035971 -0.000082 0.551449
v 0.007719 -0.025526 1.000956
v 0.017985 0.031086 0.552486
v -0.005230 -0.003085 1.001703
v -0.017985 0.031168 0.551037
v -0.031129 -0.003026 1.000660
v -0.035971 0.000082 0.548551
v -0.044079 -0.025408 0.998870
v -0.017985 -0.031086 0.547514
v -0.031129 -0.047849 0.998123
v 0.017985 -0.031168 0.548963
v -0.005230 -0.047908 0.999166
v 0.007520 -0.028729 1.000767
v 0.013527 0.159595 1.319071
v -0.002522 -0.007953 0.988960
v 0.006296 0.174554 1.310570
v -0.028222 -0.004692 0.988107
v -0.012207 0.176902 1.309956
v -0.043879 -0.022205 0.999059
v -0.023481 0.164292 1.317842
v -0.033837 -0.042980 1.010866
v -0.016251 0.149334 1.326342
v -0.008138 -0.046242 1.011720
v 0.002253 0.146986 1.326957
v 0.013654 0.162341 1.317451
v 0.005575 0.458659 1.381635
v 0.003415 0.165534 1.302178
v -0.001798 0.460958 1.370639
v -0.015216 0.165137 1.303184
v -0.015212 0.460672 1.371363
v -0.023608 0.161547 1.319462
v -0.021254 0.458088 1.383083
v -0.013369 0.158354 1.334734
v -0.013882 0.455788 1.394079
v 0.005262 0.158750 1.333729
v -0.000468 0.456074 1.393355
v 0.005410 0.458966 1.380204
v -0.026255 0.679445 1.269589
v -0.002641 0.453328 1.371042
v -0.032052 0.675386 1.262993
v -0.015891 0.452735 1.373197
v -0.041592 0.674959 1.264544
v -0.021090 0.457781 1.384514
v -0.045335 0.678592 1.272693
v -0.013038 0.463419 1.393675
v -0.039538 0.682651 1.279289
v 0.000211 0.464011 1.391521
v -0.029998 0.683078 1.277737
v -0.035795 0.679019 1.271141
v -0.229313 0.843018 1.466218
v -0.148001 0.667739 1.379283
v -0.078403 0.821498 1.319060
v -0.035795 0.679019 1.271141
v -0.224628 0.881752 1.431270
v -0.183329 0.713467 1.309342
v -0.039328 0.806757 1.361044
v -0.035795 0.679019 1.271141
v -0.216499 0.910876 1.397587
v -0.040753 0.829949 1.311237
v -0.175401 0.713574 1.332202
v -0.035795 0.679019 1.271141
v -0.211630 0.922540 1.381503
v -0.056193 0.778786 1.389643
v -0.156066 0.774068 1.240929
v -0.035795 0.679019 1.271141
v 0.255658 0.764526 1.170427
v 0.052736 0.708741 1.145877
v 0.108836 0.717702 1.315833
v -0.035795 0.679019 1.271141
v 0.197349 0.851341 1.135684
v 0.072493 0.681692 1.158542
v 0.042431 0.814203 1.275374
v -0.035795 0.679019 1.271141
v 0.224743 0.818143 1.147998
v 0.026238 0.813718 1.221946
v 0.110602 0.655619 1.221822
v -0.035795 0.679019 1.271141
v 0.273859 0.709087 1.196241
v 0.066289 0.699958 1.154726
v 0.109844 0.682134 1.327636
v -0.035795 0.679019 1.271141
v -0.105194 0.817619 0.991188
v -0.137852 0.684761 1.152973
v 0.010742 0.784156 1.165346
v -0.035795 0.679019 1.271141
v -0.103623 0.771915 0.972528
v -0.085276 0.797459 1.182059
v -0.040577 0.634895 1.121333
v -0.035795 0.679019 1.271141
v -0.104535 0.792877 0.980089
v -0.015781 0.658295 1.117576
v -0.110801 0.790829 1.191864
v -0.035795 0.679019 1.271141
v -0.105362 0.837589 1.002039
v -0.106083 0.805132 1.211415
v -0.021161 0.679762 1.115586
v -0.017284 0.460300 1.372997
v -0.119381 0.635160 1.517391
v -0.019232 0.451259 1.382744
v -0.120784 0.628650 1.524409
v -0.009788 0.449332 1.392106
v -0.113984 0.627263 1.531149
v 0.001605 0.456446 1.391720
v -0.105781 0.632386 1.530871
v 0.003552 0.465488 1.381973
v -0.104379 0.638896 1.523853
v -0.005892 0.467415 1.372612
v -0.111179 0.640283 1.517113
v -0.112581 0.633773 1.524131
v -0.112581 0.633773 1.524131
v -0.328152 0.438908 1.658134
v -0.264988 0.607300 1.546122
v -0.132632 0.504354 1.609342
v -0.112581 0.633773 1.524131
v -0.333422 0.450853 1.666152
v -0.189113 0.497683 1.518252
v -0.212722 0.623527 1.643626
v -0.112581 0.633773 1.524131
v -0.284640 0.375416 1.601898
v -0.127200 0.479342 1.505439
v -0.235609 0.581519 1.605037
v -0.112581 0.633773 1.524131
v -0.354301 0.532188 1.707576
v -0.229805 0.678040 1.617465
v -0.188734 0.508238 1.577553
v -0.112581 0.633773 1.524131
v 0.144148 0.791290 1.632198
v -0.047395 0.702205 1.648549
v 0.027616 0.691354 1.486166
v -0.112581 0.633773 1.524131
v 0.074919 0.843570 1.676541
v -0.067779 0.687466 1.663852
v -0.007383 0.747917 1.506338
v -0.112581 0.633773 1.524131
v 0.168256 0.762070 1.608215
v -0.036046 0.767046 1.552286
v 0.035553 0.603137 1.563243
v -0.112581 0.633773 1.524131
v 0.042518 0.859014 1.690296
v -0.128116 0.750891 1.626376
v 0.027033 0.696847 1.554818
v -0.112581 0.633773 1.524131
v -0.378290 0.719129 1.367563
v -0.174240 0.664451 1.383884
v -0.263489 0.671380 1.539124
v -0.112581 0.633773 1.524131
v -0.380264 0.725568 1.374734
v -0.181473 0.748999 1.444199
v -0.257835 0.591984 1.484545
v -0.112581 0.633773 1.524131
v -0.380736 0.727228 1.376621
v -0.261112 0.596649 1.492945
v -0.178574 0.745662 1.437309
v -0.112581 0.633773 1.524131
v -0.330120 0.629493 1.289486
v -0.256082 0.678792 1.481788
v -0.143111 0.585331 1.378758
v -0.004242 0.455678 1.395021
v 0.175363 0.626689 1.376392
v 0.001326 0.448872 1.384861
v 0.179371 0.621788 1.369077
v -0.002272 0.451567 1.372199
v 0.176781 0.623728 1.359960
v -0.011438 0.461068 1.369696
v 0.170182 0.630569 1.358158
v -0.017006 0.467875 1.379856
v 0.166173 0.635470 1.365473
v -0.013408 0.465180 1.392519
v 0.168763 0.633530 1.374590
v 0.172772 0.628629 1.367275
v 0.402722 0.436282 1.255358
v 0.204851 0.485782 1.312707
v 0.324653 0.617599 1.332310
v 0.172772 0.628629 1.367275
v 0.464755 0.549869 1.262667
v 0.305751 0.683061 1.305908
v 0.273379 0.511189 1.344956
v 0.172772 0.628629 1.367275
v 0.421415 0.461098 1.255428
v 0.328546 0.616697 1.365230
v 0.215913 0.506537 1.279842
v 0.172772 0.628629 1.367275
v 0.459440 0.534430 1.260747
v 0.315597 0.676008 1.325222
v 0.259281 0.505891 1.324106
v 0.172772 0.628629 1.367275
v 0.079542 0.914693 1.258299
v 0.126572 0.708795 1.241374
v 0.144388 0.777314 1.405996
v 0.172772 0.628629 1.367275
v -0.012327 0.864146 1.254714
v 0.029571 0.666091 1.317252
v 0.167893 0.779580 1.327249
v 0.172772 0.628629 1.367275
v -0.047884 0.832518 1.257093
v 0.020866 0.665188 1.367394
v 0.148154 0.755182 1.279011
v 0.172772 0.628629 1.367275
v 0.058124 0.906079 1.256473
v 0.204329 0.754609 1.280411
v 0.049497 0.724610 1.365498
v 0.172772 0.628629 1.367275
v 0.390742 0.638682 1.601344
v 0.217483 0.702563 1.497455
v 0.302437 0.562738 1.424350
v 0.172772 0.628629 1.367275
v 0.360233 0.594105 1.624310
v 0.185397 0.654321 1.520874
v 0.310115 0.575318 1.419304
v 0.172772 0.628629 1.367275
v 0.359362 0.592970 1.624788
v 0.174621 0.608185 1.522165
v 0.320195 0.620546 1.418396
v 0.172772 0.628629 1.367275
v 0.369284 0.606291 1.618838
v 0.302957 0.562191 1.422502
v 0.199797 0.677197 1.513299
v 0.172772 0.628629 1.367275
v 0.478348 0.683690 1.289868
v 0.313667 0.563834 1.348240
v 0.276337 0.737472 1.324385
v 0.172772 0.628629 1.367275
v 0.472814 0.576199 1.269162
v 0.292660 0.528470 1.369953
v 0.292917 0.686844 1.286107
v 0.172772 0.628629 1.367275
v 0.453212 0.773940 1.315910
v 0.317448 0.611352 1.310861
v 0.252448 0.762155 1.382598
v 0.172772 0.628629 1.367275
v 0.445179 0.790217 1.321625
v 0.271473 0.733057 1.428636
v 0.291996 0.653472 1.269395
v 0.005532 0.459590 1.381852
v -0.018011 0.700506 1.438902
v -0.001820 0.461597 1.370786
v -0.023305 0.701951 1.430934
v -0.015193 0.460380 1.371293
v -0.032933 0.701075 1.431298
v -0.021212 0.457156 1.382865
v -0.037267 0.698754 1.439631
v -0.013859 0.455149 1.393931
v -0.031973 0.697309 1.447598
v -0.000487 0.456366 1.393425
v -0.022345 0.698185 1.447234
v -0.027639 0.699630 1.439266
v -0.063001 0.819106 1.144521
v -0.114584 0.792202 1.348254
v 0.031017 0.702639 1.294481
v -0.027639 0.699630 1.439266
v -0.067631 0.909395 1.200940
v -0.070308 0.717156 1.289987
v -0.016963 0.849916 1.397885
v -0.027639 0.699630 1.439266
v -0.068088 0.927742 1.218520
v -0.051395 0.728099 1.287486
v -0.036242 0.853650 1.414450
v -0.027639 0.699630 1.439266
v -0.065098 0.852666 1.160740
v 0.035902 0.802241 1.340040
v -0.121146 0.719448 1.315671
v -0.027639 0.699630 1.439266
v -0.232076 0.704057 1.685408
v -0.054843 0.647484 1.584017
v -0.163984 0.755318 1.491428
v -0.027639 0.699630 1.439266
v -0.228918 0.733724 1.685689
v -0.100479 0.625903 1.556188
v -0.115822 0.800631 1.519482
v -0.027639 0.699630 1.439266
v -0.231089 0.715299 1.685766
v -0.171686 0.740448 1.483947
v -0.046352 0.671348 1.591785
v -0.027639 0.699630 1.439266
v -0.197617 0.851000 1.664199
v -0.171235 0.727016 1.494422
v -0.020024 0.793340 1.564057
v -0.027639 0.699630 1.439266
v 0.281615 0.776288 1.409501
v 0.075993 0.784753 1.359100
v 0.116132 0.675833 1.495620
v -0.027639 0.699630 1.439266
v 0.266177 0.825333 1.422800
v 0.070423 0.804373 1.501114
v 0.109353 0.695449 1.364246
v -0.027639 0.699630 1.439266
v 0.267897 0.821064 1.421585
v 0.120216 0.684095 1.487327
v 0.060935 0.812312 1.377060
v -0.027639 0.699630 1.439266
v 0.198957 0.925015 1.455265
v 0.099228 0.758745 1.369822
v 0.026771 0.820823 1.521509
v -0.027639 0.699630 1.439266
v -0.058724 0.965935 1.264579
v -0.052184 0.853853 1.444265
v -0.027961 0.758451 1.294518
v -0.027639 0.699630 1.439266
v -0.057973 1.016707 1.408572
v 0.015431 0.824912 1.356431
v -0.094976 0.828010 1.497546
v -0.027639 0.699630 1.439266
v -0.059030 0.975994 1.281033
v 0.022078 0.847367 1.428576
v -0.102468 0.772984 1.323370
v -0.027639 0.699630 1.439266
v -0.056739 1.018250 1.445129
v -0.085085 0.824310 1.364655
v 0.006527 0.829846 1.518568
v -0.017615 0.174002 1.311886
v -0.152672 0.172343 1.583448
v -0.020616 0.155638 1.310460
v -0.154833 0.159121 1.582422
v -0.007979 0.143580 1.317031
v -0.145734 0.150439 1.587153
v 0.007660 0.149886 1.325027
v -0.134473 0.154979 1.592910
v 0.010662 0.168250 1.326452
v -0.132312 0.168202 1.593936
v -0.001976 0.180308 1.319882
v -0.141411 0.176884 1.589206
v -0.143572 0.163661 1.588179
v -0.151242 0.173942 1.584173
v -0.345510 0.068522 1.698173
v -0.150018 0.163046 1.576405
v -0.344629 0.060677 1.692580
v -0.142348 0.152766 1.580411
v -0.339107 0.053275 1.695464
v -0.135903 0.153381 1.592186
v -0.334466 0.053718 1.703942
v -0.137127 0.164277 1.599953
v -0.335348 0.061563 1.709534
v -0.144796 0.174557 1.595947
v -0.340869 0.068965 1.706650
v -0.339988 0.061120 1.701057
v -0.339988 0.061120 1.701057
v -0.538948 -0.133135 1.542691
v -0.420006 -0.072930 1.707373
v -0.419139 0.039766 1.568048
v -0.339988 0.061120 1.701057
v -0.474768 -0.112098 1.468184
v -0.453824 -0.040120 1.666357
v -0.333976 0.023785 1.549459
v -0.339988 0.061120 1.701057
v -0.498721 -0.121415 1.491570
v -0.339917 -0.074701 1.623825
v -0.467046 0.050913 1.610700
v -0.339988 0.061120 1.701057
v -0.521730 -0.128844 1.518620
v -0.462936 -0.035281 1.699400
v -0.362434 0.005549 1.556765
v -0.339988 0.061120 1.701057
v -0.328535 -0.083371 1.986349
v -0.385733 0.068623 1.850266
v -0.285081 -0.061976 1.780082
v -0.339988 0.061120 1.701057
v -0.166986 -0.030344 1.954246
v -0.266246 0.109643 1.829975
v -0.275329 -0.060574 1.774691
v -0.339988 0.061120 1.701057
v -0.244586 -0.061550 1.980790
v -0.386182 0.014999 1.843012
v -0.217472 0.009105 1.782889
v -0.339988 0.061120 1.701057
v -0.178732 -0.035896 1.959871
v -0.216597 0.088811 1.792818
v -0.334374 -0.044184 1.816347
v -0.339988 0.061120 1.701057
v -0.582084 0.264930 1.653612
v -0.478520 0.109938 1.754329
v -0.395133 0.175350 1.609829
v -0.339988 0.061120 1.701057
v -0.579911 0.267059 1.651801
v -0.377044 0.206076 1.656037
v -0.494871 0.080915 1.706673
v -0.339988 0.061120 1.701057
v -0.510563 0.314484 1.605607
v -0.359264 0.167209 1.587983
v -0.457172 0.157722 1.737771
v -0.339988 0.061120 1.701057
v -0.574754 0.271903 1.647622
v -0.395119 0.202988 1.736358
v -0.472670 0.087878 1.623008
v -0.143948 0.150230 1.588072
v -0.114122 0.151190 1.834971
v -0.132211 0.156634 1.586732
v -0.105671 0.155801 1.834006
v -0.131836 0.170066 1.586839
v -0.105401 0.165471 1.834083
v -0.143197 0.177093 1.588287
v -0.113581 0.170531 1.835125
v -0.154934 0.170688 1.589627
v -0.122032 0.165920 1.836090
v -0.155309 0.157257 1.589520
v -0.122302 0.156249 1.836013
v -0.113852 0.160860 1.835048
v -0.113852 0.160860 1.835048
v 0.203265 0.197473 1.812763
v 0.021597 0.088656 1.805850
v 0.004393 0.262354 1.846418
v -0.113852 0.160860 1.835048
v 0.198984 0.197837 1.778774
v 0.014246 0.094140 1.775453
v 0.008319 0.257162 1.849624
v -0.113852 0.160860 1.835048
v 0.183022 0.191725 1.950431
v 0.029447 0.098659 1.837979
v -0.019651 0.247753 1.924424
v -0.113852 0.160860 1.835048
v 0.203944 0.197221 1.825903
v 0.023761 0.089760 1.855537
v 0.002773 0.261049 1.807243
v -0.113852 0.160860 1.835048
v -0.252548 0.338059 2.062565
v -0.209408 0.158528 1.958643
v -0.129252 0.304951 1.893466
v -0.113852 0.160860 1.835048
v -0.318040 0.392026 1.920308
v -0.166096 0.248168 1.953623
v -0.224958 0.258485 1.784681
v -0.113852 0.160860 1.835048
v -0.251542 0.337128 2.063895
v -0.243956 0.183031 1.918675
v -0.093900 0.279703 1.934498
v -0.113852 0.160860 1.835048
v -0.314973 0.390098 1.932002
v -0.131797 0.283633 1.930006
v -0.256803 0.221478 1.817654
v -0.113852 0.160860 1.835048
v -0.105601 -0.147768 1.919193
v -0.027670 0.048408 1.900923
v -0.193432 0.026409 1.836489
v -0.113852 0.160860 1.835048
v -0.095980 -0.114336 1.997368
v -0.041958 0.022488 1.844878
v -0.171448 0.079075 1.955073
v -0.113852 0.160860 1.835048
v -0.115057 -0.159077 1.841265
v -0.203203 0.032998 1.826114
v -0.025465 0.032772 1.848955
v -0.113852 0.160860 1.835048
v -0.098573 -0.125809 1.976425
v -0.022193 0.061505 1.913403
v -0.193287 0.030880 1.869794
v -0.138170 0.175665 1.590879
v -0.343585 0.235377 1.717720
v -0.145612 0.173981 1.579819
v -0.348943 0.234165 1.709756
v -0.151015 0.161977 1.577119
v -0.352833 0.225522 1.707813
v -0.148975 0.151658 1.585480
v -0.351364 0.218092 1.713832
v -0.141533 0.153342 1.596540
v -0.346006 0.219305 1.721796
v -0.136130 0.165345 1.599240
v -0.342116 0.227947 1.723739
v -0.347475 0.226735 1.715776
v -0.347475 0.226735 1.715776
v -0.487468 0.012771 1.908186
v -0.363655 0.178831 1.863612
v -0.443288 0.103468 1.721868
v -0.347475 0.226735 1.715776
v -0.414035 -0.042458 1.875479
v -0.315528 0.142353 1.843335
v -0.432670 0.095762 1.715979
v -0.347475 0.226735 1.715776
v -0.423582 -0.036909 1.880396
v -0.396168 0.078668 1.704946
v -0.359667 0.163887 1.858302
v -0.347475 0.226735 1.715776
v -0.397674 -0.050967 1.866645
v -0.279064 0.103502 1.783199
v -0.456044 0.127806 1.769049
v -0.347475 0.226735 1.715776
v -0.233513 0.523168 1.755020
v -0.229570 0.323909 1.683100
v -0.374210 0.366707 1.779848
v -0.347475 0.226735 1.715776
v -0.191631 0.505979 1.727400
v -0.308163 0.354823 1.635400
v -0.262111 0.322042 1.805451
v -0.347475 0.226735 1.715776
v -0.207170 0.513475 1.738020
v -0.340335 0.370756 1.655617
v -0.242370 0.312106 1.793731
v -0.347475 0.226735 1.715776
v -0.318096 0.533323 1.802614
v -0.340793 0.374198 1.664569
v -0.330653 0.324542 1.836453
v -0.004678 0.145856 1.327909
v 0.163093 0.280621 1.541640
v 0.008631 0.149553 1.315359
v 0.172674 0.283283 1.532604
v 0.008331 0.165642 1.305906
v 0.172459 0.294867 1.525798
v -0.005277 0.178032 1.309003
v 0.162661 0.303788 1.528028
v -0.018585 0.174334 1.321553
v 0.153079 0.301126 1.537064
v -0.018285 0.158246 1.331006
v 0.153295 0.289542 1.543870
v 0.162877 0.292205 1.534834
v 0.162556 0.280807 1.541944
v 0.404216 0.310178 1.592811
v 0.165463 0.280465 1.528829
v 0.406309 0.309932 1.583369
v 0.165783 0.291863 1.521720
v 0.406539 0.318138 1.578249
v 0.163197 0.303602 1.527724
v 0.404677 0.326590 1.582573
v 0.160291 0.303944 1.540838
v 0.402585 0.326836 1.592015
v 0.159970 0.292547 1.547948
v 0.402354 0.318630 1.597134
v 0.404447 0.318384 1.587692
v 0.609287 0.210390 1.366835
v 0.497352 0.199737 1.546415
v 0.475414 0.350636 1.452283
v 0.404447 0.318384 1.587692
v 0.625922 0.216950 1.380182
v 0.446591 0.314269 1.437295
v 0.539482 0.241352 1.572081
v 0.404447 0.318384 1.587692
v 0.513503 0.186101 1.317492
v 0.366953 0.230841 1.463826
v 0.529185 0.300100 1.495398
v 0.404447 0.318384 1.587692
v 0.626981 0.217401 1.381098
v 0.462273 0.335161 1.443516
v 0.524647 0.220820 1.566593
v 0.404447 0.318384 1.587692
v 0.535514 0.071150 1.742923
v 0.375141 0.189024 1.670272
v 0.538606 0.249956 1.629297
v 0.404447 0.318384 1.587692
v 0.602064 0.117066 1.738750
v 0.438222 0.250637 1.724373
v 0.528765 0.225076 1.571857
v 0.404447 0.318384 1.587692
v 0.600133 0.115399 1.739033
v 0.456130 0.171067 1.593925
v 0.509313 0.303313 1.702531
v 0.404447 0.318384 1.587692
v 0.539778 0.073477 1.742953
v 0.389314 0.168088 1.627621
v 0.527844 0.272754 1.671972
v 0.404447 0.318384 1.587692
v 0.711324 0.279010 1.505985
v 0.552488 0.332454 1.635627
v 0.501907 0.272815 1.474390
v 0.404447 0.318384 1.587692
v 0.722194 0.308501 1.551097
v 0.540803 0.376968 1.636548
v 0.522288 0.251893 1.509559
v 0.404447 0.318384 1.587692
v 0.690392 0.249557 1.461603
v 0.539925 0.244022 1.610671
v 0.497724 0.337684 1.463841
v 0.404447 0.318384 1.587692
v 0.692459 0.251897 1.465101
v 0.547143 0.374791 1.558228
v 0.492160 0.208787 1.519083
v 0.168810 0.299931 1.525579
v 0.106153 0.500618 1.658427
v 0.155801 0.296794 1.524374
v 0.096786 0.498359 1.657559
v 0.149867 0.289067 1.533628
v 0.092514 0.492795 1.664222
v 0.156943 0.284478 1.544088
v 0.097609 0.489491 1.671753
v 0.169953 0.287616 1.545294
v 0.106976 0.491750 1.672622
v 0.175887 0.295342 1.536040
v 0.111248 0.497314 1.665959
v 0.101881 0.495055 1.665090
v -0.184148 0.638082 1.653684
v -0.044557 0.492924 1.719529
v 0.019495 0.611607 1.601527
v 0.101881 0.495055 1.665090
v -0.172629 0.659215 1.674848
v 0.034458 0.629260 1.708162
v -0.050304 0.492178 1.629825
v 0.101881 0.495055 1.665090
v -0.201380 0.554861 1.582292
v 0.008260 0.585337 1.578510
v -0.047107 0.452617 1.685433
v 0.101881 0.495055 1.665090
v -0.201327 0.562677 1.588333
v -0.045984 0.444980 1.671447
v 0.007180 0.599227 1.597327
v 0.101881 0.495055 1.665090
v 0.116220 0.511447 1.984348
v 0.168991 0.436335 1.793389
v 0.046242 0.566888 1.792198
v 0.101881 0.495055 1.665090
v 0.144444 0.426881 1.974833
v 0.053597 0.525194 1.810597
v 0.184216 0.410376 1.767378
v 0.101881 0.495055 1.665090
v 0.113395 0.519661 1.983935
v 0.185237 0.547197 1.786520
v 0.027737 0.462598 1.798736
v 0.101881 0.495055 1.665090
v 0.146034 0.421969 1.973488
v 0.135966 0.380669 1.765918
v 0.103119 0.550972 1.810980
v 0.101881 0.495055 1.665090
v 0.202844 0.684154 1.427503
v 0.148678 0.499461 1.516084
v 0.135855 0.641928 1.624026
v 0.101881 0.495055 1.665090
v 0.178061 0.745691 1.481302
v 0.182923 0.542194 1.540101
v 0.081783 0.648425 1.643049
v 0.101881 0.495055 1.665090
v 0.216302 0.631283 1.399102
v 0.231212 0.530797 1.585039
v 0.064087 0.568294 1.532351
v 0.101881 0.495055 1.665090
v 0.175294 0.750846 1.487379
v 0.049633 0.631188 1.608967
v 0.212860 0.563554 1.579045
v 0.101881 0.495055 1.665090
v -0.094738 0.727556 1.763496
v -0.029004 0.574121 1.633001
v 0.075471 0.601989 1.775903
v 0.101881 0.495055 1.665090
v -0.094621 0.727603 1.763619
v -0.024798 0.527998 1.750409
v 0.071358 0.648150 1.658594
v 0.101881 0.495055 1.665090
v -0.100900 0.724957 1.756876
v -0.034965 0.524864 1.734348
v 0.076503 0.649167 1.669261
v 0.101881 0.495055 1.665090
v -0.041286 0.740789 1.811779
v 0.099043 0.583022 1.794186
v -0.009814 0.603675 1.653345
v 0.151952 0.293453 1.542557
v 0.285703 0.216575 1.737621
v 0.154499 0.281810 1.536352
v 0.287537 0.208192 1.733154
v 0.165423 0.280562 1.528629
v 0.295402 0.207294 1.727593
v 0.173801 0.290957 1.527111
v 0.301434 0.214778 1.726500
v 0.171255 0.302600 1.533316
v 0.299601 0.223161 1.730968
v 0.160330 0.303848 1.541039
v 0.291735 0.224060 1.736528
v 0.293569 0.215677 1.732061
v 0.253268 -0.100813 1.756757
v 0.190336 0.101492 1.758835
v 0.364561 0.076670 1.725043
v 0.293569 0.215677 1.732061
v 0.195412 -0.083223 1.673542
v 0.321710 0.064253 1.758348
v 0.186902 0.127981 1.658958
v 0.293569 0.215677 1.732061
v 0.178249 -0.070431 1.646952
v 0.167170 0.138074 1.682935
v 0.327712 0.064393 1.713100
v 0.293569 0.215677 1.732061
v 0.254993 -0.100836 1.759111
v 0.365834 0.077186 1.728869
v 0.190442 0.100957 1.756892
v 0.293569 0.215677 1.732061
v 0.575643 0.345442 1.809489
v 0.431564 0.264150 1.677107
v 0.381233 0.271016 1.848957
v 0.293569 0.215677 1.732061
v 0.575236 0.348736 1.805266
v 0.365022 0.346506 1.778861
v 0.447449 0.191294 1.743825
v 0.293569 0.215677 1.732061
v 0.571831 0.365278 1.782950
v 0.360660 0.350330 1.774241
v 0.449087 0.200704 1.730591
v 0.293569 0.215677 1.732061
v 0.574122 0.355531 1.796332
v 0.363947 0.331965 1.809107
v 0.447633 0.211272 1.706431
v 0.293569 0.215677 1.732061
v 0.081627 0.159770 1.965203
v 0.142216 0.218212 1.770766
v 0.275368 0.168416 1.879869
v 0.293569 0.215677 1.732061
v 0.120719 0.147195 1.992509
v 0.291284 0.217450 1.888278
v 0.157574 0.159118 1.784202
v 0.293569 0.215677 1.732061
v 0.064463 0.166353 1.949954
v 0.264220 0.189804 1.883327
v 0.139633 0.202091 1.755109
v 0.293569 0.215677 1.732061
v 0.039922 0.177326 1.923353
v 0.179850 0.117859 1.775786
v 0.204371 0.282814 1.841370
v 0.293569 0.215677 1.732061
v 0.343486 -0.075175 1.855808
v 0.342668 0.136693 1.857611
v 0.284403 0.061979 1.705508
v 0.293569 0.215677 1.732061
v 0.402816 -0.010033 1.930858
v 0.371109 0.188847 1.865026
v 0.303426 0.061939 1.758133
v 0.293569 0.215677 1.732061
v 0.389007 -0.029545 1.914153
v 0.416598 0.132211 1.780116
v 0.246890 0.102966 1.829680
v 0.293569 0.215677 1.732061
v 0.420374 0.019965 1.951189
v 0.387280 0.206728 1.856762
v 0.301302 0.068056 1.782662
v 0.013494 0.159279 1.318530
v 0.029246 0.312243 1.579955
v 0.006280 0.174398 1.310304
v 0.024052 0.323129 1.574033
v -0.012191 0.177063 1.310231
v 0.010753 0.325048 1.573980
v -0.023448 0.164609 1.318383
v 0.002648 0.316081 1.579849
v -0.016234 0.149490 1.326608
v 0.007842 0.305195 1.585772
v 0.002237 0.146825 1.326682
v 0.021141 0.303276 1.585824
v 0.015947 0.314162 1.579902
v 0.029261 0.312345 1.579894
v 0.057322 0.545473 1.661829
v 0.023116 0.317053 1.568911
v 0.052898 0.548863 1.653922
v 0.009802 0.318870 1.568919
v 0.043312 0.550171 1.653927
v 0.002634 0.315979 1.579910
v 0.038151 0.548089 1.661841
v 0.008778 0.311270 1.590893
v 0.042575 0.544699 1.669749
v 0.022092 0.309454 1.590885
v 0.052161 0.543391 1.669743
v 0.047736 0.546781 1.661835
v 0.096860 0.766948 1.434870
v 0.146475 0.655203 1.607912
v -0.011703 0.614494 1.534186
v 0.047736 0.546781 1.661835
v 0.077575 0.611963 1.349968
v 0.142243 0.604471 1.551597
v -0.022899 0.541237 1.522580
v 0.047736 0.546781 1.661835
v 0.095047 0.749038 1.418414
v -0.015974 0.660466 1.575645
v 0.149296 0.594902 1.553289
v 0.047736 0.546781 1.661835
v 0.079534 0.625631 1.353336
v 0.125599 0.635978 1.559887
v -0.004688 0.520664 1.516984
v 0.047736 0.546781 1.661835
v -0.201436 0.470624 1.847613
v -0.105806 0.517983 1.664571
v 0.001941 0.514653 1.807721
v 0.047736 0.546781 1.661835
v -0.197907 0.511566 1.863873
v -0.029006 0.446431 1.753772
v -0.072035 0.618960 1.731528
v 0.047736 0.546781 1.661835
v -0.164788 0.624733 1.888014
v 0.020140 0.550942 1.815566
v -0.094687 0.604981 1.689047
v 0.047736 0.546781 1.661835
v -0.160045 0.634992 1.888652
v -0.053270 0.495952 1.769660
v -0.017482 0.668180 1.735464
v 0.047736 0.546781 1.661835
v 0.360631 0.594247 1.614466
v 0.163430 0.542362 1.556918
v 0.182359 0.589173 1.728857
v 0.047736 0.546781 1.661835
v 0.357695 0.616493 1.623551
v 0.155932 0.598181 1.561516
v 0.187508 0.551150 1.731527
v 0.047736 0.546781 1.661835
v 0.361636 0.578066 1.608094
v 0.185574 0.473208 1.661938
v 0.161019 0.645382 1.618740
v 0.047736 0.546781 1.661835
v 0.354157 0.633642 1.630822
v 0.178477 0.527376 1.578513
v 0.162132 0.635675 1.720346
v 0.047736 0.546781 1.661835
v 0.093992 0.857998 1.720182
v -0.021754 0.681883 1.698315
v 0.154232 0.660653 1.672032
v 0.047736 0.546781 1.661835
v 0.089424 0.833519 1.526028
v 0.060479 0.623628 1.526394
v 0.068344 0.699324 1.688631
v 0.047736 0.546781 1.661835
v 0.089747 0.835558 1.530523
v 0.000076 0.644548 1.549665
v 0.129006 0.680036 1.668956
v 0.047736 0.546781 1.661835
v 0.094176 0.862123 1.633498
v 0.085046 0.678019 1.737971
v 0.047578 0.667816 1.563029
v 0.006039 0.322328 1.575941
v -0.115185 0.271473 1.787052
v 0.005691 0.309288 1.572719
v -0.115436 0.262084 1.784732
v 0.015599 0.301122 1.576680
v -0.108302 0.256204 1.787585
v 0.025855 0.305996 1.583864
v -0.100917 0.259714 1.792756
v 0.026204 0.319036 1.587085
v -0.100666 0.269103 1.795076
v 0.016296 0.327202 1.583124
v -0.107800 0.274982 1.792224
v -0.108051 0.265593 1.789904
v -0.219682 -0.007127 1.665157
v -0.233944 0.193433 1.731974
v -0.071463 0.119578 1.748037
v -0.108051 0.265593 1.789904
v -0.237810 -0.012279 1.698529
v -0.129099 0.115515 1.827923
v -0.190810 0.193374 1.678785
v -0.108051 0.265593 1.789904
v -0.235718 -0.011868 1.694424
v -0.212653 0.198750 1.695023
v -0.105582 0.110468 1.808402
v -0.108051 0.265593 1.789904
v -0.254505 -0.013420 1.734201
v -0.087739 0.111729 1.771870
v -0.245527 0.196248 1.763376
v -0.108051 0.265593 1.789904
v -0.402541 0.380138 1.840449
v -0.242016 0.244522 1.867502
v -0.209678 0.378301 1.752742
v -0.108051 0.265593 1.789904
v -0.402160 0.384805 1.830996
v -0.200859 0.347290 1.885427
v -0.250530 0.279266 1.727255
v -0.108051 0.265593 1.789904
v -0.400684 0.359394 1.879164
v -0.237489 0.340887 1.745309
v -0.212719 0.265341 1.905907
v -0.108051 0.265593 1.789904
v -0.400290 0.394281 1.810783
v -0.194472 0.392397 1.760505
v -0.255420 0.241740 1.836006
v -0.108051 0.265593 1.789904
v -0.286363 0.146987 2.027680
v -0.121359 0.250968 1.944892
v -0.237392 0.185334 1.825137
v -0.108051 0.265593 1.789904
v -0.295620 0.127226 2.009158
v -0.248134 0.201742 1.816584
v -0.118023 0.218750 1.938627
v -0.108051 0.265593 1.789904
v -0.315997 0.066884 1.930166
v -0.226691 0.254991 1.891019
v -0.155767 0.117228 1.800998
v -0.108051 0.265593 1.789904
v -0.313273 0.078610 1.949030
v -0.132897 0.186521 1.922352
v -0.247383 0.195079 1.784757
v 0.015631 0.302564 1.586680
v 0.178697 0.397238 1.748839
v 0.024574 0.304335 1.576809
v 0.185136 0.398513 1.741732
v 0.024890 0.315933 1.570031
v 0.185364 0.406863 1.736852
v 0.016264 0.325760 1.573124
v 0.179153 0.413939 1.739079
v 0.007321 0.323989 1.582995
v 0.172714 0.412664 1.746186
v 0.007004 0.312391 1.589773
v 0.172486 0.404313 1.751066
v 0.178925 0.405588 1.743959
v 0.483948 0.376935 1.651547
v 0.280673 0.318402 1.663597
v 0.321196 0.469852 1.750392
v 0.178925 0.405588 1.743959
v 0.447025 0.340038 1.582016
v 0.265561 0.442832 1.619383
v 0.306769 0.315904 1.738981
v 0.178925 0.405588 1.743959
v 0.403100 0.313906 1.534818
v 0.280289 0.292847 1.706184
v 0.256901 0.444983 1.614422
v 0.178925 0.405588 1.743959
v 0.445245 0.338741 1.579627
v 0.321468 0.456382 1.705055
v 0.249437 0.301317 1.651398
v 0.178925 0.405588 1.743959
v 0.112060 0.708527 1.822427
v 0.155397 0.504978 1.862198
v 0.148961 0.548550 1.688495
v 0.178925 0.405588 1.743959
v 0.120711 0.708523 1.829056
v 0.242963 0.545535 1.770906
v 0.068316 0.507990 1.785089
v 0.178925 0.405588 1.743959
v 0.096577 0.707637 1.810180
v 0.078814 0.521041 1.711395
v 0.213158 0.531774 1.829501
v 0.178925 0.405588 1.743959
v 0.113100 0.708545 1.823232
v 0.240230 0.543835 1.783223
v 0.064960 0.509707 1.768114
v 0.178925 0.405588 1.743959
v 0.331494 0.259341 1.984239
v 0.174444 0.371106 1.896285
v 0.305461 0.323072 1.783857
v 0.178925 0.405588 1.743959
v 0.244136 0.146548 1.920156
v 0.273568 0.282335 1.760195
v 0.136451 0.321609 1.868681
v 0.178925 0.405588 1.743959
v 0.308050 0.220013 1.970429
v 0.184109 0.261273 1.803610
v 0.277041 0.401444 1.865484
v 0.178925 0.405588 1.743959
v 0.300705 0.209371 1.965473
v 0.285472 0.390912 1.857293
v 0.169802 0.263291 1.807837
v 0.178925 0.405588 1.743959
v 0.491512 0.431429 1.807377
v 0.306730 0.493258 1.724160
v 0.301189 0.338591 1.814493
v 0.178925 0.405588 1.743959
v 0.473876 0.459808 1.855602
v 0.315860 0.475151 1.715289
v 0.277951 0.379402 1.861944
v 0.178925 0.405588 1.743959
v 0.451566 0.482108 1.892995
v 0.322663 0.464086 1.725808
v 0.253299 0.408307 1.881339
v 0.178925 0.405588 1.743959
v 0.494310 0.424115 1.794845
v 0.304081 0.330975 1.800359
v 0.306076 0.495022 1.728268
v -0.039527 -0.010766 0.999883
v -0.160615 -0.198784 1.294512
v -0.038983 -0.032854 0.986330
v -0.160223 -0.214688 1.284754
v -0.017635 -0.047555 0.986361
v -0.144852 -0.225273 1.284776
v 0.003168 -0.040168 0.999944
v -0.129874 -0.219954 1.294556
v 0.002624 -0.018080 1.013496
v -0.130266 -0.204051 1.304314
v -0.018724 -0.003379 1.013466
v -0.145636 -0.193466 1.304292
v -0.145244 -0.209369 1.294534
v -0.160456 -0.198559 1.294721
v -0.317673 -0.430814 1.410176
v -0.156538 -0.208896 1.279685
v -0.314853 -0.438256 1.399350
v -0.141327 -0.219706 1.279498
v -0.303900 -0.446039 1.399215
v -0.130033 -0.220179 1.294347
v -0.295768 -0.446380 1.409907
v -0.133950 -0.209843 1.309383
v -0.298589 -0.438938 1.420733
v -0.149162 -0.199033 1.309570
v -0.309542 -0.431155 1.420868
v -0.317198 -0.430358 1.411745
v -0.464661 -0.603040 1.310330
v -0.310074 -0.429902 1.400361
v -0.459531 -0.602712 1.302134
v -0.299597 -0.438141 1.398657
v -0.451988 -0.608644 1.300907
v -0.296244 -0.446836 1.408338
v -0.449574 -0.614904 1.307877
v -0.303368 -0.447292 1.419722
v -0.454703 -0.615233 1.316073
v -0.313845 -0.439053 1.421425
v -0.462246 -0.609300 1.317300
v -0.457117 -0.608972 1.309104
v -0.457117 -0.608972 1.309104
v -0.582455 -0.666886 1.020423
v -0.548943 -0.704436 1.226236
v -0.465562 -0.559840 1.161026
v -0.457117 -0.608972 1.309104
v -0.539378 -0.597834 1.000058
v -0.406757 -0.579147 1.164237
v -0.573286 -0.629887 1.206734
v -0.457117 -0.608972 1.309104
v -0.581421 -0.665101 1.019625
v -0.504784 -0.719523 1.209511
v -0.508894 -0.543324 1.177112
v -0.457117 -0.608972 1.309104
v -0.474664 -0.508966 1.005639
v -0.379734 -0.595741 1.174015
v -0.548538 -0.542198 1.201421
v -0.457117 -0.608972 1.309104
v -0.307293 -0.817827 1.499714
v -0.326322 -0.637846 1.389547
v -0.468053 -0.747182 1.381149
v -0.457117 -0.608972 1.309104
v -0.393631 -0.895372 1.436949
v -0.458760 -0.693781 1.440317
v -0.404686 -0.753283 1.280167
v -0.457117 -0.608972 1.309104
v -0.414218 -0.906017 1.420117
v -0.383906 -0.745014 1.285761
v -0.496008 -0.710566 1.421257
v -0.457117 -0.608972 1.309104
v -0.363790 -0.875161 1.460211
v -0.359069 -0.730566 1.305414
v -0.480504 -0.700330 1.433679
v -0.299747 -0.447291 1.402536
v -0.281988 -0.597589 1.599880
v -0.293330 -0.437687 1.409401
v -0.277368 -0.590674 1.604823
v -0.300304 -0.428993 1.416907
v -0.282389 -0.584414 1.610227
v -0.313694 -0.429903 1.417547
v -0.292030 -0.585069 1.610687
v -0.320112 -0.439507 1.410682
v -0.296651 -0.591984 1.605745
v -0.313138 -0.448201 1.403176
v -0.291630 -0.598244 1.600341
v -0.287009 -0.591329 1.605284
v -0.019077 -0.545526 1.774147
v -0.228065 -0.538487 1.739989
v -0.131608 -0.607529 1.605669
v -0.287009 -0.591329 1.605284
v -0.009635 -0.513678 1.744689
v -0.175175 -0.482757 1.616110
v -0.176944 -0.637781 1.705982
v -0.287009 -0.591329 1.605284
v -0.007180 -0.500210 1.730954
v -0.174310 -0.483166 1.601844
v -0.175845 -0.626597 1.709259
v -0.287009 -0.591329 1.605284
v -0.007339 -0.501278 1.732073
v -0.217489 -0.494204 1.706010
v -0.132794 -0.616413 1.605989
v -0.287009 -0.591329 1.605284
v -0.589862 -0.557818 1.703044
v -0.380826 -0.524062 1.710572
v -0.435474 -0.631788 1.578204
v -0.287009 -0.591329 1.605284
v -0.584486 -0.573792 1.721903
v -0.408545 -0.496929 1.632297
v -0.403454 -0.671700 1.671565
v -0.287009 -0.591329 1.605284
v -0.553872 -0.626676 1.778301
v -0.350481 -0.576082 1.747238
v -0.437027 -0.634853 1.601744
v -0.287009 -0.591329 1.605284
v -0.551998 -0.629091 1.780654
v -0.429358 -0.534685 1.635951
v -0.356652 -0.678183 1.714913
v -0.287009 -0.591329 1.605284
v -0.072955 -0.828065 1.582115
v -0.227048 -0.700952 1.511477
v -0.175727 -0.671095 1.680555
v -0.287009 -0.591329 1.605284
v -0.099643 -0.845713 1.656102
v -0.178252 -0.653601 1.698591
v -0.245873 -0.732565 1.552630
v -0.287009 -0.591329 1.605284
v -0.104617 -0.846960 1.666813
v -0.140508 -0.644936 1.613989
v -0.287597 -0.742227 1.645801
v -0.287009 -0.591329 1.605284
v -0.082421 -0.837271 1.612799
v -0.250750 -0.725531 1.676610
v -0.159598 -0.653881 1.539970
v -0.287009 -0.591329 1.605284
v -0.129023 -0.716769 1.853689
v -0.242752 -0.568769 1.753420
v -0.204878 -0.714242 1.655871
v -0.287009 -0.591329 1.605284
v -0.086848 -0.669325 1.842459
v -0.138292 -0.589280 1.653148
v -0.275598 -0.655776 1.747159
v -0.287009 -0.591329 1.605284
v -0.110908 -0.697889 1.850301
v -0.145137 -0.590756 1.670738
v -0.288000 -0.677151 1.735843
v -0.287009 -0.591329 1.605284
v -0.122914 -0.710620 1.852756
v -0.263406 -0.717544 1.694306
v -0.179336 -0.560548 1.714239
v -0.303879 -0.434339 1.422465
v -0.545278 -0.451873 1.479634
v -0.306906 -0.425457 1.412847
v -0.547458 -0.445478 1.472709
v -0.309748 -0.429715 1.400424
v -0.549504 -0.448544 1.463764
v -0.309563 -0.442855 1.397618
v -0.549371 -0.458004 1.461744
v -0.306536 -0.451736 1.407236
v -0.547191 -0.464399 1.468669
v -0.303693 -0.447478 1.419659
v -0.545145 -0.461333 1.477614
v -0.547325 -0.454939 1.470689
v -0.624735 -0.167257 1.353870
v -0.532493 -0.300633 1.490231
v -0.624085 -0.379099 1.357692
v -0.547325 -0.454939 1.470689
v -0.587039 -0.163802 1.343952
v -0.582410 -0.305767 1.501168
v -0.544011 -0.371201 1.338821
v -0.547325 -0.454939 1.470689
v -0.606819 -0.165063 1.348900
v -0.653659 -0.341311 1.456765
v -0.488586 -0.336666 1.387182
v -0.547325 -0.454939 1.470689
v -0.529146 -0.166838 1.332603
v -0.569662 -0.301636 1.490970
v -0.510444 -0.377762 1.339938
v -0.547325 -0.454939 1.470689
v -0.652322 -0.367936 1.760182
v -0.653304 -0.370358 1.548320
v -0.525343 -0.469917 1.624652
v -0.547325 -0.454939 1.470689
v -0.611675 -0.358385 1.768911
v -0.596622 -0.335691 1.558790
v -0.549508 -0.496943 1.621165
v -0.547325 -0.454939 1.470689
v -0.624237 -0.361125 1.766803
v -0.555814 -0.498314 1.620551
v -0.600365 -0.336512 1.557718
v -0.547325 -0.454939 1.470689
v -0.643787 -0.365764 1.762481
v -0.557862 -0.497615 1.620622
v -0.613957 -0.340922 1.554190
v -0.547325 -0.454939 1.470689
v -0.804575 -0.266382 1.444838
v -0.697857 -0.437845 1.508898
v -0.602593 -0.321187 1.411799
v -0.547325 -0.454939 1.470689
v -0.864349 -0.430733 1.506874
v -0.684097 -0.528508 1.453570
v -0.664172 -0.362005 1.516756
v -0.547325 -0.454939 1.470689
v -0.805470 -0.267539 1.445340
v -0.696289 -0.447873 1.424087
v -0.604876 -0.312085 1.497012
v -0.547325 -0.454939 1.470689
v -0.833753 -0.312415 1.463943
v -0.669597 -0.417529 1.380900
v -0.654195 -0.378330 1.555081
v -0.317032 -0.429984 1.409813
v -0.465863 -0.611895 1.491098
v -0.314170 -0.437328 1.398931
v -0.463803 -0.617183 1.483262
v -0.303859 -0.445940 1.399159
v -0.456378 -0.623383 1.483426
v -0.296409 -0.447209 1.410270
v -0.451015 -0.624297 1.491426
v -0.299272 -0.439866 1.421152
v -0.453076 -0.619010 1.499262
v -0.309583 -0.431253 1.420924
v -0.460500 -0.612809 1.499098
v -0.458439 -0.618096 1.491262
v -0.638878 -0.777211 1.280254
v -0.582567 -0.609442 1.396765
v -0.478663 -0.754042 1.416952
v -0.458439 -0.618096 1.491262
v -0.619585 -0.750622 1.248633
v -0.452418 -0.658279 1.340394
v -0.593377 -0.683935 1.448027
v -0.458439 -0.618096 1.491262
v -0.590260 -0.712846 1.215498
v -0.436579 -0.632492 1.337226
v -0.585756 -0.679500 1.424687
v -0.458439 -0.618096 1.491262
v -0.641570 -0.781086 1.285599
v -0.468760 -0.746817 1.403304
v -0.594623 -0.619768 1.414690
v -0.458439 -0.618096 1.491262
v -0.327730 -0.778156 1.735589
v -0.327881 -0.684646 1.545463
v -0.484430 -0.679594 1.632523
v -0.458439 -0.618096 1.491262
v -0.433444 -0.835602 1.724643
v -0.526060 -0.741686 1.558828
v -0.370823 -0.668511 1.610400
v -0.458439 -0.618096 1.491262
v -0.401179 -0.821587 1.731497
v -0.432777 -0.767504 1.529090
v -0.438294 -0.631481 1.645623
v -0.458439 -0.618096 1.491262
v -0.291675 -0.749767 1.730537
v -0.441743 -0.626099 1.646405
v -0.341725 -0.715430 1.527539
v -0.458439 -0.618096 1.491262
v -0.778128 -0.631619 1.495315
v -0.590195 -0.544257 1.451257
v -0.582435 -0.702754 1.534509
v -0.458439 -0.618096 1.491262
v -0.777478 -0.641365 1.499784
v -0.582116 -0.700395 1.442854
v -0.589994 -0.554413 1.546487
v -0.458439 -0.618096 1.491262
v -0.766228 -0.539296 1.453097
v -0.605704 -0.669709 1.499102
v -0.557406 -0.503443 1.452890
v -0.458439 -0.618096 1.491262
v -0.775640 -0.580546 1.471932
v -0.592409 -0.617600 1.571661
v -0.578230 -0.588553 1.395400
v -0.458439 -0.618096 1.491262
v -0.648495 -0.830454 1.345718
v -0.537166 -0.752011 1.508029
v -0.531757 -0.654068 1.358060
v -0.458439 -0.618096 1.491262
v -0.670789 -0.850215 1.432705
v -0.608232 -0.660703 1.503869
v -0.478526 -0.761184 1.431810
v -0.458439 -0.618096 1.491262
v -0.670759 -0.850192 1.432509
v -0.608789 -0.649894 1.463049
v -0.477945 -0.771975 1.472473
v -0.458439 -0.618096 1.491262
v -0.647178 -0.829205 1.342229
v -0.573565 -0.635660 1.387100
v -0.494304 -0.769420 1.476198
v -0.140999 -0.225552 1.286264
v -0.030586 -0.325570 1.550451
v -0.128550 -0.211650 1.286509
v -0.021624 -0.315560 1.550628
v -0.132796 -0.195467 1.294779
v -0.024680 -0.303909 1.556582
v -0.149490 -0.193187 1.302804
v -0.036700 -0.302267 1.562360
v -0.161938 -0.207089 1.302559
v -0.045663 -0.312276 1.562183
v -0.157692 -0.223271 1.294289
v -0.042606 -0.323928 1.556229
v -0.029106 -0.324880 1.550096
v 0.175975 -0.316205 1.690509
v -0.026205 -0.312673 1.545285
v 0.178064 -0.307417 1.687045
v -0.030742 -0.301712 1.551594
v 0.174797 -0.299524 1.691588
v -0.038181 -0.302957 1.562715
v 0.169442 -0.300421 1.699595
v -0.041081 -0.315163 1.567526
v 0.167353 -0.309209 1.703059
v -0.036544 -0.326124 1.561217
v 0.170620 -0.317101 1.698516
v 0.172708 -0.308313 1.695052
v 0.365227 -0.091286 1.560011
v 0.294326 -0.213013 1.718276
v 0.205106 -0.229991 1.563795
v 0.172708 -0.308313 1.695052
v 0.369957 -0.092541 1.564915
v 0.186553 -0.160486 1.646394
v 0.316662 -0.283522 1.639600
v 0.172708 -0.308313 1.695052
v 0.433767 -0.127852 1.654033
v 0.227043 -0.172316 1.640601
v 0.327220 -0.299941 1.716688
v 0.172708 -0.308313 1.695052
v 0.308905 -0.084310 1.511550
v 0.296344 -0.214235 1.678444
v 0.158030 -0.223188 1.564858
v 0.172708 -0.308313 1.695052
v 0.327105 -0.530009 1.523551
v 0.300010 -0.338280 1.609563
v 0.168924 -0.455703 1.643341
v 0.172708 -0.308313 1.695052
v 0.362461 -0.523773 1.553734
v 0.207347 -0.460216 1.683320
v 0.289872 -0.328778 1.593730
v 0.172708 -0.308313 1.695052
v 0.389504 -0.514755 1.581998
v 0.219587 -0.388792 1.569602
v 0.299267 -0.392987 1.730058
v 0.172708 -0.308313 1.695052
v 0.410603 -0.504059 1.608509
v 0.248762 -0.371692 1.574176
v 0.286971 -0.401530 1.746694
v 0.172708 -0.308313 1.695052
v 0.467397 -0.219790 1.782930
v 0.266978 -0.186802 1.722630
v 0.314190 -0.359005 1.737776
v 0.172708 -0.308313 1.695052
v 0.468878 -0.209162 1.764715
v 0.293935 -0.325509 1.792112
v 0.288418 -0.211797 1.653722
v 0.172708 -0.308313 1.695052
v 0.468950 -0.197000 1.742491
v 0.319986 -0.347144 1.729888
v 0.262424 -0.180431 1.698167
v 0.172708 -0.308313 1.695052
v 0.468479 -0.192478 1.733808
v 0.271036 -0.193024 1.656944
v 0.310998 -0.330935 1.764164
v -0.029667 -0.301504 1.559667
v -0.113884 -0.339273 1.790601
v -0.042068 -0.303557 1.554918
v -0.122813 -0.340750 1.787182
v -0.046044 -0.315970 1.551657
v -0.125676 -0.349688 1.784834
v -0.037620 -0.326332 1.553144
v -0.119610 -0.357148 1.785904
v -0.025218 -0.324280 1.557893
v -0.110681 -0.355671 1.789323
v -0.021242 -0.311866 1.561154
v -0.107818 -0.346733 1.791672
v -0.116747 -0.348211 1.788253
v -0.409545 -0.222616 1.818176
v -0.198550 -0.215626 1.800160
v -0.269182 -0.380319 1.800284
v -0.116747 -0.348211 1.788253
v -0.400262 -0.205167 1.748787
v -0.188808 -0.217196 1.742925
v -0.271499 -0.364790 1.802008
v -0.116747 -0.348211 1.788253
v -0.409613 -0.223554 1.821273
v -0.203121 -0.218790 1.774043
v -0.264665 -0.377906 1.828878
v -0.116747 -0.348211 1.788253
v -0.374769 -0.194634 1.677623
v -0.177774 -0.271828 1.666378
v -0.262137 -0.301732 1.821624
v -0.116747 -0.348211 1.788253
v 0.037546 -0.623308 1.842242
v -0.120246 -0.503074 1.767827
v 0.010187 -0.413425 1.851869
v -0.116747 -0.348211 1.788253
v 0.012584 -0.621128 1.894034
v 0.016932 -0.424109 1.816209
v -0.146961 -0.490646 1.844921
v -0.116747 -0.348211 1.788253
v -0.013678 -0.611521 1.938067
v -0.159420 -0.471822 1.873760
v 0.008381 -0.435248 1.822597
v -0.116747 -0.348211 1.788253
v 0.046584 -0.621566 1.819869
v -0.113036 -0.500066 1.751669
v 0.010207 -0.415040 1.850129
v -0.116747 -0.348211 1.788253
v -0.027683 -0.081937 1.941764
v 0.000443 -0.247903 1.813093
v -0.162685 -0.235499 1.886222
v -0.116747 -0.348211 1.788253
v -0.030047 -0.083956 1.946533
v -0.108434 -0.279979 1.928565
v -0.055701 -0.205039 1.774565
v -0.116747 -0.348211 1.788253
v -0.050206 -0.103399 1.983290
v -0.087821 -0.306481 1.936016
v -0.092441 -0.194090 1.796519
v -0.116747 -0.348211 1.788253
v -0.024032 -0.078940 1.934189
v -0.160381 -0.233435 1.884869
v 0.001059 -0.247570 1.808385
v -0.116747 -0.348211 1.788253
v -0.409389 -0.297738 1.907471
v -0.245728 -0.260612 1.778131
v -0.221880 -0.395432 1.893749
v -0.116747 -0.348211 1.788253
v -0.385048 -0.322054 1.960677
v -0.181503 -0.284511 1.915379
v -0.266632 -0.390985 1.799065
v -0.116747 -0.348211 1.788253
v -0.354602 -0.344520 2.002288
v -0.262980 -0.300867 1.816299
v -0.160798 -0.392601 1.931435
v -0.116747 -0.348211 1.788253
v -0.390488 -0.317352 1.951083
v -0.260573 -0.405657 1.808898
v -0.191914 -0.266077 1.897871
v -0.045539 -0.319480 1.559255
v 0.072370 -0.527378 1.627996
v -0.040323 -0.320717 1.546934
v 0.076125 -0.528269 1.619125
v -0.028427 -0.315155 1.544084
v 0.084690 -0.524264 1.617073
v -0.021748 -0.308357 1.553556
v 0.089499 -0.519370 1.623893
v -0.026964 -0.307120 1.565878
v 0.085744 -0.518479 1.632764
v -0.038859 -0.312681 1.568727
v 0.077179 -0.522483 1.634816
v 0.080934 -0.523374 1.625944
v 0.320332 -0.543375 1.837341
v 0.133164 -0.596758 1.753612
v 0.220223 -0.465991 1.667394
v 0.080934 -0.523374 1.625944
v 0.289722 -0.397204 1.833042
v 0.173992 -0.401422 1.655613
v 0.154906 -0.544390 1.761954
v 0.080934 -0.523374 1.625944
v 0.294977 -0.410946 1.835577
v 0.233134 -0.508822 1.658129
v 0.099969 -0.447983 1.761466
v 0.080934 -0.523374 1.625944
v 0.312118 -0.472311 1.841227
v 0.225525 -0.468382 1.647893
v 0.121291 -0.537516 1.776222
v 0.080934 -0.523374 1.625944
v -0.091124 -0.781425 1.704718
v -0.062930 -0.577805 1.653378
v 0.087152 -0.675384 1.661530
v 0.080934 -0.523374 1.625944
v -0.134411 -0.750150 1.693758
v -0.069249 -0.551656 1.658457
v 0.058842 -0.676513 1.647682
v 0.080934 -0.523374 1.625944
v -0.199396 -0.672040 1.667335
v -0.024816 -0.570240 1.730981
v -0.037579 -0.595441 1.554021
v 0.080934 -0.523374 1.625944
v -0.059196 -0.798259 1.710807
v 0.097094 -0.655225 1.708202
v -0.047330 -0.611431 1.611577
v 0.080934 -0.523374 1.625944
v 0.185287 -0.823455 1.587717
v 0.206811 -0.613308 1.604059
v 0.038540 -0.673504 1.617247
v 0.080934 -0.523374 1.625944
v 0.184000 -0.823120 1.582015
v 0.158924 -0.619188 1.530292
v 0.085397 -0.667356 1.686453
v 0.080934 -0.523374 1.625944
v 0.181065 -0.822037 1.569605
v 0.202544 -0.621178 1.633533
v 0.039430 -0.664499 1.573284
v 0.080934 -0.523374 1.625944
v 0.190230 -0.823777 1.611377
v 0.096685 -0.649593 1.535210
v 0.152620 -0.637477 1.705025
v -0.030731 -0.325394 1.550051
v 0.047352 -0.420783 1.766045
v -0.021444 -0.315737 1.551075
v 0.054039 -0.413830 1.766782
v -0.024356 -0.304262 1.557430
v 0.051942 -0.405568 1.771358
v -0.036556 -0.302443 1.562760
v 0.043158 -0.404259 1.775195
v -0.045843 -0.312100 1.561736
v 0.036471 -0.411211 1.774458
v -0.042930 -0.323575 1.555381
v 0.038568 -0.419474 1.769882
v 0.045255 -0.412521 1.770620
v 0.354344 -0.343499 1.816444
v 0.145702 -0.311452 1.834710
v 0.192079 -0.458372 1.743189
v 0.045255 -0.412521 1.770620
v 0.343228 -0.385806 1.884191
v 0.136029 -0.342185 1.876568
v 0.192859 -0.461485 1.755529
v 0.045255 -0.412521 1.770620
v 0.353671 -0.330133 1.792793
v 0.145398 -0.303964 1.821598
v 0.191845 -0.455168 1.737380
v 0.045255 -0.412521 1.770620
v 0.353513 -0.352985 1.832527
v 0.192027 -0.432985 1.721108
v 0.145090 -0.344428 1.869658
v 0.045255 -0.412521 1.770620
v -0.157898 -0.383183 2.016116
v -0.053300 -0.488618 1.865004
v -0.018712 -0.312953 1.872633
v 0.045255 -0.412521 1.770620
v -0.230837 -0.315028 1.899726
v -0.096989 -0.355323 1.740499
v -0.033375 -0.391724 1.904025
v 0.045255 -0.412521 1.770620
v -0.194398 -0.353721 1.974358
v -0.108708 -0.389481 1.783909
v 0.007496 -0.388521 1.920321
v 0.045255 -0.412521 1.770620
v -0.144321 -0.393024 2.027682
v -0.099672 -0.382713 1.820819
v 0.038521 -0.426731 1.926071
v 0.045255 -0.412521 1.770620
v 0.159199 -0.705373 1.710170
v 0.132949 -0.498290 1.673844
v 0.048716 -0.561034 1.819036
v 0.045255 -0.412521 1.770620
v 0.169538 -0.707349 1.765140
v 0.177532 -0.495648 1.768403
v 0.012404 -0.565257 1.768453
v 0.045255 -0.412521 1.770620
v 0.163381 -0.707138 1.730034
v 0.164520 -0.508170 1.802856
v 0.020491 -0.552565 1.705916
v 0.045255 -0.412521 1.770620
v 0.158814 -0.705164 1.708455
v 0.040580 -0.563101 1.812045
v 0.140777 -0.496056 1.679463
v 0.045255 -0.412521 1.770620
v 0.290637 -0.479355 1.964839
v 0.105341 -0.390544 1.913164
v 0.181474 -0.487965 1.783451
v 0.045255 -0.412521 1.770620
v 0.325698 -0.443031 1.921685
v 0.154416 -0.338200 1.854120
v 0.160448 -0.511250 1.807971
v 0.045255 -0.412521 1.770620
v 0.273063 -0.493531 1.980241
v 0.181395 -0.486871 1.789336
v 0.091361 -0.402980 1.919601
v 0.045255 -0.412521 1.770620
v 0.289011 -0.480751 1.966395
v 0.099444 -0.400239 1.916650
v 0.186070 -0.479387 1.781210
v -0.140484 -0.195055 1.305522
v -0.372340 -0.264940 1.488136
v -0.152522 -0.192454 1.291500
v -0.381007 -0.263067 1.478041
v -0.157282 -0.206768 1.280512
v -0.384435 -0.273373 1.470130
v -0.150005 -0.223683 1.283546
v -0.379195 -0.285552 1.472314
v -0.137967 -0.226284 1.297568
v -0.370528 -0.287425 1.482410
v -0.133206 -0.211970 1.308556
v -0.367100 -0.277119 1.490321
v -0.375768 -0.275246 1.480225
v -0.371629 -0.265715 1.488744
v -0.608363 -0.226762 1.554236
v -0.374716 -0.262513 1.476065
v -0.610586 -0.224457 1.545107
v -0.378855 -0.272044 1.467546
v -0.613566 -0.231320 1.538973
v -0.379906 -0.284777 1.471706
v -0.614323 -0.240488 1.541968
v -0.376819 -0.287980 1.484385
v -0.612100 -0.242793 1.551097
v -0.372680 -0.278448 1.492904
v -0.609120 -0.235931 1.557231
v -0.611343 -0.233625 1.548102
v -0.611343 -0.233625 1.548102
v -0.684602 -0.009618 1.331645
v -0.559427 -0.107591 1.471733
v -0.721866 -0.180453 1.451305
v -0.611343 -0.233625 1.548102
v -0.643916 -0.014431 1.317249
v -0.699285 -0.116016 1.494751
v -0.549459 -0.175880 1.416770
v -0.611343 -0.233625 1.548102
v -0.770005 -0.013862 1.378012
v -0.725162 -0.210264 1.443644
v -0.624453 -0.081175 1.516488
v -0.611343 -0.233625 1.548102
v -0.790358 -0.018419 1.393054
v -0.613425 -0.127891 1.433088
v -0.752473 -0.167195 1.539077
v -0.611343 -0.233625 1.548102
v -0.812130 -0.462395 1.646837
v -0.662156 -0.314786 1.671565
v -0.721160 -0.335480 1.503628
v -0.611343 -0.233625 1.548102
v -0.732651 -0.518080 1.630380
v -0.712402 -0.345993 1.508445
v -0.607330 -0.348821 1.653581
v -0.611343 -0.233625 1.548102
v -0.738233 -0.515245 1.631702
v -0.580206 -0.377796 1.599652
v -0.743992 -0.314750 1.563432
v -0.611343 -0.233625 1.548102
v -0.819479 -0.455191 1.648041
v -0.681664 -0.368516 1.512444
v -0.707531 -0.275987 1.663711
v -0.611343 -0.233625 1.548102
v -0.599197 0.026562 1.733992
v -0.554626 -0.088692 1.561882
v -0.658343 -0.170408 1.683035
v -0.611343 -0.233625 1.548102
v -0.595513 0.026710 1.733508
v -0.571977 -0.082517 1.553486
v -0.638045 -0.176465 1.691042
v -0.611343 -0.233625 1.548102
v -0.571927 0.026821 1.729800
v -0.682959 -0.130037 1.640583
v -0.508194 -0.128856 1.600979
v -0.611343 -0.233625 1.548102
v -0.629037 0.024074 1.736988
v -0.626815 -0.078185 1.551434
v -0.610027 -0.182906 1.695879
v -0.383488 -0.278137 1.469615
v -0.448920 -0.491155 1.580029
v -0.370645 -0.282078 1.469851
v -0.439673 -0.493993 1.580199
v -0.362924 -0.279188 1.480461
v -0.434114 -0.491912 1.587838
v -0.368047 -0.272355 1.490836
v -0.437802 -0.486993 1.595308
v -0.380890 -0.268414 1.490600
v -0.447050 -0.484155 1.595138
v -0.388611 -0.271305 1.479989
v -0.452609 -0.486236 1.587498
v -0.443361 -0.489074 1.587668
v -0.297295 -0.773428 1.573270
v -0.313119 -0.564053 1.544922
v -0.456751 -0.641579 1.618896
v -0.443361 -0.489074 1.587668
v -0.226184 -0.709941 1.507346
v -0.331584 -0.584135 1.641346
v -0.381397 -0.570707 1.469733
v -0.443361 -0.489074 1.587668
v -0.240705 -0.727934 1.522275
v -0.431456 -0.640928 1.552874
v -0.293142 -0.528308 1.570148
v -0.443361 -0.489074 1.587668
v -0.304588 -0.777295 1.579259
v -0.349509 -0.583617 1.506025
v -0.426194 -0.625107 1.662584
v -0.443361 -0.489074 1.587668
v -0.498798 -0.346048 1.868507
v -0.474359 -0.353126 1.658162
v -0.456713 -0.510601 1.741845
v -0.443361 -0.489074 1.587668
v -0.521261 -0.435113 1.893315
v -0.473884 -0.379228 1.694507
v -0.475159 -0.555750 1.725347
v -0.443361 -0.489074 1.587668
v -0.538142 -0.539876 1.889058
v -0.456979 -0.595366 1.701373
v -0.505568 -0.423424 1.715075
v -0.443361 -0.489074 1.587668
v -0.513649 -0.401129 1.887210
v -0.473861 -0.368108 1.681738
v -0.469092 -0.539684 1.733232
v -0.443361 -0.489074 1.587668
v -0.596603 -0.735694 1.453149
v -0.511481 -0.627198 1.614006
v -0.497835 -0.548246 1.453715
v -0.443361 -0.489074 1.587668
v -0.596591 -0.716661 1.422972
v -0.513357 -0.628469 1.596714
v -0.495949 -0.531748 1.446865
v -0.443361 -0.489074 1.587668
v -0.596727 -0.720083 1.427938
v -0.583270 -0.548445 1.551435
v -0.426145 -0.614510 1.496117
v -0.443361 -0.489074 1.587668
v -0.596768 -0.731609 1.446095
v -0.466176 -0.564904 1.452978
v -0.543272 -0.607272 1.609099
v -0.443361 -0.489074 1.587668
v -0.472272 -0.794885 1.677357
v -0.470716 -0.585206 1.707762
v -0.439135 -0.637591 1.539325
v -0.443361 -0.489074 1.587668
v -0.365570 -0.799051 1.603881
v -0.397550 -0.614000 1.505772
v -0.426939 -0.612130 1.682535
v -0.443361 -0.489074 1.587668
v -0.413751 -0.803616 1.638525
v -0.508091 -0.629254 1.563758
v -0.354943 -0.600527 1.652263
v -0.443361 -0.489074 1.587668
v -0.442135 -0.801293 1.657794
v -0.507049 -0.600500 1.676777
v -0.378693 -0.627423 1.554660
v -0.367419 -0.282215 1.488117
v -0.448426 -0.151028 1.683251
v -0.363251 -0.270830 1.482323
v -0.445425 -0.142831 1.679079
v -0.371600 -0.263861 1.474431
v -0.451436 -0.137813 1.673397
v -0.384116 -0.268277 1.472333
v -0.460448 -0.140993 1.671887
v -0.388284 -0.279662 1.478127
v -0.463448 -0.149190 1.676059
v -0.379935 -0.286631 1.486019
v -0.457437 -0.154207 1.681741
v -0.454437 -0.146010 1.677569
v -0.355245 0.143968 1.769622
v -0.333858 -0.063649 1.733153
v -0.495662 0.003611 1.695627
v -0.454437 -0.146010 1.677569
v -0.268323 0.110619 1.633943
v -0.334685 -0.063531 1.734742
v -0.425298 -0.023187 1.585496
v -0.454437 -0.146010 1.677569
v -0.325397 0.142049 1.730205
v -0.484425 0.003023 1.713651
v -0.321216 -0.064596 1.683595
v -0.454437 -0.146010 1.677569
v -0.302657 0.135097 1.696044
v -0.338383 -0.067507 1.746713
v -0.449066 0.000372 1.623205
v -0.454437 -0.146010 1.677569
v -0.753821 -0.169055 1.566943
v -0.544819 -0.138480 1.550343
v -0.603562 -0.171976 1.716294
v -0.454437 -0.146010 1.677569
v -0.757260 -0.163383 1.575608
v -0.601569 -0.179060 1.718459
v -0.549563 -0.126858 1.555110
v -0.454437 -0.146010 1.677569
v -0.769171 -0.090696 1.694383
v -0.566141 -0.062522 1.748024
v -0.594519 -0.185247 1.620565
v -0.454437 -0.146010 1.677569
v -0.754630 -0.060617 1.748222
v -0.543492 -0.045570 1.757525
v -0.605536 -0.178136 1.654135
v -0.454437 -0.146010 1.677569
v -0.222384 -0.302480 1.832710
v -0.399827 -0.286704 1.718005
v -0.323404 -0.130492 1.761246
v -0.454437 -0.146010 1.677569
v -0.280244 -0.220337 1.935508
v -0.447146 -0.234968 1.805809
v -0.322373 -0.116514 1.755680
v -0.454437 -0.146010 1.677569
v -0.218470 -0.310443 1.817861
v -0.329980 -0.136341 1.771532
v -0.390121 -0.287226 1.695840
v -0.454437 -0.146010 1.677569
v -0.217721 -0.312088 1.814623
v -0.400878 -0.289014 1.710636
v -0.318623 -0.135868 1.754145
v -0.454437 -0.146010 1.677569
v -0.461653 0.109456 1.870144
v -0.483705 -0.095842 1.822616
v -0.430942 0.008194 1.686582
v -0.454437 -0.146010 1.677569
v -0.519875 0.075750 1.898793
v -0.445207 0.005825 1.713247
v -0.516017 -0.120437 1.818870
v -0.454437 -0.146010 1.677569
v -0.505827 0.085148 1.892801
v -0.557743 -0.041860 1.731353
v -0.392242 -0.065233 1.795971
v -0.454437 -0.146010 1.677569
v -0.350338 0.135844 1.787667
v -0.462858 0.009075 1.660542
v -0.362736 -0.075612 1.782674
v -0.019138 -0.051325 0.998411
v 0.215657 -0.069326 1.283660
v -0.001322 -0.038210 0.984904
v 0.228484 -0.059883 1.273935
v -0.000364 -0.012352 0.986406
v 0.229174 -0.041265 1.275017
v -0.017221 0.000392 1.001416
v 0.217037 -0.032090 1.285823
v -0.035037 -0.012723 1.014923
v 0.204209 -0.041533 1.295548
v -0.035995 -0.038582 1.013420
v 0.203519 -0.060151 1.294467
v 0.215260 -0.069323 1.283987
v 0.501826 -0.084796 1.382119
v 0.221053 -0.059703 1.269082
v 0.505997 -0.077869 1.371387
v 0.222140 -0.041087 1.269837
v 0.506780 -0.064466 1.371930
v 0.217434 -0.032092 1.285496
v 0.503391 -0.057990 1.383205
v 0.211640 -0.041713 1.300401
v 0.499219 -0.064917 1.393937
v 0.210553 -0.060328 1.299647
v 0.498437 -0.078320 1.393394
v 0.501850 -0.084794 1.382047
v 0.717530 -0.087545 1.258257
v 0.496457 -0.077305 1.372281
v 0.713647 -0.082153 1.251226
v 0.497216 -0.063904 1.372896
v 0.714193 -0.072504 1.251668
v 0.503366 -0.057991 1.383277
v 0.718622 -0.068247 1.259142
v 0.508759 -0.065481 1.393043
v 0.722505 -0.073639 1.266174
v 0.508001 -0.078882 1.392428
v 0.721959 -0.083288 1.265732
v 0.718076 -0.077896 1.258700
v 0.692753 -0.046296 0.941272
v 0.637387 -0.011145 1.142745
v 0.778507 -0.119367 1.120713
v 0.718076 -0.077896 1.258700
v 0.504359 -0.038213 1.023859
v 0.693072 -0.090196 1.104961
v 0.572107 -0.033850 1.224566
v 0.718076 -0.077896 1.258700
v 0.662639 -0.044156 0.945350
v 0.660172 0.016383 1.148379
v 0.731630 -0.145184 1.118340
v 0.718076 -0.077896 1.258700
v 0.520560 -0.038287 1.010067
v 0.625262 -0.150527 1.156120
v 0.652877 0.026422 1.162373
v 0.718076 -0.077896 1.258700
v 0.957302 0.072607 1.408765
v 0.872871 -0.057434 1.264361
v 0.754662 0.022045 1.373092
v 0.718076 -0.077896 1.258700
v 0.924130 0.082353 1.443800
v 0.865445 -0.071253 1.310183
v 0.735551 0.043660 1.355297
v 0.718076 -0.077896 1.258700
v 0.919598 0.083313 1.447910
v 0.820384 -0.089624 1.376206
v 0.776986 0.062799 1.292562
v 0.718076 -0.077896 1.258700
v 0.872985 0.089388 1.483242
v 0.857096 -0.023197 1.304457
v 0.702983 0.001232 1.392577
v 0.718076 -0.077896 1.258700
v 0.857184 -0.319256 1.101239
v 0.772156 -0.126124 1.120275
v 0.775282 -0.222756 1.271156
v 0.718076 -0.077896 1.258700
v 0.686659 -0.385440 1.176056
v 0.766779 -0.223645 1.286941
v 0.644240 -0.178182 1.164344
v 0.718076 -0.077896 1.258700
v 0.861101 -0.316160 1.100035
v 0.743804 -0.140622 1.117932
v 0.806768 -0.205781 1.272536
v 0.718076 -0.077896 1.258700
v 0.844089 -0.328977 1.105470
v 0.815033 -0.199810 1.270890
v 0.721929 -0.156847 1.123926
v 0.718076 -0.077896 1.258700
v 0.942909 -0.099317 1.032003
v 0.835038 -0.164745 1.202224
v 0.780981 -0.008185 1.133818
v 0.718076 -0.077896 1.258700
v 0.921187 -0.096488 1.012123
v 0.823259 -0.167691 1.185998
v 0.775382 -0.002975 1.134140
v 0.718076 -0.077896 1.258700
v 0.966305 -0.102453 1.058252
v 0.836793 -0.001293 1.191989
v 0.797942 -0.174144 1.165052
v 0.718076 -0.077896 1.258700
v 0.884282 -0.091813 0.985603
v 0.753875 -0.002428 1.126658
v 0.815242 -0.164498 1.172265
v 0.505807 -0.060396 1.375634
v 0.643199 0.017751 1.567639
v 0.494941 -0.060393 1.383539
v 0.635376 0.017753 1.573331
v 0.491743 -0.071390 1.390567
v 0.633073 0.009835 1.578391
v 0.499410 -0.082390 1.389690
v 0.638593 0.001915 1.577759
v 0.510275 -0.082393 1.381785
v 0.646416 0.001913 1.572067
v 0.513474 -0.071396 1.374757
v 0.648719 0.009830 1.567007
v 0.640896 0.009833 1.572699
v 0.513807 0.223888 1.773768
v 0.620984 0.162051 1.601776
v 0.559137 0.028859 1.704478
v 0.640896 0.009833 1.572699
v 0.414450 0.204420 1.687842
v 0.593209 0.158198 1.583915
v 0.507426 0.017137 1.653598
v 0.640896 0.009833 1.572699
v 0.408588 0.201624 1.680629
v 0.548504 0.130979 1.538064
v 0.547441 0.042120 1.693678
v 0.640896 0.009833 1.572699
v 0.504701 0.223680 1.767944
v 0.587000 0.155986 1.584814
v 0.585836 0.034758 1.716780
v 0.640896 0.009833 1.572699
v 0.821190 -0.253021 1.601020
v 0.756987 -0.057771 1.652478
v 0.669040 -0.132846 1.515577
v 0.640896 0.009833 1.572699
v 0.836127 -0.238232 1.625126
v 0.650541 -0.136043 1.627831
v 0.787436 -0.042744 1.559509
v 0.640896 0.009833 1.572699
v 0.771398 -0.279783 1.534073
v 0.737304 -0.096409 1.634590
v 0.648890 -0.115618 1.479908
v 0.640896 0.009833 1.572699
v 0.858877 -0.203753 1.668957
v 0.711459 -0.054096 1.696579
v 0.744718 -0.097106 1.525826
v 0.640896 0.009833 1.572699
v 0.706245 0.287589 1.427850
v 0.598373 0.107855 1.458701
v 0.735698 0.134015 1.570818
v 0.640896 0.009833 1.572699
v 0.752968 0.301822 1.505008
v 0.756894 0.089981 1.505372
v 0.614556 0.163276 1.585873
v 0.640896 0.009833 1.572699
v 0.774063 0.299771 1.548152
v 0.681126 0.124292 1.474247
v 0.707200 0.127324 1.651514
v 0.640896 0.009833 1.572699
v 0.704280 0.286557 1.425030
v 0.706447 0.150862 1.587739
v 0.626053 0.090183 1.439524
v 0.640896 0.009833 1.572699
v 0.717540 0.162086 1.843521
v 0.754683 0.037668 1.676091
v 0.588425 0.103800 1.685965
v 0.640896 0.009833 1.572699
v 0.740735 0.153523 1.840627
v 0.667964 0.147360 1.641734
v 0.693700 -0.012742 1.718007
v 0.640896 0.009833 1.572699
v 0.684143 0.172566 1.844816
v 0.744592 0.086567 1.660853
v 0.571798 0.063285 1.702238
v 0.640896 0.009833 1.572699
v 0.562500 0.193488 1.822749
v 0.522888 0.065201 1.658842
v 0.696188 0.101389 1.686596
v 0.498214 -0.072232 1.395332
v 0.659249 -0.257568 1.434924
v 0.492348 -0.079524 1.385690
v 0.655026 -0.262819 1.427981
v 0.496743 -0.078685 1.373020
v 0.658190 -0.262215 1.418859
v 0.507003 -0.070554 1.369992
v 0.665577 -0.256360 1.416678
v 0.512868 -0.063261 1.379634
v 0.669800 -0.251110 1.423621
v 0.508473 -0.064101 1.392304
v 0.666636 -0.251714 1.432743
v 0.662413 -0.256964 1.425801
v 0.611851 -0.571683 1.397597
v 0.682802 -0.382220 1.334655
v 0.601574 -0.383484 1.494383
v 0.662413 -0.256964 1.425801
v 0.500391 -0.525962 1.364245
v 0.535140 -0.317048 1.357950
v 0.660068 -0.412079 1.444407
v 0.662413 -0.256964 1.425801
v 0.442309 -0.475790 1.347893
v 0.527151 -0.281676 1.351600
v 0.621591 -0.407313 1.437676
v 0.662413 -0.256964 1.425801
v 0.526667 -0.541691 1.371914
v 0.684889 -0.400801 1.369074
v 0.531340 -0.340909 1.439419
v 0.662413 -0.256964 1.425801
v 0.933160 -0.163571 1.283065
v 0.762971 -0.286864 1.310016
v 0.778453 -0.152349 1.427398
v 0.662413 -0.256964 1.425801
v 0.967354 -0.275682 1.330615
v 0.758002 -0.259608 1.302238
v 0.810777 -0.269295 1.473216
v 0.662413 -0.256964 1.425801
v 0.967002 -0.272166 1.328876
v 0.758297 -0.246495 1.302883
v 0.810199 -0.279595 1.471178
v 0.662413 -0.256964 1.425801
v 0.955733 -0.217844 1.304010
v 0.811730 -0.225376 1.459248
v 0.747751 -0.257257 1.294922
v 0.662413 -0.256964 1.425801
v 0.595288 -0.290941 1.736831
v 0.722392 -0.284416 1.567438
v 0.548734 -0.256694 1.532988
v 0.662413 -0.256964 1.425801
v 0.625215 -0.322906 1.736716
v 0.598029 -0.354976 1.529051
v 0.697038 -0.211706 1.571283
v 0.662413 -0.256964 1.425801
v 0.649202 -0.347142 1.732548
v 0.610046 -0.219373 1.568127
v 0.704210 -0.366698 1.528872
v 0.662413 -0.256964 1.425801
v 0.684246 -0.380427 1.720216
v 0.582473 -0.298243 1.553542
v 0.759819 -0.314456 1.533592
v 0.662413 -0.256964 1.425801
v 0.800116 -0.545574 1.437727
v 0.790336 -0.339321 1.390229
v 0.644653 -0.405496 1.470914
v 0.662413 -0.256964 1.425801
v 0.778319 -0.555207 1.429902
v 0.699939 -0.378470 1.516577
v 0.717611 -0.374053 1.338306
v 0.662413 -0.256964 1.425801
v 0.762446 -0.560924 1.424343
v 0.781842 -0.352567 1.457564
v 0.623010 -0.404529 1.392872
v 0.662413 -0.256964 1.425801
v 0.775389 -0.556342 1.428868
v 0.625147 -0.407994 1.411195
v 0.790060 -0.345436 1.442860
v 0.501052 -0.084718 1.381900
v 0.738918 -0.112530 1.448950
v 0.505016 -0.077788 1.371092
v 0.741772 -0.107540 1.441168
v 0.506571 -0.064463 1.371854
v 0.742892 -0.097947 1.441716
v 0.504164 -0.058068 1.383424
v 0.741159 -0.093342 1.450047
v 0.500201 -0.064998 1.394232
v 0.738305 -0.098332 1.457829
v 0.498645 -0.078323 1.393470
v 0.737185 -0.107926 1.457280
v 0.740039 -0.102936 1.449498
v 0.835816 -0.044449 1.149822
v 0.760902 0.007597 1.341058
v 0.795797 -0.166680 1.318197
v 0.740039 -0.102936 1.449498
v 0.949593 -0.065815 1.210523
v 0.813236 -0.174117 1.331229
v 0.834485 -0.002059 1.376588
v 0.740039 -0.102936 1.449498
v 0.944453 -0.064530 1.206312
v 0.808251 0.000958 1.354813
v 0.835358 -0.176105 1.349634
v 0.740039 -0.102936 1.449498
v 0.829987 -0.043673 1.148173
v 0.791551 0.006361 1.350439
v 0.760485 -0.164822 1.307498
v 0.740039 -0.102936 1.449498
v 0.796979 0.118473 1.673408
v 0.711909 -0.059920 1.597047
v 0.813721 0.031175 1.481078
v 0.740039 -0.102936 1.449498
v 0.848083 0.097177 1.674623
v 0.813190 -0.092632 1.587175
v 0.753323 0.046850 1.491922
v 0.740039 -0.102936 1.449498
v 0.938889 0.037647 1.657092
v 0.832455 -0.125360 1.573469
v 0.806703 0.031954 1.491603
v 0.740039 -0.102936 1.449498
v 0.828697 0.106130 1.674956
v 0.712167 -0.051395 1.594339
v 0.838837 0.012775 1.485024
v 0.740039 -0.102936 1.449498
v 0.934548 -0.356865 1.440211
v 0.747585 -0.258769 1.457936
v 0.888100 -0.150246 1.433631
v 0.740039 -0.102936 1.449498
v 0.895407 -0.381221 1.420894
v 0.797534 -0.225966 1.526765
v 0.806838 -0.202535 1.349348
v 0.740039 -0.102936 1.449498
v 0.887209 -0.385238 1.417153
v 0.722238 -0.252583 1.408253
v 0.875575 -0.179131 1.464868
v 0.740039 -0.102936 1.449498
v 0.882998 -0.387173 1.415267
v 0.873958 -0.181687 1.466116
v 0.720487 -0.251575 1.405495
v 0.740039 -0.102936 1.449498
v 1.031161 -0.123453 1.318248
v 0.825214 -0.169654 1.336778
v 0.887761 -0.052631 1.457219
v 0.740039 -0.102936 1.449498
v 1.056358 -0.130188 1.409510
v 0.855324 -0.196549 1.400939
v 0.877809 -0.031124 1.466067
v 0.740039 -0.102936 1.449498
v 1.058659 -0.132054 1.443738
v 0.875131 -0.027262 1.428630
v 0.859842 -0.201905 1.465758
v 0.740039 -0.102936 1.449498
v 1.057983 -0.133229 1.469338
v 0.865895 -0.173433 1.389477
v 0.868538 -0.056674 1.525392
v 0.227447 -0.038027 1.276725
v 0.219887 0.123215 1.533500
v 0.208906 -0.036401 1.275348
v 0.206538 0.124386 1.532509
v 0.197806 -0.049082 1.283365
v 0.198546 0.115255 1.538280
v 0.205246 -0.063389 1.292758
v 0.203903 0.104954 1.545043
v 0.223787 -0.065015 1.294135
v 0.217252 0.103783 1.546035
v 0.234887 -0.052334 1.286119
v 0.225244 0.112914 1.540263
v 0.211895 0.114085 1.539272
v 0.218885 0.123773 1.533121
v 0.091720 0.293094 1.663539
v 0.207363 0.119380 1.527784
v 0.083424 0.289931 1.659696
v 0.200373 0.109692 1.533934
v 0.078391 0.282955 1.664125
v 0.204905 0.104396 1.545422
v 0.081654 0.279143 1.672396
v 0.216427 0.108789 1.550760
v 0.089950 0.282306 1.676239
v 0.223417 0.118478 1.544609
v 0.094983 0.289281 1.671811
v 0.086687 0.286118 1.667968
v -0.164587 0.390958 1.499830
v -0.030504 0.244349 1.573449
v 0.002859 0.411760 1.627976
v 0.086687 0.286118 1.667968
v -0.169775 0.405573 1.518442
v 0.031744 0.405797 1.583882
v -0.063539 0.262004 1.632434
v 0.086687 0.286118 1.667968
v -0.169427 0.404470 1.516976
v -0.048383 0.250568 1.597936
v 0.016865 0.416351 1.617207
v 0.086687 0.286118 1.667968
v -0.166405 0.395704 1.505686
v -0.062943 0.260042 1.631318
v 0.033843 0.399863 1.574792
v 0.086687 0.286118 1.667968
v 0.176438 0.572535 1.557017
v 0.175238 0.360748 1.563081
v 0.069937 0.440622 1.684094
v 0.086687 0.286118 1.667968
v 0.172815 0.575096 1.560851
v 0.040435 0.433883 1.647028
v 0.201842 0.369536 1.603214
v 0.086687 0.286118 1.667968
v 0.122124 0.599710 1.615010
v 0.159002 0.416468 1.714783
v 0.042722 0.406642 1.578786
v 0.086687 0.286118 1.667968
v 0.143363 0.591812 1.592208
v 0.025336 0.416528 1.607623
v 0.193379 0.400263 1.667705
v 0.086687 0.286118 1.667968
v -0.177740 0.459571 1.619056
v -0.049484 0.293159 1.591678
v 0.011316 0.417840 1.705128
v 0.086687 0.286118 1.667968
v -0.088410 0.518016 1.801999
v -0.039259 0.377120 1.651584
v 0.072555 0.380635 1.791577
v 0.086687 0.286118 1.667968
v -0.099172 0.517020 1.788554
v 0.025369 0.427527 1.642360
v -0.000682 0.329430 1.790045
v 0.086687 0.286118 1.667968
v -0.175595 0.465420 1.629770
v -0.035186 0.351728 1.740456
v -0.001266 0.363950 1.564921
v 0.198508 0.113023 1.539725
v 0.210991 0.109306 1.788079
v 0.206114 0.101955 1.539279
v 0.216468 0.101337 1.787758
v 0.219501 0.103017 1.538826
v 0.226106 0.102102 1.787432
v 0.225282 0.115147 1.538818
v 0.230269 0.110835 1.787426
v 0.217676 0.126214 1.539265
v 0.224792 0.118804 1.787748
v 0.204289 0.125152 1.539718
v 0.215153 0.118039 1.788074
v 0.220630 0.110071 1.787753
v 0.220630 0.110071 1.787753
v 0.234667 -0.192643 1.890552
v 0.313974 -0.013091 1.810778
v 0.138516 -0.008938 1.846967
v 0.220630 0.110071 1.787753
v 0.233720 -0.202966 1.852843
v 0.314371 -0.008851 1.826256
v 0.137361 -0.021437 1.801322
v 0.220630 0.110071 1.787753
v 0.235621 -0.171234 1.939553
v 0.221229 0.039799 1.927301
v 0.232024 -0.044702 1.769644
v 0.220630 0.110071 1.787753
v 0.236117 -0.145652 1.979498
v 0.305527 0.036422 1.896291
v 0.148122 -0.020859 1.832611
v 0.220630 0.110071 1.787753
v 0.412808 0.275992 1.982529
v 0.234809 0.239985 1.873387
v 0.360194 0.112893 1.857939
v 0.220630 0.110071 1.787753
v 0.414313 0.277499 1.979729
v 0.232686 0.236643 1.878562
v 0.363520 0.117441 1.850524
v 0.220630 0.110071 1.787753
v 0.427947 0.291335 1.950734
v 0.250675 0.178145 1.925140
v 0.356438 0.187007 1.780751
v 0.220630 0.110071 1.787753
v 0.425662 0.288991 1.956126
v 0.370596 0.149899 1.806081
v 0.234689 0.213378 1.904123
v 0.220630 0.110071 1.787753
v -0.078307 0.054994 1.887771
v 0.099059 0.012228 1.780045
v 0.103052 0.163852 1.875475
v 0.220630 0.110071 1.787753
v -0.086581 0.054203 1.857753
v 0.122804 0.031395 1.880772
v 0.072687 0.144051 1.750735
v 0.220630 0.110071 1.787753
v -0.018356 0.063185 1.995329
v 0.168773 0.021140 1.905288
v 0.081299 0.161492 1.836279
v 0.220630 0.110071 1.787753
v -0.018714 0.063131 1.994903
v 0.143070 0.169971 1.909443
v 0.106715 0.012618 1.831783
v 0.222594 0.107348 1.543821
v 0.296506 0.312721 1.663018
v 0.223295 0.113987 1.532159
v 0.297011 0.317502 1.654622
v 0.212596 0.120724 1.527611
v 0.289307 0.322352 1.651347
v 0.201196 0.120822 1.534723
v 0.281099 0.322422 1.656468
v 0.200495 0.114182 1.546384
v 0.280595 0.317642 1.664864
v 0.211194 0.107446 1.550933
v 0.288299 0.312792 1.668139
v 0.288803 0.317572 1.659743
v 0.288803 0.317572 1.659743
v 0.492807 0.510921 1.506778
v 0.301584 0.443909 1.568706
v 0.439226 0.345914 1.628408
v 0.288803 0.317572 1.659743
v 0.492866 0.513494 1.510167
v 0.409506 0.415043 1.678247
v 0.331350 0.376839 1.521579
v 0.288803 0.317572 1.659743
v 0.492445 0.528380 1.531332
v 0.437666 0.364703 1.654219
v 0.302854 0.439087 1.562538
v 0.288803 0.317572 1.659743
v 0.492801 0.521806 1.521637
v 0.368619 0.350314 1.529476
v 0.372186 0.448217 1.679526
v 0.288803 0.317572 1.659743
v 0.556761 0.291374 1.832695
v 0.421095 0.236790 1.679373
v 0.370877 0.377395 1.778474
v 0.288803 0.317572 1.659743
v 0.543945 0.361985 1.847706
v 0.355094 0.411607 1.765455
v 0.426626 0.259067 1.704401
v 0.288803 0.317572 1.659743
v 0.542291 0.367705 1.848504
v 0.425984 0.260221 1.707748
v 0.354413 0.415029 1.762746
v 0.288803 0.317572 1.659743
v 0.540239 0.374384 1.849354
v 0.351739 0.291017 1.800264
v 0.427016 0.389576 1.670911
v 0.202179 -0.055263 1.296003
v 0.387302 -0.244872 1.443541
v 0.205084 -0.064908 1.280293
v 0.389393 -0.251817 1.432229
v 0.219251 -0.060353 1.269031
v 0.399594 -0.248537 1.424121
v 0.230514 -0.046153 1.273480
v 0.407703 -0.238313 1.427324
v 0.227609 -0.036507 1.289190
v 0.405611 -0.231368 1.438635
v 0.213442 -0.041062 1.300452
v 0.395411 -0.234648 1.446744
v 0.388056 -0.243110 1.444867
v 0.432476 -0.487806 1.444632
v 0.384738 -0.243803 1.431864
v 0.430087 -0.488305 1.435270
v 0.394184 -0.242286 1.422430
v 0.436889 -0.487213 1.428478
v 0.406949 -0.240075 1.425998
v 0.446079 -0.485621 1.431047
v 0.410267 -0.239382 1.439000
v 0.448468 -0.485122 1.440408
v 0.400820 -0.240899 1.448435
v 0.441666 -0.486214 1.447201
v 0.439278 -0.486714 1.437839
v 0.249293 -0.566667 1.193067
v 0.325775 -0.437364 1.342478
v 0.400793 -0.600026 1.337383
v 0.439278 -0.486714 1.437839
v 0.262293 -0.608328 1.200592
v 0.440416 -0.535828 1.289520
v 0.296552 -0.534891 1.396361
v 0.439278 -0.486714 1.437839
v 0.234651 -0.482673 1.191848
v 0.386616 -0.565847 1.313836
v 0.328238 -0.404348 1.365050
v 0.439278 -0.486714 1.437839
v 0.243856 -0.543870 1.190972
v 0.293852 -0.525676 1.396061
v 0.428366 -0.493476 1.282124
v 0.439278 -0.486714 1.437839
v 0.753256 -0.545865 1.419984
v 0.556767 -0.572666 1.494590
v 0.572971 -0.448082 1.366804
v 0.439278 -0.486714 1.437839
v 0.757222 -0.517748 1.419176
v 0.574954 -0.460364 1.510707
v 0.557956 -0.537891 1.350041
v 0.439278 -0.486714 1.437839
v 0.747679 -0.570374 1.420816
v 0.584528 -0.449871 1.482079
v 0.540748 -0.590484 1.379981
v 0.439278 -0.486714 1.437839
v 0.732543 -0.613849 1.422611
v 0.538983 -0.568309 1.349448
v 0.574184 -0.506826 1.514048
v 0.439278 -0.486714 1.437839
v 0.252828 -0.706700 1.576556
v 0.437193 -0.623175 1.513906
v 0.292202 -0.526241 1.472746
v 0.439278 -0.486714 1.437839
v 0.240202 -0.691268 1.582499
v 0.291509 -0.512029 1.481836
v 0.427786 -0.625042 1.509570
v 0.439278 -0.486714 1.437839
v 0.279385 -0.733812 1.563445
v 0.326943 -0.592426 1.412978
v 0.423698 -0.578680 1.563185
v 0.439278 -0.486714 1.437839
v 0.258087 -0.712600 1.574020
v 0.293162 -0.537266 1.460355
v 0.440440 -0.616871 1.524268
v 0.439278 -0.486714 1.437839
v 0.345862 -0.764162 1.308627
v 0.365062 -0.621649 1.464234
v 0.438761 -0.573737 1.308075
v 0.439278 -0.486714 1.437839
v 0.454328 -0.805401 1.413107
v 0.520829 -0.614362 1.476146
v 0.369767 -0.614015 1.379747
v 0.439278 -0.486714 1.437839
v 0.326099 -0.747396 1.290750
v 0.400053 -0.636894 1.455711
v 0.387959 -0.545079 1.302296
v 0.439278 -0.486714 1.437839
v 0.338286 -0.758141 1.301723
v 0.444226 -0.642742 1.444383
v 0.353536 -0.547827 1.322403
v 0.404168 -0.244237 1.424069
v 0.616023 -0.250211 1.554189
v 0.402270 -0.231510 1.427938
v 0.614656 -0.241048 1.556975
v 0.395604 -0.228866 1.439302
v 0.609857 -0.239144 1.565157
v 0.390836 -0.238948 1.446795
v 0.606424 -0.246404 1.570552
v 0.392735 -0.251675 1.442926
v 0.607791 -0.255567 1.567766
v 0.399401 -0.254319 1.431563
v 0.612590 -0.257471 1.559585
v 0.611224 -0.248307 1.562371
v 0.756621 0.036170 1.544151
v 0.713229 -0.152049 1.631229
v 0.625536 -0.116983 1.478936
v 0.611224 -0.248307 1.562371
v 0.820470 -0.008778 1.597610
v 0.629643 -0.100195 1.608583
v 0.760201 -0.204797 1.544350
v 0.611224 -0.248307 1.562371
v 0.798753 0.010515 1.577979
v 0.650195 -0.123442 1.647823
v 0.722276 -0.166115 1.489405
v 0.611224 -0.248307 1.562371
v 0.783900 0.021086 1.565501
v 0.630721 -0.107994 1.496461
v 0.729868 -0.173106 1.630785
v 0.611224 -0.248307 1.562371
v 0.601793 -0.421224 1.831463
v 0.694205 -0.300131 1.684193
v 0.520698 -0.334818 1.655822
v 0.611224 -0.248307 1.562371
v 0.636491 -0.412209 1.836045
v 0.608954 -0.390499 1.627090
v 0.633707 -0.237237 1.716592
v 0.611224 -0.248307 1.562371
v 0.526208 -0.433199 1.809327
v 0.659399 -0.357927 1.662744
v 0.495036 -0.286602 1.659562
v 0.611224 -0.248307 1.562371
v 0.570495 -0.427483 1.824358
v 0.525769 -0.268525 1.691603
v 0.664095 -0.371431 1.642729
v 0.611224 -0.248307 1.562371
v 0.833361 -0.309977 1.340443
v 0.763937 -0.268573 1.536296
v 0.636219 -0.277377 1.410903
v 0.611224 -0.248307 1.562371
v 0.902636 -0.302828 1.441930
v 0.691190 -0.315630 1.446245
v 0.764387 -0.224601 1.582144
v 0.611224 -0.248307 1.562371
v 0.790717 -0.310232 1.304791
v 0.675113 -0.187708 1.433305
v 0.690929 -0.358446 1.485373
v 0.611224 -0.248307 1.562371
v 0.810275 -0.310351 1.319617
v 0.653785 -0.354125 1.455584
v 0.727903 -0.192125 1.474955
v 0.611224 -0.248307 1.562371
v 0.841561 -0.045116 1.652134
v 0.689331 -0.188999 1.684001
v 0.717387 -0.145062 1.512551
v 0.611224 -0.248307 1.562371
v 0.886756 -0.183106 1.711470
v 0.712000 -0.296139 1.671770
v 0.730873 -0.148314 1.572251
v 0.611224 -0.248307 1.562371
v 0.875877 -0.122258 1.690705
v 0.699685 -0.119962 1.573048
v 0.734485 -0.275814 1.654361
v 0.611224 -0.248307 1.562371
v 0.829108 -0.027364 1.640540
v 0.733213 -0.165136 1.511252
v 0.663541 -0.154724 1.676025
v 0.399297 -0.232333 1.445003
v 0.367947 -0.409348 1.616853
v 0.386958 -0.234844 1.440313
v 0.359062 -0.411155 1.613476
v 0.385163 -0.244103 1.430743
v 0.357770 -0.417822 1.606585
v 0.395707 -0.250852 1.425861
v 0.365362 -0.422681 1.603071
v 0.408046 -0.248341 1.430551
v 0.374246 -0.420874 1.606448
v 0.409842 -0.239082 1.440122
v 0.375538 -0.414207 1.613338
v 0.366654 -0.416014 1.609962
v 0.050897 -0.452397 1.647023
v 0.225810 -0.369411 1.560938
v 0.254892 -0.491724 1.688635
v 0.366654 -0.416014 1.609962
v 0.048480 -0.439808 1.634436
v 0.236319 -0.466467 1.540108
v 0.242449 -0.384597 1.699395
v 0.366654 -0.416014 1.609962
v 0.046864 -0.407491 1.602115
v 0.240968 -0.323248 1.613024
v 0.236508 -0.501962 1.600622
v 0.366654 -0.416014 1.609962
v 0.068773 -0.498353 1.692953
v 0.279945 -0.498710 1.710237
v 0.215059 -0.399190 1.576079
v 0.366654 -0.416014 1.609962
v 0.531146 -0.635157 1.444677
v 0.438942 -0.554326 1.617469
v 0.425959 -0.453016 1.470227
v 0.366654 -0.416014 1.609962
v 0.531601 -0.633123 1.442462
v 0.367194 -0.505396 1.481811
v 0.498072 -0.500320 1.604113
v 0.366654 -0.416014 1.609962
v 0.505598 -0.693496 1.531868
v 0.342487 -0.567756 1.581633
v 0.501976 -0.486258 1.575816
v 0.366654 -0.416014 1.609962
v 0.526389 -0.652541 1.465255
v 0.490231 -0.451390 1.521140
v 0.370865 -0.569860 1.583018
v 0.366654 -0.416014 1.609962
v 0.419921 -0.203979 1.843636
v 0.414103 -0.270782 1.642649
v 0.361819 -0.391618 1.764214
v 0.366654 -0.416014 1.609962
v 0.426181 -0.167683 1.802804
v 0.353660 -0.361101 1.755660
v 0.427269 -0.272263 1.618538
v 0.366654 -0.416014 1.609962
v 0.401117 -0.303206 1.907429
v 0.366801 -0.453158 1.761727
v 0.394077 -0.288625 1.696171
v 0.366654 -0.416014 1.609962
v 0.411393 -0.250217 1.879980
v 0.383393 -0.273261 1.671229
v 0.385707 -0.426129 1.764710
v 0.366654 -0.416014 1.609962
v 0.244743 -0.616651 1.827408
v 0.254103 -0.436427 1.716394
v 0.381676 -0.556110 1.677487
v 0.366654 -0.416014 1.609962
v 0.174777 -0.580906 1.805905
v 0.248926 -0.518461 1.617505
v 0.330880 -0.445481 1.759174
v 0.366654 -0.416014 1.609962
v 0.106912 -0.523420 1.762926
v 0.213148 -0.442709 1.598330
v 0.312367 -0.475244 1.743965
v 0.366654 -0.416014 1.609962
v 0.163958 -0.573660 1.800913
v 0.347086 -0.479246 1.751493
v 0.224065 -0.478900 1.621192
v 0.386788 -0.244305 1.443073
v 0.525853 -0.402506 1.575296
v 0.389184 -0.251584 1.432036
v 0.527578 -0.407747 1.567349
v 0.399899 -0.248871 1.424394
v 0.535293 -0.405794 1.561847
v 0.408217 -0.238880 1.427791
v 0.541282 -0.398600 1.564292
v 0.405820 -0.231601 1.438829
v 0.539556 -0.393360 1.572240
v 0.395106 -0.234314 1.446470
v 0.531842 -0.395313 1.577741
v 0.533567 -0.400553 1.569794
v 0.533567 -0.400553 1.569794
v 0.546235 -0.681499 1.417121
v 0.457599 -0.533941 1.540662
v 0.619670 -0.491922 1.476788
v 0.533567 -0.400553 1.569794
v 0.525543 -0.666020 1.391292
v 0.548372 -0.556090 1.570976
v 0.512343 -0.457390 1.425811
v 0.533567 -0.400553 1.569794
v 0.483181 -0.623063 1.345404
v 0.601740 -0.503238 1.473771
v 0.425085 -0.475876 1.486305
v 0.533567 -0.400553 1.569794
v 0.538252 -0.675947 1.406895
v 0.471754 -0.479430 1.449920
v 0.599128 -0.541991 1.559349
v 0.533567 -0.400553 1.569794
v 0.808925 -0.276422 1.675479
v 0.678017 -0.433338 1.619509
v 0.609404 -0.268464 1.604627
v 0.533567 -0.400553 1.569794
v 0.814461 -0.303904 1.688781
v 0.603241 -0.305256 1.672147
v 0.688608 -0.418531 1.562630
v 0.533567 -0.400553 1.569794
v 0.804214 -0.260030 1.666767
v 0.594182 -0.277997 1.645411
v 0.689469 -0.410691 1.571755
v 0.533567 -0.400553 1.569794
v 0.722103 -0.142105 1.577482
v 0.622321 -0.304278 1.484553
v 0.595642 -0.290070 1.661185
v 0.533567 -0.400553 1.569794
v 0.290811 -0.528391 1.734497
v 0.491820 -0.513688 1.669141
v 0.381109 -0.389688 1.602209
v 0.533567 -0.400553 1.569794
v 0.409573 -0.600722 1.786491
v 0.409224 -0.431291 1.659271
v 0.558715 -0.529950 1.653675
v 0.533567 -0.400553 1.569794
v 0.370493 -0.583343 1.775694
v 0.405365 -0.410254 1.658577
v 0.531310 -0.537084 1.645732
v 0.533567 -0.400553 1.569794
v 0.351973 -0.573270 1.768773
v 0.533012 -0.487791 1.699414
v 0.388847 -0.451489 1.599357
v 0.216043 -0.069356 1.284093
v 0.417914 -0.075289 1.510372
v 0.228257 -0.059854 1.273661
v 0.426708 -0.068447 1.502861
v 0.228560 -0.041206 1.274310
v 0.426927 -0.055020 1.503328
v 0.216650 -0.032059 1.285391
v 0.418351 -0.048435 1.511306
v 0.204437 -0.041561 1.295822
v 0.409557 -0.055277 1.518817
v 0.204133 -0.060210 1.295173
v 0.409339 -0.068704 1.518350
v 0.417738 -0.075290 1.510529
v 0.665568 -0.079283 1.530872
v 0.418891 -0.068336 1.499089
v 0.666398 -0.074277 1.522636
v 0.419286 -0.054909 1.499399
v 0.666682 -0.064609 1.522859
v 0.418528 -0.048434 1.511149
v 0.666136 -0.059948 1.531319
v 0.417374 -0.055388 1.522589
v 0.665306 -0.064954 1.539555
v 0.416980 -0.068815 1.522279
v 0.665022 -0.074622 1.539332
v 0.665852 -0.069616 1.531096
v 0.665852 -0.069616 1.531096
v 0.735770 -0.076137 1.218895
v 0.658344 0.009486 1.396564
v 0.729294 -0.153934 1.415867
v 0.665852 -0.069616 1.531096
v 0.707440 -0.075287 1.213860
v 0.593805 -0.066750 1.392484
v 0.771169 -0.077019 1.415919
v 0.665852 -0.069616 1.531096
v 0.808255 -0.078135 1.244654
v 0.742831 0.014001 1.423882
v 0.702795 -0.160048 1.409155
v 0.665852 -0.069616 1.531096
v 0.852620 -0.079208 1.271431
v 0.732911 0.015387 1.418447
v 0.748207 -0.162293 1.436012
v 0.665852 -0.069616 1.531096
v 0.709197 0.124480 1.781791
v 0.679264 0.079129 1.577000
v 0.687116 -0.063084 1.685748
v 0.665852 -0.069616 1.531096
v 0.761320 0.114150 1.775055
v 0.637042 0.060970 1.611901
v 0.771036 -0.053188 1.645457
v 0.665852 -0.069616 1.531096
v 0.807305 0.099959 1.762689
v 0.796598 -0.051234 1.614641
v 0.648269 0.047662 1.632825
v 0.665852 -0.069616 1.531096
v 0.811991 0.098210 1.761047
v 0.797281 0.004552 1.571564
v 0.651334 -0.009522 1.674588
v 0.665852 -0.069616 1.531096
v 0.736507 -0.373550 1.460162
v 0.673002 -0.215604 1.586307
v 0.715225 -0.166774 1.419138
v 0.665852 -0.069616 1.531096
v 0.854471 -0.323683 1.483425
v 0.813679 -0.119392 1.522068
v 0.668920 -0.223093 1.501987
v 0.665852 -0.069616 1.531096
v 0.759122 -0.368178 1.463557
v 0.716916 -0.165439 1.418746
v 0.689404 -0.212641 1.589414
v 0.665852 -0.069616 1.531096
v 0.882372 -0.301885 1.491471
v 0.689794 -0.224000 1.533183
v 0.815126 -0.101046 1.497309
v 0.424929 -0.051693 1.505275
v 0.471480 0.036808 1.732981
v 0.411752 -0.050486 1.507611
v 0.461992 0.037677 1.734663
v 0.404955 -0.060655 1.513175
v 0.457099 0.030355 1.738669
v 0.411337 -0.072031 1.516403
v 0.461693 0.022164 1.740993
v 0.424514 -0.073238 1.514067
v 0.471181 0.021295 1.739311
v 0.431310 -0.063069 1.508503
v 0.476074 0.028617 1.735305
v 0.466586 0.029486 1.736987
v 0.466586 0.029486 1.736987
v 0.253473 0.220871 1.879656
v 0.438383 0.118957 1.861934
v 0.324299 0.093123 1.726176
v 0.466586 0.029486 1.736987
v 0.227754 0.215073 1.841470
v 0.313034 0.057184 1.728817
v 0.429073 0.150257 1.828743
v 0.466586 0.029486 1.736987
v 0.191450 0.191518 1.758097
v 0.312080 0.022819 1.714724
v 0.400983 0.165779 1.776137
v 0.466586 0.029486 1.736987
v 0.195035 0.195591 1.769678
v 0.318068 0.023793 1.785175
v 0.397863 0.168064 1.714952
v 0.466586 0.029486 1.736987
v 0.587650 -0.150188 1.972488
v 0.542649 -0.102696 1.770965
v 0.487375 0.017929 1.891410
v 0.466586 0.029486 1.736987
v 0.587413 -0.173063 1.953262
v 0.457688 -0.114835 1.796185
v 0.572145 0.011768 1.850810
v 0.466586 0.029486 1.736987
v 0.587524 -0.143368 1.977602
v 0.585775 0.015112 1.836985
v 0.444148 -0.094423 1.829481
v 0.466586 0.029486 1.736987
v 0.583693 -0.213932 1.908549
v 0.552519 -0.009722 1.861448
v 0.474339 -0.126040 1.749776
v 0.466586 0.029486 1.736987
v 0.641517 0.293999 1.694182
v 0.609573 0.084944 1.707131
v 0.463544 0.185639 1.732599
v 0.466586 0.029486 1.736987
v 0.624774 0.259768 1.580951
v 0.550131 0.160585 1.752658
v 0.509591 0.082613 1.596487
v 0.466586 0.029486 1.736987
v 0.625943 0.261892 1.585353
v 0.453745 0.151015 1.639632
v 0.606913 0.093882 1.713035
v 0.466586 0.029486 1.736987
v 0.641957 0.296364 1.716462
v 0.605060 0.094427 1.768923
v 0.468409 0.178048 1.688631
v 0.408112 -0.062882 1.519732
v 0.539389 -0.234946 1.642245
v 0.408228 -0.070714 1.508814
v 0.539473 -0.240585 1.634384
v 0.418249 -0.069694 1.499921
v 0.546688 -0.239851 1.627981
v 0.428154 -0.060842 1.501946
v 0.553819 -0.233478 1.629439
v 0.428037 -0.053011 1.512863
v 0.553736 -0.227839 1.637300
v 0.418016 -0.054030 1.521757
v 0.546521 -0.228573 1.643703
v 0.546604 -0.234212 1.635842
v 0.842671 -0.112932 1.641830
v 0.671525 -0.197177 1.549613
v 0.658537 -0.174223 1.726861
v 0.546604 -0.234212 1.635842
v 0.857542 -0.234259 1.711456
v 0.653055 -0.186594 1.739828
v 0.688904 -0.281867 1.592348
v 0.546604 -0.234212 1.635842
v 0.850830 -0.269054 1.728756
v 0.669198 -0.163326 1.701859
v 0.667391 -0.332972 1.644156
v 0.546604 -0.234212 1.635842
v 0.857928 -0.173864 1.678690
v 0.660662 -0.129395 1.615437
v 0.681605 -0.290751 1.690525
v 0.546604 -0.234212 1.635842
v 0.294143 -0.275150 1.828163
v 0.489464 -0.209302 1.779114
v 0.401775 -0.291872 1.646428
v 0.546604 -0.234212 1.635842
v 0.367678 -0.351393 1.873863
v 0.449787 -0.349165 1.678555
v 0.500281 -0.213004 1.783546
v 0.546604 -0.234212 1.635842
v 0.300039 -0.283046 1.833885
v 0.423282 -0.168158 1.705417
v 0.472674 -0.339334 1.724701
v 0.546604 -0.234212 1.635842
v 0.328038 -0.315332 1.855041
v 0.455422 -0.349333 1.689182
v 0.462933 -0.183987 1.757862
v 0.546604 -0.234212 1.635842
v 0.563400 -0.553710 1.642059
v 0.641568 -0.357662 1.623426
v 0.465078 -0.366360 1.653232
v 0.546604 -0.234212 1.635842
v 0.555753 -0.554064 1.632526
v 0.619586 -0.360758 1.691266
v 0.480942 -0.363547 1.577765
v 0.546604 -0.234212 1.635842
v 0.657467 -0.506934 1.761270
v 0.634025 -0.296699 1.749266
v 0.547873 -0.389902 1.622761
v 0.546604 -0.234212 1.635842
v 0.615066 -0.538584 1.707050
v 0.657969 -0.343802 1.635554
v 0.490009 -0.368119 1.693096
v 0.417755 -0.075278 1.510190
v 0.581098 -0.085162 1.697462
v 0.426716 -0.068447 1.502869
v 0.587550 -0.080243 1.692192
v 0.427094 -0.055031 1.503518
v 0.587821 -0.070584 1.692659
v 0.418510 -0.048446 1.511488
v 0.581641 -0.065843 1.698397
v 0.409549 -0.055277 1.518808
v 0.575189 -0.070761 1.703668
v 0.409172 -0.068693 1.518159
v 0.574918 -0.080421 1.703200
v 0.581369 -0.075502 1.697930
v 0.868602 -0.085939 1.557259
v 0.656943 -0.077167 1.561189
v 0.735582 -0.082187 1.722134
v 0.581369 -0.075502 1.697930
v 0.899045 -0.090513 1.662476
v 0.699781 -0.060207 1.597148
v 0.717098 -0.102807 1.770348
v 0.581369 -0.075502 1.697930
v 0.813548 -0.080866 1.477784
v 0.617660 -0.043503 1.549366
v 0.730822 -0.111793 1.670377
v 0.581369 -0.075502 1.697930
v 0.831058 -0.082330 1.497907
v 0.719325 -0.010917 1.663158
v 0.643164 -0.145551 1.572683
v 0.581369 -0.075502 1.697930
v 0.536684 0.129171 1.939822
v 0.646023 0.038995 1.782324
v 0.480968 -0.026261 1.807049
v 0.581369 -0.075502 1.697930
v 0.480424 0.150946 1.900245
v 0.577083 0.078075 1.726351
v 0.504900 -0.047922 1.831361
v 0.581369 -0.075502 1.697930
v 0.406003 0.161815 1.821732
v 0.508943 -0.023322 1.826163
v 0.513502 0.062171 1.668738
v 0.581369 -0.075502 1.697930
v 0.537349 0.128858 1.940208
v 0.480045 -0.023989 1.805129
v 0.647477 0.036472 1.784552
v 0.581369 -0.075502 1.697930
v 0.646351 -0.369807 1.805457
v 0.538355 -0.225654 1.693883
v 0.676370 -0.160794 1.787998
v 0.581369 -0.075502 1.697930
v 0.616596 -0.384494 1.773318
v 0.601063 -0.177300 1.814812
v 0.589857 -0.220898 1.641358
v 0.581369 -0.075502 1.697930
v 0.610293 -0.386747 1.766413
v 0.514729 -0.216203 1.684716
v 0.671149 -0.183798 1.765929
v 0.581369 -0.075502 1.697930
v 0.557058 -0.394455 1.706789
v 0.660969 -0.209837 1.703430
v 0.482321 -0.196329 1.699517
v 0.581369 -0.075502 1.697930
v 0.846695 -0.116744 1.872003
v 0.642841 -0.146754 1.822656
v 0.732158 -0.037244 1.712462
v 0.581369 -0.075502 1.697930
v 0.900249 -0.102175 1.700028
v 0.704155 -0.137382 1.772138
v 0.713688 -0.034961 1.625401
v 0.581369 -0.075502 1.697930
v 0.900225 -0.100921 1.688706
v 0.716479 -0.000840 1.722076
v 0.701344 -0.170500 1.666404
v 0.581369 -0.075502 1.697930
v 0.836076 -0.117524 1.887029
v 0.648203 -0.169060 1.803724
v 0.718302 -0.015562 1.743415
v 0.007690 -0.025519 1.001526
v -0.022556 -0.021029 1.370151
v -0.005183 -0.003047 1.000451
v -0.031825 -0.004849 1.369378
v -0.031053 -0.002995 0.998838
v -0.050451 -0.004812 1.368216
v -0.044049 -0.025415 0.998300
v -0.059808 -0.020954 1.367829
v -0.031177 -0.047886 0.999375
v -0.050540 -0.037134 1.368603
v -0.005307 -0.047939 1.000988
v -0.031914 -0.037171 1.369764
v -0.022820 -0.017845 1.370096
v -0.080118 0.224826 1.542772
v -0.032786 -0.010182 1.356303
v -0.087293 0.230343 1.532841
v -0.051148 -0.013329 1.355197
v -0.100514 0.228078 1.532045
v -0.059544 -0.024138 1.367884
v -0.106559 0.220295 1.541179
v -0.049578 -0.031800 1.381677
v -0.099383 0.214778 1.551110
v -0.031216 -0.028654 1.382783
v -0.086163 0.217044 1.551907
v -0.093338 0.222561 1.541976
v -0.080137 0.223874 1.544107
v -0.099712 0.466319 1.492276
v -0.084701 0.220980 1.531805
v -0.102999 0.464235 1.483418
v -0.097902 0.219667 1.529674
v -0.112504 0.463290 1.481883
v -0.106540 0.221248 1.539844
v -0.118723 0.464428 1.489206
v -0.101976 0.224142 1.552146
v -0.115437 0.466512 1.498064
v -0.088774 0.225455 1.554278
v -0.105932 0.467458 1.499598
v -0.109218 0.465374 1.490741
v -0.109218 0.465374 1.490741
v -0.117121 0.591188 1.196618
v -0.076159 0.440707 1.340040
v -0.148598 0.590692 1.406144
v -0.109218 0.465374 1.490741
v -0.107352 0.442857 1.171540
v -0.029630 0.413937 1.366514
v -0.187313 0.498797 1.359606
v -0.109218 0.465374 1.490741
v -0.108638 0.462464 1.170755
v -0.153575 0.386496 1.363372
v -0.064396 0.541924 1.362121
v -0.109218 0.465374 1.490741
v -0.108766 0.464414 1.170743
v -0.169923 0.530724 1.362459
v -0.048151 0.399256 1.363025
v -0.109218 0.465374 1.490741
v -0.340508 0.547244 1.696172
v -0.256013 0.517158 1.504215
v -0.147454 0.479086 1.641612
v -0.109218 0.465374 1.490741
v -0.317828 0.652931 1.644702
v -0.260432 0.499425 1.510412
v -0.124892 0.581368 1.594239
v -0.109218 0.465374 1.490741
v -0.325956 0.630004 1.659030
v -0.261713 0.492708 1.510993
v -0.130113 0.569744 1.605120
v -0.109218 0.465374 1.490741
v -0.329402 0.618009 1.665731
v -0.255669 0.519768 1.493092
v -0.138914 0.533087 1.628382
v -0.109218 0.465374 1.490741
v 0.159827 0.638406 1.499384
v 0.040991 0.470667 1.448063
v -0.044191 0.598506 1.540334
v -0.109218 0.465374 1.490741
v 0.140473 0.665510 1.490834
v -0.059461 0.607976 1.450729
v 0.040778 0.482880 1.530827
v -0.109218 0.465374 1.490741
v 0.179416 0.602224 1.509793
v 0.013752 0.516681 1.409144
v -0.001281 0.523546 1.587580
v -0.109218 0.465374 1.490741
v 0.206790 0.482044 1.538294
v 0.021257 0.382637 1.514045
v 0.013113 0.561447 1.505479
v -0.102396 0.226946 1.533071
v -0.236885 0.319044 1.720901
v -0.103591 0.214658 1.538375
v -0.237746 0.310196 1.724720
v -0.094534 0.210273 1.547279
v -0.231225 0.307039 1.731131
v -0.084281 0.218176 1.550880
v -0.223843 0.312729 1.733723
v -0.083085 0.230464 1.545577
v -0.222982 0.321577 1.729905
v -0.092143 0.234849 1.536672
v -0.229503 0.324734 1.723494
v -0.230364 0.315887 1.727312
v -0.434592 0.155319 1.914152
v -0.260014 0.178938 1.796437
v -0.364096 0.324381 1.807659
v -0.230364 0.315887 1.727312
v -0.399100 0.072577 1.848674
v -0.269825 0.165812 1.709077
v -0.325892 0.271314 1.842637
v -0.230364 0.315887 1.727312
v -0.411712 0.093877 1.869525
v -0.367367 0.287972 1.797048
v -0.238440 0.166194 1.771347
v -0.230364 0.315887 1.727312
v -0.417434 0.105620 1.879605
v -0.342240 0.208179 1.710136
v -0.268144 0.255381 1.866323
v -0.230364 0.315887 1.727312
v -0.115381 0.526061 1.939457
v -0.109968 0.350748 1.820595
v -0.258773 0.449165 1.803746
v -0.230364 0.315887 1.727312
v -0.108426 0.525820 1.935780
v -0.263624 0.415070 1.843366
v -0.099554 0.384650 1.778033
v -0.230364 0.315887 1.727312
v -0.031173 0.512922 1.881908
v -0.156327 0.453359 1.721656
v -0.145048 0.336042 1.856645
v -0.230364 0.315887 1.727312
v -0.150156 0.525417 1.955487
v -0.258139 0.457944 1.786137
v -0.138423 0.341453 1.851027
v -0.230364 0.315887 1.727312
v -0.482544 0.426706 1.564450
v -0.358300 0.276177 1.646891
v -0.304172 0.444252 1.677443
v -0.230364 0.315887 1.727312
v -0.510954 0.452561 1.656680
v -0.385677 0.300863 1.735327
v -0.299523 0.440250 1.662791
v -0.230364 0.315887 1.727312
v -0.513452 0.456292 1.676841
v -0.307614 0.451697 1.726857
v -0.379584 0.292401 1.687390
v -0.230364 0.315887 1.727312
v -0.511851 0.465159 1.757027
v -0.384747 0.303228 1.706875
v -0.301170 0.447963 1.771521
v -0.230364 0.315887 1.727312
v -0.459297 0.174996 1.900919
v -0.366698 0.239771 1.721694
v -0.277177 0.279290 1.871816
v -0.230364 0.315887 1.727312
v -0.459548 0.177173 1.902336
v -0.267041 0.258763 1.868038
v -0.377034 0.262039 1.726605
v -0.230364 0.315887 1.727312
v -0.454803 0.283246 1.953059
v -0.366192 0.370756 1.781646
v -0.274087 0.234905 1.853576
v -0.230364 0.315887 1.727312
v -0.458417 0.168250 1.896414
v -0.352078 0.218184 1.720088
v -0.291092 0.295480 1.869817
v -0.093815 0.214717 1.552875
v 0.015284 0.396052 1.683506
v -0.083125 0.214281 1.544747
v 0.022981 0.395738 1.677654
v -0.082648 0.222124 1.533847
v 0.023324 0.401385 1.669806
v -0.092861 0.230405 1.531076
v 0.015971 0.407347 1.667811
v -0.103552 0.230841 1.539205
v 0.008274 0.407661 1.673664
v -0.104029 0.222997 1.550105
v 0.007930 0.402014 1.681511
v 0.015627 0.401700 1.675659
v 0.331640 0.421549 1.721941
v 0.137961 0.498549 1.683841
v 0.146104 0.320730 1.704502
v 0.015627 0.401700 1.675659
v 0.334386 0.392184 1.702160
v 0.136386 0.328414 1.742432
v 0.149875 0.467372 1.630087
v 0.015627 0.401700 1.675659
v 0.315245 0.477596 1.758538
v 0.132172 0.372289 1.775481
v 0.138777 0.491826 1.642140
v 0.015627 0.401700 1.675659
v 0.332143 0.354610 1.676255
v 0.139022 0.362380 1.763065
v 0.145445 0.403348 1.588729
v 0.015627 0.401700 1.675659
v -0.176197 0.644348 1.593652
v -0.126926 0.463446 1.692337
v 0.004721 0.534072 1.593374
v 0.015627 0.401700 1.675659
v -0.166792 0.654590 1.603756
v -0.080850 0.510386 1.733030
v -0.033830 0.495325 1.560766
v 0.015627 0.401700 1.675659
v -0.061787 0.711183 1.700696
v -0.000379 0.536328 1.597998
v -0.030297 0.514658 1.773349
v 0.015627 0.401700 1.675659
v -0.165187 0.656211 1.605445
v -0.104392 0.490223 1.722253
v -0.009005 0.516785 1.572893
v 0.015627 0.401700 1.675659
v 0.295962 0.525987 1.767118
v 0.157981 0.445152 1.628125
v 0.097541 0.457677 1.796360
v 0.015627 0.401700 1.675659
v 0.245638 0.583072 1.804497
v 0.168289 0.411312 1.707503
v 0.046973 0.537185 1.746885
v 0.015627 0.401700 1.675659
v 0.277683 0.550518 1.783267
v 0.133173 0.497383 1.637714
v 0.107726 0.425071 1.799690
v 0.015627 0.401700 1.675659
v 0.283344 0.543527 1.778677
v 0.132759 0.497560 1.636890
v 0.112669 0.419301 1.796842
v -0.056476 -0.010351 1.367908
v -0.160918 -0.144071 1.619304
v -0.056055 -0.026974 1.359435
v -0.160614 -0.156040 1.613204
v -0.040761 -0.037614 1.360517
v -0.149603 -0.163701 1.613983
v -0.025888 -0.031631 1.370072
v -0.138895 -0.159393 1.620863
v -0.026310 -0.015009 1.378545
v -0.139198 -0.147425 1.626963
v -0.041604 -0.004369 1.377463
v -0.150210 -0.139764 1.626184
v -0.161640 -0.145438 1.618280
v -0.277464 -0.339809 1.721499
v -0.156815 -0.153530 1.608700
v -0.273990 -0.345636 1.714601
v -0.145081 -0.159825 1.610503
v -0.265542 -0.350168 1.715899
v -0.138173 -0.158027 1.621887
v -0.260567 -0.348873 1.724095
v -0.142997 -0.149934 1.631467
v -0.264041 -0.343047 1.730993
v -0.154731 -0.143640 1.629664
v -0.272489 -0.338515 1.729695
v -0.269015 -0.344341 1.722797
v -0.269015 -0.344341 1.722797
v -0.292807 -0.487083 1.437387
v -0.353990 -0.356004 1.592200
v -0.203074 -0.446872 1.625066
v -0.269015 -0.344341 1.722797
v -0.332709 -0.547486 1.483893
v -0.290297 -0.494332 1.684562
v -0.298689 -0.356866 1.569909
v -0.269015 -0.344341 1.722797
v -0.284944 -0.474300 1.430809
v -0.189620 -0.421424 1.612494
v -0.361154 -0.371225 1.599509
v -0.269015 -0.344341 1.722797
v -0.352666 -0.574430 1.516734
v -0.355308 -0.378392 1.597074
v -0.249643 -0.494361 1.683669
v -0.269015 -0.344341 1.722797
v -0.185741 -0.508360 1.984643
v -0.153750 -0.422544 1.793582
v -0.317661 -0.397354 1.861489
v -0.269015 -0.344341 1.722797
v -0.143140 -0.474254 1.986763
v -0.136517 -0.386773 1.793902
v -0.300813 -0.405839 1.862865
v -0.269015 -0.344341 1.722797
v -0.078971 -0.407217 1.972456
v -0.121094 -0.350325 1.772754
v -0.264901 -0.388658 1.872568
v -0.269015 -0.344341 1.722797
v -0.116296 -0.448939 1.983826
v -0.163826 -0.308371 1.832585
v -0.252029 -0.463990 1.821832
v -0.269015 -0.344341 1.722797
v -0.584819 -0.321447 1.676495
v -0.387025 -0.246931 1.691220
v -0.403649 -0.423437 1.717333
v -0.269015 -0.344341 1.722797
v -0.579751 -0.297261 1.662576
v -0.414441 -0.389633 1.757613
v -0.372179 -0.261385 1.639804
v -0.269015 -0.344341 1.722797
v -0.573031 -0.275607 1.650339
v -0.380576 -0.356468 1.614080
v -0.400667 -0.277227 1.773547
v -0.269015 -0.344341 1.722797
v -0.586548 -0.334808 1.684296
v -0.385692 -0.288833 1.634947
v -0.406365 -0.392224 1.779846
v -0.146824 -0.163832 1.615118
v -0.071848 -0.233557 1.841760
v -0.137609 -0.154052 1.615190
v -0.065214 -0.226515 1.841812
v -0.140692 -0.141953 1.620155
v -0.067433 -0.217804 1.845387
v -0.152989 -0.139633 1.625049
v -0.076287 -0.216134 1.848910
v -0.162204 -0.149412 1.624977
v -0.082922 -0.223175 1.848858
v -0.159121 -0.161512 1.620012
v -0.080702 -0.231886 1.845283
v -0.074068 -0.224845 1.845335
v 0.197260 -0.212482 2.014534
v 0.027860 -0.307624 1.930014
v 0.041067 -0.132176 1.896015
v -0.074068 -0.224845 1.845335
v 0.231425 -0.158277 1.913474
v 0.064575 -0.184615 1.785570
v 0.031684 -0.211821 1.959612
v -0.074068 -0.224845 1.845335
v 0.230519 -0.126881 1.839842
v 0.024620 -0.116621 1.790926
v 0.070913 -0.254698 1.895350
v -0.074068 -0.224845 1.845335
v 0.232076 -0.155522 1.907545
v 0.025551 -0.112353 1.888159
v 0.071229 -0.281878 1.852279
v -0.074068 -0.224845 1.845335
v -0.239392 -0.161998 2.112015
v -0.216889 -0.208134 1.906450
v -0.063505 -0.191279 1.997565
v -0.074068 -0.224845 1.845335
v -0.241037 -0.160869 2.110718
v -0.090578 -0.257657 1.997200
v -0.191133 -0.140853 1.905777
v -0.074068 -0.224845 1.845335
v -0.334593 -0.088327 1.971389
v -0.145754 -0.089292 1.875310
v -0.210802 -0.251184 1.916203
v -0.074068 -0.224845 1.845335
v -0.247924 -0.156113 2.105046
v -0.207574 -0.253527 1.921268
v -0.079647 -0.141178 1.977172
v -0.074068 -0.224845 1.845335
v 0.057735 -0.509644 1.782746
v 0.038300 -0.299300 1.766328
v -0.080994 -0.378230 1.874271
v -0.074068 -0.224845 1.845335
v 0.051796 -0.506072 1.758908
v -0.101402 -0.377863 1.829512
v 0.053958 -0.296809 1.792017
v -0.074068 -0.224845 1.845335
v 0.073020 -0.507199 1.877604
v -0.063580 -0.370728 1.790378
v 0.033114 -0.304845 1.926107
v -0.074068 -0.224845 1.845335
v 0.062176 -0.511338 1.803389
v 0.042956 -0.318594 1.889253
v -0.082096 -0.360290 1.767860
v -0.074068 -0.224845 1.845335
v 0.197082 -0.239620 2.014626
v 0.015530 -0.151425 1.950187
v 0.053255 -0.310086 1.875916
v -0.074068 -0.224845 1.845335
v 0.211429 -0.224533 1.989873
v 0.056492 -0.306742 1.871011
v 0.023770 -0.142699 1.935290
v -0.074068 -0.224845 1.845335
v 0.212526 -0.223237 1.987678
v 0.052010 -0.138638 1.878271
v 0.029129 -0.309766 1.926274
v -0.074068 -0.224845 1.845335
v 0.220929 -0.212293 1.968702
v 0.013775 -0.168378 1.961556
v 0.074086 -0.271271 1.827809
v -0.160918 -0.144071 1.619304
v -0.255967 -0.267565 1.813119
v -0.160248 -0.155592 1.612422
v -0.255485 -0.275860 1.808164
v -0.149236 -0.163253 1.613201
v -0.247557 -0.281376 1.808725
v -0.138895 -0.159393 1.620863
v -0.240111 -0.278597 1.814242
v -0.139565 -0.147872 1.627745
v -0.240593 -0.270302 1.819197
v -0.150576 -0.140211 1.626966
v -0.248521 -0.264786 1.818635
v -0.248039 -0.273081 1.813680
v -0.451301 -0.487556 1.690859
v -0.373098 -0.362142 1.842674
v -0.285589 -0.355600 1.686430
v -0.248039 -0.273081 1.813680
v -0.449335 -0.484858 1.683181
v -0.353015 -0.296931 1.700440
v -0.304099 -0.418653 1.822520
v -0.248039 -0.273081 1.813680
v -0.424269 -0.452608 1.615910
v -0.335049 -0.402271 1.801378
v -0.302013 -0.287513 1.667767
v -0.248039 -0.273081 1.813680
v -0.407882 -0.432580 1.586942
v -0.312474 -0.409998 1.774770
v -0.311478 -0.263763 1.671200
v -0.248039 -0.273081 1.813680
v -0.081008 -0.311626 2.083893
v -0.109507 -0.312945 1.873945
v -0.252947 -0.264053 1.969586
v -0.248039 -0.273081 1.813680
v 0.035061 -0.205624 1.946737
v -0.173522 -0.242831 1.947637
v -0.096075 -0.249366 1.786169
v -0.248039 -0.273081 1.813680
v -0.022304 -0.268608 2.040449
v -0.168514 -0.359366 1.916845
v -0.146976 -0.183218 1.891931
v -0.248039 -0.273081 1.813680
v -0.070035 -0.304394 2.077752
v -0.221388 -0.360410 1.940470
v -0.132286 -0.210802 1.898149
v -0.248039 -0.273081 1.813680
v -0.546437 -0.229128 1.920575
v -0.340849 -0.182049 1.900350
v -0.393948 -0.328951 1.812526
v -0.248039 -0.273081 1.813680
v -0.537703 -0.137178 1.808666
v -0.366137 -0.220175 1.901235
v -0.361672 -0.217265 1.722114
v -0.248039 -0.273081 1.813680
v -0.538377 -0.255507 1.947079
v -0.354943 -0.349574 1.898134
v -0.373405 -0.182528 1.835945
v -0.248039 -0.273081 1.813680
v -0.528581 -0.121697 1.785770
v -0.361812 -0.199081 1.891088
v -0.358700 -0.225974 1.713944
v -0.248039 -0.273081 1.813680
v -0.423164 -0.521531 1.913700
v -0.346832 -0.324121 1.923440
v -0.289346 -0.420801 1.783937
v -0.248039 -0.273081 1.813680
v -0.428415 -0.534145 1.855034
v -0.246536 -0.425778 1.846750
v -0.393843 -0.329235 1.813694
v -0.248039 -0.273081 1.813680
v -0.428716 -0.536706 1.829724
v -0.351844 -0.361922 1.737891
v -0.288776 -0.395140 1.902304
v -0.248039 -0.273081 1.813680
v -0.406411 -0.490860 1.986569
v -0.272574 -0.425800 1.835747
v -0.350201 -0.294585 1.929924
v -0.022651 -0.021003 1.371196
v -0.063671 -0.013463 1.671612
v -0.031859 -0.004840 1.369695
v -0.070301 -0.001825 1.670532
v -0.050391 -0.004829 1.367489
v -0.083644 -0.001817 1.668943
v -0.059714 -0.020980 1.366784
v -0.090356 -0.013446 1.668435
v -0.050505 -0.037143 1.368285
v -0.083726 -0.025083 1.669516
v -0.031974 -0.037154 1.370491
v -0.070383 -0.025092 1.671104
v -0.063704 -0.014359 1.671631
v -0.082887 0.124359 1.877151
v -0.068935 -0.004273 1.664458
v -0.086653 0.131621 1.871987
v -0.082245 -0.003368 1.662851
v -0.096236 0.132273 1.870830
v -0.090323 -0.012550 1.668417
v -0.102053 0.125662 1.874837
v -0.085092 -0.022636 1.675590
v -0.098286 0.118400 1.880002
v -0.071782 -0.023541 1.677197
v -0.088703 0.117749 1.881159
v -0.092470 0.125011 1.875994
v -0.056180 0.417919 1.752350
v -0.148057 0.228069 1.772548
v -0.007850 0.256278 1.880525
v -0.092470 0.125011 1.875994
v -0.054652 0.409921 1.735297
v -0.007429 0.256052 1.873089
v -0.147255 0.221898 1.766342
v -0.092470 0.125011 1.875994
v -0.057278 0.422717 1.764047
v -0.085435 0.276261 1.914545
v -0.071351 0.211926 1.747885
v -0.092470 0.125011 1.875994
v -0.069235 0.444156 1.873480
v -0.161819 0.258729 1.917494
v -0.004533 0.246609 1.832483
v -0.092470 0.125011 1.875994
v 0.217097 0.195645 1.915733
v 0.053695 0.086647 1.836290
v 0.009020 0.219881 1.947490
v -0.092470 0.125011 1.875994
v 0.219193 0.190359 1.907559
v 0.051701 0.064798 1.874797
v 0.012689 0.237501 1.902444
v -0.092470 0.125011 1.875994
v 0.221170 0.184398 1.898423
v 0.034301 0.174257 1.799079
v 0.031671 0.123274 1.970853
v -0.092470 0.125011 1.875994
v 0.156737 0.260908 2.023737
v 0.052670 0.179951 1.857881
v -0.038244 0.178788 2.012302
v -0.092470 0.125011 1.875994
v -0.071687 0.429468 1.972295
v -0.145376 0.270286 1.853454
v -0.022936 0.223301 1.975575
v -0.092470 0.125011 1.875994
v -0.078658 0.404888 2.030520
v -0.170118 0.256119 1.910541
v -0.003771 0.217804 1.965068
v -0.092470 0.125011 1.875994
v -0.089883 0.348660 2.104849
v -0.177455 0.232883 1.950514
v -0.005415 0.196058 1.984558
v -0.092470 0.125011 1.875994
v -0.080428 0.397277 2.043703
v -0.104088 0.188251 2.018395
v -0.071217 0.279583 1.867761
v -0.086867 -0.004426 1.668625
v -0.235404 -0.151219 1.803673
v -0.085471 -0.014298 1.659617
v -0.234399 -0.158326 1.797187
v -0.075618 -0.023326 1.661016
v -0.227305 -0.164827 1.798195
v -0.067160 -0.022482 1.671423
v -0.221215 -0.164219 1.805688
v -0.068556 -0.012610 1.680431
v -0.222220 -0.157111 1.812174
v -0.078409 -0.003582 1.679032
v -0.229315 -0.150611 1.811166
v -0.228310 -0.157719 1.804681
v -0.420559 -0.409823 1.761278
v -0.236822 -0.304689 1.752341
v -0.373597 -0.212432 1.822298
v -0.228310 -0.157719 1.804681
v -0.329533 -0.356661 1.575386
v -0.263935 -0.305925 1.770360
v -0.273663 -0.168666 1.655565
v -0.228310 -0.157719 1.804681
v -0.379119 -0.394044 1.650385
v -0.293620 -0.298904 1.819295
v -0.283648 -0.205594 1.666630
v -0.228310 -0.157719 1.804681
v -0.363329 -0.383446 1.622425
v -0.338768 -0.187094 1.698152
v -0.225867 -0.308926 1.765405
v -0.228310 -0.157719 1.804681
v -0.047579 -0.268529 2.044383
v -0.082374 -0.188182 1.851443
v -0.229662 -0.215904 1.949680
v -0.228310 -0.157719 1.804681
v -0.132411 -0.312585 2.067777
v -0.105946 -0.191984 1.895593
v -0.273955 -0.247346 1.924245
v -0.228310 -0.157719 1.804681
v -0.216330 -0.339699 2.067624
v -0.138212 -0.251073 1.891741
v -0.308824 -0.209949 1.927976
v -0.228310 -0.157719 1.804681
v -0.128093 -0.310789 2.067218
v -0.272949 -0.240203 1.929644
v -0.103498 -0.197690 1.889747
v -0.228310 -0.157719 1.804681
v -0.528768 -0.058533 1.852503
v -0.363402 -0.120625 1.735496
v -0.333585 -0.115464 1.912123
v -0.228310 -0.157719 1.804681
v -0.491424 0.024006 1.792545
v -0.381831 -0.156539 1.775662
v -0.285280 -0.013519 1.823991
v -0.228310 -0.157719 1.804681
v -0.511073 -0.008483 1.817864
v -0.381787 -0.171785 1.779007
v -0.301043 -0.024264 1.840900
v -0.228310 -0.157719 1.804681
v -0.532809 -0.081631 1.867057
v -0.328755 -0.112058 1.915306
v -0.371465 -0.142510 1.743956
v -0.228310 -0.157719 1.804681
v -0.448734 -0.372030 1.893472
v -0.342112 -0.252453 1.754816
v -0.290847 -0.234433 1.925578
v -0.228310 -0.157719 1.804681
v -0.441718 -0.389875 1.750274
v -0.246961 -0.307898 1.765817
v -0.380385 -0.193264 1.800019
v -0.228310 -0.157719 1.804681
v -0.448251 -0.389694 1.790081
v -0.251998 -0.312098 1.808943
v -0.380574 -0.188920 1.788738
v -0.228310 -0.157719 1.804681
v -0.446693 -0.367230 1.908669
v -0.276595 -0.306168 1.798080
v -0.354732 -0.176879 1.894472
v -0.076507 -0.026876 1.670420
v 0.030411 -0.012459 1.894496
v -0.066266 -0.019918 1.665199
v 0.037785 -0.007449 1.890737
v -0.066773 -0.006496 1.664803
v 0.037420 0.002214 1.890451
v -0.077520 -0.000033 1.669628
v 0.029682 0.006868 1.893925
v -0.087760 -0.006991 1.674849
v 0.022309 0.001858 1.897685
v -0.087254 -0.020413 1.675245
v 0.022674 -0.007806 1.897970
v 0.030047 -0.002796 1.894211
v 0.327724 -0.005589 1.776820
v 0.153303 -0.092507 1.859975
v 0.144933 0.084681 1.834534
v 0.030047 -0.002796 1.894211
v 0.347776 -0.001957 1.856163
v 0.151493 0.074554 1.833549
v 0.162783 -0.079475 1.924434
v 0.030047 -0.002796 1.894211
v 0.327353 -0.005633 1.775885
v 0.174128 0.055889 1.908661
v 0.123810 -0.063750 1.785100
v 0.030047 -0.002796 1.894211
v 0.342904 0.002604 1.961225
v 0.149061 0.086100 1.942640
v 0.161319 -0.087371 1.899393
v 0.030047 -0.002796 1.894211
v 0.065496 -0.320792 1.889548
v 0.081281 -0.127059 1.973872
v 0.007172 -0.132929 1.810819
v 0.030047 -0.002796 1.894211
v 0.072008 -0.319904 1.903244
v 0.019744 -0.135650 1.812628
v 0.073919 -0.123628 1.983019
v 0.030047 -0.002796 1.894211
v 0.060242 -0.320987 1.878627
v 0.076797 -0.130828 1.970593
v 0.007453 -0.129316 1.805361
v 0.030047 -0.002796 1.894211
v 0.112678 -0.295607 1.993377
v 0.071585 -0.089169 2.017606
v 0.054614 -0.150671 1.850148
v 0.030047 -0.002796 1.894211
v 0.266821 0.025467 2.107610
v 0.184590 -0.010850 1.915747
v 0.064924 0.027868 2.043393
v 0.030047 -0.002796 1.894211
v 0.294449 0.024494 2.072387
v 0.090618 -0.021286 2.037044
v 0.180998 0.037526 1.893918
v 0.030047 -0.002796 1.894211
v 0.314466 0.023197 2.038537
v 0.106589 -0.016820 2.029698
v 0.181040 0.032022 1.874185
v 0.030047 -0.002796 1.894211
v 0.334123 0.020911 1.991040
v 0.125365 -0.003278 2.018010
v 0.177989 0.016652 1.847875
v -0.063598 -0.013530 1.670775
v -0.081095 0.006246 1.918064
v -0.070189 -0.001892 1.669480
v -0.085841 0.014625 1.917132
v -0.083605 -0.001817 1.668729
v -0.095500 0.014680 1.916591
v -0.090429 -0.013379 1.669273
v -0.100414 0.006355 1.916983
v -0.083838 -0.025016 1.670568
v -0.095668 -0.002024 1.917915
v -0.070422 -0.025092 1.671319
v -0.086009 -0.002078 1.918456
v -0.090755 0.006301 1.917524
v -0.065430 0.324244 1.891624
v -0.061884 0.139108 1.994601
v -0.099365 0.127848 1.819727
v -0.090755 0.006301 1.917524
v -0.068212 0.324871 1.937640
v -0.112209 0.130568 2.009771
v -0.051267 0.136890 1.841370
v -0.090755 0.006301 1.917524
v -0.081418 0.274698 2.091522
v -0.104187 0.161917 1.913606
v -0.069853 0.065403 2.060640
v -0.090755 0.006301 1.917524
v -0.069612 0.323007 1.958144
v -0.069672 0.120870 2.021647
v -0.094923 0.145097 1.845897
v -0.090755 0.006301 1.917524
v -0.285914 -0.161108 2.108015
v -0.098387 -0.087888 2.041952
v -0.239251 -0.033438 1.945489
v -0.090755 0.006301 1.917524
v -0.317130 -0.207857 1.990263
v -0.204911 -0.030251 2.017746
v -0.157698 -0.128474 1.875493
v -0.090755 0.006301 1.917524
v -0.281603 -0.155646 2.116898
v -0.140809 -0.006055 2.065016
v -0.193379 -0.110901 1.929531
v -0.090755 0.006301 1.917524
v -0.310903 -0.196170 2.031280
v -0.234811 -0.006098 1.976738
v -0.122817 -0.143277 1.949315
v -0.090755 0.006301 1.917524
v 0.115237 0.047110 2.158982
v -0.076925 0.032016 2.071015
v 0.060209 0.013233 1.957199
v -0.090755 0.006301 1.917524
v 0.219688 0.042624 1.986125
v 0.019159 -0.012228 2.027012
v 0.047685 0.053888 1.862916
v -0.090755 0.006301 1.917524
v 0.141159 0.047535 2.134124
v 0.020110 0.103386 1.969442
v -0.016089 -0.057797 2.038886
v -0.090755 0.006301 1.917524
v 0.220553 0.042377 1.982223
v 0.017599 0.102840 1.975418
v 0.049937 -0.061377 1.911389
v -0.090755 0.006301 1.917524
v -0.116420 0.178538 2.185993
v -0.167813 0.122358 1.988269
v -0.034228 0.028033 2.061554
v -0.090755 0.006301 1.917524
v -0.116031 0.184595 2.182046
v -0.020452 0.113523 2.006816
v -0.181278 0.041714 2.039849
v -0.090755 0.006301 1.917524
v -0.117408 0.161673 2.196000
v -0.034824 0.019037 2.062857
v -0.168008 0.117862 1.994972
v -0.090755 0.006301 1.917524
v -0.109979 0.253126 2.120274
v -0.055157 0.156812 1.939691
v -0.141733 0.053250 2.057557
usemtl Bark
f 1 3 4
f 1 4 2
f 3 5 6
f 3 6 4
f 5 7 8
f 5 8 6
f 7 9 10
f 7 10 8
f 9 11 12
f 9 12 10
f 11 1 2
f 11 2 12
f 13 15 16
f 13 16 14
f 15 17 18
f 15 18 16
f 17 19 20
f 17 20 18
f 19 21 22
f 19 22 20
f 21 23 24
f 21 24 22
f 23 13 14
f 23 14 24
f 25 27 28
f 25 28 26
f 27 29 30
f 27 30 28
f 29 31 32
f 29 32 30
f 31 33 34
f 31 34 32
f 33 35 36
f 33 36 34
f 35 25 26
f 35 26 36
f 26 28 37
f 28 30 37
f 30 32 37
f 32 34 37
f 34 36 37
f 36 26 37
f 38 40 41
f 38 41 39
f 40 42 43
f 40 43 41
f 42 44 45
f 42 45 43
f 44 46 47
f 44 47 45
f 46 48 49
f 46 49 47
f 48 38 39
f 48 39 49
f 39 41 50
f 41 43 50
f 43 45 50
f 45 47 50
f 47 49 50
f 49 39 50
f 51 53 54
f 51 54 52
f 53 55 56
f 53 56 54
f 55 57 58
f 55 58 56
f 57 59 60
f 57 60 58
f 59 61 62
f 59 62 60
f 61 51 52
f 61 52 62
f 111 113 114
f 111 114 112
f 113 115 116
f 113 116 114
f 115 117 118
f 115 118 116
f 117 119 120
f 117 120 118
f 119 121 122
f 119 122 120
f 121 111 112
f 121 112 122
f 112 114 123
f 114 116 123
f 116 118 123
f 118 120 123
f 120 122 123
f 122 112 123
f 156 158 159
f 156 159 157
f 158 160 161
f 158 161 159
f 160 162 163
f 160 163 161
f 162 164 165
f 162 165 163
f 164 166 167
f 164 167 165
f 166 156 157
f 166 157 167
f 157 159 168
f 159 161 168
f 161 163 168
f 163 165 168
f 165 167 168
f 167 157 168
f 217 219 220
f 217 220 218
f 219 221 222
f 219 222 220
f 221 223 224
f 221 224 222
f 223 225 226
f 223 226 224
f 225 227 228
f 225 228 226
f 227 217 218
f 227 218 228
f 229 231 232
f 229 232 230
f 231 233 234
f 231 234 232
f 233 235 236
f 233 236 234
f 235 237 238
f 235 238 236
f 237 239 240
f 237 240 238
f 239 229 230
f 239 230 240
f 241 243 244
f 241 244 242
f 243 245 246
f 243 246 244
f 245 247 248
f 245 248 246
f 247 249 250
f 247 250 248
f 249 251 252
f 249 252 250
f 251 241 242
f 251 242 252
f 242 244 253
f 244 246 253
f 246 248 253
f 248 250 253
f 250 252 253
f 252 242 253
f 302 304 305
f 302 305 303
f 304 306 307
f 304 307 305
f 306 308 309
f 306 309 307
f 308 310 311
f 308 311 309
f 310 312 313
f 310 313 311
f 312 302 303
f 312 303 313
f 303 305 314
f 305 307 314
f 307 309 314
f 309 311 314
f 311 313 314
f 313 303 314
f 363 365 366
f 363 366 364
f 365 367 368
f 365 368 366
f 367 369 370
f 367 370 368
f 369 371 372
f 369 372 370
f 371 373 374
f 371 374 372
f 373 363 364
f 373 364 374
f 439 441 442
f 439 442 440
f 441 443 444
f 441 444 442
f 443 445 446
f 443 446 444
f 445 447 448
f 445 448 446
f 447 449 450
f 447 450 448
f 449 439 440
f 449 440 450
f 451 453 454
f 451 454 452
f 453 455 456
f 453 456 454
f 455 457 458
f 455 458 456
f 457 459 460
f 457 460 458
f 459 461 462
f 459 462 460
f 461 451 452
f 461 452 462
f 527 529 530
f 527 530 528
f 529 531 532
f 529 532 530
f 531 533 534
f 531 534 532
f 533 535 536
f 533 536 534
f 535 537 538
f 535 538 536
f 537 527 528
f 537 528 538
f 587 589 590
f 587 590 588
f 589 591 592
f 589 592 590
f 591 593 594
f 591 594 592
f 593 595 596
f 593 596 594
f 595 597 598
f 595 598 596
f 597 587 588
f 597 588 598
f 663 665 666
f 663 666 664
f 665 667 668
f 665 668 666
f 667 669 670
f 667 670 668
f 669 671 672
f 669 672 670
f 671 673 674
f 671 674 672
f 673 663 664
f 673 664 674
f 739 741 742
f 739 742 740
f 741 743 744
f 741 744 742
f 743 745 746
f 743 746 744
f 745 747 748
f 745 748 746
f 747 749 750
f 747 750 748
f 749 739 740
f 749 740 750
f 751 753 754
f 751 754 752
f 753 755 756
f 753 756 754
f 755 757 758
f 755 758 756
f 757 759 760
f 757 760 758
f 759 761 762
f 759 762 760
f 761 751 752
f 761 752 762
f 752 754 763
f 754 756 763
f 756 758 763
f 758 760 763
f 760 762 763
f 762 752 763
f 812 814 815
f 812 815 813
f 814 816 817
f 814 817 815
f 816 818 819
f 816 819 817
f 818 820 821
f 818 821 819
f 820 822 823
f 820 823 821
f 822 812 813
f 822 813 823
f 888 890 891
f 888 891 889
f 890 892 893
f 890 893 891
f 892 894 895
f 892 895 893
f 894 896 897
f 894 897 895
f 896 898 899
f 896 899 897
f 898 888 889
f 898 889 899
f 889 891 900
f 891 893 900
f 893 895 900
f 895 897 900
f 897 899 900
f 899 889 900
f 949 951 952
f 949 952 950
f 951 953 954
f 951 954 952
f 953 955 956
f 953 956 954
f 955 957 958
f 955 958 956
f 957 959 960
f 957 960 958
f 959 949 950
f 959 950 960
f 1009 1011 1012
f 1009 1012 1010
f 1011 1013 1014
f 1011 1014 1012
f 1013 1015 1016
f 1013 1016 1014
f 1015 1017 1018
f 1015 1018 1016
f 1017 1019 1020
f 1017 1020 1018
f 1019 1009 1010
f 1019 1010 1020
f 1021 1023 1024
f 1021 1024 1022
f 1023 1025 1026
f 1023 1026 1024
f 1025 1027 1028
f 1025 1028 1026
f 1027 1029 1030
f 1027 1030 1028
f 1029 1031 1032
f 1029 1032 1030
f 1031 1021 1022
f 1031 1022 1032
f 1097 1099 1100
f 1097 1100 1098
f 1099 1101 1102
f 1099 1102 1100
f 1101 1103 1104
f 1101 1104 1102
f 1103 1105 1106
f 1103 1106 1104
f 1105 1107 1108
f 1105 1108 1106
f 1107 1097 1098
f 1107 1098 1108
f 1141 1143 1144
f 1141 1144 1142
f 1143 1145 1146
f 1143 1146 1144
f 1145 1147 1148
f 1145 1148 1146
f 1147 1149 1150
f 1147 1150 1148
f 1149 1151 1152
f 1149 1152 1150
f 1151 1141 1142
f 1151 1142 1152
f 1217 1219 1220
f 1217 1220 1218
f 1219 1221 1222
f 1219 1222 1220
f 1221 1223 1224
f 1221 1224 1222
f 1223 1225 1226
f 1223 1226 1224
f 1225 1227 1228
f 1225 1228 1226
f 1227 1217 1218
f 1227 1218 1228
f 1229 1231 1232
f 1229 1232 1230
f 1231 1233 1234
f 1231 1234 1232
f 1233 1235 1236
f 1233 1236 1234
f 1235 1237 1238
f 1235 1238 1236
f 1237 1239 1240
f 1237 1240 1238
f 1239 1229 1230
f 1239 1230 1240
f 1241 1243 1244
f 1241 1244 1242
f 1243 1245 1246
f 1243 1246 1244
f 1245 1247 1248
f 1245 1248 1246
f 1247 1249 1250
f 1247 1250 1248
f 1249 1251 1252
f 1249 1252 1250
f 1251 1241 1242
f 1251 1242 1252
f 1301 1303 1304
f 1301 1304 1302
f 1303 1305 1306
f 1303 1306 1304
f 1305 1307 1308
f 1305 1308 1306
f 1307 1309 1310
f 1307 1310 1308
f 1309 1311 1312
f 1309 1312 1310
f 1311 1301 1302
f 1311 1302 1312
f 1302 1304 1313
f 1304 1306 1313
f 1306 1308 1313
f 1308 1310 1313
f 1310 1312 1313
f 1312 1302 1313
f 1362 1364 1365
f 1362 1365 1363
f 1364 1366 1367
f 1364 1367 1365
f 1366 1368 1369
f 1366 1369 1367
f 1368 1370 1371
f 1368 1371 1369
f 1370 1372 1373
f 1370 1373 1371
f 1372 1362 1363
f 1372 1363 1373
f 1438 1440 1441
f 1438 1441 1439
f 1440 1442 1443
f 1440 1443 1441
f 1442 1444 1445
f 1442 1445 1443
f 1444 1446 1447
f 1444 1447 1445
f 1446 1448 1449
f 1446 1449 1447
f 1448 1438 1439
f 1448 1439 1449
f 1439 1441 1450
f 1441 1443 1450
f 1443 1445 1450
f 1445 1447 1450
f 1447 1449 1450
f 1449 1439 1450
f 1499 1501 1502
f 1499 1502 1500
f 1501 1503 1504
f 1501 1504 1502
f 1503 1505 1506
f 1503 1506 1504
f 1505 1507 1508
f 1505 1508 1506
f 1507 1509 1510
f 1507 1510 1508
f 1509 1499 1500
f 1509 1500 1510
f 1500 1502 1511
f 1502 1504 1511
f 1504 1506 1511
f 1506 1508 1511
f 1508 1510 1511
f 1510 1500 1511
f 1512 1514 1515
f 1512 1515 1513
f 1514 1516 1517
f 1514 1517 1515
f 1516 1518 1519
f 1516 1519 1517
f 1518 1520 1521
f 1518 1521 1519
f 1520 1522 1523
f 1520 1523 1521
f 1522 1512 1513
f 1522 1513 1523
f 1513 1515 1524
f 1515 1517 1524
f 1517 1519 1524
f 1519 1521 1524
f 1521 1523 1524
f 1523 1513 1524
f 1573 1575 1576
f 1573 1576 1574
f 1575 1577 1578
f 1575 1578 1576
f 1577 1579 1580
f 1577 1580 1578
f 1579 1581 1582
f 1579 1582 1580
f 1581 1583 1584
f 1581 1584 1582
f 1583 1573 1574
f 1583 1574 1584
f 1633 1635 1636
f 1633 1636 1634
f 1635 1637 1638
f 1635 1638 1636
f 1637 1639 1640
f 1637 1640 1638
f 1639 1641 1642
f 1639 1642 1640
f 1641 1643 1644
f 1641 1644 1642
f 1643 1633 1634
f 1643 1634 1644
f 1709 1711 1712
f 1709 1712 1710
f 1711 1713 1714
f 1711 1714 1712
f 1713 1715 1716
f 1713 1716 1714
f 1715 1717 1718
f 1715 1718 1716
f 1717 1719 1720
f 1717 1720 1718
f 1719 1709 1710
f 1719 1710 1720
f 1721 1723 1724
f 1721 1724 1722
f 1723 1725 1726
f 1723 1726 1724
f 1725 1727 1728
f 1725 1728 1726
f 1727 1729 1730
f 1727 1730 1728
f 1729 1731 1732
f 1729 1732 1730
f 1731 1721 1722
f 1731 1722 1732
f 1797 1799 1800
f 1797 1800 1798
f 1799 1801 1802
f 1799 1802 1800
f 1801 1803 1804
f 1801 1804 1802
f 1803 1805 1806
f 1803 1806 1804
f 1805 1807 1808
f 1805 1808 1806
f 1807 1797 1798
f 1807 1798 1808
f 1873 1875 1876
f 1873 1876 1874
f 1875 1877 1878
f 1875 1878 1876
f 1877 1879 1880
f 1877 1880 1878
f 1879 1881 1882
f 1879 1882 1880
f 1881 1883 1884
f 1881 1884 1882
f 1883 1873 1874
f 1883 1874 1884
f 1933 1935 1936
f 1933 1936 1934
f 1935 1937 1938
f 1935 1938 1936
f 1937 1939 1940
f 1937 1940 1938
f 1939 1941 1942
f 1939 1942 1940
f 1941 1943 1944
f 1941 1944 1942
f 1943 1933 1934
f 1943 1934 1944
f 1945 1947 1948
f 1945 1948 1946
f 1947 1949 1950
f 1947 1950 1948
f 1949 1951 1952
f 1949 1952 1950
f 1951 1953 1954
f 1951 1954 1952
f 1953 1955 1956
f 1953 1956 1954
f 1955 1945 1946
f 1955 1946 1956
f 2021 2023 2024
f 2021 2024 2022
f 2023 2025 2026
f 2023 2026 2024
f 2025 2027 2028
f 2025 2028 2026
f 2027 2029 2030
f 2027 2030 2028
f 2029 2031 2032
f 2029 2032 2030
f 2031 2021 2022
f 2031 2022 2032
f 2097 2099 2100
f 2097 2100 2098
f 2099 2101 2102
f 2099 2102 2100
f 2101 2103 2104
f 2101 2104 2102
f 2103 2105 2106
f 2103 2106 2104
f 2105 2107 2108
f 2105 2108 2106
f 2107 2097 2098
f 2107 2098 2108
f 2173 2175 2176
f 2173 2176 2174
f 2175 2177 2178
f 2175 2178 2176
f 2177 2179 2180
f 2177 2180 2178
f 2179 2181 2182
f 2179 2182 2180
f 2181 2183 2184
f 2181 2184 2182
f 2183 2173 2174
f 2183 2174 2184
f 2249 2251 2252
f 2249 2252 2250
f 2251 2253 2254
f 2251 2254 2252
f 2253 2255 2256
f 2253 2256 2254
f 2255 2257 2258
f 2255 2258 2256
f 2257 2259 2260
f 2257 2260 2258
f 2259 2249 2250
f 2259 2250 2260
f 2250 2252 2261
f 2252 2254 2261
f 2254 2256 2261
f 2256 2258 2261
f 2258 2260 2261
f 2260 2250 2261
f 2262 2264 2265
f 2262 2265 2263
f 2264 2266 2267
f 2264 2267 2265
f 2266 2268 2269
f 2266 2269 2267
f 2268 2270 2271
f 2268 2271 2269
f 2270 2272 2273
f 2270 2273 2271
f 2272 2262 2263
f 2272 2263 2273
f 2274 2276 2277
f 2274 2277 2275
f 2276 2278 2279
f 2276 2279 2277
f 2278 2280 2281
f 2278 2281 2279
f 2280 2282 2283
f 2280 2283 2281
f 2282 2284 2285
f 2282 2285 2283
f 2284 2274 2275
f 2284 2275 2285
f 2275 2277 2286
f 2277 2279 2286
f 2279 2281 2286
f 2281 2283 2286
f 2283 2285 2286
f 2285 2275 2286
f 2319 2321 2322
f 2319 2322 2320
f 2321 2323 2324
f 2321 2324 2322
f 2323 2325 2326
f 2323 2326 2324
f 2325 2327 2328
f 2325 2328 2326
f 2327 2329 2330
f 2327 2330 2328
f 2329 2319 2320
f 2329 2320 2330
f 2320 2322 2331
f 2322 2324 2331
f 2324 2326 2331
f 2326 2328 2331
f 2328 2330 2331
f 2330 2320 2331
f 2364 2366 2367
f 2364 2367 2365
f 2366 2368 2369
f 2366 2369 2367
f 2368 2370 2371
f 2368 2371 2369
f 2370 2372 2373
f 2370 2373 2371
f 2372 2374 2375
f 2372 2375 2373
f 2374 2364 2365
f 2374 2365 2375
f 2440 2442 2443
f 2440 2443 2441
f 2442 2444 2445
f 2442 2445 2443
f 2444 2446 2447
f 2444 2447 2445
f 2446 2448 2449
f 2446 2449 2447
f 2448 2450 2451
f 2448 2451 2449
f 2450 2440 2441
f 2450 2441 2451
f 2441 2443 2452
f 2443 2445 2452
f 2445 2447 2452
f 2447 2449 2452
f 2449 2451 2452
f 2451 2441 2452
f 2453 2455 2456
f 2453 2456 2454
f 2455 2457 2458
f 2455 2458 2456
f 2457 2459 2460
f 2457 2460 2458
f 2459 2461 2462
f 2459 2462 2460
f 2461 2463 2464
f 2461 2464 2462
f 2463 2453 2454
f 2463 2454 2464
f 2529 2531 2532
f 2529 2532 2530
f 2531 2533 2534
f 2531 2534 2532
f 2533 2535 2536
f 2533 2536 2534
f 2535 2537 2538
f 2535 2538 2536
f 2537 2539 2540
f 2537 2540 2538
f 2539 2529 2530
f 2539 2530 2540
f 2605 2607 2608
f 2605 2608 2606
f 2607 2609 2610
f 2607 2610 2608
f 2609 2611 2612
f 2609 2612 2610
f 2611 2613 2614
f 2611 2614 2612
f 2613 2615 2616
f 2613 2616 2614
f 2615 2605 2606
f 2615 2606 2616
f 2681 2683 2684
f 2681 2684 2682
f 2683 2685 2686
f 2683 2686 2684
f 2685 2687 2688
f 2685 2688 2686
f 2687 2689 2690
f 2687 2690 2688
f 2689 2691 2692
f 2689 2692 2690
f 2691 2681 2682
f 2691 2682 2692
f 2693 2695 2696
f 2693 2696 2694
f 2695 2697 2698
f 2695 2698 2696
f 2697 2699 2700
f 2697 2700 2698
f 2699 2701 2702
f 2699 2702 2700
f 2701 2703 2704
f 2701 2704 2702
f 2703 2693 2694
f 2703 2694 2704
f 2753 2755 2756
f 2753 2756 2754
f 2755 2757 2758
f 2755 2758 2756
f 2757 2759 2760
f 2757 2760 2758
f 2759 2761 2762
f 2759 2762 2760
f 2761 2763 2764
f 2761 2764 2762
f 2763 2753 2754
f 2763 2754 2764
f 2797 2799 2800
f 2797 2800 2798
f 2799 2801 2802
f 2799 2802 2800
f 2801 2803 2804
f 2801 2804 2802
f 2803 2805 2806
f 2803 2806 2804
f 2805 2807 2808
f 2805 2808 2806
f 2807 2797 2798
f 2807 2798 2808
f 2873 2875 2876
f 2873 2876 2874
f 2875 2877 2878
f 2875 2878 2876
f 2877 2879 2880
f 2877 2880 2878
f 2879 2881 2882
f 2879 2882 2880
f 2881 2883 2884
f 2881 2884 2882
f 2883 2873 2874
f 2883 2874 2884
f 2949 2951 2952
f 2949 2952 2950
f 2951 2953 2954
f 2951 2954 2952
f 2953 2955 2956
f 2953 2956 2954
f 2955 2957 2958
f 2955 2958 2956
f 2957 2959 2960
f 2957 2960 2958
f 2959 2949 2950
f 2959 2950 2960
f 2961 2963 2964
f 2961 2964 2962
f 2963 2965 2966
f 2963 2966 2964
f 2965 2967 2968
f 2965 2968 2966
f 2967 2969 2970
f 2967 2970 2968
f 2969 2971 2972
f 2969 2972 2970
f 2971 2961 2962
f 2971 2962 2972
f 2962 2964 2973
f 2964 2966 2973
f 2966 2968 2973
f 2968 2970 2973
f 2970 2972 2973
f 2972 2962 2973
f 2974 2976 2977
f 2974 2977 2975
f 2976 2978 2979
f 2976 2979 2977
f 2978 2980 2981
f 2978 2981 2979
f 2980 2982 2983
f 2980 2983 2981
f 2982 2984 2985
f 2982 2985 2983
f 2984 2974 2975
f 2984 2975 2985
f 2986 2988 2989
f 2986 2989 2987
f 2988 2990 2991
f 2988 2991 2989
f 2990 2992 2993
f 2990 2993 2991
f 2992 2994 2995
f 2992 2995 2993
f 2994 2996 2997
f 2994 2997 2995
f 2996 2986 2987
f 2996 2987 2997
f 2987 2989 2998
f 2989 2991 2998
f 2991 2993 2998
f 2993 2995 2998
f 2995 2997 2998
f 2997 2987 2998
f 3047 3049 3050
f 3047 3050 3048
f 3049 3051 3052
f 3049 3052 3050
f 3051 3053 3054
f 3051 3054 3052
f 3053 3055 3056
f 3053 3056 3054
f 3055 3057 3058
f 3055 3058 3056
f 3057 3047 3048
f 3057 3048 3058
f 3123 3125 3126
f 3123 3126 3124
f 3125 3127 3128
f 3125 3128 3126
f 3127 3129 3130
f 3127 3130 3128
f 3129 3131 3132
f 3129 3132 3130
f 3131 3133 3134
f 3131 3134 3132
f 3133 3123 3124
f 3133 3124 3134
f 3199 3201 3202
f 3199 3202 3200
f 3201 3203 3204
f 3201 3204 3202
f 3203 3205 3206
f 3203 3206 3204
f 3205 3207 3208
f 3205 3208 3206
f 3207 3209 3210
f 3207 3210 3208
f 3209 3199 3200
f 3209 3200 3210
f 3275 3277 3278
f 3275 3278 3276
f 3277 3279 3280
f 3277 3280 3278
f 3279 3281 3282
f 3279 3282 3280
f 3281 3283 3284
f 3281 3284 3282
f 3283 3285 3286
f 3283 3286 3284
f 3285 3275 3276
f 3285 3276 3286
f 3276 3278 3287
f 3278 3280 3287
f 3280 3282 3287
f 3282 3284 3287
f 3284 3286 3287
f 3286 3276 3287
f 3288 3290 3291
f 3288 3291 3289
f 3290 3292 3293
f 3290 3293 3291
f 3292 3294 3295
f 3292 3295 3293
f 3294 3296 3297
f 3294 3297 3295
f 3296 3298 3299
f 3296 3299 3297
f 3298 3288 3289
f 3298 3289 3299
f 3289 3291 3300
f 3291 3293 3300
f 3293 3295 3300
f 3295 3297 3300
f 3297 3299 3300
f 3299 3289 3300
f 3333 3335 3336
f 3333 3336 3334
f 3335 3337 3338
f 3335 3338 3336
f 3337 3339 3340
f 3337 3340 3338
f 3339 3341 3342
f 3339 3342 3340
f 3341 3343 3344
f 3341 3344 3342
f 3343 3333 3334
f 3343 3334 3344
f 3334 3336 3345
f 3336 3338 3345
f 3338 3340 3345
f 3340 3342 3345
f 3342 3344 3345
f 3344 3334 3345
f 3378 3380 3381
f 3378 3381 3379
f 3380 3382 3383
f 3380 3383 3381
f 3382 3384 3385
f 3382 3385 3383
f 3384 3386 3387
f 3384 3387 3385
f 3386 3388 3389
f 3386 3389 3387
f 3388 3378 3379
f 3388 3379 3389
f 3454 3456 3457
f 3454 3457 3455
f 3456 3458 3459
f 3456 3459 3457
f 3458 3460 3461
f 3458 3461 3459
f 3460 3462 3463
f 3460 3463 3461
f 3462 3464 3465
f 3462 3465 3463
f 3464 3454 3455
f 3464 3455 3465
f 3455 3457 3466
f 3457 3459 3466
f 3459 3461 3466
f 3461 3463 3466
f 3463 3465 3466
f 3465 3455 3466
f 3467 3469 3470
f 3467 3470 3468
f 3469 3471 3472
f 3469 3472 3470
f 3471 3473 3474
f 3471 3474 3472
f 3473 3475 3476
f 3473 3476 3474
f 3475 3477 3478
f 3475 3478 3476
f 3477 3467 3468
f 3477 3468 3478
f 3527 3529 3530
f 3527 3530 3528
f 3529 3531 3532
f 3529 3532 3530
f 3531 3533 3534
f 3531 3534 3532
f 3533 3535 3536
f 3533 3536 3534
f 3535 3537 3538
f 3535 3538 3536
f 3537 3527 3528
f 3537 3528 3538
f 3587 3589 3590
f 3587 3590 3588
f 3589 3591 3592
f 3589 3592 3590
f 3591 3593 3594
f 3591 3594 3592
f 3593 3595 3596
f 3593 3596 3594
f 3595 3597 3598
f 3595 3598 3596
f 3597 3587 3588
f 3597 3588 3598
f 3663 3665 3666
f 3663 3666 3664
f 3665 3667 3668
f 3665 3668 3666
f 3667 3669 3670
f 3667 3670 3668
f 3669 3671 3672
f 3669 3672 3670
f 3671 3673 3674
f 3671 3674 3672
f 3673 3663 3664
f 3673 3664 3674
f 3664 3666 3675
f 3666 3668 3675
f 3668 3670 3675
f 3670 3672 3675
f 3672 3674 3675
f 3674 3664 3675
f 3676 3678 3679
f 3676 3679 3677
f 3678 3680 3681
f 3678 3681 3679
f 3680 3682 3683
f 3680 3683 3681
f 3682 3684 3685
f 3682 3685 3683
f 3684 3686 3687
f 3684 3687 3685
f 3686 3676 3677
f 3686 3677 3687
f 3677 3679 3688
f 3679 3681 3688
f 3681 3683 3688
f 3683 3685 3688
f 3685 3687 3688
f 3687 3677 3688
f 3689 3691 3692
f 3689 3692 3690
f 3691 3693 3694
f 3691 3694 3692
f 3693 3695 3696
f 3693 3696 3694
f 3695 3697 3698
f 3695 3698 3696
f 3697 3699 3700
f 3697 3700 3698
f 3699 3689 3690
f 3699 3690 3700
f 3690 3692 3701
f 3692 3694 3701
f 3694 3696 3701
f 3696 3698 3701
f 3698 3700 3701
f 3700 3690 3701
f 3750 3752 3753
f 3750 3753 3751
f 3752 3754 3755
f 3752 3755 3753
f 3754 3756 3757
f 3754 3757 3755
f 3756 3758 3759
f 3756 3759 3757
f 3758 3760 3761
f 3758 3761 3759
f 3760 3750 3751
f 3760 3751 3761
f 3751 3753 3762
f 3753 3755 3762
f 3755 3757 3762
f 3757 3759 3762
f 3759 3761 3762
f 3761 3751 3762
f 3811 3813 3814
f 3811 3814 3812
f 3813 3815 3816
f 3813 3816 3814
f 3815 3817 3818
f 3815 3818 3816
f 3817 3819 3820
f 3817 3820 3818
f 3819 3821 3822
f 3819 3822 3820
f 3821 3811 3812
f 3821 3812 3822
f 3812 3814 3823
f 3814 3816 3823
f 3816 3818 3823
f 3818 3820 3823
f 3820 3822 3823
f 3822 3812 3823
f 3872 3874 3875
f 3872 3875 3873
f 3874 3876 3877
f 3874 3877 3875
f 3876 3878 3879
f 3876 3879 3877
f 3878 3880 3881
f 3878 3881 3879
f 3880 3882 3883
f 3880 3883 3881
f 3882 3872 3873
f 3882 3873 3883
f 3884 3886 3887
f 3884 3887 3885
f 3886 3888 3889
f 3886 3889 3887
f 3888 3890 3891
f 3888 3891 3889
f 3890 3892 3893
f 3890 3893 3891
f 3892 3894 3895
f 3892 3895 3893
f 3894 3884 3885
f 3894 3885 3895
f 3960 3962 3963
f 3960 3963 3961
f 3962 3964 3965
f 3962 3965 3963
f 3964 3966 3967
f 3964 3967 3965
f 3966 3968 3969
f 3966 3969 3967
f 3968 3970 3971
f 3968 3971 3969
f 3970 3960 3961
f 3970 3961 3971
f 3961 3963 3972
f 3963 3965 3972
f 3965 3967 3972
f 3967 3969 3972
f 3969 3971 3972
f 3971 3961 3972
f 4005 4007 4008
f 4005 4008 4006
f 4007 4009 4010
f 4007 4010 4008
f 4009 4011 4012
f 4009 4012 4010
f 4011 4013 4014
f 4011 4014 4012
f 4013 4015 4016
f 4013 4016 4014
f 4015 4005 4006
f 4015 4006 4016
f 4006 4008 4017
f 4008 4010 4017
f 4010 4012 4017
f 4012 4014 4017
f 4014 4016 4017
f 4016 4006 4017
f 4066 4068 4069
f 4066 4069 4067
f 4068 4070 4071
f 4068 4071 4069
f 4070 4072 4073
f 4070 4073 4071
f 4072 4074 4075
f 4072 4075 4073
f 4074 4076 4077
f 4074 4077 4075
f 4076 4066 4067
f 4076 4067 4077
f 4078 4080 4081
f 4078 4081 4079
f 4080 4082 4083
f 4080 4083 4081
f 4082 4084 4085
f 4082 4085 4083
f 4084 4086 4087
f 4084 4087 4085
f 4086 4088 4089
f 4086 4089 4087
f 4088 4078 4079
f 4088 4079 4089
f 4079 4081 4090
f 4081 4083 4090
f 4083 4085 4090
f 4085 4087 4090
f 4087 4089 4090
f 4089 4079 4090
f 4139 4141 4142
f 4139 4142 4140
f 4141 4143 4144
f 4141 4144 4142
f 4143 4145 4146
f 4143 4146 4144
f 4145 4147 4148
f 4145 4148 4146
f 4147 4149 4150
f 4147 4150 4148
f 4149 4139 4140
f 4149 4140 4150
f 4215 4217 4218
f 4215 4218 4216
f 4217 4219 4220
f 4217 4220 4218
f 4219 4221 4222
f 4219 4222 4220
f 4221 4223 4224
f 4221 4224 4222
f 4223 4225 4226
f 4223 4226 4224
f 4225 4215 4216
f 4225 4216 4226
f 4216 4218 4227
f 4218 4220 4227
f 4220 4222 4227
f 4222 4224 4227
f 4224 4226 4227
f 4226 4216 4227
f 4260 4262 4263
f 4260 4263 4261
f 4262 4264 4265
f 4262 4265 4263
f 4264 4266 4267
f 4264 4267 4265
f 4266 4268 4269
f 4266 4269 4267
f 4268 4270 4271
f 4268 4271 4269
f 4270 4260 4261
f 4270 4261 4271
f 4261 4263 4272
f 4263 4265 4272
f 4265 4267 4272
f 4267 4269 4272
f 4269 4271 4272
f 4271 4261 4272
f 4321 4323 4324
f 4321 4324 4322
f 4323 4325 4326
f 4323 4326 4324
f 4325 4327 4328
f 4325 4328 4326
f 4327 4329 4330
f 4327 4330 4328
f 4329 4331 4332
f 4329 4332 4330
f 4331 4321 4322
f 4331 4322 4332
f 4322 4324 4333
f 4324 4326 4333
f 4326 4328 4333
f 4328 4330 4333
f 4330 4332 4333
f 4332 4322 4333
f 4334 4336 4337
f 4334 4337 4335
f 4336 4338 4339
f 4336 4339 4337
f 4338 4340 4341
f 4338 4341 4339
f 4340 4342 4343
f 4340 4343 4341
f 4342 4344 4345
f 4342 4345 4343
f 4344 4334 4335
f 4344 4335 4345
f 4335 4337 4346
f 4337 4339 4346
f 4339 4341 4346
f 4341 4343 4346
f 4343 4345 4346
f 4345 4335 4346
f 4347 4349 4350
f 4347 4350 4348
f 4349 4351 4352
f 4349 4352 4350
f 4351 4353 4354
f 4351 4354 4352
f 4353 4355 4356
f 4353 4356 4354
f 4355 4357 4358
f 4355 4358 4356
f 4357 4347 4348
f 4357 4348 4358
f 4423 4425 4426
f 4423 4426 4424
f 4425 4427 4428
f 4425 4428 4426
f 4427 4429 4430
f 4427 4430 4428
f 4429 4431 4432
f 4429 4432 4430
f 4431 4433 4434
f 4431 4434 4432
f 4433 4423 4424
f 4433 4424 4434
f 4499 4501 4502
f 4499 4502 4500
f 4501 4503 4504
f 4501 4504 4502
f 4503 4505 4506
f 4503 4506 4504
f 4505 4507 4508
f 4505 4508 4506
f 4507 4509 4510
f 4507 4510 4508
f 4509 4499 4500
f 4509 4500 4510
f 4575 4577 4578
f 4575 4578 4576
f 4577 4579 4580
f 4577 4580 4578
f 4579 4581 4582
f 4579 4582 4580
f 4581 4583 4584
f 4581 4584 4582
f 4583 4585 4586
f 4583 4586 4584
f 4585 4575 4576
f 4585 4576 4586
f 4587 4589 4590
f 4587 4590 4588
f 4589 4591 4592
f 4589 4592 4590
f 4591 4593 4594
f 4591 4594 4592
f 4593 4595 4596
f 4593 4596 4594
f 4595 4597 4598
f 4595 4598 4596
f 4597 4587 4588
f 4597 4588 4598
f 4663 4665 4666
f 4663 4666 4664
f 4665 4667 4668
f 4665 4668 4666
f 4667 4669 4670
f 4667 4670 4668
f 4669 4671 4672
f 4669 4672 4670
f 4671 4673 4674
f 4671 4674 4672
f 4673 4663 4664
f 4673 4664 4674
f 4739 4741 4742
f 4739 4742 4740
f 4741 4743 4744
f 4741 4744 4742
f 4743 4745 4746
f 4743 4746 4744
f 4745 4747 4748
f 4745 4748 4746
f 4747 4749 4750
f 4747 4750 4748
f 4749 4739 4740
f 4749 4740 4750
f 4815 4817 4818
f 4815 4818 4816
f 4817 4819 4820
f 4817 4820 4818
f 4819 4821 4822
f 4819 4822 4820
f 4821 4823 4824
f 4821 4824 4822
f 4823 4825 4826
f 4823 4826 4824
f 4825 4815 4816
f 4825 4816 4826
f 4875 4877 4878
f 4875 4878 4876
f 4877 4879 4880
f 4877 4880 4878
f 4879 4881 4882
f 4879 4882 4880
f 4881 4883 4884
f 4881 4884 4882
f 4883 4885 4886
f 4883 4886 4884
f 4885 4875 4876
f 4885 4876 4886
f 4887 4889 4890
f 4887 4890 4888
f 4889 4891 4892
f 4889 4892 4890
f 4891 4893 4894
f 4891 4894 4892
f 4893 4895 4896
f 4893 4896 4894
f 4895 4897 4898
f 4895 4898 4896
f 4897 4887 4888
f 4897 4888 4898
f 4899 4901 4902
f 4899 4902 4900
f 4901 4903 4904
f 4901 4904 4902
f 4903 4905 4906
f 4903 4906 4904
f 4905 4907 4908
f 4905 4908 4906
f 4907 4909 4910
f 4907 4910 4908
f 4909 4899 4900
f 4909 4900 4910
f 4975 4977 4978
f 4975 4978 4976
f 4977 4979 4980
f 4977 4980 4978
f 4979 4981 4982
f 4979 4982 4980
f 4981 4983 4984
f 4981 4984 4982
f 4983 4985 4986
f 4983 4986 4984
f 4985 4975 4976
f 4985 4976 4986
f 5051 5053 5054
f 5051 5054 5052
f 5053 5055 5056
f 5053 5056 5054
f 5055 5057 5058
f 5055 5058 5056
f 5057 5059 5060
f 5057 5060 5058
f 5059 5061 5062
f 5059 5062 5060
f 5061 5051 5052
f 5061 5052 5062
f 5111 5113 5114
f 5111 5114 5112
f 5113 5115 5116
f 5113 5116 5114
f 5115 5117 5118
f 5115 5118 5116
f 5117 5119 5120
f 5117 5120 5118
f 5119 5121 5122
f 5119 5122 5120
f 5121 5111 5112
f 5121 5112 5122
f 5112 5114 5123
f 5114 5116 5123
f 5116 5118 5123
f 5118 5120 5123
f 5120 5122 5123
f 5122 5112 5123
f 5124 5126 5127
f 5124 5127 5125
f 5126 5128 5129
f 5126 5129 5127
f 5128 5130 5131
f 5128 5131 5129
f 5130 5132 5133
f 5130 5133 5131
f 5132 5134 5135
f 5132 5135 5133
f 5134 5124 5125
f 5134 5125 5135
f 5200 5202 5203
f 5200 5203 5201
f 5202 5204 5205
f 5202 5205 5203
f 5204 5206 5207
f 5204 5207 5205
f 5206 5208 5209
f 5206 5209 5207
f 5208 5210 5211
f 5208 5211 5209
f 5210 5200 5201
f 5210 5201 5211
f 5260 5262 5263
f 5260 5263 5261
f 5262 5264 5265
f 5262 5265 5263
f 5264 5266 5267
f 5264 5267 5265
f 5266 5268 5269
f 5266 5269 5267
f 5268 5270 5271
f 5268 5271 5269
f 5270 5260 5261
f 5270 5261 5271
f 5336 5338 5339
f 5336 5339 5337
f 5338 5340 5341
f 5338 5341 5339
f 5340 5342 5343
f 5340 5343 5341
f 5342 5344 5345
f 5342 5345 5343
f 5344 5346 5347
f 5344 5347 5345
f 5346 5336 5337
f 5346 5337 5347
f 5348 5350 5351
f 5348 5351 5349
f 5350 5352 5353
f 5350 5353 5351
f 5352 5354 5355
f 5352 5355 5353
f 5354 5356 5357
f 5354 5357 5355
f 5356 5358 5359
f 5356 5359 5357
f 5358 5348 5349
f 5358 5349 5359
f 5424 5426 5427
f 5424 5427 5425
f 5426 5428 5429
f 5426 5429 5427
f 5428 5430 5431
f 5428 5431 5429
f 5430 5432 5433
f 5430 5433 5431
f 5432 5434 5435
f 5432 5435 5433
f 5434 5424 5425
f 5434 5425 5435
f 5484 5486 5487
f 5484 5487 5485
f 5486 5488 5489
f 5486 5489 5487
f 5488 5490 5491
f 5488 5491 5489
f 5490 5492 5493
f 5490 5493 5491
f 5492 5494 5495
f 5492 5495 5493
f 5494 5484 5485
f 5494 5485 5495
f 5560 5562 5563
f 5560 5563 5561
f 5562 5564 5565
f 5562 5565 5563
f 5564 5566 5567
f 5564 5567 5565
f 5566 5568 5569
f 5566 5569 5567
f 5568 5570 5571
f 5568 5571 5569
f 5570 5560 5561
f 5570 5561 5571
f 5572 5574 5575
f 5572 5575 5573
f 5574 5576 5577
f 5574 5577 5575
f 5576 5578 5579
f 5576 5579 5577
f 5578 5580 5581
f 5578 5581 5579
f 5580 5582 5583
f 5580 5583 5581
f 5582 5572 5573
f 5582 5573 5583
f 5573 5575 5584
f 5575 5577 5584
f 5577 5579 5584
f 5579 5581 5584
f 5581 5583 5584
f 5583 5573 5584
f 5585 5587 5588
f 5585 5588 5586
f 5587 5589 5590
f 5587 5590 5588
f 5589 5591 5592
f 5589 5592 5590
f 5591 5593 5594
f 5591 5594 5592
f 5593 5595 5596
f 5593 5596 5594
f 5595 5585 5586
f 5595 5586 5596
f 5597 5599 5600
f 5597 5600 5598
f 5599 5601 5602
f 5599 5602 5600
f 5601 5603 5604
f 5601 5604 5602
f 5603 5605 5606
f 5603 5606 5604
f 5605 5607 5608
f 5605 5608 5606
f 5607 5597 5598
f 5607 5598 5608
f 5673 5675 5676
f 5673 5676 5674
f 5675 5677 5678
f 5675 5678 5676
f 5677 5679 5680
f 5677 5680 5678
f 5679 5681 5682
f 5679 5682 5680
f 5681 5683 5684
f 5681 5684 5682
f 5683 5673 5674
f 5683 5674 5684
f 5733 5735 5736
f 5733 5736 5734
f 5735 5737 5738
f 5735 5738 5736
f 5737 5739 5740
f 5737 5740 5738
f 5739 5741 5742
f 5739 5742 5740
f 5741 5743 5744
f 5741 5744 5742
f 5743 5733 5734
f 5743 5734 5744
f 5809 5811 5812
f 5809 5812 5810
f 5811 5813 5814
f 5811 5814 5812
f 5813 5815 5816
f 5813 5816 5814
f 5815 5817 5818
f 5815 5818 5816
f 5817 5819 5820
f 5817 5820 5818
f 5819 5809 5810
f 5819 5810 5820
f 5821 5823 5824
f 5821 5824 5822
f 5823 5825 5826
f 5823 5826 5824
f 5825 5827 5828
f 5825 5828 5826
f 5827 5829 5830
f 5827 5830 5828
f 5829 5831 5832
f 5829 5832 5830
f 5831 5821 5822
f 5831 5822 5832
f 5822 5824 5833
f 5824 5826 5833
f 5826 5828 5833
f 5828 5830 5833
f 5830 5832 5833
f 5832 5822 5833
f 5882 5884 5885
f 5882 5885 5883
f 5884 5886 5887
f 5884 5887 5885
f 5886 5888 5889
f 5886 5889 5887
f 5888 5890 5891
f 5888 5891 5889
f 5890 5892 5893
f 5890 5893 5891
f 5892 5882 5883
f 5892 5883 5893
f 5883 5885 5894
f 5885 5887 5894
f 5887 5889 5894
f 5889 5891 5894
f 5891 5893 5894
f 5893 5883 5894
f 5927 5929 5930
f 5927 5930 5928
f 5929 5931 5932
f 5929 5932 5930
f 5931 5933 5934
f 5931 5934 5932
f 5933 5935 5936
f 5933 5936 5934
f 5935 5937 5938
f 5935 5938 5936
f 5937 5927 5928
f 5937 5928 5938
f 6003 6005 6006
f 6003 6006 6004
f 6005 6007 6008
f 6005 6008 6006
f 6007 6009 6010
f 6007 6010 6008
f 6009 6011 6012
f 6009 6012 6010
f 6011 6013 6014
f 6011 6014 6012
f 6013 6003 6004
f 6013 6004 6014
f 6063 6065 6066
f 6063 6066 6064
f 6065 6067 6068
f 6065 6068 6066
f 6067 6069 6070
f 6067 6070 6068
f 6069 6071 6072
f 6069 6072 6070
f 6071 6073 6074
f 6071 6074 6072
f 6073 6063 6064
f 6073 6064 6074
f 6075 6077 6078
f 6075 6078 6076
f 6077 6079 6080
f 6077 6080 6078
f 6079 6081 6082
f 6079 6082 6080
f 6081 6083 6084
f 6081 6084 6082
f 6083 6085 6086
f 6083 6086 6084
f 6085 6075 6076
f 6085 6076 6086
f 6087 6089 6090
f 6087 6090 6088
f 6089 6091 6092
f 6089 6092 6090
f 6091 6093 6094
f 6091 6094 6092
f 6093 6095 6096
f 6093 6096 6094
f 6095 6097 6098
f 6095 6098 6096
f 6097 6087 6088
f 6097 6088 6098
f 6163 6165 6166
f 6163 6166 6164
f 6165 6167 6168
f 6165 6168 6166
f 6167 6169 6170
f 6167 6170 6168
f 6169 6171 6172
f 6169 6172 6170
f 6171 6173 6174
f 6171 6174 6172
f 6173 6163 6164
f 6173 6164 6174
f 6223 6225 6226
f 6223 6226 6224
f 6225 6227 6228
f 6225 6228 6226
f 6227 6229 6230
f 6227 6230 6228
f 6229 6231 6232
f 6229 6232 6230
f 6231 6233 6234
f 6231 6234 6232
f 6233 6223 6224
f 6233 6224 6234
f 6299 6301 6302
f 6299 6302 6300
f 6301 6303 6304
f 6301 6304 6302
f 6303 6305 6306
f 6303 6306 6304
f 6305 6307 6308
f 6305 6308 6306
f 6307 6309 6310
f 6307 6310 6308
f 6309 6299 6300
f 6309 6300 6310
f 6300 6302 6311
f 6302 6304 6311
f 6304 6306 6311
f 6306 6308 6311
f 6308 6310 6311
f 6310 6300 6311
f 6360 6362 6363
f 6360 6363 6361
f 6362 6364 6365
f 6362 6365 6363
f 6364 6366 6367
f 6364 6367 6365
f 6366 6368 6369
f 6366 6369 6367
f 6368 6370 6371
f 6368 6371 6369
f 6370 6360 6361
f 6370 6361 6371
f 6372 6374 6375
f 6372 6375 6373
f 6374 6376 6377
f 6374 6377 6375
f 6376 6378 6379
f 6376 6379 6377
f 6378 6380 6381
f 6378 6381 6379
f 6380 6382 6383
f 6380 6383 6381
f 6382 6372 6373
f 6382 6373 6383
f 6373 6375 6384
f 6375 6377 6384
f 6377 6379 6384
f 6379 6381 6384
f 6381 6383 6384
f 6383 6373 6384
f 6417 6419 6420
f 6417 6420 6418
f 6419 6421 6422
f 6419 6422 6420
f 6421 6423 6424
f 6421 6424 6422
f 6423 6425 6426
f 6423 6426 6424
f 6425 6427 6428
f 6425 6428 6426
f 6427 6417 6418
f 6427 6418 6428
f 6493 6495 6496
f 6493 6496 6494
f 6495 6497 6498
f 6495 6498 6496
f 6497 6499 6500
f 6497 6500 6498
f 6499 6501 6502
f 6499 6502 6500
f 6501 6503 6504
f 6501 6504 6502
f 6503 6493 6494
f 6503 6494 6504
f 6537 6539 6540
f 6537 6540 6538
f 6539 6541 6542
f 6539 6542 6540
f 6541 6543 6544
f 6541 6544 6542
f 6543 6545 6546
f 6543 6546 6544
f 6545 6547 6548
f 6545 6548 6546
f 6547 6537 6538
f 6547 6538 6548
f 6613 6615 6616
f 6613 6616 6614
f 6615 6617 6618
f 6615 6618 6616
f 6617 6619 6620
f 6617 6620 6618
f 6619 6621 6622
f 6619 6622 6620
f 6621 6623 6624
f 6621 6624 6622
f 6623 6613 6614
f 6623 6614 6624
f 6625 6627 6628
f 6625 6628 6626
f 6627 6629 6630
f 6627 6630 6628
f 6629 6631 6632
f 6629 6632 6630
f 6631 6633 6634
f 6631 6634 6632
f 6633 6635 6636
f 6633 6636 6634
f 6635 6625 6626
f 6635 6626 6636
f 6626 6628 6637
f 6628 6630 6637
f 6630 6632 6637
f 6632 6634 6637
f 6634 6636 6637
f 6636 6626 6637
f 6654 6656 6657
f 6654 6657 6655
f 6656 6658 6659
f 6656 6659 6657
f 6658 6660 6661
f 6658 6661 6659
f 6660 6662 6663
f 6660 6663 6661
f 6662 6664 6665
f 6662 6665 6663
f 6664 6654 6655
f 6664 6655 6665
f 6655 6657 6666
f 6657 6659 6666
f 6659 6661 6666
f 6661 6663 6666
f 6663 6665 6666
f 6665 6655 6666
f 6715 6717 6718
f 6715 6718 6716
f 6717 6719 6720
f 6717 6720 6718
f 6719 6721 6722
f 6719 6722 6720
f 6721 6723 6724
f 6721 6724 6722
f 6723 6725 6726
f 6723 6726 6724
f 6725 6715 6716
f 6725 6716 6726
f 6716 6718 6727
f 6718 6720 6727
f 6720 6722 6727
f 6722 6724 6727
f 6724 6726 6727
f 6726 6716 6727
f 6776 6778 6779
f 6776 6779 6777
f 6778 6780 6781
f 6778 6781 6779
f 6780 6782 6783
f 6780 6783 6781
f 6782 6784 6785
f 6782 6785 6783
f 6784 6786 6787
f 6784 6787 6785
f 6786 6776 6777
f 6786 6777 6787
f 6852 6854 6855
f 6852 6855 6853
f 6854 6856 6857
f 6854 6857 6855
f 6856 6858 6859
f 6856 6859 6857
f 6858 6860 6861
f 6858 6861 6859
f 6860 6862 6863
f 6860 6863 6861
f 6862 6852 6853
f 6862 6853 6863
f 6864 6866 6867
f 6864 6867 6865
f 6866 6868 6869
f 6866 6869 6867
f 6868 6870 6871
f 6868 6871 6869
f 6870 6872 6873
f 6870 6873 6871
f 6872 6874 6875
f 6872 6875 6873
f 6874 6864 6865
f 6874 6865 6875
f 6940 6942 6943
f 6940 6943 6941
f 6942 6944 6945
f 6942 6945 6943
f 6944 6946 6947
f 6944 6947 6945
f 6946 6948 6949
f 6946 6949 6947
f 6948 6950 6951
f 6948 6951 6949
f 6950 6940 6941
f 6950 6941 6951
f 7016 7018 7019
f 7016 7019 7017
f 7018 7020 7021
f 7018 7021 7019
f 7020 7022 7023
f 7020 7023 7021
f 7022 7024 7025
f 7022 7025 7023
f 7024 7026 7027
f 7024 7027 7025
f 7026 7016 7017
f 7026 7017 7027
f 7092 7094 7095
f 7092 7095 7093
f 7094 7096 7097
f 7094 7097 7095
f 7096 7098 7099
f 7096 7099 7097
f 7098 7100 7101
f 7098 7101 7099
f 7100 7102 7103
f 7100 7103 7101
f 7102 7092 7093
f 7102 7093 7103
f 7168 7170 7171
f 7168 7171 7169
f 7170 7172 7173
f 7170 7173 7171
f 7172 7174 7175
f 7172 7175 7173
f 7174 7176 7177
f 7174 7177 7175
f 7176 7178 7179
f 7176 7179 7177
f 7178 7168 7169
f 7178 7169 7179
f 7180 7182 7183
f 7180 7183 7181
f 7182 7184 7185
f 7182 7185 7183
f 7184 7186 7187
f 7184 7187 7185
f 7186 7188 7189
f 7186 7189 7187
f 7188 7190 7191
f 7188 7191 7189
f 7190 7180 7181
f 7190 7181 7191
f 7181 7183 7192
f 7183 7185 7192
f 7185 7187 7192
f 7187 7189 7192
f 7189 7191 7192
f 7191 7181 7192
f 7193 7195 7196
f 7193 7196 7194
f 7195 7197 7198
f 7195 7198 7196
f 7197 7199 7200
f 7197 7200 7198
f 7199 7201 7202
f 7199 7202 7200
f 7201 7203 7204
f 7201 7204 7202
f 7203 7193 7194
f 7203 7194 7204
f 7194 7196 7205
f 7196 7198 7205
f 7198 7200 7205
f 7200 7202 7205
f 7202 7204 7205
f 7204 7194 7205
f 7238 7240 7241
f 7238 7241 7239
f 7240 7242 7243
f 7240 7243 7241
f 7242 7244 7245
f 7242 7245 7243
f 7244 7246 7247
f 7244 7247 7245
f 7246 7248 7249
f 7246 7249 7247
f 7248 7238 7239
f 7248 7239 7249
f 7314 7316 7317
f 7314 7317 7315
f 7316 7318 7319
f 7316 7319 7317
f 7318 7320 7321
f 7318 7321 7319
f 7320 7322 7323
f 7320 7323 7321
f 7322 7324 7325
f 7322 7325 7323
f 7324 7314 7315
f 7324 7315 7325
f 7315 7317 7326
f 7317 7319 7326
f 7319 7321 7326
f 7321 7323 7326
f 7323 7325 7326
f 7325 7315 7326
f 7327 7329 7330
f 7327 7330 7328
f 7329 7331 7332
f 7329 7332 7330
f 7331 7333 7334
f 7331 7334 7332
f 7333 7335 7336
f 7333 7336 7334
f 7335 7337 7338
f 7335 7338 7336
f 7337 7327 7328
f 7337 7328 7338
f 7403 7405 7406
f 7403 7406 7404
f 7405 7407 7408
f 7405 7408 7406
f 7407 7409 7410
f 7407 7410 7408
f 7409 7411 7412
f 7409 7412 7410
f 7411 7413 7414
f 7411 7414 7412
f 7413 7403 7404
f 7413 7404 7414
f 7404 7406 7415
f 7406 7408 7415
f 7408 7410 7415
f 7410 7412 7415
f 7412 7414 7415
f 7414 7404 7415
f 7448 7450 7451
f 7448 7451 7449
f 7450 7452 7453
f 7450 7453 7451
f 7452 7454 7455
f 7452 7455 7453
f 7454 7456 7457
f 7454 7457 7455
f 7456 7458 7459
f 7456 7459 7457
f 7458 7448 7449
f 7458 7449 7459
f 7524 7526 7527
f 7524 7527 7525
f 7526 7528 7529
f 7526 7529 7527
f 7528 7530 7531
f 7528 7531 7529
f 7530 7532 7533
f 7530 7533 7531
f 7532 7534 7535
f 7532 7535 7533
f 7534 7524 7525
f 7534 7525 7535
f 7525 7527 7536
f 7527 7529 7536
f 7529 7531 7536
f 7531 7533 7536
f 7533 7535 7536
f 7535 7525 7536
f 7537 7539 7540
f 7537 7540 7538
f 7539 7541 7542
f 7539 7542 7540
f 7541 7543 7544
f 7541 7544 7542
f 7543 7545 7546
f 7543 7546 7544
f 7545 7547 7548
f 7545 7548 7546
f 7547 7537 7538
f 7547 7538 7548
f 7613 7615 7616
f 7613 7616 7614
f 7615 7617 7618
f 7615 7618 7616
f 7617 7619 7620
f 7617 7620 7618
f 7619 7621 7622
f 7619 7622 7620
f 7621 7623 7624
f 7621 7624 7622
f 7623 7613 7614
f 7623 7614 7624
f 7614 7616 7625
f 7616 7618 7625
f 7618 7620 7625
f 7620 7622 7625
f 7622 7624 7625
f 7624 7614 7625
f 7674 7676 7677
f 7674 7677 7675
f 7676 7678 7679
f 7676 7679 7677
f 7678 7680 7681
f 7678 7681 7679
f 7680 7682 7683
f 7680 7683 7681
f 7682 7684 7685
f 7682 7685 7683
f 7684 7674 7675
f 7684 7675 7685
f 7750 7752 7753
f 7750 7753 7751
f 7752 7754 7755
f 7752 7755 7753
f 7754 7756 7757
f 7754 7757 7755
f 7756 7758 7759
f 7756 7759 7757
f 7758 7760 7761
f 7758 7761 7759
f 7760 7750 7751
f 7760 7751 7761
f 7751 7753 7762
f 7753 7755 7762
f 7755 7757 7762
f 7757 7759 7762
f 7759 7761 7762
f 7761 7751 7762
f 7763 7765 7766
f 7763 7766 7764
f 7765 7767 7768
f 7765 7768 7766
f 7767 7769 7770
f 7767 7770 7768
f 7769 7771 7772
f 7769 7772 7770
f 7771 7773 7774
f 7771 7774 7772
f 7773 7763 7764
f 7773 7764 7774
f 7775 7777 7778
f 7775 7778 7776
f 7777 7779 7780
f 7777 7780 7778
f 7779 7781 7782
f 7779 7782 7780
f 7781 7783 7784
f 7781 7784 7782
f 7783 7785 7786
f 7783 7786 7784
f 7785 7775 7776
f 7785 7776 7786
f 7851 7853 7854
f 7851 7854 7852
f 7853 7855 7856
f 7853 7856 7854
f 7855 7857 7858
f 7855 7858 7856
f 7857 7859 7860
f 7857 7860 7858
f 7859 7861 7862
f 7859 7862 7860
f 7861 7851 7852
f 7861 7852 7862
f 7852 7854 7863
f 7854 7856 7863
f 7856 7858 7863
f 7858 7860 7863
f 7860 7862 7863
f 7862 7852 7863
f 7896 7898 7899
f 7896 7899 7897
f 7898 7900 7901
f 7898 7901 7899
f 7900 7902 7903
f 7900 7903 7901
f 7902 7904 7905
f 7902 7905 7903
f 7904 7906 7907
f 7904 7907 7905
f 7906 7896 7897
f 7906 7897 7907
f 7956 7958 7959
f 7956 7959 7957
f 7958 7960 7961
f 7958 7961 7959
f 7960 7962 7963
f 7960 7963 7961
f 7962 7964 7965
f 7962 7965 7963
f 7964 7966 7967
f 7964 7967 7965
f 7966 7956 7957
f 7966 7957 7967
f 7957 7959 7968
f 7959 7961 7968
f 7961 7963 7968
f 7963 7965 7968
f 7965 7967 7968
f 7967 7957 7968
f 8017 8019 8020
f 8017 8020 8018
f 8019 8021 8022
f 8019 8022 8020
f 8021 8023 8024
f 8021 8024 8022
f 8023 8025 8026
f 8023 8026 8024
f 8025 8027 8028
f 8025 8028 8026
f 8027 8017 8018
f 8027 8018 8028
f 8029 8031 8032
f 8029 8032 8030
f 8031 8033 8034
f 8031 8034 8032
f 8033 8035 8036
f 8033 8036 8034
f 8035 8037 8038
f 8035 8038 8036
f 8037 8039 8040
f 8037 8040 8038
f 8039 8029 8030
f 8039 8030 8040
f 8105 8107 8108
f 8105 8108 8106
f 8107 8109 8110
f 8107 8110 8108
f 8109 8111 8112
f 8109 8112 8110
f 8111 8113 8114
f 8111 8114 8112
f 8113 8115 8116
f 8113 8116 8114
f 8115 8105 8106
f 8115 8106 8116
f 8181 8183 8184
f 8181 8184 8182
f 8183 8185 8186
f 8183 8186 8184
f 8185 8187 8188
f 8185 8188 8186
f 8187 8189 8190
f 8187 8190 8188
f 8189 8191 8192
f 8189 8192 8190
f 8191 8181 8182
f 8191 8182 8192
f 8257 8259 8260
f 8257 8260 8258
f 8259 8261 8262
f 8259 8262 8260
f 8261 8263 8264
f 8261 8264 8262
f 8263 8265 8266
f 8263 8266 8264
f 8265 8267 8268
f 8265 8268 8266
f 8267 8257 8258
f 8267 8258 8268
f 8333 8335 8336
f 8333 8336 8334
f 8335 8337 8338
f 8335 8338 8336
f 8337 8339 8340
f 8337 8340 8338
f 8339 8341 8342
f 8339 8342 8340
f 8341 8343 8344
f 8341 8344 8342
f 8343 8333 8334
f 8343 8334 8344
f 8345 8347 8348
f 8345 8348 8346
f 8347 8349 8350
f 8347 8350 8348
f 8349 8351 8352
f 8349 8352 8350
f 8351 8353 8354
f 8351 8354 8352
f 8353 8355 8356
f 8353 8356 8354
f 8355 8345 8346
f 8355 8346 8356
f 8357 8359 8360
f 8357 8360 8358
f 8359 8361 8362
f 8359 8362 8360
f 8361 8363 8364
f 8361 8364 8362
f 8363 8365 8366
f 8363 8366 8364
f 8365 8367 8368
f 8365 8368 8366
f 8367 8357 8358
f 8367 8358 8368
f 8369 8371 8372
f 8369 8372 8370
f 8371 8373 8374
f 8371 8374 8372
f 8373 8375 8376
f 8373 8376 8374
f 8375 8377 8378
f 8375 8378 8376
f 8377 8379 8380
f 8377 8380 8378
f 8379 8369 8370
f 8379 8370 8380
f 8429 8431 8432
f 8429 8432 8430
f 8431 8433 8434
f 8431 8434 8432
f 8433 8435 8436
f 8433 8436 8434
f 8435 8437 8438
f 8435 8438 8436
f 8437 8439 8440
f 8437 8440 8438
f 8439 8429 8430
f 8439 8430 8440
f 8430 8432 8441
f 8432 8434 8441
f 8434 8436 8441
f 8436 8438 8441
f 8438 8440 8441
f 8440 8430 8441
f 8490 8492 8493
f 8490 8493 8491
f 8492 8494 8495
f 8492 8495 8493
f 8494 8496 8497
f 8494 8497 8495
f 8496 8498 8499
f 8496 8499 8497
f 8498 8500 8501
f 8498 8501 8499
f 8500 8490 8491
f 8500 8491 8501
f 8566 8568 8569
f 8566 8569 8567
f 8568 8570 8571
f 8568 8571 8569
f 8570 8572 8573
f 8570 8573 8571
f 8572 8574 8575
f 8572 8575 8573
f 8574 8576 8577
f 8574 8577 8575
f 8576 8566 8567
f 8576 8567 8577
f 8642 8644 8645
f 8642 8645 8643
f 8644 8646 8647
f 8644 8647 8645
f 8646 8648 8649
f 8646 8649 8647
f 8648 8650 8651
f 8648 8651 8649
f 8650 8652 8653
f 8650 8653 8651
f 8652 8642 8643
f 8652 8643 8653
f 8643 8645 8654
f 8645 8647 8654
f 8647 8649 8654
f 8649 8651 8654
f 8651 8653 8654
f 8653 8643 8654
f 8655 8657 8658
f 8655 8658 8656
f 8657 8659 8660
f 8657 8660 8658
f 8659 8661 8662
f 8659 8662 8660
f 8661 8663 8664
f 8661 8664 8662
f 8663 8665 8666
f 8663 8666 8664
f 8665 8655 8656
f 8665 8656 8666
f 8656 8658 8667
f 8658 8660 8667
f 8660 8662 8667
f 8662 8664 8667
f 8664 8666 8667
f 8666 8656 8667
f 8716 8718 8719
f 8716 8719 8717
f 8718 8720 8721
f 8718 8721 8719
f 8720 8722 8723
f 8720 8723 8721
f 8722 8724 8725
f 8722 8725 8723
f 8724 8726 8727
f 8724 8727 8725
f 8726 8716 8717
f 8726 8717 8727
f 8717 8719 8728
f 8719 8721 8728
f 8721 8723 8728
f 8723 8725 8728
f 8725 8727 8728
f 8727 8717 8728
f 8777 8779 8780
f 8777 8780 8778
f 8779 8781 8782
f 8779 8782 8780
f 8781 8783 8784
f 8781 8784 8782
f 8783 8785 8786
f 8783 8786 8784
f 8785 8787 8788
f 8785 8788 8786
f 8787 8777 8778
f 8787 8778 8788
f 8778 8780 8789
f 8780 8782 8789
f 8782 8784 8789
f 8784 8786 8789
f 8786 8788 8789
f 8788 8778 8789
f 8822 8824 8825
f 8822 8825 8823
f 8824 8826 8827
f 8824 8827 8825
f 8826 8828 8829
f 8826 8829 8827
f 8828 8830 8831
f 8828 8831 8829
f 8830 8832 8833
f 8830 8833 8831
f 8832 8822 8823
f 8832 8823 8833
f 8823 8825 8834
f 8825 8827 8834
f 8827 8829 8834
f 8829 8831 8834
f 8831 8833 8834
f 8833 8823 8834
f 8835 8837 8838
f 8835 8838 8836
f 8837 8839 8840
f 8837 8840 8838
f 8839 8841 8842
f 8839 8842 8840
f 8841 8843 8844
f 8841 8844 8842
f 8843 8845 8846
f 8843 8846 8844
f 8845 8835 8836
f 8845 8836 8846
f 8895 8897 8898
f 8895 8898 8896
f 8897 8899 8900
f 8897 8900 8898
f 8899 8901 8902
f 8899 8902 8900
f 8901 8903 8904
f 8901 8904 8902
f 8903 8905 8906
f 8903 8906 8904
f 8905 8895 8896
f 8905 8896 8906
f 8971 8973 8974
f 8971 8974 8972
f 8973 8975 8976
f 8973 8976 8974
f 8975 8977 8978
f 8975 8978 8976
f 8977 8979 8980
f 8977 8980 8978
f 8979 8981 8982
f 8979 8982 8980
f 8981 8971 8972
f 8981 8972 8982
f 9047 9049 9050
f 9047 9050 9048
f 9049 9051 9052
f 9049 9052 9050
f 9051 9053 9054
f 9051 9054 9052
f 9053 9055 9056
f 9053 9056 9054
f 9055 9057 9058
f 9055 9058 9056
f 9057 9047 9048
f 9057 9048 9058
f 9048 9050 9059
f 9050 9052 9059
f 9052 9054 9059
f 9054 9056 9059
f 9056 9058 9059
f 9058 9048 9059
f 9060 9062 9063
f 9060 9063 9061
f 9062 9064 9065
f 9062 9065 9063
f 9064 9066 9067
f 9064 9067 9065
f 9066 9068 9069
f 9066 9069 9067
f 9068 9070 9071
f 9068 9071 9069
f 9070 9060 9061
f 9070 9061 9071
f 9136 9138 9139
f 9136 9139 9137
f 9138 9140 9141
f 9138 9141 9139
f 9140 9142 9143
f 9140 9143 9141
f 9142 9144 9145
f 9142 9145 9143
f 9144 9146 9147
f 9144 9147 9145
f 9146 9136 9137
f 9146 9137 9147
f 9196 9198 9199
f 9196 9199 9197
f 9198 9200 9201
f 9198 9201 9199
f 9200 9202 9203
f 9200 9203 9201
f 9202 9204 9205
f 9202 9205 9203
f 9204 9206 9207
f 9204 9207 9205
f 9206 9196 9197
f 9206 9197 9207
f 9272 9274 9275
f 9272 9275 9273
f 9274 9276 9277
f 9274 9277 9275
f 9276 9278 9279
f 9276 9279 9277
f 9278 9280 9281
f 9278 9281 9279
f 9280 9282 9283
f 9280 9283 9281
f 9282 9272 9273
f 9282 9273 9283
f 9273 9275 9284
f 9275 9277 9284
f 9277 9279 9284
f 9279 9281 9284
f 9281 9283 9284
f 9283 9273 9284
f 9285 9287 9288
f 9285 9288 9286
f 9287 9289 9290
f 9287 9290 9288
f 9289 9291 9292
f 9289 9292 9290
f 9291 9293 9294
f 9291 9294 9292
f 9293 9295 9296
f 9293 9296 9294
f 9295 9285 9286
f 9295 9286 9296
f 9297 9299 9300
f 9297 9300 9298
f 9299 9301 9302
f 9299 9302 9300
f 9301 9303 9304
f 9301 9304 9302
f 9303 9305 9306
f 9303 9306 9304
f 9305 9307 9308
f 9305 9308 9306
f 9307 9297 9298
f 9307 9298 9308
f 9298 9300 9309
f 9300 9302 9309
f 9302 9304 9309
f 9304 9306 9309
f 9306 9308 9309
f 9308 9298 9309
f 9342 9344 9345
f 9342 9345 9343
f 9344 9346 9347
f 9344 9347 9345
f 9346 9348 9349
f 9346 9349 9347
f 9348 9350 9351
f 9348 9351 9349
f 9350 9352 9353
f 9350 9353 9351
f 9352 9342 9343
f 9352 9343 9353
f 9418 9420 9421
f 9418 9421 9419
f 9420 9422 9423
f 9420 9423 9421
f 9422 9424 9425
f 9422 9425 9423
f 9424 9426 9427
f 9424 9427 9425
f 9426 9428 9429
f 9426 9429 9427
f 9428 9418 9419
f 9428 9419 9429
f 9478 9480 9481
f 9478 9481 9479
f 9480 9482 9483
f 9480 9483 9481
f 9482 9484 9485
f 9482 9485 9483
f 9484 9486 9487
f 9484 9487 9485
f 9486 9488 9489
f 9486 9489 9487
f 9488 9478 9479
f 9488 9479 9489
f 9554 9556 9557
f 9554 9557 9555
f 9556 9558 9559
f 9556 9559 9557
f 9558 9560 9561
f 9558 9561 9559
f 9560 9562 9563
f 9560 9563 9561
f 9562 9564 9565
f 9562 9565 9563
f 9564 9554 9555
f 9564 9555 9565
f 9566 9568 9569
f 9566 9569 9567
f 9568 9570 9571
f 9568 9571 9569
f 9570 9572 9573
f 9570 9573 9571
f 9572 9574 9575
f 9572 9575 9573
f 9574 9576 9577
f 9574 9577 9575
f 9576 9566 9567
f 9576 9567 9577
f 9626 9628 9629
f 9626 9629 9627
f 9628 9630 9631
f 9628 9631 9629
f 9630 9632 9633
f 9630 9633 9631
f 9632 9634 9635
f 9632 9635 9633
f 9634 9636 9637
f 9634 9637 9635
f 9636 9626 9627
f 9636 9627 9637
f 9702 9704 9705
f 9702 9705 9703
f 9704 9706 9707
f 9704 9707 9705
f 9706 9708 9709
f 9706 9709 9707
f 9708 9710 9711
f 9708 9711 9709
f 9710 9712 9713
f 9710 9713 9711
f 9712 9702 9703
f 9712 9703 9713
f 9762 9764 9765
f 9762 9765 9763
f 9764 9766 9767
f 9764 9767 9765
f 9766 9768 9769
f 9766 9769 9767
f 9768 9770 9771
f 9768 9771 9769
f 9770 9772 9773
f 9770 9773 9771
f 9772 9762 9763
f 9772 9763 9773
f 9838 9840 9841
f 9838 9841 9839
f 9840 9842 9843
f 9840 9843 9841
f 9842 9844 9845
f 9842 9845 9843
f 9844 9846 9847
f 9844 9847 9845
f 9846 9848 9849
f 9846 9849 9847
f 9848 9838 9839
f 9848 9839 9849
f 9839 9841 9850
f 9841 9843 9850
f 9843 9845 9850
f 9845 9847 9850
f 9847 9849 9850
f 9849 9839 9850
f 9851 9853 9854
f 9851 9854 9852
f 9853 9855 9856
f 9853 9856 9854
f 9855 9857 9858
f 9855 9858 9856
f 9857 9859 9860
f 9857 9860 9858
f 9859 9861 9862
f 9859 9862 9860
f 9861 9851 9852
f 9861 9852 9862
f 9852 9854 9863
f 9854 9856 9863
f 9856 9858 9863
f 9858 9860 9863
f 9860 9862 9863
f 9862 9852 9863
f 9912 9914 9915
f 9912 9915 9913
f 9914 9916 9917
f 9914 9917 9915
f 9916 9918 9919
f 9916 9919 9917
f 9918 9920 9921
f 9918 9921 9919
f 9920 9922 9923
f 9920 9923 9921
f 9922 9912 9913
f 9922 9913 9923
f 9988 9990 9991
f 9988 9991 9989
f 9990 9992 9993
f 9990 9993 9991
f 9992 9994 9995
f 9992 9995 9993
f 9994 9996 9997
f 9994 9997 9995
f 9996 9998 9999
f 9996 9999 9997
f 9998 9988 9989
f 9998 9989 9999
f 10064 10066 10067
f 10064 10067 10065
f 10066 10068 10069
f 10066 10069 10067
f 10068 10070 10071
f 10068 10071 10069
f 10070 10072 10073
f 10070 10073 10071
f 10072 10074 10075
f 10072 10075 10073
f 10074 10064 10065
f 10074 10065 10075
f 10076 10078 10079
f 10076 10079 10077
f 10078 10080 10081
f 10078 10081 10079
f 10080 10082 10083
f 10080 10083 10081
f 10082 10084 10085
f 10082 10085 10083
f 10084 10086 10087
f 10084 10087 10085
f 10086 10076 10077
f 10086 10077 10087
f 10088 10090 10091
f 10088 10091 10089
f 10090 10092 10093
f 10090 10093 10091
f 10092 10094 10095
f 10092 10095 10093
f 10094 10096 10097
f 10094 10097 10095
f 10096 10098 10099
f 10096 10099 10097
f 10098 10088 10089
f 10098 10089 10099
f 10164 10166 10167
f 10164 10167 10165
f 10166 10168 10169
f 10166 10169 10167
f 10168 10170 10171
f 10168 10171 10169
f 10170 10172 10173
f 10170 10173 10171
f 10172 10174 10175
f 10172 10175 10173
f 10174 10164 10165
f 10174 10165 10175
f 10240 10242 10243
f 10240 10243 10241
f 10242 10244 10245
f 10242 10245 10243
f 10244 10246 10247
f 10244 10247 10245
f 10246 10248 10249
f 10246 10249 10247
f 10248 10250 10251
f 10248 10251 10249
f 10250 10240 10241
f 10250 10241 10251
f 10316 10318 10319
f 10316 10319 10317
f 10318 10320 10321
f 10318 10321 10319
f 10320 10322 10323
f 10320 10323 10321
f 10322 10324 10325
f 10322 10325 10323
f 10324 10326 10327
f 10324 10327 10325
f 10326 10316 10317
f 10326 10317 10327
f 10392 10394 10395
f 10392 10395 10393
f 10394 10396 10397
f 10394 10397 10395
f 10396 10398 10399
f 10396 10399 10397
f 10398 10400 10401
f 10398 10401 10399
f 10400 10402 10403
f 10400 10403 10401
f 10402 10392 10393
f 10402 10393 10403
f 10393 10395 10404
f 10395 10397 10404
f 10397 10399 10404
f 10399 10401 10404
f 10401 10403 10404
f 10403 10393 10404
f 10405 10407 10408
f 10405 10408 10406
f 10407 10409 10410
f 10407 10410 10408
f 10409 10411 10412
f 10409 10412 10410
f 10411 10413 10414
f 10411 10414 10412
f 10413 10415 10416
f 10413 10416 10414
f 10415 10405 10406
f 10415 10406 10416
f 10465 10467 10468
f 10465 10468 10466
f 10467 10469 10470
f 10467 10470 10468
f 10469 10471 10472
f 10469 10472 10470
f 10471 10473 10474
f 10471 10474 10472
f 10473 10475 10476
f 10473 10476 10474
f 10475 10465 10466
f 10475 10466 10476
f 10466 10468 10477
f 10468 10470 10477
f 10470 10472 10477
f 10472 10474 10477
f 10474 10476 10477
f 10476 10466 10477
f 10526 10528 10529
f 10526 10529 10527
f 10528 10530 10531
f 10528 10531 10529
f 10530 10532 10533
f 10530 10533 10531
f 10532 10534 10535
f 10532 10535 10533
f 10534 10536 10537
f 10534 10537 10535
f 10536 10526 10527
f 10536 10527 10537
f 10527 10529 10538
f 10529 10531 10538
f 10531 10533 10538
f 10533 10535 10538
f 10535 10537 10538
f 10537 10527 10538
f 10571 10573 10574
f 10571 10574 10572
f 10573 10575 10576
f 10573 10576 10574
f 10575 10577 10578
f 10575 10578 10576
f 10577 10579 10580
f 10577 10580 10578
f 10579 10581 10582
f 10579 10582 10580
f 10581 10571 10572
f 10581 10572 10582
f 10583 10585 10586
f 10583 10586 10584
f 10585 10587 10588
f 10585 10588 10586
f 10587 10589 10590
f 10587 10590 10588
f 10589 10591 10592
f 10589 10592 10590
f 10591 10593 10594
f 10591 10594 10592
f 10593 10583 10584
f 10593 10584 10594
f 10659 10661 10662
f 10659 10662 10660
f 10661 10663 10664
f 10661 10664 10662
f 10663 10665 10666
f 10663 10666 10664
f 10665 10667 10668
f 10665 10668 10666
f 10667 10669 10670
f 10667 10670 10668
f 10669 10659 10660
f 10669 10660 10670
f 10735 10737 10738
f 10735 10738 10736
f 10737 10739 10740
f 10737 10740 10738
f 10739 10741 10742
f 10739 10742 10740
f 10741 10743 10744
f 10741 10744 10742
f 10743 10745 10746
f 10743 10746 10744
f 10745 10735 10736
f 10745 10736 10746
f 10811 10813 10814
f 10811 10814 10812
f 10813 10815 10816
f 10813 10816 10814
f 10815 10817 10818
f 10815 10818 10816
f 10817 10819 10820
f 10817 10820 10818
f 10819 10821 10822
f 10819 10822 10820
f 10821 10811 10812
f 10821 10812 10822
f 10812 10814 10823
f 10814 10816 10823
f 10816 10818 10823
f 10818 10820 10823
f 10820 10822 10823
f 10822 10812 10823
f 10872 10874 10875
f 10872 10875 10873
f 10874 10876 10877
f 10874 10877 10875
f 10876 10878 10879
f 10876 10879 10877
f 10878 10880 10881
f 10878 10881 10879
f 10880 10882 10883
f 10880 10883 10881
f 10882 10872 10873
f 10882 10873 10883
f 10884 10886 10887
f 10884 10887 10885
f 10886 10888 10889
f 10886 10889 10887
f 10888 10890 10891
f 10888 10891 10889
f 10890 10892 10893
f 10890 10893 10891
f 10892 10894 10895
f 10892 10895 10893
f 10894 10884 10885
f 10894 10885 10895
f 10885 10887 10896
f 10887 10889 10896
f 10889 10891 10896
f 10891 10893 10896
f 10893 10895 10896
f 10895 10885 10896
f 10945 10947 10948
f 10945 10948 10946
f 10947 10949 10950
f 10947 10950 10948
f 10949 10951 10952
f 10949 10952 10950
f 10951 10953 10954
f 10951 10954 10952
f 10953 10955 10956
f 10953 10956 10954
f 10955 10945 10946
f 10955 10946 10956
f 10946 10948 10957
f 10948 10950 10957
f 10950 10952 10957
f 10952 10954 10957
f 10954 10956 10957
f 10956 10946 10957
f 11006 11008 11009
f 11006 11009 11007
f 11008 11010 11011
f 11008 11011 11009
f 11010 11012 11013
f 11010 11013 11011
f 11012 11014 11015
f 11012 11015 11013
f 11014 11016 11017
f 11014 11017 11015
f 11016 11006 11007
f 11016 11007 11017
f 11066 11068 11069
f 11066 11069 11067
f 11068 11070 11071
f 11068 11071 11069
f 11070 11072 11073
f 11070 11073 11071
f 11072 11074 11075
f 11072 11075 11073
f 11074 11076 11077
f 11074 11077 11075
f 11076 11066 11067
f 11076 11067 11077
f 11142 11144 11145
f 11142 11145 11143
f 11144 11146 11147
f 11144 11147 11145
f 11146 11148 11149
f 11146 11149 11147
f 11148 11150 11151
f 11148 11151 11149
f 11150 11152 11153
f 11150 11153 11151
f 11152 11142 11143
f 11152 11143 11153
f 11154 11156 11157
f 11154 11157 11155
f 11156 11158 11159
f 11156 11159 11157
f 11158 11160 11161
f 11158 11161 11159
f 11160 11162 11163
f 11160 11163 11161
f 11162 11164 11165
f 11162 11165 11163
f 11164 11154 11155
f 11164 11155 11165
f 11155 11157 11166
f 11157 11159 11166
f 11159 11161 11166
f 11161 11163 11166
f 11163 11165 11166
f 11165 11155 11166
f 11167 11169 11170
f 11167 11170 11168
f 11169 11171 11172
f 11169 11172 11170
f 11171 11173 11174
f 11171 11174 11172
f 11173 11175 11176
f 11173 11176 11174
f 11175 11177 11178
f 11175 11178 11176
f 11177 11167 11168
f 11177 11168 11178
f 11168 11170 11179
f 11170 11172 11179
f 11172 11174 11179
f 11174 11176 11179
f 11176 11178 11179
f 11178 11168 11179
f 11228 11230 11231
f 11228 11231 11229
f 11230 11232 11233
f 11230 11233 11231
f 11232 11234 11235
f 11232 11235 11233
f 11234 11236 11237
f 11234 11237 11235
f 11236 11238 11239
f 11236 11239 11237
f 11238 11228 11229
f 11238 11229 11239
f 11304 11306 11307
f 11304 11307 11305
f 11306 11308 11309
f 11306 11309 11307
f 11308 11310 11311
f 11308 11311 11309
f 11310 11312 11313
f 11310 11313 11311
f 11312 11314 11315
f 11312 11315 11313
f 11314 11304 11305
f 11314 11305 11315
f 11364 11366 11367
f 11364 11367 11365
f 11366 11368 11369
f 11366 11369 11367
f 11368 11370 11371
f 11368 11371 11369
f 11370 11372 11373
f 11370 11373 11371
f 11372 11374 11375
f 11372 11375 11373
f 11374 11364 11365
f 11374 11365 11375
f 11376 11378 11379
f 11376 11379 11377
f 11378 11380 11381
f 11378 11381 11379
f 11380 11382 11383
f 11380 11383 11381
f 11382 11384 11385
f 11382 11385 11383
f 11384 11386 11387
f 11384 11387 11385
f 11386 11376 11377
f 11386 11377 11387
f 11377 11379 11388
f 11379 11381 11388
f 11381 11383 11388
f 11383 11385 11388
f 11385 11387 11388
f 11387 11377 11388
f 11437 11439 11440
f 11437 11440 11438
f 11439 11441 11442
f 11439 11442 11440
f 11441 11443 11444
f 11441 11444 11442
f 11443 11445 11446
f 11443 11446 11444
f 11445 11447 11448
f 11445 11448 11446
f 11447 11437 11438
f 11447 11438 11448
f 11513 11515 11516
f 11513 11516 11514
f 11515 11517 11518
f 11515 11518 11516
f 11517 11519 11520
f 11517 11520 11518
f 11519 11521 11522
f 11519 11522 11520
f 11521 11523 11524
f 11521 11524 11522
f 11523 11513 11514
f 11523 11514 11524
f 11589 11591 11592
f 11589 11592 11590
f 11591 11593 11594
f 11591 11594 11592
f 11593 11595 11596
f 11593 11596 11594
f 11595 11597 11598
f 11595 11598 11596
f 11597 11599 11600
f 11597 11600 11598
f 11599 11589 11590
f 11599 11590 11600
f 11601 11603 11604
f 11601 11604 11602
f 11603 11605 11606
f 11603 11606 11604
f 11605 11607 11608
f 11605 11608 11606
f 11607 11609 11610
f 11607 11610 11608
f 11609 11611 11612
f 11609 11612 11610
f 11611 11601 11602
f 11611 11602 11612
f 11661 11663 11664
f 11661 11664 11662
f 11663 11665 11666
f 11663 11666 11664
f 11665 11667 11668
f 11665 11668 11666
f 11667 11669 11670
f 11667 11670 11668
f 11669 11671 11672
f 11669 11672 11670
f 11671 11661 11662
f 11671 11662 11672
f 11737 11739 11740
f 11737 11740 11738
f 11739 11741 11742
f 11739 11742 11740
f 11741 11743 11744
f 11741 11744 11742
f 11743 11745 11746
f 11743 11746 11744
f 11745 11747 11748
f 11745 11748 11746
f 11747 11737 11738
f 11747 11738 11748
f 11797 11799 11800
f 11797 11800 11798
f 11799 11801 11802
f 11799 11802 11800
f 11801 11803 11804
f 11801 11804 11802
f 11803 11805 11806
f 11803 11806 11804
f 11805 11807 11808
f 11805 11808 11806
f 11807 11797 11798
f 11807 11798 11808
usemtl Leaf
f 63 65 64
f 63 64 65
f 64 66 63
f 64 63 66
f 67 69 68
f 67 68 69
f 68 70 67
f 68 67 70
f 71 73 72
f 71 72 73
f 72 74 71
f 72 71 74
f 75 77 76
f 75 76 77
f 76 78 75
f 76 75 78
f 79 81 80
f 79 80 81
f 80 82 79
f 80 79 82
f 83 85 84
f 83 84 85
f 84 86 83
f 84 83 86
f 87 89 88
f 87 88 89
f 88 90 87
f 88 87 90
f 91 93 92
f 91 92 93
f 92 94 91
f 92 91 94
f 95 97 96
f 95 96 97
f 96 98 95
f 96 95 98
f 99 101 100
f 99 100 101
f 100 102 99
f 100 99 102
f 103 105 104
f 103 104 105
f 104 106 103
f 104 103 106
f 107 109 108
f 107 108 109
f 108 110 107
f 108 107 110
f 124 126 125
f 124 125 126
f 125 127 124
f 125 124 127
f 128 130 129
f 128 129 130
f 129 131 128
f 129 128 131
f 132 134 133
f 132 133 134
f 133 135 132
f 133 132 135
f 136 138 137
f 136 137 138
f 137 139 136
f 137 136 139
f 140 142 141
f 140 141 142
f 141 143 140
f 141 140 143
f 144 146 145
f 144 145 146
f 145 147 144
f 145 144 147
f 148 150 149
f 148 149 150
f 149 151 148
f 149 148 151
f 152 154 153
f 152 153 154
f 153 155 152
f 153 152 155
f 169 171 170
f 169 170 171
f 170 172 169
f 170 169 172
f 173 175 174
f 173 174 175
f 174 176 173
f 174 173 176
f 177 179 178
f 177 178 179
f 178 180 177
f 178 177 180
f 181 183 182
f 181 182 183
f 182 184 181
f 182 181 184
f 185 187 186
f 185 186 187
f 186 188 185
f 186 185 188
f 189 191 190
f 189 190 191
f 190 192 189
f 190 189 192
f 193 195 194
f 193 194 195
f 194 196 193
f 194 193 196
f 197 199 198
f 197 198 199
f 198 200 197
f 198 197 200
f 201 203 202
f 201 202 203
f 202 204 201
f 202 201 204
f 205 207 206
f 205 206 207
f 206 208 205
f 206 205 208
f 209 211 210
f 209 210 211
f 210 212 209
f 210 209 212
f 213 215 214
f 213 214 215
f 214 216 213
f 214 213 216
f 254 256 255
f 254 255 256
f 255 257 254
f 255 254 257
f 258 260 259
f 258 259 260
f 259 261 258
f 259 258 261
f 262 264 263
f 262 263 264
f 263 265 262
f 263 262 265
f 266 268 267
f 266 267 268
f 267 269 266
f 267 266 269
f 270 272 271
f 270 271 272
f 271 273 270
f 271 270 273
f 274 276 275
f 274 275 276
f 275 277 274
f 275 274 277
f 278 280 279
f 278 279 280
f 279 281 278
f 279 278 281
f 282 284 283
f 282 283 284
f 283 285 282
f 283 282 285
f 286 288 287
f 286 287 288
f 287 289 286
f 287 286 289
f 290 292 291
f 290 291 292
f 291 293 290
f 291 290 293
f 294 296 295
f 294 295 296
f 295 297 294
f 295 294 297
f 298 300 299
f 298 299 300
f 299 301 298
f 299 298 301
f 315 317 316
f 315 316 317
f 316 318 315
f 316 315 318
f 319 321 320
f 319 320 321
f 320 322 319
f 320 319 322
f 323 325 324
f 323 324 325
f 324 326 323
f 324 323 326
f 327 329 328
f 327 328 329
f 328 330 327
f 328 327 330
f 331 333 332
f 331 332 333
f 332 334 331
f 332 331 334
f 335 337 336
f 335 336 337
f 336 338 335
f 336 335 338
f 339 341 340
f 339 340 341
f 340 342 339
f 340 339 342
f 343 345 344
f 343 344 345
f 344 346 343
f 344 343 346
f 347 349 348
f 347 348 349
f 348 350 347
f 348 347 350
f 351 353 352
f 351 352 353
f 352 354 351
f 352 351 354
f 355 357 356
f 355 356 357
f 356 358 355
f 356 355 358
f 359 361 360
f 359 360 361
f 360 362 359
f 360 359 362
f 375 377 376
f 375 376 377
f 376 378 375
f 376 375 378
f 379 381 380
f 379 380 381
f 380 382 379
f 380 379 382
f 383 385 384
f 383 384 385
f 384 386 383
f 384 383 386
f 387 389 388
f 387 388 389
f 388 390 387
f 388 387 390
f 391 393 392
f 391 392 393
f 392 394 391
f 392 391 394
f 395 397 396
f 395 396 397
f 396 398 395
f 396 395 398
f 399 401 400
f 399 400 401
f 400 402 399
f 400 399 402
f 403 405 404
f 403 404 405
f 404 406 403
f 404 403 406
f 407 409 408
f 407 408 409
f 408 410 407
f 408 407 410
f 411 413 412
f 411 412 413
f 412 414 411
f 412 411 414
f 415 417 416
f 415 416 417
f 416 418 415
f 416 415 418
f 419 421 420
f 419 420 421
f 420 422 419
f 420 419 422
f 423 425 424
f 423 424 425
f 424 426 423
f 424 423 426
f 427 429 428
f 427 428 429
f 428 430 427
f 428 427 430
f 431 433 432
f 431 432 433
f 432 434 431
f 432 431 434
f 435 437 436
f 435 436 437
f 436 438 435
f 436 435 438
f 463 465 464
f 463 464 465
f 464 466 463
f 464 463 466
f 467 469 468
f 467 468 469
f 468 470 467
f 468 467 470
f 471 473 472
f 471 472 473
f 472 474 471
f 472 471 474
f 475 477 476
f 475 476 477
f 476 478 475
f 476 475 478
f 479 481 480
f 479 480 481
f 480 482 479
f 480 479 482
f 483 485 484
f 483 484 485
f 484 486 483
f 484 483 486
f 487 489 488
f 487 488 489
f 488 490 487
f 488 487 490
f 491 493 492
f 491 492 493
f 492 494 491
f 492 491 494
f 495 497 496
f 495 496 497
f 496 498 495
f 496 495 498
f 499 501 500
f 499 500 501
f 500 502 499
f 500 499 502
f 503 505 504
f 503 504 505
f 504 506 503
f 504 503 506
f 507 509 508
f 507 508 509
f 508 510 507
f 508 507 510
f 511 513 512
f 511 512 513
f 512 514 511
f 512 511 514
f 515 517 516
f 515 516 517
f 516 518 515
f 516 515 518
f 519 521 520
f 519 520 521
f 520 522 519
f 520 519 522
f 523 525 524
f 523 524 525
f 524 526 523
f 524 523 526
f 539 541 540
f 539 540 541
f 540 542 539
f 540 539 542
f 543 545 544
f 543 544 545
f 544 546 543
f 544 543 546
f 547 549 548
f 547 548 549
f 548 550 547
f 548 547 550
f 551 553 552
f 551 552 553
f 552 554 551
f 552 551 554
f 555 557 556
f 555 556 557
f 556 558 555
f 556 555 558
f 559 561 560
f 559 560 561
f 560 562 559
f 560 559 562
f 563 565 564
f 563 564 565
f 564 566 563
f 564 563 566
f 567 569 568
f 567 568 569
f 568 570 567
f 568 567 570
f 571 573 572
f 571 572 573
f 572 574 571
f 572 571 574
f 575 577 576
f 575 576 577
f 576 578 575
f 576 575 578
f 579 581 580
f 579 580 581
f 580 582 579
f 580 579 582
f 583 585 584
f 583 584 585
f 584 586 583
f 584 583 586
f 599 601 600
f 599 600 601
f 600 602 599
f 600 599 602
f 603 605 604
f 603 604 605
f 604 606 603
f 604 603 606
f 607 609 608
f 607 608 609
f 608 610 607
f 608 607 610
f 611 613 612
f 611 612 613
f 612 614 611
f 612 611 614
f 615 617 616
f 615 616 617
f 616 618 615
f 616 615 618
f 619 621 620
f 619 620 621
f 620 622 619
f 620 619 622
f 623 625 624
f 623 624 625
f 624 626 623
f 624 623 626
f 627 629 628
f 627 628 629
f 628 630 627
f 628 627 630
f 631 633 632
f 631 632 633
f 632 634 631
f 632 631 634
f 635 637 636
f 635 636 637
f 636 638 635
f 636 635 638
f 639 641 640
f 639 640 641
f 640 642 639
f 640 639 642
f 643 645 644
f 643 644 645
f 644 646 643
f 644 643 646
f 647 649 648
f 647 648 649
f 648 650 647
f 648 647 650
f 651 653 652
f 651 652 653
f 652 654 651
f 652 651 654
f 655 657 656
f 655 656 657
f 656 658 655
f 656 655 658
f 659 661 660
f 659 660 661
f 660 662 659
f 660 659 662
f 675 677 676
f 675 676 677
f 676 678 675
f 676 675 678
f 679 681 680
f 679 680 681
f 680 682 679
f 680 679 682
f 683 685 684
f 683 684 685
f 684 686 683
f 684 683 686
f 687 689 688
f 687 688 689
f 688 690 687
f 688 687 690
f 691 693 692
f 691 692 693
f 692 694 691
f 692 691 694
f 695 697 696
f 695 696 697
f 696 698 695
f 696 695 698
f 699 701 700
f 699 700 701
f 700 702 699
f 700 699 702
f 703 705 704
f 703 704 705
f 704 706 703
f 704 703 706
f 707 709 708
f 707 708 709
f 708 710 707
f 708 707 710
f 711 713 712
f 711 712 713
f 712 714 711
f 712 711 714
f 715 717 716
f 715 716 717
f 716 718 715
f 716 715 718
f 719 721 720
f 719 720 721
f 720 722 719
f 720 719 722
f 723 725 724
f 723 724 725
f 724 726 723
f 724 723 726
f 727 729 728
f 727 728 729
f 728 730 727
f 728 727 730
f 731 733 732
f 731 732 733
f 732 734 731
f 732 731 734
f 735 737 736
f 735 736 737
f 736 738 735
f 736 735 738
f 764 766 765
f 764 765 766
f 765 767 764
f 765 764 767
f 768 770 769
f 768 769 770
f 769 771 768
f 769 768 771
f 772 774 773
f 772 773 774
f 773 775 772
f 773 772 775
f 776 778 777
f 776 777 778
f 777 779 776
f 777 776 779
f 780 782 781
f 780 781 782
f 781 783 780
f 781 780 783
f 784 786 785
f 784 785 786
f 785 787 784
f 785 784 787
f 788 790 789
f 788 789 790
f 789 791 788
f 789 788 791
f 792 794 793
f 792 793 794
f 793 795 792
f 793 792 795
f 796 798 797
f 796 797 798
f 797 799 796
f 797 796 799
f 800 802 801
f 800 801 802
f 801 803 800
f 801 800 803
f 804 806 805
f 804 805 806
f 805 807 804
f 805 804 807
f 808 810 809
f 808 809 810
f 809 811 808
f 809 808 811
f 824 826 825
f 824 825 826
f 825 827 824
f 825 824 827
f 828 830 829
f 828 829 830
f 829 831 828
f 829 828 831
f 832 834 833
f 832 833 834
f 833 835 832
f 833 832 835
f 836 838 837
f 836 837 838
f 837 839 836
f 837 836 839
f 840 842 841
f 840 841 842
f 841 843 840
f 841 840 843
f 844 846 845
f 844 845 846
f 845 847 844
f 845 844 847
f 848 850 849
f 848 849 850
f 849 851 848
f 849 848 851
f 852 854 853
f 852 853 854
f 853 855 852
f 853 852 855
f 856 858 857
f 856 857 858
f 857 859 856
f 857 856 859
f 860 862 861
f 860 861 862
f 861 863 860
f 861 860 863
f 864 866 865
f 864 865 866
f 865 867 864
f 865 864 867
f 868 870 869
f 868 869 870
f 869 871 868
f 869 868 871
f 872 874 873
f 872 873 874
f 873 875 872
f 873 872 875
f 876 878 877
f 876 877 878
f 877 879 876
f 877 876 879
f 880 882 881
f 880 881 882
f 881 883 880
f 881 880 883
f 884 886 885
f 884 885 886
f 885 887 884
f 885 884 887
f 901 903 902
f 901 902 903
f 902 904 901
f 902 901 904
f 905 907 906
f 905 906 907
f 906 908 905
f 906 905 908
f 909 911 910
f 909 910 911
f 910 912 909
f 910 909 912
f 913 915 914
f 913 914 915
f 914 916 913
f 914 913 916
f 917 919 918
f 917 918 919
f 918 920 917
f 918 917 920
f 921 923 922
f 921 922 923
f 922 924 921
f 922 921 924
f 925 927 926
f 925 926 927
f 926 928 925
f 926 925 928
f 929 931 930
f 929 930 931
f 930 932 929
f 930 929 932
f 933 935 934
f 933 934 935
f 934 936 933
f 934 933 936
f 937 939 938
f 937 938 939
f 938 940 937
f 938 937 940
f 941 943 942
f 941 942 943
f 942 944 941
f 942 941 944
f 945 947 946
f 945 946 947
f 946 948 945
f 946 945 948
f 961 963 962
f 961 962 963
f 962 964 961
f 962 961 964
f 965 967 966
f 965 966 967
f 966 968 965
f 966 965 968
f 969 971 970
f 969 970 971
f 970 972 969
f 970 969 972
f 973 975 974
f 973 974 975
f 974 976 973
f 974 973 976
f 977 979 978
f 977 978 979
f 978 980 977
f 978 977 980
f 981 983 982
f 981 982 983
f 982 984 981
f 982 981 984
f 985 987 986
f 985 986 987
f 986 988 985
f 986 985 988
f 989 991 990
f 989 990 991
f 990 992 989
f 990 989 992
f 993 995 994
f 993 994 995
f 994 996 993
f 994 993 996
f 997 999 998
f 997 998 999
f 998 1000 997
f 998 997 1000
f 1001 1003 1002
f 1001 1002 1003
f 1002 1004 1001
f 1002 1001 1004
f 1005 1007 1006
f 1005 1006 1007
f 1006 1008 1005
f 1006 1005 1008
f 1033 1035 1034
f 1033 1034 1035
f 1034 1036 1033
f 1034 1033 1036
f 1037 1039 1038
f 1037 1038 1039
f 1038 1040 1037
f 1038 1037 1040
f 1041 1043 1042
f 1041 1042 1043
f 1042 1044 1041
f 1042 1041 1044
f 1045 1047 1046
f 1045 1046 1047
f 1046 1048 1045
f 1046 1045 1048
f 1049 1051 1050
f 1049 1050 1051
f 1050 1052 1049
f 1050 1049 1052
f 1053 1055 1054
f 1053 1054 1055
f 1054 1056 1053
f 1054 1053 1056
f 1057 1059 1058
f 1057 1058 1059
f 1058 1060 1057
f 1058 1057 1060
f 1061 1063 1062
f 1061 1062 1063
f 1062 1064 1061
f 1062 1061 1064
f 1065 1067 1066
f 1065 1066 1067
f 1066 1068 1065
f 1066 1065 1068
f 1069 1071 1070
f 1069 1070 1071
f 1070 1072 1069
f 1070 1069 1072
f 1073 1075 1074
f 1073 1074 1075
f 1074 1076 1073
f 1074 1073 1076
f 1077 1079 1078
f 1077 1078 1079
f 1078 1080 1077
f 1078 1077 1080
f 1081 1083 1082
f 1081 1082 1083
f 1082 1084 1081
f 1082 1081 1084
f 1085 1087 1086
f 1085 1086 1087
f 1086 1088 1085
f 1086 1085 1088
f 1089 1091 1090
f 1089 1090 1091
f 1090 1092 1089
f 1090 1089 1092
f 1093 1095 1094
f 1093 1094 1095
f 1094 1096 1093
f 1094 1093 1096
f 1109 1111 1110
f 1109 1110 1111
f 1110 1112 1109
f 1110 1109 1112
f 1113 1115 1114
f 1113 1114 1115
f 1114 1116 1113
f 1114 1113 1116
f 1117 1119 1118
f 1117 1118 1119
f 1118 1120 1117
f 1118 1117 1120
f 1121 1123 1122
f 1121 1122 1123
f 1122 1124 1121
f 1122 1121 1124
f 1125 1127 1126
f 1125 1126 1127
f 1126 1128 1125
f 1126 1125 1128
f 1129 1131 1130
f 1129 1130 1131
f 1130 1132 1129
f 1130 1129 1132
f 1133 1135 1134
f 1133 1134 1135
f 1134 1136 1133
f 1134 1133 1136
f 1137 1139 1138
f 1137 1138 1139
f 1138 1140 1137
f 1138 1137 1140
f 1153 1155 1154
f 1153 1154 1155
f 1154 1156 1153
f 1154 1153 1156
f 1157 1159 1158
f 1157 1158 1159
f 1158 1160 1157
f 1158 1157 1160
f 1161 1163 1162
f 1161 1162 1163
f 1162 1164 1161
f 1162 1161 1164
f 1165 1167 1166
f 1165 1166 1167
f 1166 1168 1165
f 1166 1165 1168
f 1169 1171 1170
f 1169 1170 1171
f 1170 1172 1169
f 1170 1169 1172
f 1173 1175 1174
f 1173 1174 1175
f 1174 1176 1173
f 1174 1173 1176
f 1177 1179 1178
f 1177 1178 1179
f 1178 1180 1177
f 1178 1177 1180
f 1181 1183 1182
f 1181 1182 1183
f 1182 1184 1181
f 1182 1181 1184
f 1185 1187 1186
f 1185 1186 1187
f 1186 1188 1185
f 1186 1185 1188
f 1189 1191 1190
f 1189 1190 1191
f 1190 1192 1189
f 1190 1189 1192
f 1193 1195 1194
f 1193 1194 1195
f 1194 1196 1193
f 1194 1193 1196
f 1197 1199 1198
f 1197 1198 1199
f 1198 1200 1197
f 1198 1197 1200
f 1201 1203 1202
f 1201 1202 1203
f 1202 1204 1201
f 1202 1201 1204
f 1205 1207 1206
f 1205 1206 1207
f 1206 1208 1205
f 1206 1205 1208
f 1209 1211 1210
f 1209 1210 1211
f 1210 1212 1209
f 1210 1209 1212
f 1213 1215 1214
f 1213 1214 1215
f 1214 1216 1213
f 1214 1213 1216
f 1253 1255 1254
f 1253 1254 1255
f 1254 1256 1253
f 1254 1253 1256
f 1257 1259 1258
f 1257 1258 1259
f 1258 1260 1257
f 1258 1257 1260
f 1261 1263 1262
f 1261 1262 1263
f 1262 1264 1261
f 1262 1261 1264
f 1265 1267 1266
f 1265 1266 1267
f 1266 1268 1265
f 1266 1265 1268
f 1269 1271 1270
f 1269 1270 1271
f 1270 1272 1269
f 1270 1269 1272
f 1273 1275 1274
f 1273 1274 1275
f 1274 1276 1273
f 1274 1273 1276
f 1277 1279 1278
f 1277 1278 1279
f 1278 1280 1277
f 1278 1277 1280
f 1281 1283 1282
f 1281 1282 1283
f 1282 1284 1281
f 1282 1281 1284
f 1285 1287 1286
f 1285 1286 1287
f 1286 1288 1285
f 1286 1285 1288
f 1289 1291 1290
f 1289 1290 1291
f 1290 1292 1289
f 1290 1289 1292
f 1293 1295 1294
f 1293 1294 1295
f 1294 1296 1293
f 1294 1293 1296
f 1297 1299 1298
f 1297 1298 1299
f 1298 1300 1297
f 1298 1297 1300
f 1314 1316 1315
f 1314 1315 1316
f 1315 1317 1314
f 1315 1314 1317
f 1318 1320 1319
f 1318 1319 1320
f 1319 1321 1318
f 1319 1318 1321
f 1322 1324 1323
f 1322 1323 1324
f 1323 1325 1322
f 1323 1322 1325
f 1326 1328 1327
f 1326 1327 1328
f 1327 1329 1326
f 1327 1326 1329
f 1330 1332 1331
f 1330 1331 1332
f 1331 1333 1330
f 1331 1330 1333
f 1334 1336 1335
f 1334 1335 1336
f 1335 1337 1334
f 1335 1334 1337
f 1338 1340 1339
f 1338 1339 1340
f 1339 1341 1338
f 1339 1338 1341
f 1342 1344 1343
f 1342 1343 1344
f 1343 1345 1342
f 1343 1342 1345
f 1346 1348 1347
f 1346 1347 1348
f 1347 1349 1346
f 1347 1346 1349
f 1350 1352 1351
f 1350 1351 1352
f 1351 1353 1350
f 1351 1350 1353
f 1354 1356 1355
f 1354 1355 1356
f 1355 1357 1354
f 1355 1354 1357
f 1358 1360 1359
f 1358 1359 1360
f 1359 1361 1358
f 1359 1358 1361
f 1374 1376 1375
f 1374 1375 1376
f 1375 1377 1374
f 1375 1374 1377
f 1378 1380 1379
f 1378 1379 1380
f 1379 1381 1378
f 1379 1378 1381
f 1382 1384 1383
f 1382 1383 1384
f 1383 1385 1382
f 1383 1382 1385
f 1386 1388 1387
f 1386 1387 1388
f 1387 1389 1386
f 1387 1386 1389
f 1390 1392 1391
f 1390 1391 1392
f 1391 1393 1390
f 1391 1390 1393
f 1394 1396 1395
f 1394 1395 1396
f 1395 1397 1394
f 1395 1394 1397
f 1398 1400 1399
f 1398 1399 1400
f 1399 1401 1398
f 1399 1398 1401
f 1402 1404 1403
f 1402 1403 1404
f 1403 1405 1402
f 1403 1402 1405
f 1406 1408 1407
f 1406 1407 1408
f 1407 1409 1406
f 1407 1406 1409
f 1410 1412 1411
f 1410 1411 1412
f 1411 1413 1410
f 1411 1410 1413
f 1414 1416 1415
f 1414 1415 1416
f 1415 1417 1414
f 1415 1414 1417
f 1418 1420 1419
f 1418 1419 1420
f 1419 1421 1418
f 1419 1418 1421
f 1422 1424 1423
f 1422 1423 1424
f 1423 1425 1422
f 1423 1422 1425
f 1426 1428 1427
f 1426 1427 1428
f 1427 1429 1426
f 1427 1426 1429
f 1430 1432 1431
f 1430 1431 1432
f 1431 1433 1430
f 1431 1430 1433
f 1434 1436 1435
f 1434 1435 1436
f 1435 1437 1434
f 1435 1434 1437
f 1451 1453 1452
f 1451 1452 1453
f 1452 1454 1451
f 1452 1451 1454
f 1455 1457 1456
f 1455 1456 1457
f 1456 1458 1455
f 1456 1455 1458
f 1459 1461 1460
f 1459 1460 1461
f 1460 1462 1459
f 1460 1459 1462
f 1463 1465 1464
f 1463 1464 1465
f 1464 1466 1463
f 1464 1463 1466
f 1467 1469 1468
f 1467 1468 1469
f 1468 1470 1467
f 1468 1467 1470
f 1471 1473 1472
f 1471 1472 1473
f 1472 1474 1471
f 1472 1471 1474
f 1475 1477 1476
f 1475 1476 1477
f 1476 1478 1475
f 1476 1475 1478
f 1479 1481 1480
f 1479 1480 1481
f 1480 1482 1479
f 1480 1479 1482
f 1483 1485 1484
f 1483 1484 1485
f 1484 1486 1483
f 1484 1483 1486
f 1487 1489 1488
f 1487 1488 1489
f 1488 1490 1487
f 1488 1487 1490
f 1491 1493 1492
f 1491 1492 1493
f 1492 1494 1491
f 1492 1491 1494
f 1495 1497 1496
f 1495 1496 1497
f 1496 1498 1495
f 1496 1495 1498
f 1525 1527 1526
f 1525 1526 1527
f 1526 1528 1525
f 1526 1525 1528
f 1529 1531 1530
f 1529 1530 1531
f 1530 1532 1529
f 1530 1529 1532
f 1533 1535 1534
f 1533 1534 1535
f 1534 1536 1533
f 1534 1533 1536
f 1537 1539 1538
f 1537 1538 1539
f 1538 1540 1537
f 1538 1537 1540
f 1541 1543 1542
f 1541 1542 1543
f 1542 1544 1541
f 1542 1541 1544
f 1545 1547 1546
f 1545 1546 1547
f 1546 1548 1545
f 1546 1545 1548
f 1549 1551 1550
f 1549 1550 1551
f 1550 1552 1549
f 1550 1549 1552
f 1553 1555 1554
f 1553 1554 1555
f 1554 1556 1553
f 1554 1553 1556
f 1557 1559 1558
f 1557 1558 1559
f 1558 1560 1557
f 1558 1557 1560
f 1561 1563 1562
f 1561 1562 1563
f 1562 1564 1561
f 1562 1561 1564
f 1565 1567 1566
f 1565 1566 1567
f 1566 1568 1565
f 1566 1565 1568
f 1569 1571 1570
f 1569 1570 1571
f 1570 1572 1569
f 1570 1569 1572
f 1585 1587 1586
f 1585 1586 1587
f 1586 1588 1585
f 1586 1585 1588
f 1589 1591 1590
f 1589 1590 1591
f 1590 1592 1589
f 1590 1589 1592
f 1593 1595 1594
f 1593 1594 1595
f 1594 1596 1593
f 1594 1593 1596
f 1597 1599 1598
f 1597 1598 1599
f 1598 1600 1597
f 1598 1597 1600
f 1601 1603 1602
f 1601 1602 1603
f 1602 1604 1601
f 1602 1601 1604
f 1605 1607 1606
f 1605 1606 1607
f 1606 1608 1605
f 1606 1605 1608
f 1609 1611 1610
f 1609 1610 1611
f 1610 1612 1609
f 1610 1609 1612
f 1613 1615 1614
f 1613 1614 1615
f 1614 1616 1613
f 1614 1613 1616
f 1617 1619 1618
f 1617 1618 1619
f 1618 1620 1617
f 1618 1617 1620
f 1621 1623 1622
f 1621 1622 1623
f 1622 1624 1621
f 1622 1621 1624
f 1625 1627 1626
f 1625 1626 1627
f 1626 1628 1625
f 1626 1625 1628
f 1629 1631 1630
f 1629 1630 1631
f 1630 1632 1629
f 1630 1629 1632
f 1645 1647 1646
f 1645 1646 1647
f 1646 1648 1645
f 1646 1645 1648
f 1649 1651 1650
f 1649 1650 1651
f 1650 1652 1649
f 1650 1649 1652
f 1653 1655 1654
f 1653 1654 1655
f 1654 1656 1653
f 1654 1653 1656
f 1657 1659 1658
f 1657 1658 1659
f 1658 1660 1657
f 1658 1657 1660
f 1661 1663 1662
f 1661 1662 1663
f 1662 1664 1661
f 1662 1661 1664
f 1665 1667 1666
f 1665 1666 1667
f 1666 1668 1665
f 1666 1665 1668
f 1669 1671 1670
f 1669 1670 1671
f 1670 1672 1669
f 1670 1669 1672
f 1673 1675 1674
f 1673 1674 1675
f 1674 1676 1673
f 1674 1673 1676
f 1677 1679 1678
f 1677 1678 1679
f 1678 1680 1677
f 1678 1677 1680
f 1681 1683 1682
f 1681 1682 1683
f 1682 1684 1681
f 1682 1681 1684
f 1685 1687 1686
f 1685 1686 1687
f 1686 1688 1685
f 1686 1685 1688
f 1689 1691 1690
f 1689 1690 1691
f 1690 1692 1689
f 1690 1689 1692
f 1693 1695 1694
f 1693 1694 1695
f 1694 1696 1693
f 1694 1693 1696
f 1697 1699 1698
f 1697 1698 1699
f 1698 1700 1697
f 1698 1697 1700
f 1701 1703 1702
f 1701 1702 1703
f 1702 1704 1701
f 1702 1701 1704
f 1705 1707 1706
f 1705 1706 1707
f 1706 1708 1705
f 1706 1705 1708
f 1733 1735 1734
f 1733 1734 1735
f 1734 1736 1733
f 1734 1733 1736
f 1737 1739 1738
f 1737 1738 1739
f 1738 1740 1737
f 1738 1737 1740
f 1741 1743 1742
f 1741 1742 1743
f 1742 1744 1741
f 1742 1741 1744
f 1745 1747 1746
f 1745 1746 1747
f 1746 1748 1745
f 1746 1745 1748
f 1749 1751 1750
f 1749 1750 1751
f 1750 1752 1749
f 1750 1749 1752
f 1753 1755 1754
f 1753 1754 1755
f 1754 1756 1753
f 1754 1753 1756
f 1757 1759 1758
f 1757 1758 1759
f 1758 1760 1757
f 1758 1757 1760
f 1761 1763 1762
f 1761 1762 1763
f 1762 1764 1761
f 1762 1761 1764
f 1765 1767 1766
f 1765 1766 1767
f 1766 1768 1765
f 1766 1765 1768
f 1769 1771 1770
f 1769 1770 1771
f 1770 1772 1769
f 1770 1769 1772
f 1773 1775 1774
f 1773 1774 1775
f 1774 1776 1773
f 1774 1773 1776
f 1777 1779 1778
f 1777 1778 1779
f 1778 1780 1777
f 1778 1777 1780
f 1781 1783 1782
f 1781 1782 1783
f 1782 1784 1781
f 1782 1781 1784
f 1785 1787 1786
f 1785 1786 1787
f 1786 1788 1785
f 1786 1785 1788
f 1789 1791 1790
f 1789 1790 1791
f 1790 1792 1789
f 1790 1789 1792
f 1793 1795 1794
f 1793 1794 1795
f 1794 1796 1793
f 1794 1793 1796
f 1809 1811 1810
f 1809 1810 1811
f 1810 1812 1809
f 1810 1809 1812
f 1813 1815 1814
f 1813 1814 1815
f 1814 1816 1813
f 1814 1813 1816
f 1817 1819 1818
f 1817 1818 1819
f 1818 1820 1817
f 1818 1817 1820
f 1821 1823 1822
f 1821 1822 1823
f 1822 1824 1821
f 1822 1821 1824
f 1825 1827 1826
f 1825 1826 1827
f 1826 1828 1825
f 1826 1825 1828
f 1829 1831 1830
f 1829 1830 1831
f 1830 1832 1829
f 1830 1829 1832
f 1833 1835 1834
f 1833 1834 1835
f 1834 1836 1833
f 1834 1833 1836
f 1837 1839 1838
f 1837 1838 1839
f 1838 1840 1837
f 1838 1837 1840
f 1841 1843 1842
f 1841 1842 1843
f 1842 1844 1841
f 1842 1841 1844
f 1845 1847 1846
f 1845 1846 1847
f 1846 1848 1845
f 1846 1845 1848
f 1849 1851 1850
f 1849 1850 1851
f 1850 1852 1849
f 1850 1849 1852
f 1853 1855 1854
f 1853 1854 1855
f 1854 1856 1853
f 1854 1853 1856
f 1857 1859 1858
f 1857 1858 1859
f 1858 1860 1857
f 1858 1857 1860
f 1861 1863 1862
f 1861 1862 1863
f 1862 1864 1861
f 1862 1861 1864
f 1865 1867 1866
f 1865 1866 1867
f 1866 1868 1865
f 1866 1865 1868
f 1869 1871 1870
f 1869 1870 1871
f 1870 1872 1869
f 1870 1869 1872
f 1885 1887 1886
f 1885 1886 1887
f 1886 1888 1885
f 1886 1885 1888
f 1889 1891 1890
f 1889 1890 1891
f 1890 1892 1889
f 1890 1889 1892
f 1893 1895 1894
f 1893 1894 1895
f 1894 1896 1893
f 1894 1893 1896
f 1897 1899 1898
f 1897 1898 1899
f 1898 1900 1897
f 1898 1897 1900
f 1901 1903 1902
f 1901 1902 1903
f 1902 1904 1901
f 1902 1901 1904
f 1905 1907 1906
f 1905 1906 1907
f 1906 1908 1905
f 1906 1905 1908
f 1909 1911 1910
f 1909 1910 1911
f 1910 1912 1909
f 1910 1909 1912
f 1913 1915 1914
f 1913 1914 1915
f 1914 1916 1913
f 1914 1913 1916
f 1917 1919 1918
f 1917 1918 1919
f 1918 1920 1917
f 1918 1917 1920
f 1921 1923 1922
f 1921 1922 1923
f 1922 1924 1921
f 1922 1921 1924
f 1925 1927 1926
f 1925 1926 1927
f 1926 1928 1925
f 1926 1925 1928
f 1929 1931 1930
f 1929 1930 1931
f 1930 1932 1929
f 1930 1929 1932
f 1957 1959 1958
f 1957 1958 1959
f 1958 1960 1957
f 1958 1957 1960
f 1961 1963 1962
f 1961 1962 1963
f 1962 1964 1961
f 1962 1961 1964
f 1965 1967 1966
f 1965 1966 1967
f 1966 1968 1965
f 1966 1965 1968
f 1969 1971 1970
f 1969 1970 1971
f 1970 1972 1969
f 1970 1969 1972
f 1973 1975 1974
f 1973 1974 1975
f 1974 1976 1973
f 1974 1973 1976
f 1977 1979 1978
f 1977 1978 1979
f 1978 1980 1977
f 1978 1977 1980
f 1981 1983 1982
f 1981 1982 1983
f 1982 1984 1981
f 1982 1981 1984
f 1985 1987 1986
f 1985 1986 1987
f 1986 1988 1985
f 1986 1985 1988
f 1989 1991 1990
f 1989 1990 1991
f 1990 1992 1989
f 1990 1989 1992
f 1993 1995 1994
f 1993 1994 1995
f 1994 1996 1993
f 1994 1993 1996
f 1997 1999 1998
f 1997 1998 1999
f 1998 2000 1997
f 1998 1997 2000
f 2001 2003 2002
f 2001 2002 2003
f 2002 2004 2001
f 2002 2001 2004
f 2005 2007 2006
f 2005 2006 2007
f 2006 2008 2005
f 2006 2005 2008
f 2009 2011 2010
f 2009 2010 2011
f 2010 2012 2009
f 2010 2009 2012
f 2013 2015 2014
f 2013 2014 2015
f 2014 2016 2013
f 2014 2013 2016
f 2017 2019 2018
f 2017 2018 2019
f 2018 2020 2017
f 2018 2017 2020
f 2033 2035 2034
f 2033 2034 2035
f 2034 2036 2033
f 2034 2033 2036
f 2037 2039 2038
f 2037 2038 2039
f 2038 2040 2037
f 2038 2037 2040
f 2041 2043 2042
f 2041 2042 2043
f 2042 2044 2041
f 2042 2041 2044
f 2045 2047 2046
f 2045 2046 2047
f 2046 2048 2045
f 2046 2045 2048
f 2049 2051 2050
f 2049 2050 2051
f 2050 2052 2049
f 2050 2049 2052
f 2053 2055 2054
f 2053 2054 2055
f 2054 2056 2053
f 2054 2053 2056
f 2057 2059 2058
f 2057 2058 2059
f 2058 2060 2057
f 2058 2057 2060
f 2061 2063 2062
f 2061 2062 2063
f 2062 2064 2061
f 2062 2061 2064
f 2065 2067 2066
f 2065 2066 2067
f 2066 2068 2065
f 2066 2065 2068
f 2069 2071 2070
f 2069 2070 2071
f 2070 2072 2069
f 2070 2069 2072
f 2073 2075 2074
f 2073 2074 2075
f 2074 2076 2073
f 2074 2073 2076
f 2077 2079 2078
f 2077 2078 2079
f 2078 2080 2077
f 2078 2077 2080
f 2081 2083 2082
f 2081 2082 2083
f 2082 2084 2081
f 2082 2081 2084
f 2085 2087 2086
f 2085 2086 2087
f 2086 2088 2085
f 2086 2085 2088
f 2089 2091 2090
f 2089 2090 2091
f 2090 2092 2089
f 2090 2089 2092
f 2093 2095 2094
f 2093 2094 2095
f 2094 2096 2093
f 2094 2093 2096
f 2109 2111 2110
f 2109 2110 2111
f 2110 2112 2109
f 2110 2109 2112
f 2113 2115 2114
f 2113 2114 2115
f 2114 2116 2113
f 2114 2113 2116
f 2117 2119 2118
f 2117 2118 2119
f 2118 2120 2117
f 2118 2117 2120
f 2121 2123 2122
f 2121 2122 2123
f 2122 2124 2121
f 2122 2121 2124
f 2125 2127 2126
f 2125 2126 2127
f 2126 2128 2125
f 2126 2125 2128
f 2129 2131 2130
f 2129 2130 2131
f 2130 2132 2129
f 2130 2129 2132
f 2133 2135 2134
f 2133 2134 2135
f 2134 2136 2133
f 2134 2133 2136
f 2137 2139 2138
f 2137 2138 2139
f 2138 2140 2137
f 2138 2137 2140
f 2141 2143 2142
f 2141 2142 2143
f 2142 2144 2141
f 2142 2141 2144
f 2145 2147 2146
f 2145 2146 2147
f 2146 2148 2145
f 2146 2145 2148
f 2149 2151 2150
f 2149 2150 2151
f 2150 2152 2149
f 2150 2149 2152
f 2153 2155 2154
f 2153 2154 2155
f 2154 2156 2153
f 2154 2153 2156
f 2157 2159 2158
f 2157 2158 2159
f 2158 2160 2157
f 2158 2157 2160
f 2161 2163 2162
f 2161 2162 2163
f 2162 2164 2161
f 2162 2161 2164
f 2165 2167 2166
f 2165 2166 2167
f 2166 2168 2165
f 2166 2165 2168
f 2169 2171 2170
f 2169 2170 2171
f 2170 2172 2169
f 2170 2169 2172
f 2185 2187 2186
f 2185 2186 2187
f 2186 2188 2185
f 2186 2185 2188
f 2189 2191 2190
f 2189 2190 2191
f 2190 2192 2189
f 2190 2189 2192
f 2193 2195 2194
f 2193 2194 2195
f 2194 2196 2193
f 2194 2193 2196
f 2197 2199 2198
f 2197 2198 2199
f 2198 2200 2197
f 2198 2197 2200
f 2201 2203 2202
f 2201 2202 2203
f 2202 2204 2201
f 2202 2201 2204
f 2205 2207 2206
f 2205 2206 2207
f 2206 2208 2205
f 2206 2205 2208
f 2209 2211 2210
f 2209 2210 2211
f 2210 2212 2209
f 2210 2209 2212
f 2213 2215 2214
f 2213 2214 2215
f 2214 2216 2213
f 2214 2213 2216
f 2217 2219 2218
f 2217 2218 2219
f 2218 2220 2217
f 2218 2217 2220
f 2221 2223 2222
f 2221 2222 2223
f 2222 2224 2221
f 2222 2221 2224
f 2225 2227 2226
f 2225 2226 2227
f 2226 2228 2225
f 2226 2225 2228
f 2229 2231 2230
f 2229 2230 2231
f 2230 2232 2229
f 2230 2229 2232
f 2233 2235 2234
f 2233 2234 2235
f 2234 2236 2233
f 2234 2233 2236
f 2237 2239 2238
f 2237 2238 2239
f 2238 2240 2237
f 2238 2237 2240
f 2241 2243 2242
f 2241 2242 2243
f 2242 2244 2241
f 2242 2241 2244
f 2245 2247 2246
f 2245 2246 2247
f 2246 2248 2245
f 2246 2245 2248
f 2287 2289 2288
f 2287 2288 2289
f 2288 2290 2287
f 2288 2287 2290
f 2291 2293 2292
f 2291 2292 2293
f 2292 2294 2291
f 2292 2291 2294
f 2295 2297 2296
f 2295 2296 2297
f 2296 2298 2295
f 2296 2295 2298
f 2299 2301 2300
f 2299 2300 2301
f 2300 2302 2299
f 2300 2299 2302
f 2303 2305 2304
f 2303 2304 2305
f 2304 2306 2303
f 2304 2303 2306
f 2307 2309 2308
f 2307 2308 2309
f 2308 2310 2307
f 2308 2307 2310
f 2311 2313 2312
f 2311 2312 2313
f 2312 2314 2311
f 2312 2311 2314
f 2315 2317 2316
f 2315 2316 2317
f 2316 2318 2315
f 2316 2315 2318
f 2332 2334 2333
f 2332 2333 2334
f 2333 2335 2332
f 2333 2332 2335
f 2336 2338 2337
f 2336 2337 2338
f 2337 2339 2336
f 2337 2336 2339
f 2340 2342 2341
f 2340 2341 2342
f 2341 2343 2340
f 2341 2340 2343
f 2344 2346 2345
f 2344 2345 2346
f 2345 2347 2344
f 2345 2344 2347
f 2348 2350 2349
f 2348 2349 2350
f 2349 2351 2348
f 2349 2348 2351
f 2352 2354 2353
f 2352 2353 2354
f 2353 2355 2352
f 2353 2352 2355
f 2356 2358 2357
f 2356 2357 2358
f 2357 2359 2356
f 2357 2356 2359
f 2360 2362 2361
f 2360 2361 2362
f 2361 2363 2360
f 2361 2360 2363
f 2376 2378 2377
f 2376 2377 2378
f 2377 2379 2376
f 2377 2376 2379
f 2380 2382 2381
f 2380 2381 2382
f 2381 2383 2380
f 2381 2380 2383
f 2384 2386 2385
f 2384 2385 2386
f 2385 2387 2384
f 2385 2384 2387
f 2388 2390 2389
f 2388 2389 2390
f 2389 2391 2388
f 2389 2388 2391
f 2392 2394 2393
f 2392 2393 2394
f 2393 2395 2392
f 2393 2392 2395
f 2396 2398 2397
f 2396 2397 2398
f 2397 2399 2396
f 2397 2396 2399
f 2400 2402 2401
f 2400 2401 2402
f 2401 2403 2400
f 2401 2400 2403
f 2404 2406 2405
f 2404 2405 2406
f 2405 2407 2404
f 2405 2404 2407
f 2408 2410 2409
f 2408 2409 2410
f 2409 2411 2408
f 2409 2408 2411
f 2412 2414 2413
f 2412 2413 2414
f 2413 2415 2412
f 2413 2412 2415
f 2416 2418 2417
f 2416 2417 2418
f 2417 2419 2416
f 2417 2416 2419
f 2420 2422 2421
f 2420 2421 2422
f 2421 2423 2420
f 2421 2420 2423
f 2424 2426 2425
f 2424 2425 2426
f 2425 2427 2424
f 2425 2424 2427
f 2428 2430 2429
f 2428 2429 2430
f 2429 2431 2428
f 2429 2428 2431
f 2432 2434 2433
f 2432 2433 2434
f 2433 2435 2432
f 2433 2432 2435
f 2436 2438 2437
f 2436 2437 2438
f 2437 2439 2436
f 2437 2436 2439
f 2465 2467 2466
f 2465 2466 2467
f 2466 2468 2465
f 2466 2465 2468
f 2469 2471 2470
f 2469 2470 2471
f 2470 2472 2469
f 2470 2469 2472
f 2473 2475 2474
f 2473 2474 2475
f 2474 2476 2473
f 2474 2473 2476
f 2477 2479 2478
f 2477 2478 2479
f 2478 2480 2477
f 2478 2477 2480
f 2481 2483 2482
f 2481 2482 2483
f 2482 2484 2481
f 2482 2481 2484
f 2485 2487 2486
f 2485 2486 2487
f 2486 2488 2485
f 2486 2485 2488
f 2489 2491 2490
f 2489 2490 2491
f 2490 2492 2489
f 2490 2489 2492
f 2493 2495 2494
f 2493 2494 2495
f 2494 2496 2493
f 2494 2493 2496
f 2497 2499 2498
f 2497 2498 2499
f 2498 2500 2497
f 2498 2497 2500
f 2501 2503 2502
f 2501 2502 2503
f 2502 2504 2501
f 2502 2501 2504
f 2505 2507 2506
f 2505 2506 2507
f 2506 2508 2505
f 2506 2505 2508
f 2509 2511 2510
f 2509 2510 2511
f 2510 2512 2509
f 2510 2509 2512
f 2513 2515 2514
f 2513 2514 2515
f 2514 2516 2513
f 2514 2513 2516
f 2517 2519 2518
f 2517 2518 2519
f 2518 2520 2517
f 2518 2517 2520
f 2521 2523 2522
f 2521 2522 2523
f 2522 2524 2521
f 2522 2521 2524
f 2525 2527 2526
f 2525 2526 2527
f 2526 2528 2525
f 2526 2525 2528
f 2541 2543 2542
f 2541 2542 2543
f 2542 2544 2541
f 2542 2541 2544
f 2545 2547 2546
f 2545 2546 2547
f 2546 2548 2545
f 2546 2545 2548
f 2549 2551 2550
f 2549 2550 2551
f 2550 2552 2549
f 2550 2549 2552
f 2553 2555 2554
f 2553 2554 2555
f 2554 2556 2553
f 2554 2553 2556
f 2557 2559 2558
f 2557 2558 2559
f 2558 2560 2557
f 2558 2557 2560
f 2561 2563 2562
f 2561 2562 2563
f 2562 2564 2561
f 2562 2561 2564
f 2565 2567 2566
f 2565 2566 2567
f 2566 2568 2565
f 2566 2565 2568
f 2569 2571 2570
f 2569 2570 2571
f 2570 2572 2569
f 2570 2569 2572
f 2573 2575 2574
f 2573 2574 2575
f 2574 2576 2573
f 2574 2573 2576
f 2577 2579 2578
f 2577 2578 2579
f 2578 2580 2577
f 2578 2577 2580
f 2581 2583 2582
f 2581 2582 2583
f 2582 2584 2581
f 2582 2581 2584
f 2585 2587 2586
f 2585 2586 2587
f 2586 2588 2585
f 2586 2585 2588
f 2589 2591 2590
f 2589 2590 2591
f 2590 2592 2589
f 2590 2589 2592
f 2593 2595 2594
f 2593 2594 2595
f 2594 2596 2593
f 2594 2593 2596
f 2597 2599 2598
f 2597 2598 2599
f 2598 2600 2597
f 2598 2597 2600
f 2601 2603 2602
f 2601 2602 2603
f 2602 2604 2601
f 2602 2601 2604
f 2617 2619 2618
f 2617 2618 2619
f 2618 2620 2617
f 2618 2617 2620
f 2621 2623 2622
f 2621 2622 2623
f 2622 2624 2621
f 2622 2621 2624
f 2625 2627 2626
f 2625 2626 2627
f 2626 2628 2625
f 2626 2625 2628
f 2629 2631 2630
f 2629 2630 2631
f 2630 2632 2629
f 2630 2629 2632
f 2633 2635 2634
f 2633 2634 2635
f 2634 2636 2633
f 2634 2633 2636
f 2637 2639 2638
f 2637 2638 2639
f 2638 2640 2637
f 2638 2637 2640
f 2641 2643 2642
f 2641 2642 2643
f 2642 2644 2641
f 2642 2641 2644
f 2645 2647 2646
f 2645 2646 2647
f 2646 2648 2645
f 2646 2645 2648
f 2649 2651 2650
f 2649 2650 2651
f 2650 2652 2649
f 2650 2649 2652
f 2653 2655 2654
f 2653 2654 2655
f 2654 2656 2653
f 2654 2653 2656
f 2657 2659 2658
f 2657 2658 2659
f 2658 2660 2657
f 2658 2657 2660
f 2661 2663 2662
f 2661 2662 2663
f 2662 2664 2661
f 2662 2661 2664
f 2665 2667 2666
f 2665 2666 2667
f 2666 2668 2665
f 2666 2665 2668
f 2669 2671 2670
f 2669 2670 2671
f 2670 2672 2669
f 2670 2669 2672
f 2673 2675 2674
f 2673 2674 2675
f 2674 2676 2673
f 2674 2673 2676
f 2677 2679 2678
f 2677 2678 2679
f 2678 2680 2677
f 2678 2677 2680
f 2705 2707 2706
f 2705 2706 2707
f 2706 2708 2705
f 2706 2705 2708
f 2709 2711 2710
f 2709 2710 2711
f 2710 2712 2709
f 2710 2709 2712
f 2713 2715 2714
f 2713 2714 2715
f 2714 2716 2713
f 2714 2713 2716
f 2717 2719 2718
f 2717 2718 2719
f 2718 2720 2717
f 2718 2717 2720
f 2721 2723 2722
f 2721 2722 2723
f 2722 2724 2721
f 2722 2721 2724
f 2725 2727 2726
f 2725 2726 2727
f 2726 2728 2725
f 2726 2725 2728
f 2729 2731 2730
f 2729 2730 2731
f 2730 2732 2729
f 2730 2729 2732
f 2733 2735 2734
f 2733 2734 2735
f 2734 2736 2733
f 2734 2733 2736
f 2737 2739 2738
f 2737 2738 2739
f 2738 2740 2737
f 2738 2737 2740
f 2741 2743 2742
f 2741 2742 2743
f 2742 2744 2741
f 2742 2741 2744
f 2745 2747 2746
f 2745 2746 2747
f 2746 2748 2745
f 2746 2745 2748
f 2749 2751 2750
f 2749 2750 2751
f 2750 2752 2749
f 2750 2749 2752
f 2765 2767 2766
f 2765 2766 2767
f 2766 2768 2765
f 2766 2765 2768
f 2769 2771 2770
f 2769 2770 2771
f 2770 2772 2769
f 2770 2769 2772
f 2773 2775 2774
f 2773 2774 2775
f 2774 2776 2773
f 2774 2773 2776
f 2777 2779 2778
f 2777 2778 2779
f 2778 2780 2777
f 2778 2777 2780
f 2781 2783 2782
f 2781 2782 2783
f 2782 2784 2781
f 2782 2781 2784
f 2785 2787 2786
f 2785 2786 2787
f 2786 2788 2785
f 2786 2785 2788
f 2789 2791 2790
f 2789 2790 2791
f 2790 2792 2789
f 2790 2789 2792
f 2793 2795 2794
f 2793 2794 2795
f 2794 2796 2793
f 2794 2793 2796
f 2809 2811 2810
f 2809 2810 2811
f 2810 2812 2809
f 2810 2809 2812
f 2813 2815 2814
f 2813 2814 2815
f 2814 2816 2813
f 2814 2813 2816
f 2817 2819 2818
f 2817 2818 2819
f 2818 2820 2817
f 2818 2817 2820
f 2821 2823 2822
f 2821 2822 2823
f 2822 2824 2821
f 2822 2821 2824
f 2825 2827 2826
f 2825 2826 2827
f 2826 2828 2825
f 2826 2825 2828
f 2829 2831 2830
f 2829 2830 2831
f 2830 2832 2829
f 2830 2829 2832
f 2833 2835 2834
f 2833 2834 2835
f 2834 2836 2833
f 2834 2833 2836
f 2837 2839 2838
f 2837 2838 2839
f 2838 2840 2837
f 2838 2837 2840
f 2841 2843 2842
f 2841 2842 2843
f 2842 2844 2841
f 2842 2841 2844
f 2845 2847 2846
f 2845 2846 2847
f 2846 2848 2845
f 2846 2845 2848
f 2849 2851 2850
f 2849 2850 2851
f 2850 2852 2849
f 2850 2849 2852
f 2853 2855 2854
f 2853 2854 2855
f 2854 2856 2853
f 2854 2853 2856
f 2857 2859 2858
f 2857 2858 2859
f 2858 2860 2857
f 2858 2857 2860
f 2861 2863 2862
f 2861 2862 2863
f 2862 2864 2861
f 2862 2861 2864
f 2865 2867 2866
f 2865 2866 2867
f 2866 2868 2865
f 2866 2865 2868
f 2869 2871 2870
f 2869 2870 2871
f 2870 2872 2869
f 2870 2869 2872
f 2885 2887 2886
f 2885 2886 2887
f 2886 2888 2885
f 2886 2885 2888
f 2889 2891 2890
f 2889 2890 2891
f 2890 2892 2889
f 2890 2889 2892
f 2893 2895 2894
f 2893 2894 2895
f 2894 2896 2893
f 2894 2893 2896
f 2897 2899 2898
f 2897 2898 2899
f 2898 2900 2897
f 2898 2897 2900
f 2901 2903 2902
f 2901 2902 2903
f 2902 2904 2901
f 2902 2901 2904
f 2905 2907 2906
f 2905 2906 2907
f 2906 2908 2905
f 2906 2905 2908
f 2909 2911 2910
f 2909 2910 2911
f 2910 2912 2909
f 2910 2909 2912
f 2913 2915 2914
f 2913 2914 2915
f 2914 2916 2913
f 2914 2913 2916
f 2917 2919 2918
f 2917 2918 2919
f 2918 2920 2917
f 2918 2917 2920
f 2921 2923 2922
f 2921 2922 2923
f 2922 2924 2921
f 2922 2921 2924
f 2925 2927 2926
f 2925 2926 2927
f 2926 2928 2925
f 2926 2925 2928
f 2929 2931 2930
f 2929 2930 2931
f 2930 2932 2929
f 2930 2929 2932
f 2933 2935 2934
f 2933 2934 2935
f 2934 2936 2933
f 2934 2933 2936
f 2937 2939 2938
f 2937 2938 2939
f 2938 2940 2937
f 2938 2937 2940
f 2941 2943 2942
f 2941 2942 2943
f 2942 2944 2941
f 2942 2941 2944
f 2945 2947 2946
f 2945 2946 2947
f 2946 2948 2945
f 2946 2945 2948
f 2999 3001 3000
f 2999 3000 3001
f 3000 3002 2999
f 3000 2999 3002
f 3003 3005 3004
f 3003 3004 3005
f 3004 3006 3003
f 3004 3003 3006
f 3007 3009 3008
f 3007 3008 3009
f 3008 3010 3007
f 3008 3007 3010
f 3011 3013 3012
f 3011 3012 3013
f 3012 3014 3011
f 3012 3011 3014
f 3015 3017 3016
f 3015 3016 3017
f 3016 3018 3015
f 3016 3015 3018
f 3019 3021 3020
f 3019 3020 3021
f 3020 3022 3019
f 3020 3019 3022
f 3023 3025 3024
f 3023 3024 3025
f 3024 3026 3023
f 3024 3023 3026
f 3027 3029 3028
f 3027 3028 3029
f 3028 3030 3027
f 3028 3027 3030
f 3031 3033 3032
f 3031 3032 3033
f 3032 3034 3031
f 3032 3031 3034
f 3035 3037 3036
f 3035 3036 3037
f 3036 3038 3035
f 3036 3035 3038
f 3039 3041 3040
f 3039 3040 3041
f 3040 3042 3039
f 3040 3039 3042
f 3043 3045 3044
f 3043 3044 3045
f 3044 3046 3043
f 3044 3043 3046
f 3059 3061 3060
f 3059 3060 3061
f 3060 3062 3059
f 3060 3059 3062
f 3063 3065 3064
f 3063 3064 3065
f 3064 3066 3063
f 3064 3063 3066
f 3067 3069 3068
f 3067 3068 3069
f 3068 3070 3067
f 3068 3067 3070
f 3071 3073 3072
f 3071 3072 3073
f 3072 3074 3071
f 3072 3071 3074
f 3075 3077 3076
f 3075 3076 3077
f 3076 3078 3075
f 3076 3075 3078
f 3079 3081 3080
f 3079 3080 3081
f 3080 3082 3079
f 3080 3079 3082
f 3083 3085 3084
f 3083 3084 3085
f 3084 3086 3083
f 3084 3083 3086
f 3087 3089 3088
f 3087 3088 3089
f 3088 3090 3087
f 3088 3087 3090
f 3091 3093 3092
f 3091 3092 3093
f 3092 3094 3091
f 3092 3091 3094
f 3095 3097 3096
f 3095 3096 3097
f 3096 3098 3095
f 3096 3095 3098
f 3099 3101 3100
f 3099 3100 3101
f 3100 3102 3099
f 3100 3099 3102
f 3103 3105 3104
f 3103 3104 3105
f 3104 3106 3103
f 3104 3103 3106
f 3107 3109 3108
f 3107 3108 3109
f 3108 3110 3107
f 3108 3107 3110
f 3111 3113 3112
f 3111 3112 3113
f 3112 3114 3111
f 3112 3111 3114
f 3115 3117 3116
f 3115 3116 3117
f 3116 3118 3115
f 3116 3115 3118
f 3119 3121 3120
f 3119 3120 3121
f 3120 3122 3119
f 3120 3119 3122
f 3135 3137 3136
f 3135 3136 3137
f 3136 3138 3135
f 3136 3135 3138
f 3139 3141 3140
f 3139 3140 3141
f 3140 3142 3139
f 3140 3139 3142
f 3143 3145 3144
f 3143 3144 3145
f 3144 3146 3143
f 3144 3143 3146
f 3147 3149 3148
f 3147 3148 3149
f 3148 3150 3147
f 3148 3147 3150
f 3151 3153 3152
f 3151 3152 3153
f 3152 3154 3151
f 3152 3151 3154
f 3155 3157 3156
f 3155 3156 3157
f 3156 3158 3155
f 3156 3155 3158
f 3159 3161 3160
f 3159 3160 3161
f 3160 3162 3159
f 3160 3159 3162
f 3163 3165 3164
f 3163 3164 3165
f 3164 3166 3163
f 3164 3163 3166
f 3167 3169 3168
f 3167 3168 3169
f 3168 3170 3167
f 3168 3167 3170
f 3171 3173 3172
f 3171 3172 3173
f 3172 3174 3171
f 3172 3171 3174
f 3175 3177 3176
f 3175 3176 3177
f 3176 3178 3175
f 3176 3175 3178
f 3179 3181 3180
f 3179 3180 3181
f 3180 3182 3179
f 3180 3179 3182
f 3183 3185 3184
f 3183 3184 3185
f 3184 3186 3183
f 3184 3183 3186
f 3187 3189 3188
f 3187 3188 3189
f 3188 3190 3187
f 3188 3187 3190
f 3191 3193 3192
f 3191 3192 3193
f 3192 3194 3191
f 3192 3191 3194
f 3195 3197 3196
f 3195 3196 3197
f 3196 3198 3195
f 3196 3195 3198
f 3211 3213 3212
f 3211 3212 3213
f 3212 3214 3211
f 3212 3211 3214
f 3215 3217 3216
f 3215 3216 3217
f 3216 3218 3215
f 3216 3215 3218
f 3219 3221 3220
f 3219 3220 3221
f 3220 3222 3219
f 3220 3219 3222
f 3223 3225 3224
f 3223 3224 3225
f 3224 3226 3223
f 3224 3223 3226
f 3227 3229 3228
f 3227 3228 3229
f 3228 3230 3227
f 3228 3227 3230
f 3231 3233 3232
f 3231 3232 3233
f 3232 3234 3231
f 3232 3231 3234
f 3235 3237 3236
f 3235 3236 3237
f 3236 3238 3235
f 3236 3235 3238
f 3239 3241 3240
f 3239 3240 3241
f 3240 3242 3239
f 3240 3239 3242
f 3243 3245 3244
f 3243 3244 3245
f 3244 3246 3243
f 3244 3243 3246
f 3247 3249 3248
f 3247 3248 3249
f 3248 3250 3247
f 3248 3247 3250
f 3251 3253 3252
f 3251 3252 3253
f 3252 3254 3251
f 3252 3251 3254
f 3255 3257 3256
f 3255 3256 3257
f 3256 3258 3255
f 3256 3255 3258
f 3259 3261 3260
f 3259 3260 3261
f 3260 3262 3259
f 3260 3259 3262
f 3263 3265 3264
f 3263 3264 3265
f 3264 3266 3263
f 3264 3263 3266
f 3267 3269 3268
f 3267 3268 3269
f 3268 3270 3267
f 3268 3267 3270
f 3271 3273 3272
f 3271 3272 3273
f 3272 3274 3271
f 3272 3271 3274
f 3301 3303 3302
f 3301 3302 3303
f 3302 3304 3301
f 3302 3301 3304
f 3305 3307 3306
f 3305 3306 3307
f 3306 3308 3305
f 3306 3305 3308
f 3309 3311 3310
f 3309 3310 3311
f 3310 3312 3309
f 3310 3309 3312
f 3313 3315 3314
f 3313 3314 3315
f 3314 3316 3313
f 3314 3313 3316
f 3317 3319 3318
f 3317 3318 3319
f 3318 3320 3317
f 3318 3317 3320
f 3321 3323 3322
f 3321 3322 3323
f 3322 3324 3321
f 3322 3321 3324
f 3325 3327 3326
f 3325 3326 3327
f 3326 3328 3325
f 3326 3325 3328
f 3329 3331 3330
f 3329 3330 3331
f 3330 3332 3329
f 3330 3329 3332
f 3346 3348 3347
f 3346 3347 3348
f 3347 3349 3346
f 3347 3346 3349
f 3350 3352 3351
f 3350 3351 3352
f 3351 3353 3350
f 3351 3350 3353
f 3354 3356 3355
f 3354 3355 3356
f 3355 3357 3354
f 3355 3354 3357
f 3358 3360 3359
f 3358 3359 3360
f 3359 3361 3358
f 3359 3358 3361
f 3362 3364 3363
f 3362 3363 3364
f 3363 3365 3362
f 3363 3362 3365
f 3366 3368 3367
f 3366 3367 3368
f 3367 3369 3366
f 3367 3366 3369
f 3370 3372 3371
f 3370 3371 3372
f 3371 3373 3370
f 3371 3370 3373
f 3374 3376 3375
f 3374 3375 3376
f 3375 3377 3374
f 3375 3374 3377
f 3390 3392 3391
f 3390 3391 3392
f 3391 3393 3390
f 3391 3390 3393
f 3394 3396 3395
f 3394 3395 3396
f 3395 3397 3394
f 3395 3394 3397
f 3398 3400 3399
f 3398 3399 3400
f 3399 3401 3398
f 3399 3398 3401
f 3402 3404 3403
f 3402 3403 3404
f 3403 3405 3402
f 3403 3402 3405
f 3406 3408 3407
f 3406 3407 3408
f 3407 3409 3406
f 3407 3406 3409
f 3410 3412 3411
f 3410 3411 3412
f 3411 3413 3410
f 3411 3410 3413
f 3414 3416 3415
f 3414 3415 3416
f 3415 3417 3414
f 3415 3414 3417
f 3418 3420 3419
f 3418 3419 3420
f 3419 3421 3418
f 3419 3418 3421
f 3422 3424 3423
f 3422 3423 3424
f 3423 3425 3422
f 3423 3422 3425
f 3426 3428 3427
f 3426 3427 3428
f 3427 3429 3426
f 3427 3426 3429
f 3430 3432 3431
f 3430 3431 3432
f 3431 3433 3430
f 3431 3430 3433
f 3434 3436 3435
f 3434 3435 3436
f 3435 3437 3434
f 3435 3434 3437
f 3438 3440 3439
f 3438 3439 3440
f 3439 3441 3438
f 3439 3438 3441
f 3442 3444 3443
f 3442 3443 3444
f 3443 3445 3442
f 3443 3442 3445
f 3446 3448 3447
f 3446 3447 3448
f 3447 3449 3446
f 3447 3446 3449
f 3450 3452 3451
f 3450 3451 3452
f 3451 3453 3450
f 3451 3450 3453
f 3479 3481 3480
f 3479 3480 3481
f 3480 3482 3479
f 3480 3479 3482
f 3483 3485 3484
f 3483 3484 3485
f 3484 3486 3483
f 3484 3483 3486
f 3487 3489 3488
f 3487 3488 3489
f 3488 3490 3487
f 3488 3487 3490
f 3491 3493 3492
f 3491 3492 3493
f 3492 3494 3491
f 3492 3491 3494
f 3495 3497 3496
f 3495 3496 3497
f 3496 3498 3495
f 3496 3495 3498
f 3499 3501 3500
f 3499 3500 3501
f 3500 3502 3499
f 3500 3499 3502
f 3503 3505 3504
f 3503 3504 3505
f 3504 3506 3503
f 3504 3503 3506
f 3507 3509 3508
f 3507 3508 3509
f 3508 3510 3507
f 3508 3507 3510
f 3511 3513 3512
f 3511 3512 3513
f 3512 3514 3511
f 3512 3511 3514
f 3515 3517 3516
f 3515 3516 3517
f 3516 3518 3515
f 3516 3515 3518
f 3519 3521 3520
f 3519 3520 3521
f 3520 3522 3519
f 3520 3519 3522
f 3523 3525 3524
f 3523 3524 3525
f 3524 3526 3523
f 3524 3523 3526
f 3539 3541 3540
f 3539 3540 3541
f 3540 3542 3539
f 3540 3539 3542
f 3543 3545 3544
f 3543 3544 3545
f 3544 3546 3543
f 3544 3543 3546
f 3547 3549 3548
f 3547 3548 3549
f 3548 3550 3547
f 3548 3547 3550
f 3551 3553 3552
f 3551 3552 3553
f 3552 3554 3551
f 3552 3551 3554
f 3555 3557 3556
f 3555 3556 3557
f 3556 3558 3555
f 3556 3555 3558
f 3559 3561 3560
f 3559 3560 3561
f 3560 3562 3559
f 3560 3559 3562
f 3563 3565 3564
f 3563 3564 3565
f 3564 3566 3563
f 3564 3563 3566
f 3567 3569 3568
f 3567 3568 3569
f 3568 3570 3567
f 3568 3567 3570
f 3571 3573 3572
f 3571 3572 3573
f 3572 3574 3571
f 3572 3571 3574
f 3575 3577 3576
f 3575 3576 3577
f 3576 3578 3575
f 3576 3575 3578
f 3579 3581 3580
f 3579 3580 3581
f 3580 3582 3579
f 3580 3579 3582
f 3583 3585 3584
f 3583 3584 3585
f 3584 3586 3583
f 3584 3583 3586
f 3599 3601 3600
f 3599 3600 3601
f 3600 3602 3599
f 3600 3599 3602
f 3603 3605 3604
f 3603 3604 3605
f 3604 3606 3603
f 3604 3603 3606
f 3607 3609 3608
f 3607 3608 3609
f 3608 3610 3607
f 3608 3607 3610
f 3611 3613 3612
f 3611 3612 3613
f 3612 3614 3611
f 3612 3611 3614
f 3615 3617 3616
f 3615 3616 3617
f 3616 3618 3615
f 3616 3615 3618
f 3619 3621 3620
f 3619 3620 3621
f 3620 3622 3619
f 3620 3619 3622
f 3623 3625 3624
f 3623 3624 3625
f 3624 3626 3623
f 3624 3623 3626
f 3627 3629 3628
f 3627 3628 3629
f 3628 3630 3627
f 3628 3627 3630
f 3631 3633 3632
f 3631 3632 3633
f 3632 3634 3631
f 3632 3631 3634
f 3635 3637 3636
f 3635 3636 3637
f 3636 3638 3635
f 3636 3635 3638
f 3639 3641 3640
f 3639 3640 3641
f 3640 3642 3639
f 3640 3639 3642
f 3643 3645 3644
f 3643 3644 3645
f 3644 3646 3643
f 3644 3643 3646
f 3647 3649 3648
f 3647 3648 3649
f 3648 3650 3647
f 3648 3647 3650
f 3651 3653 3652
f 3651 3652 3653
f 3652 3654 3651
f 3652 3651 3654
f 3655 3657 3656
f 3655 3656 3657
f 3656 3658 3655
f 3656 3655 3658
f 3659 3661 3660
f 3659 3660 3661
f 3660 3662 3659
f 3660 3659 3662
f 3702 3704 3703
f 3702 3703 3704
f 3703 3705 3702
f 3703 3702 3705
f 3706 3708 3707
f 3706 3707 3708
f 3707 3709 3706
f 3707 3706 3709
f 3710 3712 3711
f 3710 3711 3712
f 3711 3713 3710
f 3711 3710 3713
f 3714 3716 3715
f 3714 3715 3716
f 3715 3717 3714
f 3715 3714 3717
f 3718 3720 3719
f 3718 3719 3720
f 3719 3721 3718
f 3719 3718 3721
f 3722 3724 3723
f 3722 3723 3724
f 3723 3725 3722
f 3723 3722 3725
f 3726 3728 3727
f 3726 3727 3728
f 3727 3729 3726
f 3727 3726 3729
f 3730 3732 3731
f 3730 3731 3732
f 3731 3733 3730
f 3731 3730 3733
f 3734 3736 3735
f 3734 3735 3736
f 3735 3737 3734
f 3735 3734 3737
f 3738 3740 3739
f 3738 3739 3740
f 3739 3741 3738
f 3739 3738 3741
f 3742 3744 3743
f 3742 3743 3744
f 3743 3745 3742
f 3743 3742 3745
f 3746 3748 3747
f 3746 3747 3748
f 3747 3749 3746
f 3747 3746 3749
f 3763 3765 3764
f 3763 3764 3765
f 3764 3766 3763
f 3764 3763 3766
f 3767 3769 3768
f 3767 3768 3769
f 3768 3770 3767
f 3768 3767 3770
f 3771 3773 3772
f 3771 3772 3773
f 3772 3774 3771
f 3772 3771 3774
f 3775 3777 3776
f 3775 3776 3777
f 3776 3778 3775
f 3776 3775 3778
f 3779 3781 3780
f 3779 3780 3781
f 3780 3782 3779
f 3780 3779 3782
f 3783 3785 3784
f 3783 3784 3785
f 3784 3786 3783
f 3784 3783 3786
f 3787 3789 3788
f 3787 3788 3789
f 3788 3790 3787
f 3788 3787 3790
f 3791 3793 3792
f 3791 3792 3793
f 3792 3794 3791
f 3792 3791 3794
f 3795 3797 3796
f 3795 3796 3797
f 3796 3798 3795
f 3796 3795 3798
f 3799 3801 3800
f 3799 3800 3801
f 3800 3802 3799
f 3800 3799 3802
f 3803 3805 3804
f 3803 3804 3805
f 3804 3806 3803
f 3804 3803 3806
f 3807 3809 3808
f 3807 3808 3809
f 3808 3810 3807
f 3808 3807 3810
f 3824 3826 3825
f 3824 3825 3826
f 3825 3827 3824
f 3825 3824 3827
f 3828 3830 3829
f 3828 3829 3830
f 3829 3831 3828
f 3829 3828 3831
f 3832 3834 3833
f 3832 3833 3834
f 3833 3835 3832
f 3833 3832 3835
f 3836 3838 3837
f 3836 3837 3838
f 3837 3839 3836
f 3837 3836 3839
f 3840 3842 3841
f 3840 3841 3842
f 3841 3843 3840
f 3841 3840 3843
f 3844 3846 3845
f 3844 3845 3846
f 3845 3847 3844
f 3845 3844 3847
f 3848 3850 3849
f 3848 3849 3850
f 3849 3851 3848
f 3849 3848 3851
f 3852 3854 3853
f 3852 3853 3854
f 3853 3855 3852
f 3853 3852 3855
f 3856 3858 3857
f 3856 3857 3858
f 3857 3859 3856
f 3857 3856 3859
f 3860 3862 3861
f 3860 3861 3862
f 3861 3863 3860
f 3861 3860 3863
f 3864 3866 3865
f 3864 3865 3866
f 3865 3867 3864
f 3865 3864 3867
f 3868 3870 3869
f 3868 3869 3870
f 3869 3871 3868
f 3869 3868 3871
f 3896 3898 3897
f 3896 3897 3898
f 3897 3899 3896
f 3897 3896 3899
f 3900 3902 3901
f 3900 3901 3902
f 3901 3903 3900
f 3901 3900 3903
f 3904 3906 3905
f 3904 3905 3906
f 3905 3907 3904
f 3905 3904 3907
f 3908 3910 3909
f 3908 3909 3910
f 3909 3911 3908
f 3909 3908 3911
f 3912 3914 3913
f 3912 3913 3914
f 3913 3915 3912
f 3913 3912 3915
f 3916 3918 3917
f 3916 3917 3918
f 3917 3919 3916
f 3917 3916 3919
f 3920 3922 3921
f 3920 3921 3922
f 3921 3923 3920
f 3921 3920 3923
f 3924 3926 3925
f 3924 3925 3926
f 3925 3927 3924
f 3925 3924 3927
f 3928 3930 3929
f 3928 3929 3930
f 3929 3931 3928
f 3929 3928 3931
f 3932 3934 3933
f 3932 3933 3934
f 3933 3935 3932
f 3933 3932 3935
f 3936 3938 3937
f 3936 3937 3938
f 3937 3939 3936
f 3937 3936 3939
f 3940 3942 3941
f 3940 3941 3942
f 3941 3943 3940
f 3941 3940 3943
f 3944 3946 3945
f 3944 3945 3946
f 3945 3947 3944
f 3945 3944 3947
f 3948 3950 3949
f 3948 3949 3950
f 3949 3951 3948
f 3949 3948 3951
f 3952 3954 3953
f 3952 3953 3954
f 3953 3955 3952
f 3953 3952 3955
f 3956 3958 3957
f 3956 3957 3958
f 3957 3959 3956
f 3957 3956 3959
f 3973 3975 3974
f 3973 3974 3975
f 3974 3976 3973
f 3974 3973 3976
f 3977 3979 3978
f 3977 3978 3979
f 3978 3980 3977
f 3978 3977 3980
f 3981 3983 3982
f 3981 3982 3983
f 3982 3984 3981
f 3982 3981 3984
f 3985 3987 3986
f 3985 3986 3987
f 3986 3988 3985
f 3986 3985 3988
f 3989 3991 3990
f 3989 3990 3991
f 3990 3992 3989
f 3990 3989 3992
f 3993 3995 3994
f 3993 3994 3995
f 3994 3996 3993
f 3994 3993 3996
f 3997 3999 3998
f 3997 3998 3999
f 3998 4000 3997
f 3998 3997 4000
f 4001 4003 4002
f 4001 4002 4003
f 4002 4004 4001
f 4002 4001 4004
f 4018 4020 4019
f 4018 4019 4020
f 4019 4021 4018
f 4019 4018 4021
f 4022 4024 4023
f 4022 4023 4024
f 4023 4025 4022
f 4023 4022 4025
f 4026 4028 4027
f 4026 4027 4028
f 4027 4029 4026
f 4027 4026 4029
f 4030 4032 4031
f 4030 4031 4032
f 4031 4033 4030
f 4031 4030 4033
f 4034 4036 4035
f 4034 4035 4036
f 4035 4037 4034
f 4035 4034 4037
f 4038 4040 4039
f 4038 4039 4040
f 4039 4041 4038
f 4039 4038 4041
f 4042 4044 4043
f 4042 4043 4044
f 4043 4045 4042
f 4043 4042 4045
f 4046 4048 4047
f 4046 4047 4048
f 4047 4049 4046
f 4047 4046 4049
f 4050 4052 4051
f 4050 4051 4052
f 4051 4053 4050
f 4051 4050 4053
f 4054 4056 4055
f 4054 4055 4056
f 4055 4057 4054
f 4055 4054 4057
f 4058 4060 4059
f 4058 4059 4060
f 4059 4061 4058
f 4059 4058 4061
f 4062 4064 4063
f 4062 4063 4064
f 4063 4065 4062
f 4063 4062 4065
f 4091 4093 4092
f 4091 4092 4093
f 4092 4094 4091
f 4092 4091 4094
f 4095 4097 4096
f 4095 4096 4097
f 4096 4098 4095
f 4096 4095 4098
f 4099 4101 4100
f 4099 4100 4101
f 4100 4102 4099
f 4100 4099 4102
f 4103 4105 4104
f 4103 4104 4105
f 4104 4106 4103
f 4104 4103 4106
f 4107 4109 4108
f 4107 4108 4109
f 4108 4110 4107
f 4108 4107 4110
f 4111 4113 4112
f 4111 4112 4113
f 4112 4114 4111
f 4112 4111 4114
f 4115 4117 4116
f 4115 4116 4117
f 4116 4118 4115
f 4116 4115 4118
f 4119 4121 4120
f 4119 4120 4121
f 4120 4122 4119
f 4120 4119 4122
f 4123 4125 4124
f 4123 4124 4125
f 4124 4126 4123
f 4124 4123 4126
f 4127 4129 4128
f 4127 4128 4129
f 4128 4130 4127
f 4128 4127 4130
f 4131 4133 4132
f 4131 4132 4133
f 4132 4134 4131
f 4132 4131 4134
f 4135 4137 4136
f 4135 4136 4137
f 4136 4138 4135
f 4136 4135 4138
f 4151 4153 4152
f 4151 4152 4153
f 4152 4154 4151
f 4152 4151 4154
f 4155 4157 4156
f 4155 4156 4157
f 4156 4158 4155
f 4156 4155 4158
f 4159 4161 4160
f 4159 4160 4161
f 4160 4162 4159
f 4160 4159 4162
f 4163 4165 4164
f 4163 4164 4165
f 4164 4166 4163
f 4164 4163 4166
f 4167 4169 4168
f 4167 4168 4169
f 4168 4170 4167
f 4168 4167 4170
f 4171 4173 4172
f 4171 4172 4173
f 4172 4174 4171
f 4172 4171 4174
f 4175 4177 4176
f 4175 4176 4177
f 4176 4178 4175
f 4176 4175 4178
f 4179 4181 4180
f 4179 4180 4181
f 4180 4182 4179
f 4180 4179 4182
f 4183 4185 4184
f 4183 4184 4185
f 4184 4186 4183
f 4184 4183 4186
f 4187 4189 4188
f 4187 4188 4189
f 4188 4190 4187
f 4188 4187 4190
f 4191 4193 4192
f 4191 4192 4193
f 4192 4194 4191
f 4192 4191 4194
f 4195 4197 4196
f 4195 4196 4197
f 4196 4198 4195
f 4196 4195 4198
f 4199 4201 4200
f 4199 4200 4201
f 4200 4202 4199
f 4200 4199 4202
f 4203 4205 4204
f 4203 4204 4205
f 4204 4206 4203
f 4204 4203 4206
f 4207 4209 4208
f 4207 4208 4209
f 4208 4210 4207
f 4208 4207 4210
f 4211 4213 4212
f 4211 4212 4213
f 4212 4214 4211
f 4212 4211 4214
f 4228 4230 4229
f 4228 4229 4230
f 4229 4231 4228
f 4229 4228 4231
f 4232 4234 4233
f 4232 4233 4234
f 4233 4235 4232
f 4233 4232 4235
f 4236 4238 4237
f 4236 4237 4238
f 4237 4239 4236
f 4237 4236 4239
f 4240 4242 4241
f 4240 4241 4242
f 4241 4243 4240
f 4241 4240 4243
f 4244 4246 4245
f 4244 4245 4246
f 4245 4247 4244
f 4245 4244 4247
f 4248 4250 4249
f 4248 4249 4250
f 4249 4251 4248
f 4249 4248 4251
f 4252 4254 4253
f 4252 4253 4254
f 4253 4255 4252
f 4253 4252 4255
f 4256 4258 4257
f 4256 4257 4258
f 4257 4259 4256
f 4257 4256 4259
f 4273 4275 4274
f 4273 4274 4275
f 4274 4276 4273
f 4274 4273 4276
f 4277 4279 4278
f 4277 4278 4279
f 4278 4280 4277
f 4278 4277 4280
f 4281 4283 4282
f 4281 4282 4283
f 4282 4284 4281
f 4282 4281 4284
f 4285 4287 4286
f 4285 4286 4287
f 4286 4288 4285
f 4286 4285 4288
f 4289 4291 4290
f 4289 4290 4291
f 4290 4292 4289
f 4290 4289 4292
f 4293 4295 4294
f 4293 4294 4295
f 4294 4296 4293
f 4294 4293 4296
f 4297 4299 4298
f 4297 4298 4299
f 4298 4300 4297
f 4298 4297 4300
f 4301 4303 4302
f 4301 4302 4303
f 4302 4304 4301
f 4302 4301 4304
f 4305 4307 4306
f 4305 4306 4307
f 4306 4308 4305
f 4306 4305 4308
f 4309 4311 4310
f 4309 4310 4311
f 4310 4312 4309
f 4310 4309 4312
f 4313 4315 4314
f 4313 4314 4315
f 4314 4316 4313
f 4314 4313 4316
f 4317 4319 4318
f 4317 4318 4319
f 4318 4320 4317
f 4318 4317 4320
f 4359 4361 4360
f 4359 4360 4361
f 4360 4362 4359
f 4360 4359 4362
f 4363 4365 4364
f 4363 4364 4365
f 4364 4366 4363
f 4364 4363 4366
f 4367 4369 4368
f 4367 4368 4369
f 4368 4370 4367
f 4368 4367 4370
f 4371 4373 4372
f 4371 4372 4373
f 4372 4374 4371
f 4372 4371 4374
f 4375 4377 4376
f 4375 4376 4377
f 4376 4378 4375
f 4376 4375 4378
f 4379 4381 4380
f 4379 4380 4381
f 4380 4382 4379
f 4380 4379 4382
f 4383 4385 4384
f 4383 4384 4385
f 4384 4386 4383
f 4384 4383 4386
f 4387 4389 4388
f 4387 4388 4389
f 4388 4390 4387
f 4388 4387 4390
f 4391 4393 4392
f 4391 4392 4393
f 4392 4394 4391
f 4392 4391 4394
f 4395 4397 4396
f 4395 4396 4397
f 4396 4398 4395
f 4396 4395 4398
f 4399 4401 4400
f 4399 4400 4401
f 4400 4402 4399
f 4400 4399 4402
f 4403 4405 4404
f 4403 4404 4405
f 4404 4406 4403
f 4404 4403 4406
f 4407 4409 4408
f 4407 4408 4409
f 4408 4410 4407
f 4408 4407 4410
f 4411 4413 4412
f 4411 4412 4413
f 4412 4414 4411
f 4412 4411 4414
f 4415 4417 4416
f 4415 4416 4417
f 4416 4418 4415
f 4416 4415 4418
f 4419 4421 4420
f 4419 4420 4421
f 4420 4422 4419
f 4420 4419 4422
f 4435 4437 4436
f 4435 4436 4437
f 4436 4438 4435
f 4436 4435 4438
f 4439 4441 4440
f 4439 4440 4441
f 4440 4442 4439
f 4440 4439 4442
f 4443 4445 4444
f 4443 4444 4445
f 4444 4446 4443
f 4444 4443 4446
f 4447 4449 4448
f 4447 4448 4449
f 4448 4450 4447
f 4448 4447 4450
f 4451 4453 4452
f 4451 4452 4453
f 4452 4454 4451
f 4452 4451 4454
f 4455 4457 4456
f 4455 4456 4457
f 4456 4458 4455
f 4456 4455 4458
f 4459 4461 4460
f 4459 4460 4461
f 4460 4462 4459
f 4460 4459 4462
f 4463 4465 4464
f 4463 4464 4465
f 4464 4466 4463
f 4464 4463 4466
f 4467 4469 4468
f 4467 4468 4469
f 4468 4470 4467
f 4468 4467 4470
f 4471 4473 4472
f 4471 4472 4473
f 4472 4474 4471
f 4472 4471 4474
f 4475 4477 4476
f 4475 4476 4477
f 4476 4478 4475
f 4476 4475 4478
f 4479 4481 4480
f 4479 4480 4481
f 4480 4482 4479
f 4480 4479 4482
f 4483 4485 4484
f 4483 4484 4485
f 4484 4486 4483
f 4484 4483 4486
f 4487 4489 4488
f 4487 4488 4489
f 4488 4490 4487
f 4488 4487 4490
f 4491 4493 4492
f 4491 4492 4493
f 4492 4494 4491
f 4492 4491 4494
f 4495 4497 4496
f 4495 4496 4497
f 4496 4498 4495
f 4496 4495 4498
f 4511 4513 4512
f 4511 4512 4513
f 4512 4514 4511
f 4512 4511 4514
f 4515 4517 4516
f 4515 4516 4517
f 4516 4518 4515
f 4516 4515 4518
f 4519 4521 4520
f 4519 4520 4521
f 4520 4522 4519
f 4520 4519 4522
f 4523 4525 4524
f 4523 4524 4525
f 4524 4526 4523
f 4524 4523 4526
f 4527 4529 4528
f 4527 4528 4529
f 4528 4530 4527
f 4528 4527 4530
f 4531 4533 4532
f 4531 4532 4533
f 4532 4534 4531
f 4532 4531 4534
f 4535 4537 4536
f 4535 4536 4537
f 4536 4538 4535
f 4536 4535 4538
f 4539 4541 4540
f 4539 4540 4541
f 4540 4542 4539
f 4540 4539 4542
f 4543 4545 4544
f 4543 4544 4545
f 4544 4546 4543
f 4544 4543 4546
f 4547 4549 4548
f 4547 4548 4549
f 4548 4550 4547
f 4548 4547 4550
f 4551 4553 4552
f 4551 4552 4553
f 4552 4554 4551
f 4552 4551 4554
f 4555 4557 4556
f 4555 4556 4557
f 4556 4558 4555
f 4556 4555 4558
f 4559 4561 4560
f 4559 4560 4561
f 4560 4562 4559
f 4560 4559 4562
f 4563 4565 4564
f 4563 4564 4565
f 4564 4566 4563
f 4564 4563 4566
f 4567 4569 4568
f 4567 4568 4569
f 4568 4570 4567
f 4568 4567 4570
f 4571 4573 4572
f 4571 4572 4573
f 4572 4574 4571
f 4572 4571 4574
f 4599 4601 4600
f 4599 4600 4601
f 4600 4602 4599
f 4600 4599 4602
f 4603 4605 4604
f 4603 4604 4605
f 4604 4606 4603
f 4604 4603 4606
f 4607 4609 4608
f 4607 4608 4609
f 4608 4610 4607
f 4608 4607 4610
f 4611 4613 4612
f 4611 4612 4613
f 4612 4614 4611
f 4612 4611 4614
f 4615 4617 4616
f 4615 4616 4617
f 4616 4618 4615
f 4616 4615 4618
f 4619 4621 4620
f 4619 4620 4621
f 4620 4622 4619
f 4620 4619 4622
f 4623 4625 4624
f 4623 4624 4625
f 4624 4626 4623
f 4624 4623 4626
f 4627 4629 4628
f 4627 4628 4629
f 4628 4630 4627
f 4628 4627 4630
f 4631 4633 4632
f 4631 4632 4633
f 4632 4634 4631
f 4632 4631 4634
f 4635 4637 4636
f 4635 4636 4637
f 4636 4638 4635
f 4636 4635 4638
f 4639 4641 4640
f 4639 4640 4641
f 4640 4642 4639
f 4640 4639 4642
f 4643 4645 4644
f 4643 4644 4645
f 4644 4646 4643
f 4644 4643 4646
f 4647 4649 4648
f 4647 4648 4649
f 4648 4650 4647
f 4648 4647 4650
f 4651 4653 4652
f 4651 4652 4653
f 4652 4654 4651
f 4652 4651 4654
f 4655 4657 4656
f 4655 4656 4657
f 4656 4658 4655
f 4656 4655 4658
f 4659 4661 4660
f 4659 4660 4661
f 4660 4662 4659
f 4660 4659 4662
f 4675 4677 4676
f 4675 4676 4677
f 4676 4678 4675
f 4676 4675 4678
f 4679 4681 4680
f 4679 4680 4681
f 4680 4682 4679
f 4680 4679 4682
f 4683 4685 4684
f 4683 4684 4685
f 4684 4686 4683
f 4684 4683 4686
f 4687 4689 4688
f 4687 4688 4689
f 4688 4690 4687
f 4688 4687 4690
f 4691 4693 4692
f 4691 4692 4693
f 4692 4694 4691
f 4692 4691 4694
f 4695 4697 4696
f 4695 4696 4697
f 4696 4698 4695
f 4696 4695 4698
f 4699 4701 4700
f 4699 4700 4701
f 4700 4702 4699
f 4700 4699 4702
f 4703 4705 4704
f 4703 4704 4705
f 4704 4706 4703
f 4704 4703 4706
f 4707 4709 4708
f 4707 4708 4709
f 4708 4710 4707
f 4708 4707 4710
f 4711 4713 4712
f 4711 4712 4713
f 4712 4714 4711
f 4712 4711 4714
f 4715 4717 4716
f 4715 4716 4717
f 4716 4718 4715
f 4716 4715 4718
f 4719 4721 4720
f 4719 4720 4721
f 4720 4722 4719
f 4720 4719 4722
f 4723 4725 4724
f 4723 4724 4725
f 4724 4726 4723
f 4724 4723 4726
f 4727 4729 4728
f 4727 4728 4729
f 4728 4730 4727
f 4728 4727 4730
f 4731 4733 4732
f 4731 4732 4733
f 4732 4734 4731
f 4732 4731 4734
f 4735 4737 4736
f 4735 4736 4737
f 4736 4738 4735
f 4736 4735 4738
f 4751 4753 4752
f 4751 4752 4753
f 4752 4754 4751
f 4752 4751 4754
f 4755 4757 4756
f 4755 4756 4757
f 4756 4758 4755
f 4756 4755 4758
f 4759 4761 4760
f 4759 4760 4761
f 4760 4762 4759
f 4760 4759 4762
f 4763 4765 4764
f 4763 4764 4765
f 4764 4766 4763
f 4764 4763 4766
f 4767 4769 4768
f 4767 4768 4769
f 4768 4770 4767
f 4768 4767 4770
f 4771 4773 4772
f 4771 4772 4773
f 4772 4774 4771
f 4772 4771 4774
f 4775 4777 4776
f 4775 4776 4777
f 4776 4778 4775
f 4776 4775 4778
f 4779 4781 4780
f 4779 4780 4781
f 4780 4782 4779
f 4780 4779 4782
f 4783 4785 4784
f 4783 4784 4785
f 4784 4786 4783
f 4784 4783 4786
f 4787 4789 4788
f 4787 4788 4789
f 4788 4790 4787
f 4788 4787 4790
f 4791 4793 4792
f 4791 4792 4793
f 4792 4794 4791
f 4792 4791 4794
f 4795 4797 4796
f 4795 4796 4797
f 4796 4798 4795
f 4796 4795 4798
f 4799 4801 4800
f 4799 4800 4801
f 4800 4802 4799
f 4800 4799 4802
f 4803 4805 4804
f 4803 4804 4805
f 4804 4806 4803
f 4804 4803 4806
f 4807 4809 4808
f 4807 4808 4809
f 4808 4810 4807
f 4808 4807 4810
f 4811 4813 4812
f 4811 4812 4813
f 4812 4814 4811
f 4812 4811 4814
f 4827 4829 4828
f 4827 4828 4829
f 4828 4830 4827
f 4828 4827 4830
f 4831 4833 4832
f 4831 4832 4833
f 4832 4834 4831
f 4832 4831 4834
f 4835 4837 4836
f 4835 4836 4837
f 4836 4838 4835
f 4836 4835 4838
f 4839 4841 4840
f 4839 4840 4841
f 4840 4842 4839
f 4840 4839 4842
f 4843 4845 4844
f 4843 4844 4845
f 4844 4846 4843
f 4844 4843 4846
f 4847 4849 4848
f 4847 4848 4849
f 4848 4850 4847
f 4848 4847 4850
f 4851 4853 4852
f 4851 4852 4853
f 4852 4854 4851
f 4852 4851 4854
f 4855 4857 4856
f 4855 4856 4857
f 4856 4858 4855
f 4856 4855 4858
f 4859 4861 4860
f 4859 4860 4861
f 4860 4862 4859
f 4860 4859 4862
f 4863 4865 4864
f 4863 4864 4865
f 4864 4866 4863
f 4864 4863 4866
f 4867 4869 4868
f 4867 4868 4869
f 4868 4870 4867
f 4868 4867 4870
f 4871 4873 4872
f 4871 4872 4873
f 4872 4874 4871
f 4872 4871 4874
f 4911 4913 4912
f 4911 4912 4913
f 4912 4914 4911
f 4912 4911 4914
f 4915 4917 4916
f 4915 4916 4917
f 4916 4918 4915
f 4916 4915 4918
f 4919 4921 4920
f 4919 4920 4921
f 4920 4922 4919
f 4920 4919 4922
f 4923 4925 4924
f 4923 4924 4925
f 4924 4926 4923
f 4924 4923 4926
f 4927 4929 4928
f 4927 4928 4929
f 4928 4930 4927
f 4928 4927 4930
f 4931 4933 4932
f 4931 4932 4933
f 4932 4934 4931
f 4932 4931 4934
f 4935 4937 4936
f 4935 4936 4937
f 4936 4938 4935
f 4936 4935 4938
f 4939 4941 4940
f 4939 4940 4941
f 4940 4942 4939
f 4940 4939 4942
f 4943 4945 4944
f 4943 4944 4945
f 4944 4946 4943
f 4944 4943 4946
f 4947 4949 4948
f 4947 4948 4949
f 4948 4950 4947
f 4948 4947 4950
f 4951 4953 4952
f 4951 4952 4953
f 4952 4954 4951
f 4952 4951 4954
f 4955 4957 4956
f 4955 4956 4957
f 4956 4958 4955
f 4956 4955 4958
f 4959 4961 4960
f 4959 4960 4961
f 4960 4962 4959
f 4960 4959 4962
f 4963 4965 4964
f 4963 4964 4965
f 4964 4966 4963
f 4964 4963 4966
f 4967 4969 4968
f 4967 4968 4969
f 4968 4970 4967
f 4968 4967 4970
f 4971 4973 4972
f 4971 4972 4973
f 4972 4974 4971
f 4972 4971 4974
f 4987 4989 4988
f 4987 4988 4989
f 4988 4990 4987
f 4988 4987 4990
f 4991 4993 4992
f 4991 4992 4993
f 4992 4994 4991
f 4992 4991 4994
f 4995 4997 4996
f 4995 4996 4997
f 4996 4998 4995
f 4996 4995 4998
f 4999 5001 5000
f 4999 5000 5001
f 5000 5002 4999
f 5000 4999 5002
f 5003 5005 5004
f 5003 5004 5005
f 5004 5006 5003
f 5004 5003 5006
f 5007 5009 5008
f 5007 5008 5009
f 5008 5010 5007
f 5008 5007 5010
f 5011 5013 5012
f 5011 5012 5013
f 5012 5014 5011
f 5012 5011 5014
f 5015 5017 5016
f 5015 5016 5017
f 5016 5018 5015
f 5016 5015 5018
f 5019 5021 5020
f 5019 5020 5021
f 5020 5022 5019
f 5020 5019 5022
f 5023 5025 5024
f 5023 5024 5025
f 5024 5026 5023
f 5024 5023 5026
f 5027 5029 5028
f 5027 5028 5029
f 5028 5030 5027
f 5028 5027 5030
f 5031 5033 5032
f 5031 5032 5033
f 5032 5034 5031
f 5032 5031 5034
f 5035 5037 5036
f 5035 5036 5037
f 5036 5038 5035
f 5036 5035 5038
f 5039 5041 5040
f 5039 5040 5041
f 5040 5042 5039
f 5040 5039 5042
f 5043 5045 5044
f 5043 5044 5045
f 5044 5046 5043
f 5044 5043 5046
f 5047 5049 5048
f 5047 5048 5049
f 5048 5050 5047
f 5048 5047 5050
f 5063 5065 5064
f 5063 5064 5065
f 5064 5066 5063
f 5064 5063 5066
f 5067 5069 5068
f 5067 5068 5069
f 5068 5070 5067
f 5068 5067 5070
f 5071 5073 5072
f 5071 5072 5073
f 5072 5074 5071
f 5072 5071 5074
f 5075 5077 5076
f 5075 5076 5077
f 5076 5078 5075
f 5076 5075 5078
f 5079 5081 5080
f 5079 5080 5081
f 5080 5082 5079
f 5080 5079 5082
f 5083 5085 5084
f 5083 5084 5085
f 5084 5086 5083
f 5084 5083 5086
f 5087 5089 5088
f 5087 5088 5089
f 5088 5090 5087
f 5088 5087 5090
f 5091 5093 5092
f 5091 5092 5093
f 5092 5094 5091
f 5092 5091 5094
f 5095 5097 5096
f 5095 5096 5097
f 5096 5098 5095
f 5096 5095 5098
f 5099 5101 5100
f 5099 5100 5101
f 5100 5102 5099
f 5100 5099 5102
f 5103 5105 5104
f 5103 5104 5105
f 5104 5106 5103
f 5104 5103 5106
f 5107 5109 5108
f 5107 5108 5109
f 5108 5110 5107
f 5108 5107 5110
f 5136 5138 5137
f 5136 5137 5138
f 5137 5139 5136
f 5137 5136 5139
f 5140 5142 5141
f 5140 5141 5142
f 5141 5143 5140
f 5141 5140 5143
f 5144 5146 5145
f 5144 5145 5146
f 5145 5147 5144
f 5145 5144 5147
f 5148 5150 5149
f 5148 5149 5150
f 5149 5151 5148
f 5149 5148 5151
f 5152 5154 5153
f 5152 5153 5154
f 5153 5155 5152
f 5153 5152 5155
f 5156 5158 5157
f 5156 5157 5158
f 5157 5159 5156
f 5157 5156 5159
f 5160 5162 5161
f 5160 5161 5162
f 5161 5163 5160
f 5161 5160 5163
f 5164 5166 5165
f 5164 5165 5166
f 5165 5167 5164
f 5165 5164 5167
f 5168 5170 5169
f 5168 5169 5170
f 5169 5171 5168
f 5169 5168 5171
f 5172 5174 5173
f 5172 5173 5174
f 5173 5175 5172
f 5173 5172 5175
f 5176 5178 5177
f 5176 5177 5178
f 5177 5179 5176
f 5177 5176 5179
f 5180 5182 5181
f 5180 5181 5182
f 5181 5183 5180
f 5181 5180 5183
f 5184 5186 5185
f 5184 5185 5186
f 5185 5187 5184
f 5185 5184 5187
f 5188 5190 5189
f 5188 5189 5190
f 5189 5191 5188
f 5189 5188 5191
f 5192 5194 5193
f 5192 5193 5194
f 5193 5195 5192
f 5193 5192 5195
f 5196 5198 5197
f 5196 5197 5198
f 5197 5199 5196
f 5197 5196 5199
f 5212 5214 5213
f 5212 5213 5214
f 5213 5215 5212
f 5213 5212 5215
f 5216 5218 5217
f 5216 5217 5218
f 5217 5219 5216
f 5217 5216 5219
f 5220 5222 5221
f 5220 5221 5222
f 5221 5223 5220
f 5221 5220 5223
f 5224 5226 5225
f 5224 5225 5226
f 5225 5227 5224
f 5225 5224 5227
f 5228 5230 5229
f 5228 5229 5230
f 5229 5231 5228
f 5229 5228 5231
f 5232 5234 5233
f 5232 5233 5234
f 5233 5235 5232
f 5233 5232 5235
f 5236 5238 5237
f 5236 5237 5238
f 5237 5239 5236
f 5237 5236 5239
f 5240 5242 5241
f 5240 5241 5242
f 5241 5243 5240
f 5241 5240 5243
f 5244 5246 5245
f 5244 5245 5246
f 5245 5247 5244
f 5245 5244 5247
f 5248 5250 5249
f 5248 5249 5250
f 5249 5251 5248
f 5249 5248 5251
f 5252 5254 5253
f 5252 5253 5254
f 5253 5255 5252
f 5253 5252 5255
f 5256 5258 5257
f 5256 5257 5258
f 5257 5259 5256
f 5257 5256 5259
f 5272 5274 5273
f 5272 5273 5274
f 5273 5275 5272
f 5273 5272 5275
f 5276 5278 5277
f 5276 5277 5278
f 5277 5279 5276
f 5277 5276 5279
f 5280 5282 5281
f 5280 5281 5282
f 5281 5283 5280
f 5281 5280 5283
f 5284 5286 5285
f 5284 5285 5286
f 5285 5287 5284
f 5285 5284 5287
f 5288 5290 5289
f 5288 5289 5290
f 5289 5291 5288
f 5289 5288 5291
f 5292 5294 5293
f 5292 5293 5294
f 5293 5295 5292
f 5293 5292 5295
f 5296 5298 5297
f 5296 5297 5298
f 5297 5299 5296
f 5297 5296 5299
f 5300 5302 5301
f 5300 5301 5302
f 5301 5303 5300
f 5301 5300 5303
f 5304 5306 5305
f 5304 5305 5306
f 5305 5307 5304
f 5305 5304 5307
f 5308 5310 5309
f 5308 5309 5310
f 5309 5311 5308
f 5309 5308 5311
f 5312 5314 5313
f 5312 5313 5314
f 5313 5315 5312
f 5313 5312 5315
f 5316 5318 5317
f 5316 5317 5318
f 5317 5319 5316
f 5317 5316 5319
f 5320 5322 5321
f 5320 5321 5322
f 5321 5323 5320
f 5321 5320 5323
f 5324 5326 5325
f 5324 5325 5326
f 5325 5327 5324
f 5325 5324 5327
f 5328 5330 5329
f 5328 5329 5330
f 5329 5331 5328
f 5329 5328 5331
f 5332 5334 5333
f 5332 5333 5334
f 5333 5335 5332
f 5333 5332 5335
f 5360 5362 5361
f 5360 5361 5362
f 5361 5363 5360
f 5361 5360 5363
f 5364 5366 5365
f 5364 5365 5366
f 5365 5367 5364
f 5365 5364 5367
f 5368 5370 5369
f 5368 5369 5370
f 5369 5371 5368
f 5369 5368 5371
f 5372 5374 5373
f 5372 5373 5374
f 5373 5375 5372
f 5373 5372 5375
f 5376 5378 5377
f 5376 5377 5378
f 5377 5379 5376
f 5377 5376 5379
f 5380 5382 5381
f 5380 5381 5382
f 5381 5383 5380
f 5381 5380 5383
f 5384 5386 5385
f 5384 5385 5386
f 5385 5387 5384
f 5385 5384 5387
f 5388 5390 5389
f 5388 5389 5390
f 5389 5391 5388
f 5389 5388 5391
f 5392 5394 5393
f 5392 5393 5394
f 5393 5395 5392
f 5393 5392 5395
f 5396 5398 5397
f 5396 5397 5398
f 5397 5399 5396
f 5397 5396 5399
f 5400 5402 5401
f 5400 5401 5402
f 5401 5403 5400
f 5401 5400 5403
f 5404 5406 5405
f 5404 5405 5406
f 5405 5407 5404
f 5405 5404 5407
f 5408 5410 5409
f 5408 5409 5410
f 5409 5411 5408
f 5409 5408 5411
f 5412 5414 5413
f 5412 5413 5414
f 5413 5415 5412
f 5413 5412 5415
f 5416 5418 5417
f 5416 5417 5418
f 5417 5419 5416
f 5417 5416 5419
f 5420 5422 5421
f 5420 5421 5422
f 5421 5423 5420
f 5421 5420 5423
f 5436 5438 5437
f 5436 5437 5438
f 5437 5439 5436
f 5437 5436 5439
f 5440 5442 5441
f 5440 5441 5442
f 5441 5443 5440
f 5441 5440 5443
f 5444 5446 5445
f 5444 5445 5446
f 5445 5447 5444
f 5445 5444 5447
f 5448 5450 5449
f 5448 5449 5450
f 5449 5451 5448
f 5449 5448 5451
f 5452 5454 5453
f 5452 5453 5454
f 5453 5455 5452
f 5453 5452 5455
f 5456 5458 5457
f 5456 5457 5458
f 5457 5459 5456
f 5457 5456 5459
f 5460 5462 5461
f 5460 5461 5462
f 5461 5463 5460
f 5461 5460 5463
f 5464 5466 5465
f 5464 5465 5466
f 5465 5467 5464
f 5465 5464 5467
f 5468 5470 5469
f 5468 5469 5470
f 5469 5471 5468
f 5469 5468 5471
f 5472 5474 5473
f 5472 5473 5474
f 5473 5475 5472
f 5473 5472 5475
f 5476 5478 5477
f 5476 5477 5478
f 5477 5479 5476
f 5477 5476 5479
f 5480 5482 5481
f 5480 5481 5482
f 5481 5483 5480
f 5481 5480 5483
f 5496 5498 5497
f 5496 5497 5498
f 5497 5499 5496
f 5497 5496 5499
f 5500 5502 5501
f 5500 5501 5502
f 5501 5503 5500
f 5501 5500 5503
f 5504 5506 5505
f 5504 5505 5506
f 5505 5507 5504
f 5505 5504 5507
f 5508 5510 5509
f 5508 5509 5510
f 5509 5511 5508
f 5509 5508 5511
f 5512 5514 5513
f 5512 5513 5514
f 5513 5515 5512
f 5513 5512 5515
f 5516 5518 5517
f 5516 5517 5518
f 5517 5519 5516
f 5517 5516 5519
f 5520 5522 5521
f 5520 5521 5522
f 5521 5523 5520
f 5521 5520 5523
f 5524 5526 5525
f 5524 5525 5526
f 5525 5527 5524
f 5525 5524 5527
f 5528 5530 5529
f 5528 5529 5530
f 5529 5531 5528
f 5529 5528 5531
f 5532 5534 5533
f 5532 5533 5534
f 5533 5535 5532
f 5533 5532 5535
f 5536 5538 5537
f 5536 5537 5538
f 5537 5539 5536
f 5537 5536 5539
f 5540 5542 5541
f 5540 5541 5542
f 5541 5543 5540
f 5541 5540 5543
f 5544 5546 5545
f 5544 5545 5546
f 5545 5547 5544
f 5545 5544 5547
f 5548 5550 5549
f 5548 5549 5550
f 5549 5551 5548
f 5549 5548 5551
f 5552 5554 5553
f 5552 5553 5554
f 5553 5555 5552
f 5553 5552 5555
f 5556 5558 5557
f 5556 5557 5558
f 5557 5559 5556
f 5557 5556 5559
f 5609 5611 5610
f 5609 5610 5611
f 5610 5612 5609
f 5610 5609 5612
f 5613 5615 5614
f 5613 5614 5615
f 5614 5616 5613
f 5614 5613 5616
f 5617 5619 5618
f 5617 5618 5619
f 5618 5620 5617
f 5618 5617 5620
f 5621 5623 5622
f 5621 5622 5623
f 5622 5624 5621
f 5622 5621 5624
f 5625 5627 5626
f 5625 5626 5627
f 5626 5628 5625
f 5626 5625 5628
f 5629 5631 5630
f 5629 5630 5631
f 5630 5632 5629
f 5630 5629 5632
f 5633 5635 5634
f 5633 5634 5635
f 5634 5636 5633
f 5634 5633 5636
f 5637 5639 5638
f 5637 5638 5639
f 5638 5640 5637
f 5638 5637 5640
f 5641 5643 5642
f 5641 5642 5643
f 5642 5644 5641
f 5642 5641 5644
f 5645 5647 5646
f 5645 5646 5647
f 5646 5648 5645
f 5646 5645 5648
f 5649 5651 5650
f 5649 5650 5651
f 5650 5652 5649
f 5650 5649 5652
f 5653 5655 5654
f 5653 5654 5655
f 5654 5656 5653
f 5654 5653 5656
f 5657 5659 5658
f 5657 5658 5659
f 5658 5660 5657
f 5658 5657 5660
f 5661 5663 5662
f 5661 5662 5663
f 5662 5664 5661
f 5662 5661 5664
f 5665 5667 5666
f 5665 5666 5667
f 5666 5668 5665
f 5666 5665 5668
f 5669 5671 5670
f 5669 5670 5671
f 5670 5672 5669
f 5670 5669 5672
f 5685 5687 5686
f 5685 5686 5687
f 5686 5688 5685
f 5686 5685 5688
f 5689 5691 5690
f 5689 5690 5691
f 5690 5692 5689
f 5690 5689 5692
f 5693 5695 5694
f 5693 5694 5695
f 5694 5696 5693
f 5694 5693 5696
f 5697 5699 5698
f 5697 5698 5699
f 5698 5700 5697
f 5698 5697 5700
f 5701 5703 5702
f 5701 5702 5703
f 5702 5704 5701
f 5702 5701 5704
f 5705 5707 5706
f 5705 5706 5707
f 5706 5708 5705
f 5706 5705 5708
f 5709 5711 5710
f 5709 5710 5711
f 5710 5712 5709
f 5710 5709 5712
f 5713 5715 5714
f 5713 5714 5715
f 5714 5716 5713
f 5714 5713 5716
f 5717 5719 5718
f 5717 5718 5719
f 5718 5720 5717
f 5718 5717 5720
f 5721 5723 5722
f 5721 5722 5723
f 5722 5724 5721
f 5722 5721 5724
f 5725 5727 5726
f 5725 5726 5727
f 5726 5728 5725
f 5726 5725 5728
f 5729 5731 5730
f 5729 5730 5731
f 5730 5732 5729
f 5730 5729 5732
f 5745 5747 5746
f 5745 5746 5747
f 5746 5748 5745
f 5746 5745 5748
f 5749 5751 5750
f 5749 5750 5751
f 5750 5752 5749
f 5750 5749 5752
f 5753 5755 5754
f 5753 5754 5755
f 5754 5756 5753
f 5754 5753 5756
f 5757 5759 5758
f 5757 5758 5759
f 5758 5760 5757
f 5758 5757 5760
f 5761 5763 5762
f 5761 5762 5763
f 5762 5764 5761
f 5762 5761 5764
f 5765 5767 5766
f 5765 5766 5767
f 5766 5768 5765
f 5766 5765 5768
f 5769 5771 5770
f 5769 5770 5771
f 5770 5772 5769
f 5770 5769 5772
f 5773 5775 5774
f 5773 5774 5775
f 5774 5776 5773
f 5774 5773 5776
f 5777 5779 5778
f 5777 5778 5779
f 5778 5780 5777
f 5778 5777 5780
f 5781 5783 5782
f 5781 5782 5783
f 5782 5784 5781
f 5782 5781 5784
f 5785 5787 5786
f 5785 5786 5787
f 5786 5788 5785
f 5786 5785 5788
f 5789 5791 5790
f 5789 5790 5791
f 5790 5792 5789
f 5790 5789 5792
f 5793 5795 5794
f 5793 5794 5795
f 5794 5796 5793
f 5794 5793 5796
f 5797 5799 5798
f 5797 5798 5799
f 5798 5800 5797
f 5798 5797 5800
f 5801 5803 5802
f 5801 5802 5803
f 5802 5804 5801
f 5802 5801 5804
f 5805 5807 5806
f 5805 5806 5807
f 5806 5808 5805
f 5806 5805 5808
f 5834 5836 5835
f 5834 5835 5836
f 5835 5837 5834
f 5835 5834 5837
f 5838 5840 5839
f 5838 5839 5840
f 5839 5841 5838
f 5839 5838 5841
f 5842 5844 5843
f 5842 5843 5844
f 5843 5845 5842
f 5843 5842 5845
f 5846 5848 5847
f 5846 5847 5848
f 5847 5849 5846
f 5847 5846 5849
f 5850 5852 5851
f 5850 5851 5852
f 5851 5853 5850
f 5851 5850 5853
f 5854 5856 5855
f 5854 5855 5856
f 5855 5857 5854
f 5855 5854 5857
f 5858 5860 5859
f 5858 5859 5860
f 5859 5861 5858
f 5859 5858 5861
f 5862 5864 5863
f 5862 5863 5864
f 5863 5865 5862
f 5863 5862 5865
f 5866 5868 5867
f 5866 5867 5868
f 5867 5869 5866
f 5867 5866 5869
f 5870 5872 5871
f 5870 5871 5872
f 5871 5873 5870
f 5871 5870 5873
f 5874 5876 5875
f 5874 5875 5876
f 5875 5877 5874
f 5875 5874 5877
f 5878 5880 5879
f 5878 5879 5880
f 5879 5881 5878
f 5879 5878 5881
f 5895 5897 5896
f 5895 5896 5897
f 5896 5898 5895
f 5896 5895 5898
f 5899 5901 5900
f 5899 5900 5901
f 5900 5902 5899
f 5900 5899 5902
f 5903 5905 5904
f 5903 5904 5905
f 5904 5906 5903
f 5904 5903 5906
f 5907 5909 5908
f 5907 5908 5909
f 5908 5910 5907
f 5908 5907 5910
f 5911 5913 5912
f 5911 5912 5913
f 5912 5914 5911
f 5912 5911 5914
f 5915 5917 5916
f 5915 5916 5917
f 5916 5918 5915
f 5916 5915 5918
f 5919 5921 5920
f 5919 5920 5921
f 5920 5922 5919
f 5920 5919 5922
f 5923 5925 5924
f 5923 5924 5925
f 5924 5926 5923
f 5924 5923 5926
f 5939 5941 5940
f 5939 5940 5941
f 5940 5942 5939
f 5940 5939 5942
f 5943 5945 5944
f 5943 5944 5945
f 5944 5946 5943
f 5944 5943 5946
f 5947 5949 5948
f 5947 5948 5949
f 5948 5950 5947
f 5948 5947 5950
f 5951 5953 5952
f 5951 5952 5953
f 5952 5954 5951
f 5952 5951 5954
f 5955 5957 5956
f 5955 5956 5957
f 5956 5958 5955
f 5956 5955 5958
f 5959 5961 5960
f 5959 5960 5961
f 5960 5962 5959
f 5960 5959 5962
f 5963 5965 5964
f 5963 5964 5965
f 5964 5966 5963
f 5964 5963 5966
f 5967 5969 5968
f 5967 5968 5969
f 5968 5970 5967
f 5968 5967 5970
f 5971 5973 5972
f 5971 5972 5973
f 5972 5974 5971
f 5972 5971 5974
f 5975 5977 5976
f 5975 5976 5977
f 5976 5978 5975
f 5976 5975 5978
f 5979 5981 5980
f 5979 5980 5981
f 5980 5982 5979
f 5980 5979 5982
f 5983 5985 5984
f 5983 5984 5985
f 5984 5986 5983
f 5984 5983 5986
f 5987 5989 5988
f 5987 5988 5989
f 5988 5990 5987
f 5988 5987 5990
f 5991 5993 5992
f 5991 5992 5993
f 5992 5994 5991
f 5992 5991 5994
f 5995 5997 5996
f 5995 5996 5997
f 5996 5998 5995
f 5996 5995 5998
f 5999 6001 6000
f 5999 6000 6001
f 6000 6002 5999
f 6000 5999 6002
f 6015 6017 6016
f 6015 6016 6017
f 6016 6018 6015
f 6016 6015 6018
f 6019 6021 6020
f 6019 6020 6021
f 6020 6022 6019
f 6020 6019 6022
f 6023 6025 6024
f 6023 6024 6025
f 6024 6026 6023
f 6024 6023 6026
f 6027 6029 6028
f 6027 6028 6029
f 6028 6030 6027
f 6028 6027 6030
f 6031 6033 6032
f 6031 6032 6033
f 6032 6034 6031
f 6032 6031 6034
f 6035 6037 6036
f 6035 6036 6037
f 6036 6038 6035
f 6036 6035 6038
f 6039 6041 6040
f 6039 6040 6041
f 6040 6042 6039
f 6040 6039 6042
f 6043 6045 6044
f 6043 6044 6045
f 6044 6046 6043
f 6044 6043 6046
f 6047 6049 6048
f 6047 6048 6049
f 6048 6050 6047
f 6048 6047 6050
f 6051 6053 6052
f 6051 6052 6053
f 6052 6054 6051
f 6052 6051 6054
f 6055 6057 6056
f 6055 6056 6057
f 6056 6058 6055
f 6056 6055 6058
f 6059 6061 6060
f 6059 6060 6061
f 6060 6062 6059
f 6060 6059 6062
f 6099 6101 6100
f 6099 6100 6101
f 6100 6102 6099
f 6100 6099 6102
f 6103 6105 6104
f 6103 6104 6105
f 6104 6106 6103
f 6104 6103 6106
f 6107 6109 6108
f 6107 6108 6109
f 6108 6110 6107
f 6108 6107 6110
f 6111 6113 6112
f 6111 6112 6113
f 6112 6114 6111
f 6112 6111 6114
f 6115 6117 6116
f 6115 6116 6117
f 6116 6118 6115
f 6116 6115 6118
f 6119 6121 6120
f 6119 6120 6121
f 6120 6122 6119
f 6120 6119 6122
f 6123 6125 6124
f 6123 6124 6125
f 6124 6126 6123
f 6124 6123 6126
f 6127 6129 6128
f 6127 6128 6129
f 6128 6130 6127
f 6128 6127 6130
f 6131 6133 6132
f 6131 6132 6133
f 6132 6134 6131
f 6132 6131 6134
f 6135 6137 6136
f 6135 6136 6137
f 6136 6138 6135
f 6136 6135 6138
f 6139 6141 6140
f 6139 6140 6141
f 6140 6142 6139
f 6140 6139 6142
f 6143 6145 6144
f 6143 6144 6145
f 6144 6146 6143
f 6144 6143 6146
f 6147 6149 6148
f 6147 6148 6149
f 6148 6150 6147
f 6148 6147 6150
f 6151 6153 6152
f 6151 6152 6153
f 6152 6154 6151
f 6152 6151 6154
f 6155 6157 6156
f 6155 6156 6157
f 6156 6158 6155
f 6156 6155 6158
f 6159 6161 6160
f 6159 6160 6161
f 6160 6162 6159
f 6160 6159 6162
f 6175 6177 6176
f 6175 6176 6177
f 6176 6178 6175
f 6176 6175 6178
f 6179 6181 6180
f 6179 6180 6181
f 6180 6182 6179
f 6180 6179 6182
f 6183 6185 6184
f 6183 6184 6185
f 6184 6186 6183
f 6184 6183 6186
f 6187 6189 6188
f 6187 6188 6189
f 6188 6190 6187
f 6188 6187 6190
f 6191 6193 6192
f 6191 6192 6193
f 6192 6194 6191
f 6192 6191 6194
f 6195 6197 6196
f 6195 6196 6197
f 6196 6198 6195
f 6196 6195 6198
f 6199 6201 6200
f 6199 6200 6201
f 6200 6202 6199
f 6200 6199 6202
f 6203 6205 6204
f 6203 6204 6205
f 6204 6206 6203
f 6204 6203 6206
f 6207 6209 6208
f 6207 6208 6209
f 6208 6210 6207
f 6208 6207 6210
f 6211 6213 6212
f 6211 6212 6213
f 6212 6214 6211
f 6212 6211 6214
f 6215 6217 6216
f 6215 6216 6217
f 6216 6218 6215
f 6216 6215 6218
f 6219 6221 6220
f 6219 6220 6221
f 6220 6222 6219
f 6220 6219 6222
f 6235 6237 6236
f 6235 6236 6237
f 6236 6238 6235
f 6236 6235 6238
f 6239 6241 6240
f 6239 6240 6241
f 6240 6242 6239
f 6240 6239 6242
f 6243 6245 6244
f 6243 6244 6245
f 6244 6246 6243
f 6244 6243 6246
f 6247 6249 6248
f 6247 6248 6249
f 6248 6250 6247
f 6248 6247 6250
f 6251 6253 6252
f 6251 6252 6253
f 6252 6254 6251
f 6252 6251 6254
f 6255 6257 6256
f 6255 6256 6257
f 6256 6258 6255
f 6256 6255 6258
f 6259 6261 6260
f 6259 6260 6261
f 6260 6262 6259
f 6260 6259 6262
f 6263 6265 6264
f 6263 6264 6265
f 6264 6266 6263
f 6264 6263 6266
f 6267 6269 6268
f 6267 6268 6269
f 6268 6270 6267
f 6268 6267 6270
f 6271 6273 6272
f 6271 6272 6273
f 6272 6274 6271
f 6272 6271 6274
f 6275 6277 6276
f 6275 6276 6277
f 6276 6278 6275
f 6276 6275 6278
f 6279 6281 6280
f 6279 6280 6281
f 6280 6282 6279
f 6280 6279 6282
f 6283 6285 6284
f 6283 6284 6285
f 6284 6286 6283
f 6284 6283 6286
f 6287 6289 6288
f 6287 6288 6289
f 6288 6290 6287
f 6288 6287 6290
f 6291 6293 6292
f 6291 6292 6293
f 6292 6294 6291
f 6292 6291 6294
f 6295 6297 6296
f 6295 6296 6297
f 6296 6298 6295
f 6296 6295 6298
f 6312 6314 6313
f 6312 6313 6314
f 6313 6315 6312
f 6313 6312 6315
f 6316 6318 6317
f 6316 6317 6318
f 6317 6319 6316
f 6317 6316 6319
f 6320 6322 6321
f 6320 6321 6322
f 6321 6323 6320
f 6321 6320 6323
f 6324 6326 6325
f 6324 6325 6326
f 6325 6327 6324
f 6325 6324 6327
f 6328 6330 6329
f 6328 6329 6330
f 6329 6331 6328
f 6329 6328 6331
f 6332 6334 6333
f 6332 6333 6334
f 6333 6335 6332
f 6333 6332 6335
f 6336 6338 6337
f 6336 6337 6338
f 6337 6339 6336
f 6337 6336 6339
f 6340 6342 6341
f 6340 6341 6342
f 6341 6343 6340
f 6341 6340 6343
f 6344 6346 6345
f 6344 6345 6346
f 6345 6347 6344
f 6345 6344 6347
f 6348 6350 6349
f 6348 6349 6350
f 6349 6351 6348
f 6349 6348 6351
f 6352 6354 6353
f 6352 6353 6354
f 6353 6355 6352
f 6353 6352 6355
f 6356 6358 6357
f 6356 6357 6358
f 6357 6359 6356
f 6357 6356 6359
f 6385 6387 6386
f 6385 6386 6387
f 6386 6388 6385
f 6386 6385 6388
f 6389 6391 6390
f 6389 6390 6391
f 6390 6392 6389
f 6390 6389 6392
f 6393 6395 6394
f 6393 6394 6395
f 6394 6396 6393
f 6394 6393 6396
f 6397 6399 6398
f 6397 6398 6399
f 6398 6400 6397
f 6398 6397 6400
f 6401 6403 6402
f 6401 6402 6403
f 6402 6404 6401
f 6402 6401 6404
f 6405 6407 6406
f 6405 6406 6407
f 6406 6408 6405
f 6406 6405 6408
f 6409 6411 6410
f 6409 6410 6411
f 6410 6412 6409
f 6410 6409 6412
f 6413 6415 6414
f 6413 6414 6415
f 6414 6416 6413
f 6414 6413 6416
f 6429 6431 6430
f 6429 6430 6431
f 6430 6432 6429
f 6430 6429 6432
f 6433 6435 6434
f 6433 6434 6435
f 6434 6436 6433
f 6434 6433 6436
f 6437 6439 6438
f 6437 6438 6439
f 6438 6440 6437
f 6438 6437 6440
f 6441 6443 6442
f 6441 6442 6443
f 6442 6444 6441
f 6442 6441 6444
f 6445 6447 6446
f 6445 6446 6447
f 6446 6448 6445
f 6446 6445 6448
f 6449 6451 6450
f 6449 6450 6451
f 6450 6452 6449
f 6450 6449 6452
f 6453 6455 6454
f 6453 6454 6455
f 6454 6456 6453
f 6454 6453 6456
f 6457 6459 6458
f 6457 6458 6459
f 6458 6460 6457
f 6458 6457 6460
f 6461 6463 6462
f 6461 6462 6463
f 6462 6464 6461
f 6462 6461 6464
f 6465 6467 6466
f 6465 6466 6467
f 6466 6468 6465
f 6466 6465 6468
f 6469 6471 6470
f 6469 6470 6471
f 6470 6472 6469
f 6470 6469 6472
f 6473 6475 6474
f 6473 6474 6475
f 6474 6476 6473
f 6474 6473 6476
f 6477 6479 6478
f 6477 6478 6479
f 6478 6480 6477
f 6478 6477 6480
f 6481 6483 6482
f 6481 6482 6483
f 6482 6484 6481
f 6482 6481 6484
f 6485 6487 6486
f 6485 6486 6487
f 6486 6488 6485
f 6486 6485 6488
f 6489 6491 6490
f 6489 6490 6491
f 6490 6492 6489
f 6490 6489 6492
f 6505 6507 6506
f 6505 6506 6507
f 6506 6508 6505
f 6506 6505 6508
f 6509 6511 6510
f 6509 6510 6511
f 6510 6512 6509
f 6510 6509 6512
f 6513 6515 6514
f 6513 6514 6515
f 6514 6516 6513
f 6514 6513 6516
f 6517 6519 6518
f 6517 6518 6519
f 6518 6520 6517
f 6518 6517 6520
f 6521 6523 6522
f 6521 6522 6523
f 6522 6524 6521
f 6522 6521 6524
f 6525 6527 6526
f 6525 6526 6527
f 6526 6528 6525
f 6526 6525 6528
f 6529 6531 6530
f 6529 6530 6531
f 6530 6532 6529
f 6530 6529 6532
f 6533 6535 6534
f 6533 6534 6535
f 6534 6536 6533
f 6534 6533 6536
f 6549 6551 6550
f 6549 6550 6551
f 6550 6552 6549
f 6550 6549 6552
f 6553 6555 6554
f 6553 6554 6555
f 6554 6556 6553
f 6554 6553 6556
f 6557 6559 6558
f 6557 6558 6559
f 6558 6560 6557
f 6558 6557 6560
f 6561 6563 6562
f 6561 6562 6563
f 6562 6564 6561
f 6562 6561 6564
f 6565 6567 6566
f 6565 6566 6567
f 6566 6568 6565
f 6566 6565 6568
f 6569 6571 6570
f 6569 6570 6571
f 6570 6572 6569
f 6570 6569 6572
f 6573 6575 6574
f 6573 6574 6575
f 6574 6576 6573
f 6574 6573 6576
f 6577 6579 6578
f 6577 6578 6579
f 6578 6580 6577
f 6578 6577 6580
f 6581 6583 6582
f 6581 6582 6583
f 6582 6584 6581
f 6582 6581 6584
f 6585 6587 6586
f 6585 6586 6587
f 6586 6588 6585
f 6586 6585 6588
f 6589 6591 6590
f 6589 6590 6591
f 6590 6592 6589
f 6590 6589 6592
f 6593 6595 6594
f 6593 6594 6595
f 6594 6596 6593
f 6594 6593 6596
f 6597 6599 6598
f 6597 6598 6599
f 6598 6600 6597
f 6598 6597 6600
f 6601 6603 6602
f 6601 6602 6603
f 6602 6604 6601
f 6602 6601 6604
f 6605 6607 6606
f 6605 6606 6607
f 6606 6608 6605
f 6606 6605 6608
f 6609 6611 6610
f 6609 6610 6611
f 6610 6612 6609
f 6610 6609 6612
f 6638 6640 6639
f 6638 6639 6640
f 6639 6641 6638
f 6639 6638 6641
f 6642 6644 6643
f 6642 6643 6644
f 6643 6645 6642
f 6643 6642 6645
f 6646 6648 6647
f 6646 6647 6648
f 6647 6649 6646
f 6647 6646 6649
f 6650 6652 6651
f 6650 6651 6652
f 6651 6653 6650
f 6651 6650 6653
f 6667 6669 6668
f 6667 6668 6669
f 6668 6670 6667
f 6668 6667 6670
f 6671 6673 6672
f 6671 6672 6673
f 6672 6674 6671
f 6672 6671 6674
f 6675 6677 6676
f 6675 6676 6677
f 6676 6678 6675
f 6676 6675 6678
f 6679 6681 6680
f 6679 6680 6681
f 6680 6682 6679
f 6680 6679 6682
f 6683 6685 6684
f 6683 6684 6685
f 6684 6686 6683
f 6684 6683 6686
f 6687 6689 6688
f 6687 6688 6689
f 6688 6690 6687
f 6688 6687 6690
f 6691 6693 6692
f 6691 6692 6693
f 6692 6694 6691
f 6692 6691 6694
f 6695 6697 6696
f 6695 6696 6697
f 6696 6698 6695
f 6696 6695 6698
f 6699 6701 6700
f 6699 6700 6701
f 6700 6702 6699
f 6700 6699 6702
f 6703 6705 6704
f 6703 6704 6705
f 6704 6706 6703
f 6704 6703 6706
f 6707 6709 6708
f 6707 6708 6709
f 6708 6710 6707
f 6708 6707 6710
f 6711 6713 6712
f 6711 6712 6713
f 6712 6714 6711
f 6712 6711 6714
f 6728 6730 6729
f 6728 6729 6730
f 6729 6731 6728
f 6729 6728 6731
f 6732 6734 6733
f 6732 6733 6734
f 6733 6735 6732
f 6733 6732 6735
f 6736 6738 6737
f 6736 6737 6738
f 6737 6739 6736
f 6737 6736 6739
f 6740 6742 6741
f 6740 6741 6742
f 6741 6743 6740
f 6741 6740 6743
f 6744 6746 6745
f 6744 6745 6746
f 6745 6747 6744
f 6745 6744 6747
f 6748 6750 6749
f 6748 6749 6750
f 6749 6751 6748
f 6749 6748 6751
f 6752 6754 6753
f 6752 6753 6754
f 6753 6755 6752
f 6753 6752 6755
f 6756 6758 6757
f 6756 6757 6758
f 6757 6759 6756
f 6757 6756 6759
f 6760 6762 6761
f 6760 6761 6762
f 6761 6763 6760
f 6761 6760 6763
f 6764 6766 6765
f 6764 6765 6766
f 6765 6767 6764
f 6765 6764 6767
f 6768 6770 6769
f 6768 6769 6770
f 6769 6771 6768
f 6769 6768 6771
f 6772 6774 6773
f 6772 6773 6774
f 6773 6775 6772
f 6773 6772 6775
f 6788 6790 6789
f 6788 6789 6790
f 6789 6791 6788
f 6789 6788 6791
f 6792 6794 6793
f 6792 6793 6794
f 6793 6795 6792
f 6793 6792 6795
f 6796 6798 6797
f 6796 6797 6798
f 6797 6799 6796
f 6797 6796 6799
f 6800 6802 6801
f 6800 6801 6802
f 6801 6803 6800
f 6801 6800 6803
f 6804 6806 6805
f 6804 6805 6806
f 6805 6807 6804
f 6805 6804 6807
f 6808 6810 6809
f 6808 6809 6810
f 6809 6811 6808
f 6809 6808 6811
f 6812 6814 6813
f 6812 6813 6814
f 6813 6815 6812
f 6813 6812 6815
f 6816 6818 6817
f 6816 6817 6818
f 6817 6819 6816
f 6817 6816 6819
f 6820 6822 6821
f 6820 6821 6822
f 6821 6823 6820
f 6821 6820 6823
f 6824 6826 6825
f 6824 6825 6826
f 6825 6827 6824
f 6825 6824 6827
f 6828 6830 6829
f 6828 6829 6830
f 6829 6831 6828
f 6829 6828 6831
f 6832 6834 6833
f 6832 6833 6834
f 6833 6835 6832
f 6833 6832 6835
f 6836 6838 6837
f 6836 6837 6838
f 6837 6839 6836
f 6837 6836 6839
f 6840 6842 6841
f 6840 6841 6842
f 6841 6843 6840
f 6841 6840 6843
f 6844 6846 6845
f 6844 6845 6846
f 6845 6847 6844
f 6845 6844 6847
f 6848 6850 6849
f 6848 6849 6850
f 6849 6851 6848
f 6849 6848 6851
f 6876 6878 6877
f 6876 6877 6878
f 6877 6879 6876
f 6877 6876 6879
f 6880 6882 6881
f 6880 6881 6882
f 6881 6883 6880
f 6881 6880 6883
f 6884 6886 6885
f 6884 6885 6886
f 6885 6887 6884
f 6885 6884 6887
f 6888 6890 6889
f 6888 6889 6890
f 6889 6891 6888
f 6889 6888 6891
f 6892 6894 6893
f 6892 6893 6894
f 6893 6895 6892
f 6893 6892 6895
f 6896 6898 6897
f 6896 6897 6898
f 6897 6899 6896
f 6897 6896 6899
f 6900 6902 6901
f 6900 6901 6902
f 6901 6903 6900
f 6901 6900 6903
f 6904 6906 6905
f 6904 6905 6906
f 6905 6907 6904
f 6905 6904 6907
f 6908 6910 6909
f 6908 6909 6910
f 6909 6911 6908
f 6909 6908 6911
f 6912 6914 6913
f 6912 6913 6914
f 6913 6915 6912
f 6913 6912 6915
f 6916 6918 6917
f 6916 6917 6918
f 6917 6919 6916
f 6917 6916 6919
f 6920 6922 6921
f 6920 6921 6922
f 6921 6923 6920
f 6921 6920 6923
f 6924 6926 6925
f 6924 6925 6926
f 6925 6927 6924
f 6925 6924 6927
f 6928 6930 6929
f 6928 6929 6930
f 6929 6931 6928
f 6929 6928 6931
f 6932 6934 6933
f 6932 6933 6934
f 6933 6935 6932
f 6933 6932 6935
f 6936 6938 6937
f 6936 6937 6938
f 6937 6939 6936
f 6937 6936 6939
f 6952 6954 6953
f 6952 6953 6954
f 6953 6955 6952
f 6953 6952 6955
f 6956 6958 6957
f 6956 6957 6958
f 6957 6959 6956
f 6957 6956 6959
f 6960 6962 6961
f 6960 6961 6962
f 6961 6963 6960
f 6961 6960 6963
f 6964 6966 6965
f 6964 6965 6966
f 6965 6967 6964
f 6965 6964 6967
f 6968 6970 6969
f 6968 6969 6970
f 6969 6971 6968
f 6969 6968 6971
f 6972 6974 6973
f 6972 6973 6974
f 6973 6975 6972
f 6973 6972 6975
f 6976 6978 6977
f 6976 6977 6978
f 6977 6979 6976
f 6977 6976 6979
f 6980 6982 6981
f 6980 6981 6982
f 6981 6983 6980
f 6981 6980 6983
f 6984 6986 6985
f 6984 6985 6986
f 6985 6987 6984
f 6985 6984 6987
f 6988 6990 6989
f 6988 6989 6990
f 6989 6991 6988
f 6989 6988 6991
f 6992 6994 6993
f 6992 6993 6994
f 6993 6995 6992
f 6993 6992 6995
f 6996 6998 6997
f 6996 6997 6998
f 6997 6999 6996
f 6997 6996 6999
f 7000 7002 7001
f 7000 7001 7002
f 7001 7003 7000
f 7001 7000 7003
f 7004 7006 7005
f 7004 7005 7006
f 7005 7007 7004
f 7005 7004 7007
f 7008 7010 7009
f 7008 7009 7010
f 7009 7011 7008
f 7009 7008 7011
f 7012 7014 7013
f 7012 7013 7014
f 7013 7015 7012
f 7013 7012 7015
f 7028 7030 7029
f 7028 7029 7030
f 7029 7031 7028
f 7029 7028 7031
f 7032 7034 7033
f 7032 7033 7034
f 7033 7035 7032
f 7033 7032 7035
f 7036 7038 7037
f 7036 7037 7038
f 7037 7039 7036
f 7037 7036 7039
f 7040 7042 7041
f 7040 7041 7042
f 7041 7043 7040
f 7041 7040 7043
f 7044 7046 7045
f 7044 7045 7046
f 7045 7047 7044
f 7045 7044 7047
f 7048 7050 7049
f 7048 7049 7050
f 7049 7051 7048
f 7049 7048 7051
f 7052 7054 7053
f 7052 7053 7054
f 7053 7055 7052
f 7053 7052 7055
f 7056 7058 7057
f 7056 7057 7058
f 7057 7059 7056
f 7057 7056 7059
f 7060 7062 7061
f 7060 7061 7062
f 7061 7063 7060
f 7061 7060 7063
f 7064 7066 7065
f 7064 7065 7066
f 7065 7067 7064
f 7065 7064 7067
f 7068 7070 7069
f 7068 7069 7070
f 7069 7071 7068
f 7069 7068 7071
f 7072 7074 7073
f 7072 7073 7074
f 7073 7075 7072
f 7073 7072 7075
f 7076 7078 7077
f 7076 7077 7078
f 7077 7079 7076
f 7077 7076 7079
f 7080 7082 7081
f 7080 7081 7082
f 7081 7083 7080
f 7081 7080 7083
f 7084 7086 7085
f 7084 7085 7086
f 7085 7087 7084
f 7085 7084 7087
f 7088 7090 7089
f 7088 7089 7090
f 7089 7091 7088
f 7089 7088 7091
f 7104 7106 7105
f 7104 7105 7106
f 7105 7107 7104
f 7105 7104 7107
f 7108 7110 7109
f 7108 7109 7110
f 7109 7111 7108
f 7109 7108 7111
f 7112 7114 7113
f 7112 7113 7114
f 7113 7115 7112
f 7113 7112 7115
f 7116 7118 7117
f 7116 7117 7118
f 7117 7119 7116
f 7117 7116 7119
f 7120 7122 7121
f 7120 7121 7122
f 7121 7123 7120
f 7121 7120 7123
f 7124 7126 7125
f 7124 7125 7126
f 7125 7127 7124
f 7125 7124 7127
f 7128 7130 7129
f 7128 7129 7130
f 7129 7131 7128
f 7129 7128 7131
f 7132 7134 7133
f 7132 7133 7134
f 7133 7135 7132
f 7133 7132 7135
f 7136 7138 7137
f 7136 7137 7138
f 7137 7139 7136
f 7137 7136 7139
f 7140 7142 7141
f 7140 7141 7142
f 7141 7143 7140
f 7141 7140 7143
f 7144 7146 7145
f 7144 7145 7146
f 7145 7147 7144
f 7145 7144 7147
f 7148 7150 7149
f 7148 7149 7150
f 7149 7151 7148
f 7149 7148 7151
f 7152 7154 7153
f 7152 7153 7154
f 7153 7155 7152
f 7153 7152 7155
f 7156 7158 7157
f 7156 7157 7158
f 7157 7159 7156
f 7157 7156 7159
f 7160 7162 7161
f 7160 7161 7162
f 7161 7163 7160
f 7161 7160 7163
f 7164 7166 7165
f 7164 7165 7166
f 7165 7167 7164
f 7165 7164 7167
f 7206 7208 7207
f 7206 7207 7208
f 7207 7209 7206
f 7207 7206 7209
f 7210 7212 7211
f 7210 7211 7212
f 7211 7213 7210
f 7211 7210 7213
f 7214 7216 7215
f 7214 7215 7216
f 7215 7217 7214
f 7215 7214 7217
f 7218 7220 7219
f 7218 7219 7220
f 7219 7221 7218
f 7219 7218 7221
f 7222 7224 7223
f 7222 7223 7224
f 7223 7225 7222
f 7223 7222 7225
f 7226 7228 7227
f 7226 7227 7228
f 7227 7229 7226
f 7227 7226 7229
f 7230 7232 7231
f 7230 7231 7232
f 7231 7233 7230
f 7231 7230 7233
f 7234 7236 7235
f 7234 7235 7236
f 7235 7237 7234
f 7235 7234 7237
f 7250 7252 7251
f 7250 7251 7252
f 7251 7253 7250
f 7251 7250 7253
f 7254 7256 7255
f 7254 7255 7256
f 7255 7257 7254
f 7255 7254 7257
f 7258 7260 7259
f 7258 7259 7260
f 7259 7261 7258
f 7259 7258 7261
f 7262 7264 7263
f 7262 7263 7264
f 7263 7265 7262
f 7263 7262 7265
f 7266 7268 7267
f 7266 7267 7268
f 7267 7269 7266
f 7267 7266 7269
f 7270 7272 7271
f 7270 7271 7272
f 7271 7273 7270
f 7271 7270 7273
f 7274 7276 7275
f 7274 7275 7276
f 7275 7277 7274
f 7275 7274 7277
f 7278 7280 7279
f 7278 7279 7280
f 7279 7281 7278
f 7279 7278 7281
f 7282 7284 7283
f 7282 7283 7284
f 7283 7285 7282
f 7283 7282 7285
f 7286 7288 7287
f 7286 7287 7288
f 7287 7289 7286
f 7287 7286 7289
f 7290 7292 7291
f 7290 7291 7292
f 7291 7293 7290
f 7291 7290 7293
f 7294 7296 7295
f 7294 7295 7296
f 7295 7297 7294
f 7295 7294 7297
f 7298 7300 7299
f 7298 7299 7300
f 7299 7301 7298
f 7299 7298 7301
f 7302 7304 7303
f 7302 7303 7304
f 7303 7305 7302
f 7303 7302 7305
f 7306 7308 7307
f 7306 7307 7308
f 7307 7309 7306
f 7307 7306 7309
f 7310 7312 7311
f 7310 7311 7312
f 7311 7313 7310
f 7311 7310 7313
f 7339 7341 7340
f 7339 7340 7341
f 7340 7342 7339
f 7340 7339 7342
f 7343 7345 7344
f 7343 7344 7345
f 7344 7346 7343
f 7344 7343 7346
f 7347 7349 7348
f 7347 7348 7349
f 7348 7350 7347
f 7348 7347 7350
f 7351 7353 7352
f 7351 7352 7353
f 7352 7354 7351
f 7352 7351 7354
f 7355 7357 7356
f 7355 7356 7357
f 7356 7358 7355
f 7356 7355 7358
f 7359 7361 7360
f 7359 7360 7361
f 7360 7362 7359
f 7360 7359 7362
f 7363 7365 7364
f 7363 7364 7365
f 7364 7366 7363
f 7364 7363 7366
f 7367 7369 7368
f 7367 7368 7369
f 7368 7370 7367
f 7368 7367 7370
f 7371 7373 7372
f 7371 7372 7373
f 7372 7374 7371
f 7372 7371 7374
f 7375 7377 7376
f 7375 7376 7377
f 7376 7378 7375
f 7376 7375 7378
f 7379 7381 7380
f 7379 7380 7381
f 7380 7382 7379
f 7380 7379 7382
f 7383 7385 7384
f 7383 7384 7385
f 7384 7386 7383
f 7384 7383 7386
f 7387 7389 7388
f 7387 7388 7389
f 7388 7390 7387
f 7388 7387 7390
f 7391 7393 7392
f 7391 7392 7393
f 7392 7394 7391
f 7392 7391 7394
f 7395 7397 7396
f 7395 7396 7397
f 7396 7398 7395
f 7396 7395 7398
f 7399 7401 7400
f 7399 7400 7401
f 7400 7402 7399
f 7400 7399 7402
f 7416 7418 7417
f 7416 7417 7418
f 7417 7419 7416
f 7417 7416 7419
f 7420 7422 7421
f 7420 7421 7422
f 7421 7423 7420
f 7421 7420 7423
f 7424 7426 7425
f 7424 7425 7426
f 7425 7427 7424
f 7425 7424 7427
f 7428 7430 7429
f 7428 7429 7430
f 7429 7431 7428
f 7429 7428 7431
f 7432 7434 7433
f 7432 7433 7434
f 7433 7435 7432
f 7433 7432 7435
f 7436 7438 7437
f 7436 7437 7438
f 7437 7439 7436
f 7437 7436 7439
f 7440 7442 7441
f 7440 7441 7442
f 7441 7443 7440
f 7441 7440 7443
f 7444 7446 7445
f 7444 7445 7446
f 7445 7447 7444
f 7445 7444 7447
f 7460 7462 7461
f 7460 7461 7462
f 7461 7463 7460
f 7461 7460 7463
f 7464 7466 7465
f 7464 7465 7466
f 7465 7467 7464
f 7465 7464 7467
f 7468 7470 7469
f 7468 7469 7470
f 7469 7471 7468
f 7469 7468 7471
f 7472 7474 7473
f 7472 7473 7474
f 7473 7475 7472
f 7473 7472 7475
f 7476 7478 7477
f 7476 7477 7478
f 7477 7479 7476
f 7477 7476 7479
f 7480 7482 7481
f 7480 7481 7482
f 7481 7483 7480
f 7481 7480 7483
f 7484 7486 7485
f 7484 7485 7486
f 7485 7487 7484
f 7485 7484 7487
f 7488 7490 7489
f 7488 7489 7490
f 7489 7491 7488
f 7489 7488 7491
f 7492 7494 7493
f 7492 7493 7494
f 7493 7495 7492
f 7493 7492 7495
f 7496 7498 7497
f 7496 7497 7498
f 7497 7499 7496
f 7497 7496 7499
f 7500 7502 7501
f 7500 7501 7502
f 7501 7503 7500
f 7501 7500 7503
f 7504 7506 7505
f 7504 7505 7506
f 7505 7507 7504
f 7505 7504 7507
f 7508 7510 7509
f 7508 7509 7510
f 7509 7511 7508
f 7509 7508 7511
f 7512 7514 7513
f 7512 7513 7514
f 7513 7515 7512
f 7513 7512 7515
f 7516 7518 7517
f 7516 7517 7518
f 7517 7519 7516
f 7517 7516 7519
f 7520 7522 7521
f 7520 7521 7522
f 7521 7523 7520
f 7521 7520 7523
f 7549 7551 7550
f 7549 7550 7551
f 7550 7552 7549
f 7550 7549 7552
f 7553 7555 7554
f 7553 7554 7555
f 7554 7556 7553
f 7554 7553 7556
f 7557 7559 7558
f 7557 7558 7559
f 7558 7560 7557
f 7558 7557 7560
f 7561 7563 7562
f 7561 7562 7563
f 7562 7564 7561
f 7562 7561 7564
f 7565 7567 7566
f 7565 7566 7567
f 7566 7568 7565
f 7566 7565 7568
f 7569 7571 7570
f 7569 7570 7571
f 7570 7572 7569
f 7570 7569 7572
f 7573 7575 7574
f 7573 7574 7575
f 7574 7576 7573
f 7574 7573 7576
f 7577 7579 7578
f 7577 7578 7579
f 7578 7580 7577
f 7578 7577 7580
f 7581 7583 7582
f 7581 7582 7583
f 7582 7584 7581
f 7582 7581 7584
f 7585 7587 7586
f 7585 7586 7587
f 7586 7588 7585
f 7586 7585 7588
f 7589 7591 7590
f 7589 7590 7591
f 7590 7592 7589
f 7590 7589 7592
f 7593 7595 7594
f 7593 7594 7595
f 7594 7596 7593
f 7594 7593 7596
f 7597 7599 7598
f 7597 7598 7599
f 7598 7600 7597
f 7598 7597 7600
f 7601 7603 7602
f 7601 7602 7603
f 7602 7604 7601
f 7602 7601 7604
f 7605 7607 7606
f 7605 7606 7607
f 7606 7608 7605
f 7606 7605 7608
f 7609 7611 7610
f 7609 7610 7611
f 7610 7612 7609
f 7610 7609 7612
f 7626 7628 7627
f 7626 7627 7628
f 7627 7629 7626
f 7627 7626 7629
f 7630 7632 7631
f 7630 7631 7632
f 7631 7633 7630
f 7631 7630 7633
f 7634 7636 7635
f 7634 7635 7636
f 7635 7637 7634
f 7635 7634 7637
f 7638 7640 7639
f 7638 7639 7640
f 7639 7641 7638
f 7639 7638 7641
f 7642 7644 7643
f 7642 7643 7644
f 7643 7645 7642
f 7643 7642 7645
f 7646 7648 7647
f 7646 7647 7648
f 7647 7649 7646
f 7647 7646 7649
f 7650 7652 7651
f 7650 7651 7652
f 7651 7653 7650
f 7651 7650 7653
f 7654 7656 7655
f 7654 7655 7656
f 7655 7657 7654
f 7655 7654 7657
f 7658 7660 7659
f 7658 7659 7660
f 7659 7661 7658
f 7659 7658 7661
f 7662 7664 7663
f 7662 7663 7664
f 7663 7665 7662
f 7663 7662 7665
f 7666 7668 7667
f 7666 7667 7668
f 7667 7669 7666
f 7667 7666 7669
f 7670 7672 7671
f 7670 7671 7672
f 7671 7673 7670
f 7671 7670 7673
f 7686 7688 7687
f 7686 7687 7688
f 7687 7689 7686
f 7687 7686 7689
f 7690 7692 7691
f 7690 7691 7692
f 7691 7693 7690
f 7691 7690 7693
f 7694 7696 7695
f 7694 7695 7696
f 7695 7697 7694
f 7695 7694 7697
f 7698 7700 7699
f 7698 7699 7700
f 7699 7701 7698
f 7699 7698 7701
f 7702 7704 7703
f 7702 7703 7704
f 7703 7705 7702
f 7703 7702 7705
f 7706 7708 7707
f 7706 7707 7708
f 7707 7709 7706
f 7707 7706 7709
f 7710 7712 7711
f 7710 7711 7712
f 7711 7713 7710
f 7711 7710 7713
f 7714 7716 7715
f 7714 7715 7716
f 7715 7717 7714
f 7715 7714 7717
f 7718 7720 7719
f 7718 7719 7720
f 7719 7721 7718
f 7719 7718 7721
f 7722 7724 7723
f 7722 7723 7724
f 7723 7725 7722
f 7723 7722 7725
f 7726 7728 7727
f 7726 7727 7728
f 7727 7729 7726
f 7727 7726 7729
f 7730 7732 7731
f 7730 7731 7732
f 7731 7733 7730
f 7731 7730 7733
f 7734 7736 7735
f 7734 7735 7736
f 7735 7737 7734
f 7735 7734 7737
f 7738 7740 7739
f 7738 7739 7740
f 7739 7741 7738
f 7739 7738 7741
f 7742 7744 7743
f 7742 7743 7744
f 7743 7745 7742
f 7743 7742 7745
f 7746 7748 7747
f 7746 7747 7748
f 7747 7749 7746
f 7747 7746 7749
f 7787 7789 7788
f 7787 7788 7789
f 7788 7790 7787
f 7788 7787 7790
f 7791 7793 7792
f 7791 7792 7793
f 7792 7794 7791
f 7792 7791 7794
f 7795 7797 7796
f 7795 7796 7797
f 7796 7798 7795
f 7796 7795 7798
f 7799 7801 7800
f 7799 7800 7801
f 7800 7802 7799
f 7800 7799 7802
f 7803 7805 7804
f 7803 7804 7805
f 7804 7806 7803
f 7804 7803 7806
f 7807 7809 7808
f 7807 7808 7809
f 7808 7810 7807
f 7808 7807 7810
f 7811 7813 7812
f 7811 7812 7813
f 7812 7814 7811
f 7812 7811 7814
f 7815 7817 7816
f 7815 7816 7817
f 7816 7818 7815
f 7816 7815 7818
f 7819 7821 7820
f 7819 7820 7821
f 7820 7822 7819
f 7820 7819 7822
f 7823 7825 7824
f 7823 7824 7825
f 7824 7826 7823
f 7824 7823 7826
f 7827 7829 7828
f 7827 7828 7829
f 7828 7830 7827
f 7828 7827 7830
f 7831 7833 7832
f 7831 7832 7833
f 7832 7834 7831
f 7832 7831 7834
f 7835 7837 7836
f 7835 7836 7837
f 7836 7838 7835
f 7836 7835 7838
f 7839 7841 7840
f 7839 7840 7841
f 7840 7842 7839
f 7840 7839 7842
f 7843 7845 7844
f 7843 7844 7845
f 7844 7846 7843
f 7844 7843 7846
f 7847 7849 7848
f 7847 7848 7849
f 7848 7850 7847
f 7848 7847 7850
f 7864 7866 7865
f 7864 7865 7866
f 7865 7867 7864
f 7865 7864 7867
f 7868 7870 7869
f 7868 7869 7870
f 7869 7871 7868
f 7869 7868 7871
f 7872 7874 7873
f 7872 7873 7874
f 7873 7875 7872
f 7873 7872 7875
f 7876 7878 7877
f 7876 7877 7878
f 7877 7879 7876
f 7877 7876 7879
f 7880 7882 7881
f 7880 7881 7882
f 7881 7883 7880
f 7881 7880 7883
f 7884 7886 7885
f 7884 7885 7886
f 7885 7887 7884
f 7885 7884 7887
f 7888 7890 7889
f 7888 7889 7890
f 7889 7891 7888
f 7889 7888 7891
f 7892 7894 7893
f 7892 7893 7894
f 7893 7895 7892
f 7893 7892 7895
f 7908 7910 7909
f 7908 7909 7910
f 7909 7911 7908
f 7909 7908 7911
f 7912 7914 7913
f 7912 7913 7914
f 7913 7915 7912
f 7913 7912 7915
f 7916 7918 7917
f 7916 7917 7918
f 7917 7919 7916
f 7917 7916 7919
f 7920 7922 7921
f 7920 7921 7922
f 7921 7923 7920
f 7921 7920 7923
f 7924 7926 7925
f 7924 7925 7926
f 7925 7927 7924
f 7925 7924 7927
f 7928 7930 7929
f 7928 7929 7930
f 7929 7931 7928
f 7929 7928 7931
f 7932 7934 7933
f 7932 7933 7934
f 7933 7935 7932
f 7933 7932 7935
f 7936 7938 7937
f 7936 7937 7938
f 7937 7939 7936
f 7937 7936 7939
f 7940 7942 7941
f 7940 7941 7942
f 7941 7943 7940
f 7941 7940 7943
f 7944 7946 7945
f 7944 7945 7946
f 7945 7947 7944
f 7945 7944 7947
f 7948 7950 7949
f 7948 7949 7950
f 7949 7951 7948
f 7949 7948 7951
f 7952 7954 7953
f 7952 7953 7954
f 7953 7955 7952
f 7953 7952 7955
f 7969 7971 7970
f 7969 7970 7971
f 7970 7972 7969
f 7970 7969 7972
f 7973 7975 7974
f 7973 7974 7975
f 7974 7976 7973
f 7974 7973 7976
f 7977 7979 7978
f 7977 7978 7979
f 7978 7980 7977
f 7978 7977 7980
f 7981 7983 7982
f 7981 7982 7983
f 7982 7984 7981
f 7982 7981 7984
f 7985 7987 7986
f 7985 7986 7987
f 7986 7988 7985
f 7986 7985 7988
f 7989 7991 7990
f 7989 7990 7991
f 7990 7992 7989
f 7990 7989 7992
f 7993 7995 7994
f 7993 7994 7995
f 7994 7996 7993
f 7994 7993 7996
f 7997 7999 7998
f 7997 7998 7999
f 7998 8000 7997
f 7998 7997 8000
f 8001 8003 8002
f 8001 8002 8003
f 8002 8004 8001
f 8002 8001 8004
f 8005 8007 8006
f 8005 8006 8007
f 8006 8008 8005
f 8006 8005 8008
f 8009 8011 8010
f 8009 8010 8011
f 8010 8012 8009
f 8010 8009 8012
f 8013 8015 8014
f 8013 8014 8015
f 8014 8016 8013
f 8014 8013 8016
f 8041 8043 8042
f 8041 8042 8043
f 8042 8044 8041
f 8042 8041 8044
f 8045 8047 8046
f 8045 8046 8047
f 8046 8048 8045
f 8046 8045 8048
f 8049 8051 8050
f 8049 8050 8051
f 8050 8052 8049
f 8050 8049 8052
f 8053 8055 8054
f 8053 8054 8055
f 8054 8056 8053
f 8054 8053 8056
f 8057 8059 8058
f 8057 8058 8059
f 8058 8060 8057
f 8058 8057 8060
f 8061 8063 8062
f 8061 8062 8063
f 8062 8064 8061
f 8062 8061 8064
f 8065 8067 8066
f 8065 8066 8067
f 8066 8068 8065
f 8066 8065 8068
f 8069 8071 8070
f 8069 8070 8071
f 8070 8072 8069
f 8070 8069 8072
f 8073 8075 8074
f 8073 8074 8075
f 8074 8076 8073
f 8074 8073 8076
f 8077 8079 8078
f 8077 8078 8079
f 8078 8080 8077
f 8078 8077 8080
f 8081 8083 8082
f 8081 8082 8083
f 8082 8084 8081
f 8082 8081 8084
f 8085 8087 8086
f 8085 8086 8087
f 8086 8088 8085
f 8086 8085 8088
f 8089 8091 8090
f 8089 8090 8091
f 8090 8092 8089
f 8090 8089 8092
f 8093 8095 8094
f 8093 8094 8095
f 8094 8096 8093
f 8094 8093 8096
f 8097 8099 8098
f 8097 8098 8099
f 8098 8100 8097
f 8098 8097 8100
f 8101 8103 8102
f 8101 8102 8103
f 8102 8104 8101
f 8102 8101 8104
f 8117 8119 8118
f 8117 8118 8119
f 8118 8120 8117
f 8118 8117 8120
f 8121 8123 8122
f 8121 8122 8123
f 8122 8124 8121
f 8122 8121 8124
f 8125 8127 8126
f 8125 8126 8127
f 8126 8128 8125
f 8126 8125 8128
f 8129 8131 8130
f 8129 8130 8131
f 8130 8132 8129
f 8130 8129 8132
f 8133 8135 8134
f 8133 8134 8135
f 8134 8136 8133
f 8134 8133 8136
f 8137 8139 8138
f 8137 8138 8139
f 8138 8140 8137
f 8138 8137 8140
f 8141 8143 8142
f 8141 8142 8143
f 8142 8144 8141
f 8142 8141 8144
f 8145 8147 8146
f 8145 8146 8147
f 8146 8148 8145
f 8146 8145 8148
f 8149 8151 8150
f 8149 8150 8151
f 8150 8152 8149
f 8150 8149 8152
f 8153 8155 8154
f 8153 8154 8155
f 8154 8156 8153
f 8154 8153 8156
f 8157 8159 8158
f 8157 8158 8159
f 8158 8160 8157
f 8158 8157 8160
f 8161 8163 8162
f 8161 8162 8163
f 8162 8164 8161
f 8162 8161 8164
f 8165 8167 8166
f 8165 8166 8167
f 8166 8168 8165
f 8166 8165 8168
f 8169 8171 8170
f 8169 8170 8171
f 8170 8172 8169
f 8170 8169 8172
f 8173 8175 8174
f 8173 8174 8175
f 8174 8176 8173
f 8174 8173 8176
f 8177 8179 8178
f 8177 8178 8179
f 8178 8180 8177
f 8178 8177 8180
f 8193 8195 8194
f 8193 8194 8195
f 8194 8196 8193
f 8194 8193 8196
f 8197 8199 8198
f 8197 8198 8199
f 8198 8200 8197
f 8198 8197 8200
f 8201 8203 8202
f 8201 8202 8203
f 8202 8204 8201
f 8202 8201 8204
f 8205 8207 8206
f 8205 8206 8207
f 8206 8208 8205
f 8206 8205 8208
f 8209 8211 8210
f 8209 8210 8211
f 8210 8212 8209
f 8210 8209 8212
f 8213 8215 8214
f 8213 8214 8215
f 8214 8216 8213
f 8214 8213 8216
f 8217 8219 8218
f 8217 8218 8219
f 8218 8220 8217
f 8218 8217 8220
f 8221 8223 8222
f 8221 8222 8223
f 8222 8224 8221
f 8222 8221 8224
f 8225 8227 8226
f 8225 8226 8227
f 8226 8228 8225
f 8226 8225 8228
f 8229 8231 8230
f 8229 8230 8231
f 8230 8232 8229
f 8230 8229 8232
f 8233 8235 8234
f 8233 8234 8235
f 8234 8236 8233
f 8234 8233 8236
f 8237 8239 8238
f 8237 8238 8239
f 8238 8240 8237
f 8238 8237 8240
f 8241 8243 8242
f 8241 8242 8243
f 8242 8244 8241
f 8242 8241 8244
f 8245 8247 8246
f 8245 8246 8247
f 8246 8248 8245
f 8246 8245 8248
f 8249 8251 8250
f 8249 8250 8251
f 8250 8252 8249
f 8250 8249 8252
f 8253 8255 8254
f 8253 8254 8255
f 8254 8256 8253
f 8254 8253 8256
f 8269 8271 8270
f 8269 8270 8271
f 8270 8272 8269
f 8270 8269 8272
f 8273 8275 8274
f 8273 8274 8275
f 8274 8276 8273
f 8274 8273 8276
f 8277 8279 8278
f 8277 8278 8279
f 8278 8280 8277
f 8278 8277 8280
f 8281 8283 8282
f 8281 8282 8283
f 8282 8284 8281
f 8282 8281 8284
f 8285 8287 8286
f 8285 8286 8287
f 8286 8288 8285
f 8286 8285 8288
f 8289 8291 8290
f 8289 8290 8291
f 8290 8292 8289
f 8290 8289 8292
f 8293 8295 8294
f 8293 8294 8295
f 8294 8296 8293
f 8294 8293 8296
f 8297 8299 8298
f 8297 8298 8299
f 8298 8300 8297
f 8298 8297 8300
f 8301 8303 8302
f 8301 8302 8303
f 8302 8304 8301
f 8302 8301 8304
f 8305 8307 8306
f 8305 8306 8307
f 8306 8308 8305
f 8306 8305 8308
f 8309 8311 8310
f 8309 8310 8311
f 8310 8312 8309
f 8310 8309 8312
f 8313 8315 8314
f 8313 8314 8315
f 8314 8316 8313
f 8314 8313 8316
f 8317 8319 8318
f 8317 8318 8319
f 8318 8320 8317
f 8318 8317 8320
f 8321 8323 8322
f 8321 8322 8323
f 8322 8324 8321
f 8322 8321 8324
f 8325 8327 8326
f 8325 8326 8327
f 8326 8328 8325
f 8326 8325 8328
f 8329 8331 8330
f 8329 8330 8331
f 8330 8332 8329
f 8330 8329 8332
f 8381 8383 8382
f 8381 8382 8383
f 8382 8384 8381
f 8382 8381 8384
f 8385 8387 8386
f 8385 8386 8387
f 8386 8388 8385
f 8386 8385 8388
f 8389 8391 8390
f 8389 8390 8391
f 8390 8392 8389
f 8390 8389 8392
f 8393 8395 8394
f 8393 8394 8395
f 8394 8396 8393
f 8394 8393 8396
f 8397 8399 8398
f 8397 8398 8399
f 8398 8400 8397
f 8398 8397 8400
f 8401 8403 8402
f 8401 8402 8403
f 8402 8404 8401
f 8402 8401 8404
f 8405 8407 8406
f 8405 8406 8407
f 8406 8408 8405
f 8406 8405 8408
f 8409 8411 8410
f 8409 8410 8411
f 8410 8412 8409
f 8410 8409 8412
f 8413 8415 8414
f 8413 8414 8415
f 8414 8416 8413
f 8414 8413 8416
f 8417 8419 8418
f 8417 8418 8419
f 8418 8420 8417
f 8418 8417 8420
f 8421 8423 8422
f 8421 8422 8423
f 8422 8424 8421
f 8422 8421 8424
f 8425 8427 8426
f 8425 8426 8427
f 8426 8428 8425
f 8426 8425 8428
f 8442 8444 8443
f 8442 8443 8444
f 8443 8445 8442
f 8443 8442 8445
f 8446 8448 8447
f 8446 8447 8448
f 8447 8449 8446
f 8447 8446 8449
f 8450 8452 8451
f 8450 8451 8452
f 8451 8453 8450
f 8451 8450 8453
f 8454 8456 8455
f 8454 8455 8456
f 8455 8457 8454
f 8455 8454 8457
f 8458 8460 8459
f 8458 8459 8460
f 8459 8461 8458
f 8459 8458 8461
f 8462 8464 8463
f 8462 8463 8464
f 8463 8465 8462
f 8463 8462 8465
f 8466 8468 8467
f 8466 8467 8468
f 8467 8469 8466
f 8467 8466 8469
f 8470 8472 8471
f 8470 8471 8472
f 8471 8473 8470
f 8471 8470 8473
f 8474 8476 8475
f 8474 8475 8476
f 8475 8477 8474
f 8475 8474 8477
f 8478 8480 8479
f 8478 8479 8480
f 8479 8481 8478
f 8479 8478 8481
f 8482 8484 8483
f 8482 8483 8484
f 8483 8485 8482
f 8483 8482 8485
f 8486 8488 8487
f 8486 8487 8488
f 8487 8489 8486
f 8487 8486 8489
f 8502 8504 8503
f 8502 8503 8504
f 8503 8505 8502
f 8503 8502 8505
f 8506 8508 8507
f 8506 8507 8508
f 8507 8509 8506
f 8507 8506 8509
f 8510 8512 8511
f 8510 8511 8512
f 8511 8513 8510
f 8511 8510 8513
f 8514 8516 8515
f 8514 8515 8516
f 8515 8517 8514
f 8515 8514 8517
f 8518 8520 8519
f 8518 8519 8520
f 8519 8521 8518
f 8519 8518 8521
f 8522 8524 8523
f 8522 8523 8524
f 8523 8525 8522
f 8523 8522 8525
f 8526 8528 8527
f 8526 8527 8528
f 8527 8529 8526
f 8527 8526 8529
f 8530 8532 8531
f 8530 8531 8532
f 8531 8533 8530
f 8531 8530 8533
f 8534 8536 8535
f 8534 8535 8536
f 8535 8537 8534
f 8535 8534 8537
f 8538 8540 8539
f 8538 8539 8540
f 8539 8541 8538
f 8539 8538 8541
f 8542 8544 8543
f 8542 8543 8544
f 8543 8545 8542
f 8543 8542 8545
f 8546 8548 8547
f 8546 8547 8548
f 8547 8549 8546
f 8547 8546 8549
f 8550 8552 8551
f 8550 8551 8552
f 8551 8553 8550
f 8551 8550 8553
f 8554 8556 8555
f 8554 8555 8556
f 8555 8557 8554
f 8555 8554 8557
f 8558 8560 8559
f 8558 8559 8560
f 8559 8561 8558
f 8559 8558 8561
f 8562 8564 8563
f 8562 8563 8564
f 8563 8565 8562
f 8563 8562 8565
f 8578 8580 8579
f 8578 8579 8580
f 8579 8581 8578
f 8579 8578 8581
f 8582 8584 8583
f 8582 8583 8584
f 8583 8585 8582
f 8583 8582 8585
f 8586 8588 8587
f 8586 8587 8588
f 8587 8589 8586
f 8587 8586 8589
f 8590 8592 8591
f 8590 8591 8592
f 8591 8593 8590
f 8591 8590 8593
f 8594 8596 8595
f 8594 8595 8596
f 8595 8597 8594
f 8595 8594 8597
f 8598 8600 8599
f 8598 8599 8600
f 8599 8601 8598
f 8599 8598 8601
f 8602 8604 8603
f 8602 8603 8604
f 8603 8605 8602
f 8603 8602 8605
f 8606 8608 8607
f 8606 8607 8608
f 8607 8609 8606
f 8607 8606 8609
f 8610 8612 8611
f 8610 8611 8612
f 8611 8613 8610
f 8611 8610 8613
f 8614 8616 8615
f 8614 8615 8616
f 8615 8617 8614
f 8615 8614 8617
f 8618 8620 8619
f 8618 8619 8620
f 8619 8621 8618
f 8619 8618 8621
f 8622 8624 8623
f 8622 8623 8624
f 8623 8625 8622
f 8623 8622 8625
f 8626 8628 8627
f 8626 8627 8628
f 8627 8629 8626
f 8627 8626 8629
f 8630 8632 8631
f 8630 8631 8632
f 8631 8633 8630
f 8631 8630 8633
f 8634 8636 8635
f 8634 8635 8636
f 8635 8637 8634
f 8635 8634 8637
f 8638 8640 8639
f 8638 8639 8640
f 8639 8641 8638
f 8639 8638 8641
f 8668 8670 8669
f 8668 8669 8670
f 8669 8671 8668
f 8669 8668 8671
f 8672 8674 8673
f 8672 8673 8674
f 8673 8675 8672
f 8673 8672 8675
f 8676 8678 8677
f 8676 8677 8678
f 8677 8679 8676
f 8677 8676 8679
f 8680 8682 8681
f 8680 8681 8682
f 8681 8683 8680
f 8681 8680 8683
f 8684 8686 8685
f 8684 8685 8686
f 8685 8687 8684
f 8685 8684 8687
f 8688 8690 8689
f 8688 8689 8690
f 8689 8691 8688
f 8689 8688 8691
f 8692 8694 8693
f 8692 8693 8694
f 8693 8695 8692
f 8693 8692 8695
f 8696 8698 8697
f 8696 8697 8698
f 8697 8699 8696
f 8697 8696 8699
f 8700 8702 8701
f 8700 8701 8702
f 8701 8703 8700
f 8701 8700 8703
f 8704 8706 8705
f 8704 8705 8706
f 8705 8707 8704
f 8705 8704 8707
f 8708 8710 8709
f 8708 8709 8710
f 8709 8711 8708
f 8709 8708 8711
f 8712 8714 8713
f 8712 8713 8714
f 8713 8715 8712
f 8713 8712 8715
f 8729 8731 8730
f 8729 8730 8731
f 8730 8732 8729
f 8730 8729 8732
f 8733 8735 8734
f 8733 8734 8735
f 8734 8736 8733
f 8734 8733 8736
f 8737 8739 8738
f 8737 8738 8739
f 8738 8740 8737
f 8738 8737 8740
f 8741 8743 8742
f 8741 8742 8743
f 8742 8744 8741
f 8742 8741 8744
f 8745 8747 8746
f 8745 8746 8747
f 8746 8748 8745
f 8746 8745 8748
f 8749 8751 8750
f 8749 8750 8751
f 8750 8752 8749
f 8750 8749 8752
f 8753 8755 8754
f 8753 8754 8755
f 8754 8756 8753
f 8754 8753 8756
f 8757 8759 8758
f 8757 8758 8759
f 8758 8760 8757
f 8758 8757 8760
f 8761 8763 8762
f 8761 8762 8763
f 8762 8764 8761
f 8762 8761 8764
f 8765 8767 8766
f 8765 8766 8767
f 8766 8768 8765
f 8766 8765 8768
f 8769 8771 8770
f 8769 8770 8771
f 8770 8772 8769
f 8770 8769 8772
f 8773 8775 8774
f 8773 8774 8775
f 8774 8776 8773
f 8774 8773 8776
f 8790 8792 8791
f 8790 8791 8792
f 8791 8793 8790
f 8791 8790 8793
f 8794 8796 8795
f 8794 8795 8796
f 8795 8797 8794
f 8795 8794 8797
f 8798 8800 8799
f 8798 8799 8800
f 8799 8801 8798
f 8799 8798 8801
f 8802 8804 8803
f 8802 8803 8804
f 8803 8805 8802
f 8803 8802 8805
f 8806 8808 8807
f 8806 8807 8808
f 8807 8809 8806
f 8807 8806 8809
f 8810 8812 8811
f 8810 8811 8812
f 8811 8813 8810
f 8811 8810 8813
f 8814 8816 8815
f 8814 8815 8816
f 8815 8817 8814
f 8815 8814 8817
f 8818 8820 8819
f 8818 8819 8820
f 8819 8821 8818
f 8819 8818 8821
f 8847 8849 8848
f 8847 8848 8849
f 8848 8850 8847
f 8848 8847 8850
f 8851 8853 8852
f 8851 8852 8853
f 8852 8854 8851
f 8852 8851 8854
f 8855 8857 8856
f 8855 8856 8857
f 8856 8858 8855
f 8856 8855 8858
f 8859 8861 8860
f 8859 8860 8861
f 8860 8862 8859
f 8860 8859 8862
f 8863 8865 8864
f 8863 8864 8865
f 8864 8866 8863
f 8864 8863 8866
f 8867 8869 8868
f 8867 8868 8869
f 8868 8870 8867
f 8868 8867 8870
f 8871 8873 8872
f 8871 8872 8873
f 8872 8874 8871
f 8872 8871 8874
f 8875 8877 8876
f 8875 8876 8877
f 8876 8878 8875
f 8876 8875 8878
f 8879 8881 8880
f 8879 8880 8881
f 8880 8882 8879
f 8880 8879 8882
f 8883 8885 8884
f 8883 8884 8885
f 8884 8886 8883
f 8884 8883 8886
f 8887 8889 8888
f 8887 8888 8889
f 8888 8890 8887
f 8888 8887 8890
f 8891 8893 8892
f 8891 8892 8893
f 8892 8894 8891
f 8892 8891 8894
f 8907 8909 8908
f 8907 8908 8909
f 8908 8910 8907
f 8908 8907 8910
f 8911 8913 8912
f 8911 8912 8913
f 8912 8914 8911
f 8912 8911 8914
f 8915 8917 8916
f 8915 8916 8917
f 8916 8918 8915
f 8916 8915 8918
f 8919 8921 8920
f 8919 8920 8921
f 8920 8922 8919
f 8920 8919 8922
f 8923 8925 8924
f 8923 8924 8925
f 8924 8926 8923
f 8924 8923 8926
f 8927 8929 8928
f 8927 8928 8929
f 8928 8930 8927
f 8928 8927 8930
f 8931 8933 8932
f 8931 8932 8933
f 8932 8934 8931
f 8932 8931 8934
f 8935 8937 8936
f 8935 8936 8937
f 8936 8938 8935
f 8936 8935 8938
f 8939 8941 8940
f 8939 8940 8941
f 8940 8942 8939
f 8940 8939 8942
f 8943 8945 8944
f 8943 8944 8945
f 8944 8946 8943
f 8944 8943 8946
f 8947 8949 8948
f 8947 8948 8949
f 8948 8950 8947
f 8948 8947 8950
f 8951 8953 8952
f 8951 8952 8953
f 8952 8954 8951
f 8952 8951 8954
f 8955 8957 8956
f 8955 8956 8957
f 8956 8958 8955
f 8956 8955 8958
f 8959 8961 8960
f 8959 8960 8961
f 8960 8962 8959
f 8960 8959 8962
f 8963 8965 8964
f 8963 8964 8965
f 8964 8966 8963
f 8964 8963 8966
f 8967 8969 8968
f 8967 8968 8969
f 8968 8970 8967
f 8968 8967 8970
f 8983 8985 8984
f 8983 8984 8985
f 8984 8986 8983
f 8984 8983 8986
f 8987 8989 8988
f 8987 8988 8989
f 8988 8990 8987
f 8988 8987 8990
f 8991 8993 8992
f 8991 8992 8993
f 8992 8994 8991
f 8992 8991 8994
f 8995 8997 8996
f 8995 8996 8997
f 8996 8998 8995
f 8996 8995 8998
f 8999 9001 9000
f 8999 9000 9001
f 9000 9002 8999
f 9000 8999 9002
f 9003 9005 9004
f 9003 9004 9005
f 9004 9006 9003
f 9004 9003 9006
f 9007 9009 9008
f 9007 9008 9009
f 9008 9010 9007
f 9008 9007 9010
f 9011 9013 9012
f 9011 9012 9013
f 9012 9014 9011
f 9012 9011 9014
f 9015 9017 9016
f 9015 9016 9017
f 9016 9018 9015
f 9016 9015 9018
f 9019 9021 9020
f 9019 9020 9021
f 9020 9022 9019
f 9020 9019 9022
f 9023 9025 9024
f 9023 9024 9025
f 9024 9026 9023
f 9024 9023 9026
f 9027 9029 9028
f 9027 9028 9029
f 9028 9030 9027
f 9028 9027 9030
f 9031 9033 9032
f 9031 9032 9033
f 9032 9034 9031
f 9032 9031 9034
f 9035 9037 9036
f 9035 9036 9037
f 9036 9038 9035
f 9036 9035 9038
f 9039 9041 9040
f 9039 9040 9041
f 9040 9042 9039
f 9040 9039 9042
f 9043 9045 9044
f 9043 9044 9045
f 9044 9046 9043
f 9044 9043 9046
f 9072 9074 9073
f 9072 9073 9074
f 9073 9075 9072
f 9073 9072 9075
f 9076 9078 9077
f 9076 9077 9078
f 9077 9079 9076
f 9077 9076 9079
f 9080 9082 9081
f 9080 9081 9082
f 9081 9083 9080
f 9081 9080 9083
f 9084 9086 9085
f 9084 9085 9086
f 9085 9087 9084
f 9085 9084 9087
f 9088 9090 9089
f 9088 9089 9090
f 9089 9091 9088
f 9089 9088 9091
f 9092 9094 9093
f 9092 9093 9094
f 9093 9095 9092
f 9093 9092 9095
f 9096 9098 9097
f 9096 9097 9098
f 9097 9099 9096
f 9097 9096 9099
f 9100 9102 9101
f 9100 9101 9102
f 9101 9103 9100
f 9101 9100 9103
f 9104 9106 9105
f 9104 9105 9106
f 9105 9107 9104
f 9105 9104 9107
f 9108 9110 9109
f 9108 9109 9110
f 9109 9111 9108
f 9109 9108 9111
f 9112 9114 9113
f 9112 9113 9114
f 9113 9115 9112
f 9113 9112 9115
f 9116 9118 9117
f 9116 9117 9118
f 9117 9119 9116
f 9117 9116 9119
f 9120 9122 9121
f 9120 9121 9122
f 9121 9123 9120
f 9121 9120 9123
f 9124 9126 9125
f 9124 9125 9126
f 9125 9127 9124
f 9125 9124 9127
f 9128 9130 9129
f 9128 9129 9130
f 9129 9131 9128
f 9129 9128 9131
f 9132 9134 9133
f 9132 9133 9134
f 9133 9135 9132
f 9133 9132 9135
f 9148 9150 9149
f 9148 9149 9150
f 9149 9151 9148
f 9149 9148 9151
f 9152 9154 9153
f 9152 9153 9154
f 9153 9155 9152
f 9153 9152 9155
f 9156 9158 9157
f 9156 9157 9158
f 9157 9159 9156
f 9157 9156 9159
f 9160 9162 9161
f 9160 9161 9162
f 9161 9163 9160
f 9161 9160 9163
f 9164 9166 9165
f 9164 9165 9166
f 9165 9167 9164
f 9165 9164 9167
f 9168 9170 9169
f 9168 9169 9170
f 9169 9171 9168
f 9169 9168 9171
f 9172 9174 9173
f 9172 9173 9174
f 9173 9175 9172
f 9173 9172 9175
f 9176 9178 9177
f 9176 9177 9178
f 9177 9179 9176
f 9177 9176 9179
f 9180 9182 9181
f 9180 9181 9182
f 9181 9183 9180
f 9181 9180 9183
f 9184 9186 9185
f 9184 9185 9186
f 9185 9187 9184
f 9185 9184 9187
f 9188 9190 9189
f 9188 9189 9190
f 9189 9191 9188
f 9189 9188 9191
f 9192 9194 9193
f 9192 9193 9194
f 9193 9195 9192
f 9193 9192 9195
f 9208 9210 9209
f 9208 9209 9210
f 9209 9211 9208
f 9209 9208 9211
f 9212 9214 9213
f 9212 9213 9214
f 9213 9215 9212
f 9213 9212 9215
f 9216 9218 9217
f 9216 9217 9218
f 9217 9219 9216
f 9217 9216 9219
f 9220 9222 9221
f 9220 9221 9222
f 9221 9223 9220
f 9221 9220 9223
f 9224 9226 9225
f 9224 9225 9226
f 9225 9227 9224
f 9225 9224 9227
f 9228 9230 9229
f 9228 9229 9230
f 9229 9231 9228
f 9229 9228 9231
f 9232 9234 9233
f 9232 9233 9234
f 9233 9235 9232
f 9233 9232 9235
f 9236 9238 9237
f 9236 9237 9238
f 9237 9239 9236
f 9237 9236 9239
f 9240 9242 9241
f 9240 9241 9242
f 9241 9243 9240
f 9241 9240 9243
f 9244 9246 9245
f 9244 9245 9246
f 9245 9247 9244
f 9245 9244 9247
f 9248 9250 9249
f 9248 9249 9250
f 9249 9251 9248
f 9249 9248 9251
f 9252 9254 9253
f 9252 9253 9254
f 9253 9255 9252
f 9253 9252 9255
f 9256 9258 9257
f 9256 9257 9258
f 9257 9259 9256
f 9257 9256 9259
f 9260 9262 9261
f 9260 9261 9262
f 9261 9263 9260
f 9261 9260 9263
f 9264 9266 9265
f 9264 9265 9266
f 9265 9267 9264
f 9265 9264 9267
f 9268 9270 9269
f 9268 9269 9270
f 9269 9271 9268
f 9269 9268 9271
f 9310 9312 9311
f 9310 9311 9312
f 9311 9313 9310
f 9311 9310 9313
f 9314 9316 9315
f 9314 9315 9316
f 9315 9317 9314
f 9315 9314 9317
f 9318 9320 9319
f 9318 9319 9320
f 9319 9321 9318
f 9319 9318 9321
f 9322 9324 9323
f 9322 9323 9324
f 9323 9325 9322
f 9323 9322 9325
f 9326 9328 9327
f 9326 9327 9328
f 9327 9329 9326
f 9327 9326 9329
f 9330 9332 9331
f 9330 9331 9332
f 9331 9333 9330
f 9331 9330 9333
f 9334 9336 9335
f 9334 9335 9336
f 9335 9337 9334
f 9335 9334 9337
f 9338 9340 9339
f 9338 9339 9340
f 9339 9341 9338
f 9339 9338 9341
f 9354 9356 9355
f 9354 9355 9356
f 9355 9357 9354
f 9355 9354 9357
f 9358 9360 9359
f 9358 9359 9360
f 9359 9361 9358
f 9359 9358 9361
f 9362 9364 9363
f 9362 9363 9364
f 9363 9365 9362
f 9363 9362 9365
f 9366 9368 9367
f 9366 9367 9368
f 9367 9369 9366
f 9367 9366 9369
f 9370 9372 9371
f 9370 9371 9372
f 9371 9373 9370
f 9371 9370 9373
f 9374 9376 9375
f 9374 9375 9376
f 9375 9377 9374
f 9375 9374 9377
f 9378 9380 9379
f 9378 9379 9380
f 9379 9381 9378
f 9379 9378 9381
f 9382 9384 9383
f 9382 9383 9384
f 9383 9385 9382
f 9383 9382 9385
f 9386 9388 9387
f 9386 9387 9388
f 9387 9389 9386
f 9387 9386 9389
f 9390 9392 9391
f 9390 9391 9392
f 9391 9393 9390
f 9391 9390 9393
f 9394 9396 9395
f 9394 9395 9396
f 9395 9397 9394
f 9395 9394 9397
f 9398 9400 9399
f 9398 9399 9400
f 9399 9401 9398
f 9399 9398 9401
f 9402 9404 9403
f 9402 9403 9404
f 9403 9405 9402
f 9403 9402 9405
f 9406 9408 9407
f 9406 9407 9408
f 9407 9409 9406
f 9407 9406 9409
f 9410 9412 9411
f 9410 9411 9412
f 9411 9413 9410
f 9411 9410 9413
f 9414 9416 9415
f 9414 9415 9416
f 9415 9417 9414
f 9415 9414 9417
f 9430 9432 9431
f 9430 9431 9432
f 9431 9433 9430
f 9431 9430 9433
f 9434 9436 9435
f 9434 9435 9436
f 9435 9437 9434
f 9435 9434 9437
f 9438 9440 9439
f 9438 9439 9440
f 9439 9441 9438
f 9439 9438 9441
f 9442 9444 9443
f 9442 9443 9444
f 9443 9445 9442
f 9443 9442 9445
f 9446 9448 9447
f 9446 9447 9448
f 9447 9449 9446
f 9447 9446 9449
f 9450 9452 9451
f 9450 9451 9452
f 9451 9453 9450
f 9451 9450 9453
f 9454 9456 9455
f 9454 9455 9456
f 9455 9457 9454
f 9455 9454 9457
f 9458 9460 9459
f 9458 9459 9460
f 9459 9461 9458
f 9459 9458 9461
f 9462 9464 9463
f 9462 9463 9464
f 9463 9465 9462
f 9463 9462 9465
f 9466 9468 9467
f 9466 9467 9468
f 9467 9469 9466
f 9467 9466 9469
f 9470 9472 9471
f 9470 9471 9472
f 9471 9473 9470
f 9471 9470 9473
f 9474 9476 9475
f 9474 9475 9476
f 9475 9477 9474
f 9475 9474 9477
f 9490 9492 9491
f 9490 9491 9492
f 9491 9493 9490
f 9491 9490 9493
f 9494 9496 9495
f 9494 9495 9496
f 9495 9497 9494
f 9495 9494 9497
f 9498 9500 9499
f 9498 9499 9500
f 9499 9501 9498
f 9499 9498 9501
f 9502 9504 9503
f 9502 9503 9504
f 9503 9505 9502
f 9503 9502 9505
f 9506 9508 9507
f 9506 9507 9508
f 9507 9509 9506
f 9507 9506 9509
f 9510 9512 9511
f 9510 9511 9512
f 9511 9513 9510
f 9511 9510 9513
f 9514 9516 9515
f 9514 9515 9516
f 9515 9517 9514
f 9515 9514 9517
f 9518 9520 9519
f 9518 9519 9520
f 9519 9521 9518
f 9519 9518 9521
f 9522 9524 9523
f 9522 9523 9524
f 9523 9525 9522
f 9523 9522 9525
f 9526 9528 9527
f 9526 9527 9528
f 9527 9529 9526
f 9527 9526 9529
f 9530 9532 9531
f 9530 9531 9532
f 9531 9533 9530
f 9531 9530 9533
f 9534 9536 9535
f 9534 9535 9536
f 9535 9537 9534
f 9535 9534 9537
f 9538 9540 9539
f 9538 9539 9540
f 9539 9541 9538
f 9539 9538 9541
f 9542 9544 9543
f 9542 9543 9544
f 9543 9545 9542
f 9543 9542 9545
f 9546 9548 9547
f 9546 9547 9548
f 9547 9549 9546
f 9547 9546 9549
f 9550 9552 9551
f 9550 9551 9552
f 9551 9553 9550
f 9551 9550 9553
f 9578 9580 9579
f 9578 9579 9580
f 9579 9581 9578
f 9579 9578 9581
f 9582 9584 9583
f 9582 9583 9584
f 9583 9585 9582
f 9583 9582 9585
f 9586 9588 9587
f 9586 9587 9588
f 9587 9589 9586
f 9587 9586 9589
f 9590 9592 9591
f 9590 9591 9592
f 9591 9593 9590
f 9591 9590 9593
f 9594 9596 9595
f 9594 9595 9596
f 9595 9597 9594
f 9595 9594 9597
f 9598 9600 9599
f 9598 9599 9600
f 9599 9601 9598
f 9599 9598 9601
f 9602 9604 9603
f 9602 9603 9604
f 9603 9605 9602
f 9603 9602 9605
f 9606 9608 9607
f 9606 9607 9608
f 9607 9609 9606
f 9607 9606 9609
f 9610 9612 9611
f 9610 9611 9612
f 9611 9613 9610
f 9611 9610 9613
f 9614 9616 9615
f 9614 9615 9616
f 9615 9617 9614
f 9615 9614 9617
f 9618 9620 9619
f 9618 9619 9620
f 9619 9621 9618
f 9619 9618 9621
f 9622 9624 9623
f 9622 9623 9624
f 9623 9625 9622
f 9623 9622 9625
f 9638 9640 9639
f 9638 9639 9640
f 9639 9641 9638
f 9639 9638 9641
f 9642 9644 9643
f 9642 9643 9644
f 9643 9645 9642
f 9643 9642 9645
f 9646 9648 9647
f 9646 9647 9648
f 9647 9649 9646
f 9647 9646 9649
f 9650 9652 9651
f 9650 9651 9652
f 9651 9653 9650
f 9651 9650 9653
f 9654 9656 9655
f 9654 9655 9656
f 9655 9657 9654
f 9655 9654 9657
f 9658 9660 9659
f 9658 9659 9660
f 9659 9661 9658
f 9659 9658 9661
f 9662 9664 9663
f 9662 9663 9664
f 9663 9665 9662
f 9663 9662 9665
f 9666 9668 9667
f 9666 9667 9668
f 9667 9669 9666
f 9667 9666 9669
f 9670 9672 9671
f 9670 9671 9672
f 9671 9673 9670
f 9671 9670 9673
f 9674 9676 9675
f 9674 9675 9676
f 9675 9677 9674
f 9675 9674 9677
f 9678 9680 9679
f 9678 9679 9680
f 9679 9681 9678
f 9679 9678 9681
f 9682 9684 9683
f 9682 9683 9684
f 9683 9685 9682
f 9683 9682 9685
f 9686 9688 9687
f 9686 9687 9688
f 9687 9689 9686
f 9687 9686 9689
f 9690 9692 9691
f 9690 9691 9692
f 9691 9693 9690
f 9691 9690 9693
f 9694 9696 9695
f 9694 9695 9696
f 9695 9697 9694
f 9695 9694 9697
f 9698 9700 9699
f 9698 9699 9700
f 9699 9701 9698
f 9699 9698 9701
f 9714 9716 9715
f 9714 9715 9716
f 9715 9717 9714
f 9715 9714 9717
f 9718 9720 9719
f 9718 9719 9720
f 9719 9721 9718
f 9719 9718 9721
f 9722 9724 9723
f 9722 9723 9724
f 9723 9725 9722
f 9723 9722 9725
f 9726 9728 9727
f 9726 9727 9728
f 9727 9729 9726
f 9727 9726 9729
f 9730 9732 9731
f 9730 9731 9732
f 9731 9733 9730
f 9731 9730 9733
f 9734 9736 9735
f 9734 9735 9736
f 9735 9737 9734
f 9735 9734 9737
f 9738 9740 9739
f 9738 9739 9740
f 9739 9741 9738
f 9739 9738 9741
f 9742 9744 9743
f 9742 9743 9744
f 9743 9745 9742
f 9743 9742 9745
f 9746 9748 9747
f 9746 9747 9748
f 9747 9749 9746
f 9747 9746 9749
f 9750 9752 9751
f 9750 9751 9752
f 9751 9753 9750
f 9751 9750 9753
f 9754 9756 9755
f 9754 9755 9756
f 9755 9757 9754
f 9755 9754 9757
f 9758 9760 9759
f 9758 9759 9760
f 9759 9761 9758
f 9759 9758 9761
f 9774 9776 9775
f 9774 9775 9776
f 9775 9777 9774
f 9775 9774 9777
f 9778 9780 9779
f 9778 9779 9780
f 9779 9781 9778
f 9779 9778 9781
f 9782 9784 9783
f 9782 9783 9784
f 9783 9785 9782
f 9783 9782 9785
f 9786 9788 9787
f 9786 9787 9788
f 9787 9789 9786
f 9787 9786 9789
f 9790 9792 9791
f 9790 9791 9792
f 9791 9793 9790
f 9791 9790 9793
f 9794 9796 9795
f 9794 9795 9796
f 9795 9797 9794
f 9795 9794 9797
f 9798 9800 9799
f 9798 9799 9800
f 9799 9801 9798
f 9799 9798 9801
f 9802 9804 9803
f 9802 9803 9804
f 9803 9805 9802
f 9803 9802 9805
f 9806 9808 9807
f 9806 9807 9808
f 9807 9809 9806
f 9807 9806 9809
f 9810 9812 9811
f 9810 9811 9812
f 9811 9813 9810
f 9811 9810 9813
f 9814 9816 9815
f 9814 9815 9816
f 9815 9817 9814
f 9815 9814 9817
f 9818 9820 9819
f 9818 9819 9820
f 9819 9821 9818
f 9819 9818 9821
f 9822 9824 9823
f 9822 9823 9824
f 9823 9825 9822
f 9823 9822 9825
f 9826 9828 9827
f 9826 9827 9828
f 9827 9829 9826
f 9827 9826 9829
f 9830 9832 9831
f 9830 9831 9832
f 9831 9833 9830
f 9831 9830 9833
f 9834 9836 9835
f 9834 9835 9836
f 9835 9837 9834
f 9835 9834 9837
f 9864 9866 9865
f 9864 9865 9866
f 9865 9867 9864
f 9865 9864 9867
f 9868 9870 9869
f 9868 9869 9870
f 9869 9871 9868
f 9869 9868 9871
f 9872 9874 9873
f 9872 9873 9874
f 9873 9875 9872
f 9873 9872 9875
f 9876 9878 9877
f 9876 9877 9878
f 9877 9879 9876
f 9877 9876 9879
f 9880 9882 9881
f 9880 9881 9882
f 9881 9883 9880
f 9881 9880 9883
f 9884 9886 9885
f 9884 9885 9886
f 9885 9887 9884
f 9885 9884 9887
f 9888 9890 9889
f 9888 9889 9890
f 9889 9891 9888
f 9889 9888 9891
f 9892 9894 9893
f 9892 9893 9894
f 9893 9895 9892
f 9893 9892 9895
f 9896 9898 9897
f 9896 9897 9898
f 9897 9899 9896
f 9897 9896 9899
f 9900 9902 9901
f 9900 9901 9902
f 9901 9903 9900
f 9901 9900 9903
f 9904 9906 9905
f 9904 9905 9906
f 9905 9907 9904
f 9905 9904 9907
f 9908 9910 9909
f 9908 9909 9910
f 9909 9911 9908
f 9909 9908 9911
f 9924 9926 9925
f 9924 9925 9926
f 9925 9927 9924
f 9925 9924 9927
f 9928 9930 9929
f 9928 9929 9930
f 9929 9931 9928
f 9929 9928 9931
f 9932 9934 9933
f 9932 9933 9934
f 9933 9935 9932
f 9933 9932 9935
f 9936 9938 9937
f 9936 9937 9938
f 9937 9939 9936
f 9937 9936 9939
f 9940 9942 9941
f 9940 9941 9942
f 9941 9943 9940
f 9941 9940 9943
f 9944 9946 9945
f 9944 9945 9946
f 9945 9947 9944
f 9945 9944 9947
f 9948 9950 9949
f 9948 9949 9950
f 9949 9951 9948
f 9949 9948 9951
f 9952 9954 9953
f 9952 9953 9954
f 9953 9955 9952
f 9953 9952 9955
f 9956 9958 9957
f 9956 9957 9958
f 9957 9959 9956
f 9957 9956 9959
f 9960 9962 9961
f 9960 9961 9962
f 9961 9963 9960
f 9961 9960 9963
f 9964 9966 9965
f 9964 9965 9966
f 9965 9967 9964
f 9965 9964 9967
f 9968 9970 9969
f 9968 9969 9970
f 9969 9971 9968
f 9969 9968 9971
f 9972 9974 9973
f 9972 9973 9974
f 9973 9975 9972
f 9973 9972 9975
f 9976 9978 9977
f 9976 9977 9978
f 9977 9979 9976
f 9977 9976 9979
f 9980 9982 9981
f 9980 9981 9982
f 9981 9983 9980
f 9981 9980 9983
f 9984 9986 9985
f 9984 9985 9986
f 9985 9987 9984
f 9985 9984 9987
f 10000 10002 10001
f 10000 10001 10002
f 10001 10003 10000
f 10001 10000 10003
f 10004 10006 10005
f 10004 10005 10006
f 10005 10007 10004
f 10005 10004 10007
f 10008 10010 10009
f 10008 10009 10010
f 10009 10011 10008
f 10009 10008 10011
f 10012 10014 10013
f 10012 10013 10014
f 10013 10015 10012
f 10013 10012 10015
f 10016 10018 10017
f 10016 10017 10018
f 10017 10019 10016
f 10017 10016 10019
f 10020 10022 10021
f 10020 10021 10022
f 10021 10023 10020
f 10021 10020 10023
f 10024 10026 10025
f 10024 10025 10026
f 10025 10027 10024
f 10025 10024 10027
f 10028 10030 10029
f 10028 10029 10030
f 10029 10031 10028
f 10029 10028 10031
f 10032 10034 10033
f 10032 10033 10034
f 10033 10035 10032
f 10033 10032 10035
f 10036 10038 10037
f 10036 10037 10038
f 10037 10039 10036
f 10037 10036 10039
f 10040 10042 10041
f 10040 10041 10042
f 10041 10043 10040
f 10041 10040 10043
f 10044 10046 10045
f 10044 10045 10046
f 10045 10047 10044
f 10045 10044 10047
f 10048 10050 10049
f 10048 10049 10050
f 10049 10051 10048
f 10049 10048 10051
f 10052 10054 10053
f 10052 10053 10054
f 10053 10055 10052
f 10053 10052 10055
f 10056 10058 10057
f 10056 10057 10058
f 10057 10059 10056
f 10057 10056 10059
f 10060 10062 10061
f 10060 10061 10062
f 10061 10063 10060
f 10061 10060 10063
f 10100 10102 10101
f 10100 10101 10102
f 10101 10103 10100
f 10101 10100 10103
f 10104 10106 10105
f 10104 10105 10106
f 10105 10107 10104
f 10105 10104 10107
f 10108 10110 10109
f 10108 10109 10110
f 10109 10111 10108
f 10109 10108 10111
f 10112 10114 10113
f 10112 10113 10114
f 10113 10115 10112
f 10113 10112 10115
f 10116 10118 10117
f 10116 10117 10118
f 10117 10119 10116
f 10117 10116 10119
f 10120 10122 10121
f 10120 10121 10122
f 10121 10123 10120
f 10121 10120 10123
f 10124 10126 10125
f 10124 10125 10126
f 10125 10127 10124
f 10125 10124 10127
f 10128 10130 10129
f 10128 10129 10130
f 10129 10131 10128
f 10129 10128 10131
f 10132 10134 10133
f 10132 10133 10134
f 10133 10135 10132
f 10133 10132 10135
f 10136 10138 10137
f 10136 10137 10138
f 10137 10139 10136
f 10137 10136 10139
f 10140 10142 10141
f 10140 10141 10142
f 10141 10143 10140
f 10141 10140 10143
f 10144 10146 10145
f 10144 10145 10146
f 10145 10147 10144
f 10145 10144 10147
f 10148 10150 10149
f 10148 10149 10150
f 10149 10151 10148
f 10149 10148 10151
f 10152 10154 10153
f 10152 10153 10154
f 10153 10155 10152
f 10153 10152 10155
f 10156 10158 10157
f 10156 10157 10158
f 10157 10159 10156
f 10157 10156 10159
f 10160 10162 10161
f 10160 10161 10162
f 10161 10163 10160
f 10161 10160 10163
f 10176 10178 10177
f 10176 10177 10178
f 10177 10179 10176
f 10177 10176 10179
f 10180 10182 10181
f 10180 10181 10182
f 10181 10183 10180
f 10181 10180 10183
f 10184 10186 10185
f 10184 10185 10186
f 10185 10187 10184
f 10185 10184 10187
f 10188 10190 10189
f 10188 10189 10190
f 10189 10191 10188
f 10189 10188 10191
f 10192 10194 10193
f 10192 10193 10194
f 10193 10195 10192
f 10193 10192 10195
f 10196 10198 10197
f 10196 10197 10198
f 10197 10199 10196
f 10197 10196 10199
f 10200 10202 10201
f 10200 10201 10202
f 10201 10203 10200
f 10201 10200 10203
f 10204 10206 10205
f 10204 10205 10206
f 10205 10207 10204
f 10205 10204 10207
f 10208 10210 10209
f 10208 10209 10210
f 10209 10211 10208
f 10209 10208 10211
f 10212 10214 10213
f 10212 10213 10214
f 10213 10215 10212
f 10213 10212 10215
f 10216 10218 10217
f 10216 10217 10218
f 10217 10219 10216
f 10217 10216 10219
f 10220 10222 10221
f 10220 10221 10222
f 10221 10223 10220
f 10221 10220 10223
f 10224 10226 10225
f 10224 10225 10226
f 10225 10227 10224
f 10225 10224 10227
f 10228 10230 10229
f 10228 10229 10230
f 10229 10231 10228
f 10229 10228 10231
f 10232 10234 10233
f 10232 10233 10234
f 10233 10235 10232
f 10233 10232 10235
f 10236 10238 10237
f 10236 10237 10238
f 10237 10239 10236
f 10237 10236 10239
f 10252 10254 10253
f 10252 10253 10254
f 10253 10255 10252
f 10253 10252 10255
f 10256 10258 10257
f 10256 10257 10258
f 10257 10259 10256
f 10257 10256 10259
f 10260 10262 10261
f 10260 10261 10262
f 10261 10263 10260
f 10261 10260 10263
f 10264 10266 10265
f 10264 10265 10266
f 10265 10267 10264
f 10265 10264 10267
f 10268 10270 10269
f 10268 10269 10270
f 10269 10271 10268
f 10269 10268 10271
f 10272 10274 10273
f 10272 10273 10274
f 10273 10275 10272
f 10273 10272 10275
f 10276 10278 10277
f 10276 10277 10278
f 10277 10279 10276
f 10277 10276 10279
f 10280 10282 10281
f 10280 10281 10282
f 10281 10283 10280
f 10281 10280 10283
f 10284 10286 10285
f 10284 10285 10286
f 10285 10287 10284
f 10285 10284 10287
f 10288 10290 10289
f 10288 10289 10290
f 10289 10291 10288
f 10289 10288 10291
f 10292 10294 10293
f 10292 10293 10294
f 10293 10295 10292
f 10293 10292 10295
f 10296 10298 10297
f 10296 10297 10298
f 10297 10299 10296
f 10297 10296 10299
f 10300 10302 10301
f 10300 10301 10302
f 10301 10303 10300
f 10301 10300 10303
f 10304 10306 10305
f 10304 10305 10306
f 10305 10307 10304
f 10305 10304 10307
f 10308 10310 10309
f 10308 10309 10310
f 10309 10311 10308
f 10309 10308 10311
f 10312 10314 10313
f 10312 10313 10314
f 10313 10315 10312
f 10313 10312 10315
f 10328 10330 10329
f 10328 10329 10330
f 10329 10331 10328
f 10329 10328 10331
f 10332 10334 10333
f 10332 10333 10334
f 10333 10335 10332
f 10333 10332 10335
f 10336 10338 10337
f 10336 10337 10338
f 10337 10339 10336
f 10337 10336 10339
f 10340 10342 10341
f 10340 10341 10342
f 10341 10343 10340
f 10341 10340 10343
f 10344 10346 10345
f 10344 10345 10346
f 10345 10347 10344
f 10345 10344 10347
f 10348 10350 10349
f 10348 10349 10350
f 10349 10351 10348
f 10349 10348 10351
f 10352 10354 10353
f 10352 10353 10354
f 10353 10355 10352
f 10353 10352 10355
f 10356 10358 10357
f 10356 10357 10358
f 10357 10359 10356
f 10357 10356 10359
f 10360 10362 10361
f 10360 10361 10362
f 10361 10363 10360
f 10361 10360 10363
f 10364 10366 10365
f 10364 10365 10366
f 10365 10367 10364
f 10365 10364 10367
f 10368 10370 10369
f 10368 10369 10370
f 10369 10371 10368
f 10369 10368 10371
f 10372 10374 10373
f 10372 10373 10374
f 10373 10375 10372
f 10373 10372 10375
f 10376 10378 10377
f 10376 10377 10378
f 10377 10379 10376
f 10377 10376 10379
f 10380 10382 10381
f 10380 10381 10382
f 10381 10383 10380
f 10381 10380 10383
f 10384 10386 10385
f 10384 10385 10386
f 10385 10387 10384
f 10385 10384 10387
f 10388 10390 10389
f 10388 10389 10390
f 10389 10391 10388
f 10389 10388 10391
f 10417 10419 10418
f 10417 10418 10419
f 10418 10420 10417
f 10418 10417 10420
f 10421 10423 10422
f 10421 10422 10423
f 10422 10424 10421
f 10422 10421 10424
f 10425 10427 10426
f 10425 10426 10427
f 10426 10428 10425
f 10426 10425 10428
f 10429 10431 10430
f 10429 10430 10431
f 10430 10432 10429
f 10430 10429 10432
f 10433 10435 10434
f 10433 10434 10435
f 10434 10436 10433
f 10434 10433 10436
f 10437 10439 10438
f 10437 10438 10439
f 10438 10440 10437
f 10438 10437 10440
f 10441 10443 10442
f 10441 10442 10443
f 10442 10444 10441
f 10442 10441 10444
f 10445 10447 10446
f 10445 10446 10447
f 10446 10448 10445
f 10446 10445 10448
f 10449 10451 10450
f 10449 10450 10451
f 10450 10452 10449
f 10450 10449 10452
f 10453 10455 10454
f 10453 10454 10455
f 10454 10456 10453
f 10454 10453 10456
f 10457 10459 10458
f 10457 10458 10459
f 10458 10460 10457
f 10458 10457 10460
f 10461 10463 10462
f 10461 10462 10463
f 10462 10464 10461
f 10462 10461 10464
f 10478 10480 10479
f 10478 10479 10480
f 10479 10481 10478
f 10479 10478 10481
f 10482 10484 10483
f 10482 10483 10484
f 10483 10485 10482
f 10483 10482 10485
f 10486 10488 10487
f 10486 10487 10488
f 10487 10489 10486
f 10487 10486 10489
f 10490 10492 10491
f 10490 10491 10492
f 10491 10493 10490
f 10491 10490 10493
f 10494 10496 10495
f 10494 10495 10496
f 10495 10497 10494
f 10495 10494 10497
f 10498 10500 10499
f 10498 10499 10500
f 10499 10501 10498
f 10499 10498 10501
f 10502 10504 10503
f 10502 10503 10504
f 10503 10505 10502
f 10503 10502 10505
f 10506 10508 10507
f 10506 10507 10508
f 10507 10509 10506
f 10507 10506 10509
f 10510 10512 10511
f 10510 10511 10512
f 10511 10513 10510
f 10511 10510 10513
f 10514 10516 10515
f 10514 10515 10516
f 10515 10517 10514
f 10515 10514 10517
f 10518 10520 10519
f 10518 10519 10520
f 10519 10521 10518
f 10519 10518 10521
f 10522 10524 10523
f 10522 10523 10524
f 10523 10525 10522
f 10523 10522 10525
f 10539 10541 10540
f 10539 10540 10541
f 10540 10542 10539
f 10540 10539 10542
f 10543 10545 10544
f 10543 10544 10545
f 10544 10546 10543
f 10544 10543 10546
f 10547 10549 10548
f 10547 10548 10549
f 10548 10550 10547
f 10548 10547 10550
f 10551 10553 10552
f 10551 10552 10553
f 10552 10554 10551
f 10552 10551 10554
f 10555 10557 10556
f 10555 10556 10557
f 10556 10558 10555
f 10556 10555 10558
f 10559 10561 10560
f 10559 10560 10561
f 10560 10562 10559
f 10560 10559 10562
f 10563 10565 10564
f 10563 10564 10565
f 10564 10566 10563
f 10564 10563 10566
f 10567 10569 10568
f 10567 10568 10569
f 10568 10570 10567
f 10568 10567 10570
f 10595 10597 10596
f 10595 10596 10597
f 10596 10598 10595
f 10596 10595 10598
f 10599 10601 10600
f 10599 10600 10601
f 10600 10602 10599
f 10600 10599 10602
f 10603 10605 10604
f 10603 10604 10605
f 10604 10606 10603
f 10604 10603 10606
f 10607 10609 10608
f 10607 10608 10609
f 10608 10610 10607
f 10608 10607 10610
f 10611 10613 10612
f 10611 10612 10613
f 10612 10614 10611
f 10612 10611 10614
f 10615 10617 10616
f 10615 10616 10617
f 10616 10618 10615
f 10616 10615 10618
f 10619 10621 10620
f 10619 10620 10621
f 10620 10622 10619
f 10620 10619 10622
f 10623 10625 10624
f 10623 10624 10625
f 10624 10626 10623
f 10624 10623 10626
f 10627 10629 10628
f 10627 10628 10629
f 10628 10630 10627
f 10628 10627 10630
f 10631 10633 10632
f 10631 10632 10633
f 10632 10634 10631
f 10632 10631 10634
f 10635 10637 10636
f 10635 10636 10637
f 10636 10638 10635
f 10636 10635 10638
f 10639 10641 10640
f 10639 10640 10641
f 10640 10642 10639
f 10640 10639 10642
f 10643 10645 10644
f 10643 10644 10645
f 10644 10646 10643
f 10644 10643 10646
f 10647 10649 10648
f 10647 10648 10649
f 10648 10650 10647
f 10648 10647 10650
f 10651 10653 10652
f 10651 10652 10653
f 10652 10654 10651
f 10652 10651 10654
f 10655 10657 10656
f 10655 10656 10657
f 10656 10658 10655
f 10656 10655 10658
f 10671 10673 10672
f 10671 10672 10673
f 10672 10674 10671
f 10672 10671 10674
f 10675 10677 10676
f 10675 10676 10677
f 10676 10678 10675
f 10676 10675 10678
f 10679 10681 10680
f 10679 10680 10681
f 10680 10682 10679
f 10680 10679 10682
f 10683 10685 10684
f 10683 10684 10685
f 10684 10686 10683
f 10684 10683 10686
f 10687 10689 10688
f 10687 10688 10689
f 10688 10690 10687
f 10688 10687 10690
f 10691 10693 10692
f 10691 10692 10693
f 10692 10694 10691
f 10692 10691 10694
f 10695 10697 10696
f 10695 10696 10697
f 10696 10698 10695
f 10696 10695 10698
f 10699 10701 10700
f 10699 10700 10701
f 10700 10702 10699
f 10700 10699 10702
f 10703 10705 10704
f 10703 10704 10705
f 10704 10706 10703
f 10704 10703 10706
f 10707 10709 10708
f 10707 10708 10709
f 10708 10710 10707
f 10708 10707 10710
f 10711 10713 10712
f 10711 10712 10713
f 10712 10714 10711
f 10712 10711 10714
f 10715 10717 10716
f 10715 10716 10717
f 10716 10718 10715
f 10716 10715 10718
f 10719 10721 10720
f 10719 10720 10721
f 10720 10722 10719
f 10720 10719 10722
f 10723 10725 10724
f 10723 10724 10725
f 10724 10726 10723
f 10724 10723 10726
f 10727 10729 10728
f 10727 10728 10729
f 10728 10730 10727
f 10728 10727 10730
f 10731 10733 10732
f 10731 10732 10733
f 10732 10734 10731
f 10732 10731 10734
f 10747 10749 10748
f 10747 10748 10749
f 10748 10750 10747
f 10748 10747 10750
f 10751 10753 10752
f 10751 10752 10753
f 10752 10754 10751
f 10752 10751 10754
f 10755 10757 10756
f 10755 10756 10757
f 10756 10758 10755
f 10756 10755 10758
f 10759 10761 10760
f 10759 10760 10761
f 10760 10762 10759
f 10760 10759 10762
f 10763 10765 10764
f 10763 10764 10765
f 10764 10766 10763
f 10764 10763 10766
f 10767 10769 10768
f 10767 10768 10769
f 10768 10770 10767
f 10768 10767 10770
f 10771 10773 10772
f 10771 10772 10773
f 10772 10774 10771
f 10772 10771 10774
f 10775 10777 10776
f 10775 10776 10777
f 10776 10778 10775
f 10776 10775 10778
f 10779 10781 10780
f 10779 10780 10781
f 10780 10782 10779
f 10780 10779 10782
f 10783 10785 10784
f 10783 10784 10785
f 10784 10786 10783
f 10784 10783 10786
f 10787 10789 10788
f 10787 10788 10789
f 10788 10790 10787
f 10788 10787 10790
f 10791 10793 10792
f 10791 10792 10793
f 10792 10794 10791
f 10792 10791 10794
f 10795 10797 10796
f 10795 10796 10797
f 10796 10798 10795
f 10796 10795 10798
f 10799 10801 10800
f 10799 10800 10801
f 10800 10802 10799
f 10800 10799 10802
f 10803 10805 10804
f 10803 10804 10805
f 10804 10806 10803
f 10804 10803 10806
f 10807 10809 10808
f 10807 10808 10809
f 10808 10810 10807
f 10808 10807 10810
f 10824 10826 10825
f 10824 10825 10826
f 10825 10827 10824
f 10825 10824 10827
f 10828 10830 10829
f 10828 10829 10830
f 10829 10831 10828
f 10829 10828 10831
f 10832 10834 10833
f 10832 10833 10834
f 10833 10835 10832
f 10833 10832 10835
f 10836 10838 10837
f 10836 10837 10838
f 10837 10839 10836
f 10837 10836 10839
f 10840 10842 10841
f 10840 10841 10842
f 10841 10843 10840
f 10841 10840 10843
f 10844 10846 10845
f 10844 10845 10846
f 10845 10847 10844
f 10845 10844 10847
f 10848 10850 10849
f 10848 10849 10850
f 10849 10851 10848
f 10849 10848 10851
f 10852 10854 10853
f 10852 10853 10854
f 10853 10855 10852
f 10853 10852 10855
f 10856 10858 10857
f 10856 10857 10858
f 10857 10859 10856
f 10857 10856 10859
f 10860 10862 10861
f 10860 10861 10862
f 10861 10863 10860
f 10861 10860 10863
f 10864 10866 10865
f 10864 10865 10866
f 10865 10867 10864
f 10865 10864 10867
f 10868 10870 10869
f 10868 10869 10870
f 10869 10871 10868
f 10869 10868 10871
f 10897 10899 10898
f 10897 10898 10899
f 10898 10900 10897
f 10898 10897 10900
f 10901 10903 10902
f 10901 10902 10903
f 10902 10904 10901
f 10902 10901 10904
f 10905 10907 10906
f 10905 10906 10907
f 10906 10908 10905
f 10906 10905 10908
f 10909 10911 10910
f 10909 10910 10911
f 10910 10912 10909
f 10910 10909 10912
f 10913 10915 10914
f 10913 10914 10915
f 10914 10916 10913
f 10914 10913 10916
f 10917 10919 10918
f 10917 10918 10919
f 10918 10920 10917
f 10918 10917 10920
f 10921 10923 10922
f 10921 10922 10923
f 10922 10924 10921
f 10922 10921 10924
f 10925 10927 10926
f 10925 10926 10927
f 10926 10928 10925
f 10926 10925 10928
f 10929 10931 10930
f 10929 10930 10931
f 10930 10932 10929
f 10930 10929 10932
f 10933 10935 10934
f 10933 10934 10935
f 10934 10936 10933
f 10934 10933 10936
f 10937 10939 10938
f 10937 10938 10939
f 10938 10940 10937
f 10938 10937 10940
f 10941 10943 10942
f 10941 10942 10943
f 10942 10944 10941
f 10942 10941 10944
f 10958 10960 10959
f 10958 10959 10960
f 10959 10961 10958
f 10959 10958 10961
f 10962 10964 10963
f 10962 10963 10964
f 10963 10965 10962
f 10963 10962 10965
f 10966 10968 10967
f 10966 10967 10968
f 10967 10969 10966
f 10967 10966 10969
f 10970 10972 10971
f 10970 10971 10972
f 10971 10973 10970
f 10971 10970 10973
f 10974 10976 10975
f 10974 10975 10976
f 10975 10977 10974
f 10975 10974 10977
f 10978 10980 10979
f 10978 10979 10980
f 10979 10981 10978
f 10979 10978 10981
f 10982 10984 10983
f 10982 10983 10984
f 10983 10985 10982
f 10983 10982 10985
f 10986 10988 10987
f 10986 10987 10988
f 10987 10989 10986
f 10987 10986 10989
f 10990 10992 10991
f 10990 10991 10992
f 10991 10993 10990
f 10991 10990 10993
f 10994 10996 10995
f 10994 10995 10996
f 10995 10997 10994
f 10995 10994 10997
f 10998 11000 10999
f 10998 10999 11000
f 10999 11001 10998
f 10999 10998 11001
f 11002 11004 11003
f 11002 11003 11004
f 11003 11005 11002
f 11003 11002 11005
f 11018 11020 11019
f 11018 11019 11020
f 11019 11021 11018
f 11019 11018 11021
f 11022 11024 11023
f 11022 11023 11024
f 11023 11025 11022
f 11023 11022 11025
f 11026 11028 11027
f 11026 11027 11028
f 11027 11029 11026
f 11027 11026 11029
f 11030 11032 11031
f 11030 11031 11032
f 11031 11033 11030
f 11031 11030 11033
f 11034 11036 11035
f 11034 11035 11036
f 11035 11037 11034
f 11035 11034 11037
f 11038 11040 11039
f 11038 11039 11040
f 11039 11041 11038
f 11039 11038 11041
f 11042 11044 11043
f 11042 11043 11044
f 11043 11045 11042
f 11043 11042 11045
f 11046 11048 11047
f 11046 11047 11048
f 11047 11049 11046
f 11047 11046 11049
f 11050 11052 11051
f 11050 11051 11052
f 11051 11053 11050
f 11051 11050 11053
f 11054 11056 11055
f 11054 11055 11056
f 11055 11057 11054
f 11055 11054 11057
f 11058 11060 11059
f 11058 11059 11060
f 11059 11061 11058
f 11059 11058 11061
f 11062 11064 11063
f 11062 11063 11064
f 11063 11065 11062
f 11063 11062 11065
f 11078 11080 11079
f 11078 11079 11080
f 11079 11081 11078
f 11079 11078 11081
f 11082 11084 11083
f 11082 11083 11084
f 11083 11085 11082
f 11083 11082 11085
f 11086 11088 11087
f 11086 11087 11088
f 11087 11089 11086
f 11087 11086 11089
f 11090 11092 11091
f 11090 11091 11092
f 11091 11093 11090
f 11091 11090 11093
f 11094 11096 11095
f 11094 11095 11096
f 11095 11097 11094
f 11095 11094 11097
f 11098 11100 11099
f 11098 11099 11100
f 11099 11101 11098
f 11099 11098 11101
f 11102 11104 11103
f 11102 11103 11104
f 11103 11105 11102
f 11103 11102 11105
f 11106 11108 11107
f 11106 11107 11108
f 11107 11109 11106
f 11107 11106 11109
f 11110 11112 11111
f 11110 11111 11112
f 11111 11113 11110
f 11111 11110 11113
f 11114 11116 11115
f 11114 11115 11116
f 11115 11117 11114
f 11115 11114 11117
f 11118 11120 11119
f 11118 11119 11120
f 11119 11121 11118
f 11119 11118 11121
f 11122 11124 11123
f 11122 11123 11124
f 11123 11125 11122
f 11123 11122 11125
f 11126 11128 11127
f 11126 11127 11128
f 11127 11129 11126
f 11127 11126 11129
f 11130 11132 11131
f 11130 11131 11132
f 11131 11133 11130
f 11131 11130 11133
f 11134 11136 11135
f 11134 11135 11136
f 11135 11137 11134
f 11135 11134 11137
f 11138 11140 11139
f 11138 11139 11140
f 11139 11141 11138
f 11139 11138 11141
f 11180 11182 11181
f 11180 11181 11182
f 11181 11183 11180
f 11181 11180 11183
f 11184 11186 11185
f 11184 11185 11186
f 11185 11187 11184
f 11185 11184 11187
f 11188 11190 11189
f 11188 11189 11190
f 11189 11191 11188
f 11189 11188 11191
f 11192 11194 11193
f 11192 11193 11194
f 11193 11195 11192
f 11193 11192 11195
f 11196 11198 11197
f 11196 11197 11198
f 11197 11199 11196
f 11197 11196 11199
f 11200 11202 11201
f 11200 11201 11202
f 11201 11203 11200
f 11201 11200 11203
f 11204 11206 11205
f 11204 11205 11206
f 11205 11207 11204
f 11205 11204 11207
f 11208 11210 11209
f 11208 11209 11210
f 11209 11211 11208
f 11209 11208 11211
f 11212 11214 11213
f 11212 11213 11214
f 11213 11215 11212
f 11213 11212 11215
f 11216 11218 11217
f 11216 11217 11218
f 11217 11219 11216
f 11217 11216 11219
f 11220 11222 11221
f 11220 11221 11222
f 11221 11223 11220
f 11221 11220 11223
f 11224 11226 11225
f 11224 11225 11226
f 11225 11227 11224
f 11225 11224 11227
f 11240 11242 11241
f 11240 11241 11242
f 11241 11243 11240
f 11241 11240 11243
f 11244 11246 11245
f 11244 11245 11246
f 11245 11247 11244
f 11245 11244 11247
f 11248 11250 11249
f 11248 11249 11250
f 11249 11251 11248
f 11249 11248 11251
f 11252 11254 11253
f 11252 11253 11254
f 11253 11255 11252
f 11253 11252 11255
f 11256 11258 11257
f 11256 11257 11258
f 11257 11259 11256
f 11257 11256 11259
f 11260 11262 11261
f 11260 11261 11262
f 11261 11263 11260
f 11261 11260 11263
f 11264 11266 11265
f 11264 11265 11266
f 11265 11267 11264
f 11265 11264 11267
f 11268 11270 11269
f 11268 11269 11270
f 11269 11271 11268
f 11269 11268 11271
f 11272 11274 11273
f 11272 11273 11274
f 11273 11275 11272
f 11273 11272 11275
f 11276 11278 11277
f 11276 11277 11278
f 11277 11279 11276
f 11277 11276 11279
f 11280 11282 11281
f 11280 11281 11282
f 11281 11283 11280
f 11281 11280 11283
f 11284 11286 11285
f 11284 11285 11286
f 11285 11287 11284
f 11285 11284 11287
f 11288 11290 11289
f 11288 11289 11290
f 11289 11291 11288
f 11289 11288 11291
f 11292 11294 11293
f 11292 11293 11294
f 11293 11295 11292
f 11293 11292 11295
f 11296 11298 11297
f 11296 11297 11298
f 11297 11299 11296
f 11297 11296 11299
f 11300 11302 11301
f 11300 11301 11302
f 11301 11303 11300
f 11301 11300 11303
f 11316 11318 11317
f 11316 11317 11318
f 11317 11319 11316
f 11317 11316 11319
f 11320 11322 11321
f 11320 11321 11322
f 11321 11323 11320
f 11321 11320 11323
f 11324 11326 11325
f 11324 11325 11326
f 11325 11327 11324
f 11325 11324 11327
f 11328 11330 11329
f 11328 11329 11330
f 11329 11331 11328
f 11329 11328 11331
f 11332 11334 11333
f 11332 11333 11334
f 11333 11335 11332
f 11333 11332 11335
f 11336 11338 11337
f 11336 11337 11338
f 11337 11339 11336
f 11337 11336 11339
f 11340 11342 11341
f 11340 11341 11342
f 11341 11343 11340
f 11341 11340 11343
f 11344 11346 11345
f 11344 11345 11346
f 11345 11347 11344
f 11345 11344 11347
f 11348 11350 11349
f 11348 11349 11350
f 11349 11351 11348
f 11349 11348 11351
f 11352 11354 11353
f 11352 11353 11354
f 11353 11355 11352
f 11353 11352 11355
f 11356 11358 11357
f 11356 11357 11358
f 11357 11359 11356
f 11357 11356 11359
f 11360 11362 11361
f 11360 11361 11362
f 11361 11363 11360
f 11361 11360 11363
f 11389 11391 11390
f 11389 11390 11391
f 11390 11392 11389
f 11390 11389 11392
f 11393 11395 11394
f 11393 11394 11395
f 11394 11396 11393
f 11394 11393 11396
f 11397 11399 11398
f 11397 11398 11399
f 11398 11400 11397
f 11398 11397 11400
f 11401 11403 11402
f 11401 11402 11403
f 11402 11404 11401
f 11402 11401 11404
f 11405 11407 11406
f 11405 11406 11407
f 11406 11408 11405
f 11406 11405 11408
f 11409 11411 11410
f 11409 11410 11411
f 11410 11412 11409
f 11410 11409 11412
f 11413 11415 11414
f 11413 11414 11415
f 11414 11416 11413
f 11414 11413 11416
f 11417 11419 11418
f 11417 11418 11419
f 11418 11420 11417
f 11418 11417 11420
f 11421 11423 11422
f 11421 11422 11423
f 11422 11424 11421
f 11422 11421 11424
f 11425 11427 11426
f 11425 11426 11427
f 11426 11428 11425
f 11426 11425 11428
f 11429 11431 11430
f 11429 11430 11431
f 11430 11432 11429
f 11430 11429 11432
f 11433 11435 11434
f 11433 11434 11435
f 11434 11436 11433
f 11434 11433 11436
f 11449 11451 11450
f 11449 11450 11451
f 11450 11452 11449
f 11450 11449 11452
f 11453 11455 11454
f 11453 11454 11455
f 11454 11456 11453
f 11454 11453 11456
f 11457 11459 11458
f 11457 11458 11459
f 11458 11460 11457
f 11458 11457 11460
f 11461 11463 11462
f 11461 11462 11463
f 11462 11464 11461
f 11462 11461 11464
f 11465 11467 11466
f 11465 11466 11467
f 11466 11468 11465
f 11466 11465 11468
f 11469 11471 11470
f 11469 11470 11471
f 11470 11472 11469
f 11470 11469 11472
f 11473 11475 11474
f 11473 11474 11475
f 11474 11476 11473
f 11474 11473 11476
f 11477 11479 11478
f 11477 11478 11479
f 11478 11480 11477
f 11478 11477 11480
f 11481 11483 11482
f 11481 11482 11483
f 11482 11484 11481
f 11482 11481 11484
f 11485 11487 11486
f 11485 11486 11487
f 11486 11488 11485
f 11486 11485 11488
f 11489 11491 11490
f 11489 11490 11491
f 11490 11492 11489
f 11490 11489 11492
f 11493 11495 11494
f 11493 11494 11495
f 11494 11496 11493
f 11494 11493 11496
f 11497 11499 11498
f 11497 11498 11499
f 11498 11500 11497
f 11498 11497 11500
f 11501 11503 11502
f 11501 11502 11503
f 11502 11504 11501
f 11502 11501 11504
f 11505 11507 11506
f 11505 11506 11507
f 11506 11508 11505
f 11506 11505 11508
f 11509 11511 11510
f 11509 11510 11511
f 11510 11512 11509
f 11510 11509 11512
f 11525 11527 11526
f 11525 11526 11527
f 11526 11528 11525
f 11526 11525 11528
f 11529 11531 11530
f 11529 11530 11531
f 11530 11532 11529
f 11530 11529 11532
f 11533 11535 11534
f 11533 11534 11535
f 11534 11536 11533
f 11534 11533 11536
f 11537 11539 11538
f 11537 11538 11539
f 11538 11540 11537
f 11538 11537 11540
f 11541 11543 11542
f 11541 11542 11543
f 11542 11544 11541
f 11542 11541 11544
f 11545 11547 11546
f 11545 11546 11547
f 11546 11548 11545
f 11546 11545 11548
f 11549 11551 11550
f 11549 11550 11551
f 11550 11552 11549
f 11550 11549 11552
f 11553 11555 11554
f 11553 11554 11555
f 11554 11556 11553
f 11554 11553 11556
f 11557 11559 11558
f 11557 11558 11559
f 11558 11560 11557
f 11558 11557 11560
f 11561 11563 11562
f 11561 11562 11563
f 11562 11564 11561
f 11562 11561 11564
f 11565 11567 11566
f 11565 11566 11567
f 11566 11568 11565
f 11566 11565 11568
f 11569 11571 11570
f 11569 11570 11571
f 11570 11572 11569
f 11570 11569 11572
f 11573 11575 11574
f 11573 11574 11575
f 11574 11576 11573
f 11574 11573 11576
f 11577 11579 11578
f 11577 11578 11579
f 11578 11580 11577
f 11578 11577 11580
f 11581 11583 11582
f 11581 11582 11583
f 11582 11584 11581
f 11582 11581 11584
f 11585 11587 11586
f 11585 11586 11587
f 11586 11588 11585
f 11586 11585 11588
f 11613 11615 11614
f 11613 11614 11615
f 11614 11616 11613
f 11614 11613 11616
f 11617 11619 11618
f 11617 11618 11619
f 11618 11620 11617
f 11618 11617 11620
f 11621 11623 11622
f 11621 11622 11623
f 11622 11624 11621
f 11622 11621 11624
f 11625 11627 11626
f 11625 11626 11627
f 11626 11628 11625
f 11626 11625 11628
f 11629 11631 11630
f 11629 11630 11631
f 11630 11632 11629
f 11630 11629 11632
f 11633 11635 11634
f 11633 11634 11635
f 11634 11636 11633
f 11634 11633 11636
f 11637 11639 11638
f 11637 11638 11639
f 11638 11640 11637
f 11638 11637 11640
f 11641 11643 11642
f 11641 11642 11643
f 11642 11644 11641
f 11642 11641 11644
f 11645 11647 11646
f 11645 11646 11647
f 11646 11648 11645
f 11646 11645 11648
f 11649 11651 11650
f 11649 11650 11651
f 11650 11652 11649
f 11650 11649 11652
f 11653 11655 11654
f 11653 11654 11655
f 11654 11656 11653
f 11654 11653 11656
f 11657 11659 11658
f 11657 11658 11659
f 11658 11660 11657
f 11658 11657 11660
f 11673 11675 11674
f 11673 11674 11675
f 11674 11676 11673
f 11674 11673 11676
f 11677 11679 11678
f 11677 11678 11679
f 11678 11680 11677
f 11678 11677 11680
f 11681 11683 11682
f 11681 11682 11683
f 11682 11684 11681
f 11682 11681 11684
f 11685 11687 11686
f 11685 11686 11687
f 11686 11688 11685
f 11686 11685 11688
f 11689 11691 11690
f 11689 11690 11691
f 11690 11692 11689
f 11690 11689 11692
f 11693 11695 11694
f 11693 11694 11695
f 11694 11696 11693
f 11694 11693 11696
f 11697 11699 11698
f 11697 11698 11699
f 11698 11700 11697
f 11698 11697 11700
f 11701 11703 11702
f 11701 11702 11703
f 11702 11704 11701
f 11702 11701 11704
f 11705 11707 11706
f 11705 11706 11707
f 11706 11708 11705
f 11706 11705 11708
f 11709 11711 11710
f 11709 11710 11711
f 11710 11712 11709
f 11710 11709 11712
f 11713 11715 11714
f 11713 11714 11715
f 11714 11716 11713
f 11714 11713 11716
f 11717 11719 11718
f 11717 11718 11719
f 11718 11720 11717
f 11718 11717 11720
f 11721 11723 11722
f 11721 11722 11723
f 11722 11724 11721
f 11722 11721 11724
f 11725 11727 11726
f 11725 11726 11727
f 11726 11728 11725
f 11726 11725 11728
f 11729 11731 11730
f 11729 11730 11731
f 11730 11732 11729
f 11730 11729 11732
f 11733 11735 11734
f 11733 11734 11735
f 11734 11736 11733
f 11734 11733 11736
f 11749 11751 11750
f 11749 11750 11751
f 11750 11752 11749
f 11750 11749 11752
f 11753 11755 11754
f 11753 11754 11755
f 11754 11756 11753
f 11754 11753 11756
f 11757 11759 11758
f 11757 11758 11759
f 11758 11760 11757
f 11758 11757 11760
f 11761 11763 11762
f 11761 11762 11763
f 11762 11764 11761
f 11762 11761 11764
f 11765 11767 11766
f 11765 11766 11767
f 11766 11768 11765
f 11766 11765 11768
f 11769 11771 11770
f 11769 11770 11771
f 11770 11772 11769
f 11770 11769 11772
f 11773 11775 11774
f 11773 11774 11775
f 11774 11776 11773
f 11774 11773 11776
f 11777 11779 11778
f 11777 11778 11779
f 11778 11780 11777
f 11778 11777 11780
f 11781 11783 11782
f 11781 11782 11783
f 11782 11784 11781
f 11782 11781 11784
f 11785 11787 11786
f 11785 11786 11787
f 11786 11788 11785
f 11786 11785 11788
f 11789 11791 11790
f 11789 11790 11791
f 11790 11792 11789
f 11790 11789 11792
f 11793 11795 11794
f 11793 11794 11795
f 11794 11796 11793
f 11794 11793 11796
f 11809 11811 11810
f 11809 11810 11811
f 11810 11812 11809
f 11810 11809 11812
f 11813 11815 11814
f 11813 11814 11815
f 11814 11816 11813
f 11814 11813 11816
f 11817 11819 11818
f 11817 11818 11819
f 11818 11820 11817
f 11818 11817 11820
f 11821 11823 11822
f 11821 11822 11823
f 11822 11824 11821
f 11822 11821 11824
f 11825 11827 11826
f 11825 11826 11827
f 11826 11828 11825
f 11826 11825 11828
f 11829 11831 11830
f 11829 11830 11831
f 11830 11832 11829
f 11830 11829 11832
f 11833 11835 11834
f 11833 11834 11835
f 11834 11836 11833
f 11834 11833 11836
f 11837 11839 11838
f 11837 11838 11839
f 11838 11840 11837
f 11838 11837 11840
f 11841 11843 11842
f 11841 11842 11843
f 11842 11844 11841
f 11842 11841 11844
f 11845 11847 11846
f 11845 11846 11847
f 11846 11848 11845
f 11846 11845 11848
f 11849 11851 11850
f 11849 11850 11851
f 11850 11852 11849
f 11850 11849 11852
f 11853 11855 11854
f 11853 11854 11855
f 11854 11856 11853
f 11854 11853 11856
f 11857 11859 11858
f 11857 11858 11859
f 11858 11860 11857
f 11858 11857 11860
f 11861 11863 11862
f 11861 11862 11863
f 11862 11864 11861
f 11862 11861 11864
f 11865 11867 11866
f 11865 11866 11867
f 11866 11868 11865
f 11866 11865 11868
f 11869 11871 11870
f 11869 11870 11871
f 11870 11872 11869
f 11870 11869 11872
