mtllib default_seed1.mtl
v 0.090000 0.000000 0.000000
v 0.064800 0.000000 1.000000
v 0.045000 0.077942 0.000000
v 0.032400 0.056118 1.000000
v -0.045000 0.077942 0.000000
v -0.032400 0.056118 1.000000
v -0.090000 0.000000 0.000000
v -0.064800 0.000000 1.000000
v -0.045000 -0.077942 0.000000
v -0.032400 -0.056118 1.000000
v 0.045000 -0.077942 0.000000
v 0.032400 -0.056118 1.000000
v 0.064324 0.007840 1.000000
v 0.004725 0.346881 1.700163
v 0.026068 0.053924 0.975267
v -0.022820 0.380062 1.682355
v -0.038256 0.046085 0.975267
v -0.069133 0.374418 1.682355
v -0.064324 -0.007840 1.000000
v -0.087902 0.335592 1.700163
v -0.026068 -0.053924 1.024733
v -0.060357 0.302411 1.717970
v 0.038256 -0.046085 1.024733
v -0.014044 0.308056 1.717970
v -0.081519 0.361910 1.687715
v -0.259020 0.339802 2.269373
v -0.078279 0.315368 1.687459
v -0.256687 0.306292 2.269189
v -0.038348 0.294694 1.699906
v -0.227937 0.291407 2.278151
v -0.001658 0.320563 1.712610
v -0.201520 0.310032 2.287298
v -0.004898 0.367106 1.712867
v -0.203853 0.343543 2.287482
v -0.044828 0.387779 1.700419
v -0.232603 0.358428 2.278520
v -0.256367 0.344513 2.270372
v -0.525974 0.089646 2.566417
v -0.250201 0.316698 2.252574
v -0.521535 0.069620 2.553603
v -0.224105 0.297102 2.260538
v -0.502746 0.055511 2.559336
v -0.204173 0.305322 2.286299
v -0.488395 0.061429 2.577884
v -0.210339 0.333137 2.304096
v -0.492834 0.081455 2.590699
v -0.236435 0.352732 2.296133
v -0.511624 0.095564 2.584965
v -0.525966 0.089668 2.566444
v -0.751167 -0.198937 2.621657
v -0.514547 0.077170 2.549170
v -0.742946 -0.207936 2.609220
v -0.495766 0.063039 2.554877
v -0.729423 -0.218110 2.613329
v -0.488403 0.061407 2.577858
v -0.724122 -0.219285 2.629875
v -0.499822 0.073905 2.595132
v -0.732344 -0.210286 2.642312
v -0.518604 0.088036 2.589425
v -0.745866 -0.200112 2.638203
v -0.737645 -0.209111 2.625766
v -0.740610 -0.385998 2.359116
v -0.828391 -0.281520 2.521199
v -0.649271 -0.278212 2.517013
v -0.737645 -0.209111 2.625766
v -0.698499 -0.341821 2.337226
v -0.655988 -0.313354 2.542834
v -0.787985 -0.211036 2.477866
v -0.737645 -0.209111 2.625766
v -0.740385 -0.385780 2.358969
v -0.792517 -0.219771 2.479864
v -0.684965 -0.339786 2.558231
v -0.737645 -0.209111 2.625766
v -0.777295 -0.412200 2.869862
v -0.798475 -0.346173 2.669653
v -0.708535 -0.234521 2.777157
v -0.737645 -0.209111 2.625766
v -0.750148 -0.393883 2.886732
v -0.655954 -0.266709 2.745855
v -0.829338 -0.299332 2.714450
v -0.737645 -0.209111 2.625766
v -0.726945 -0.376392 2.898352
v -0.814346 -0.310040 2.717104
v -0.652384 -0.242007 2.752497
v -0.737645 -0.209111 2.625766
v -1.027291 -0.098001 2.547283
v -0.819038 -0.126734 2.520879
v -0.887969 -0.202600 2.667867
v -0.737645 -0.209111 2.625766
v -1.045285 -0.149785 2.560666
v -0.848995 -0.216132 2.516387
v -0.872406 -0.154629 2.683066
v -0.737645 -0.209111 2.625766
v -1.015833 -0.075043 2.541878
v -0.841753 -0.191696 2.510569
v -0.856088 -0.119272 2.673853
v -0.737645 -0.209111 2.625766
v -0.904211 -0.471820 2.550666
v -0.731754 -0.364547 2.611026
v -0.876789 -0.263842 2.580427
v -0.737645 -0.209111 2.625766
v -0.923251 -0.469731 2.620513
v -0.875249 -0.267357 2.580107
v -0.748526 -0.359361 2.667223
v -0.737645 -0.209111 2.625766
v -0.876001 -0.460084 2.483393
v -0.867486 -0.261323 2.556288
v -0.718488 -0.357678 2.581346
v -0.498903 0.054966 2.562496
v -0.565795 -0.115111 2.884453
v -0.483706 0.069979 2.573838
v -0.554853 -0.104301 2.892620
v -0.491988 0.090550 2.583493
v -0.560816 -0.089490 2.899571
v -0.515466 0.096109 2.581806
v -0.577720 -0.085488 2.898357
v -0.530663 0.081096 2.570464
v -0.588662 -0.096297 2.890190
v -0.522382 0.060525 2.560808
v -0.582700 -0.111109 2.883238
v -0.571758 -0.100299 2.891405
v -0.345871 -0.149406 3.112683
v -0.424479 -0.068973 2.933118
v -0.538327 -0.170911 3.026714
v -0.571758 -0.100299 2.891405
v -0.332392 -0.139548 3.100124
v -0.470602 -0.202564 2.952410
v -0.481421 -0.029434 2.997375
v -0.571758 -0.100299 2.891405
v -0.415526 -0.189636 3.156000
v -0.578513 -0.187859 3.020633
v -0.440017 -0.084209 2.973853
v -0.571758 -0.100299 2.891405
v -0.878277 -0.015341 2.926450
v -0.677830 -0.041515 2.989920
v -0.710900 -0.091117 2.820926
v -0.571758 -0.100299 2.891405
v -0.878575 -0.026002 2.943780
v -0.683935 -0.088459 2.999517
v -0.705034 -0.052702 2.825193
v -0.571758 -0.100299 2.891405
v -0.873266 -0.055944 2.989004
v -0.709901 -0.169164 2.915618
v -0.674821 0.004049 2.945271
v -0.571758 -0.100299 2.891405
v -0.501098 -0.412211 2.902284
v -0.611763 -0.242460 2.840396
v -0.475224 -0.207668 2.951117
v -0.571758 -0.100299 2.891405
v -0.472195 -0.390351 2.799987
v -0.465181 -0.212200 2.914465
v -0.598684 -0.220440 2.795210
v -0.571758 -0.100299 2.891405
v -0.516680 -0.410446 2.947754
v -0.467751 -0.204329 2.944061
v -0.631702 -0.244388 2.883828
v -0.571758 -0.100299 2.891405
v -0.497806 -0.210152 3.182719
v -0.497500 -0.068506 3.025148
v -0.586854 -0.219975 2.990713
v -0.571758 -0.100299 2.891405
v -0.526595 -0.222357 3.183744
v -0.603557 -0.083480 3.043451
v -0.503828 -0.214765 2.973230
v -0.571758 -0.100299 2.891405
v -0.467997 -0.196035 3.178578
v -0.604971 -0.106562 3.043949
v -0.455536 -0.170626 2.968599
v -0.499983 0.089345 2.590657
v -0.825602 0.026663 2.755281
v -0.511616 0.099314 2.571941
v -0.833977 0.033841 2.741806
v -0.518817 0.085506 2.553435
v -0.839162 0.023899 2.728481
v -0.514386 0.061730 2.553645
v -0.835972 0.006781 2.728632
v -0.502753 0.051761 2.572360
v -0.827596 -0.000397 2.742107
v -0.495552 0.065569 2.590867
v -0.822411 0.009544 2.755432
v -0.830787 0.016722 2.741956
v -1.122194 0.141333 2.786156
v -0.915416 0.117745 2.825887
v -0.979283 0.015388 2.693385
v -0.830787 0.016722 2.741956
v -1.124981 0.131720 2.793193
v -0.966241 -0.006714 2.816219
v -0.930687 0.132155 2.708683
v -0.830787 0.016722 2.741956
v -1.112830 0.165742 2.767341
v -0.901497 0.152247 2.774285
v -0.985711 0.000412 2.729936
v -0.830787 0.016722 2.741956
v -0.898386 -0.294009 2.777691
v -0.770669 -0.125282 2.767113
v -0.944984 -0.089858 2.745388
v -0.830787 0.016722 2.741956
v -0.994455 -0.244432 2.828043
v -0.864031 -0.131431 2.705111
v -0.928477 -0.044049 2.847672
v -0.830787 0.016722 2.741956
v -0.918465 -0.287535 2.788218
v -0.820642 -0.129182 2.686990
v -0.911073 -0.080780 2.833933
v -0.830787 0.016722 2.741956
v -0.929594 0.178867 2.999534
v -0.953227 0.049727 2.833231
v -0.787392 0.113433 2.856743
v -0.830787 0.016722 2.741956
v -0.895204 0.198790 2.997106
v -0.802824 0.153634 2.811852
v -0.910283 0.025465 2.876180
v -0.830787 0.016722 2.741956
v -0.891330 0.200826 2.996594
v -0.804829 0.036382 2.894770
v -0.905179 0.144344 2.792854
v -0.830787 0.016722 2.741956
v -1.134311 0.066993 2.829968
v -0.978628 0.025897 2.692250
v -0.925764 0.047763 2.862073
v -0.830787 0.016722 2.741956
v -1.130121 0.033243 2.853876
v -0.937841 0.109459 2.807921
v -0.963200 -0.062798 2.765527
v -0.830787 0.016722 2.741956
v -1.116048 0.161469 2.750571
v -0.974853 0.019373 2.681542
v -0.914929 0.129868 2.809263
v -0.525748 0.089845 2.566178
v -0.740530 -0.103772 2.797346
v -0.521499 0.069650 2.553565
v -0.737471 -0.118312 2.788265
v -0.502936 0.055342 2.559538
v -0.724105 -0.128614 2.792565
v -0.488621 0.061230 2.578124
v -0.713799 -0.124375 2.805946
v -0.492870 0.081425 2.590736
v -0.716858 -0.109834 2.815027
v -0.511434 0.095733 2.584764
v -0.730224 -0.099532 2.810727
v -0.727165 -0.114073 2.801646
v -0.835892 -0.374544 2.650871
v -0.781040 -0.259560 2.820170
v -0.760271 -0.176963 2.662502
v -0.727165 -0.114073 2.801646
v -0.855124 -0.382800 2.684121
v -0.750309 -0.199027 2.672575
v -0.806388 -0.244101 2.836697
v -0.727165 -0.114073 2.801646
v -0.798335 -0.350650 2.598259
v -0.825537 -0.231641 2.771432
v -0.685728 -0.185767 2.669150
v -0.727165 -0.114073 2.801646
v -0.923051 -0.357830 2.869551
v -0.813125 -0.229810 2.741413
v -0.797913 -0.193342 2.916203
v -0.727165 -0.114073 2.801646
v -0.920537 -0.366314 2.838820
v -0.742674 -0.267896 2.779062
v -0.866353 -0.162042 2.853968
v -0.727165 -0.114073 2.801646
v -0.922177 -0.361897 2.855992
v -0.768487 -0.257180 2.754474
v -0.841852 -0.169226 2.892295
v -0.217696 0.355668 2.283307
v -0.596683 0.457179 2.550425
v -0.238052 0.349861 2.257224
v -0.611340 0.452998 2.531645
v -0.250626 0.319110 2.252252
v -0.620393 0.430857 2.528066
v -0.242844 0.294167 2.273364
v -0.614790 0.412898 2.543266
v -0.222488 0.299974 2.299447
v -0.600133 0.417079 2.562046
v -0.209914 0.330725 2.304419
v -0.591080 0.439220 2.565626
v -0.595884 0.456566 2.551794
v -0.935390 0.589666 2.615645
v -0.602485 0.451205 2.529152
v -0.940143 0.585807 2.599343
v -0.612338 0.429678 2.524203
v -0.947237 0.570307 2.595780
v -0.615589 0.413511 2.541897
v -0.949578 0.558667 2.608519
v -0.608988 0.418872 2.564539
v -0.944825 0.562527 2.624821
v -0.599135 0.440399 2.569488
v -0.937731 0.578027 2.628384
v -0.942484 0.574167 2.612082
v -0.942484 0.574167 2.612082
v -1.076133 0.381473 2.829813
v -1.057374 0.559833 2.716996
v -0.934513 0.434345 2.681353
v -0.942484 0.574167 2.612082
v -1.161556 0.458076 2.814395
v -0.967026 0.518349 2.755937
v -1.093200 0.537112 2.630077
v -0.942484 0.574167 2.612082
v -1.182996 0.485943 2.803839
v -1.001256 0.458059 2.698552
v -1.076122 0.619695 2.679017
v -0.942484 0.574167 2.612082
v -0.924526 0.880960 2.701276
v -0.904428 0.718695 2.566523
v -0.966174 0.675073 2.728996
v -0.942484 0.574167 2.612082
v -1.031681 0.867132 2.704899
v -0.920922 0.686986 2.718002
v -1.035404 0.695720 2.580415
v -0.942484 0.574167 2.612082
v -0.926562 0.881024 2.701441
v -0.852312 0.701689 2.616483
v -1.019918 0.692131 2.679169
v -0.620450 0.425520 2.530175
v -0.832784 0.293110 2.803011
v -0.601853 0.412605 2.538681
v -0.819394 0.283812 2.809135
v -0.587140 0.422124 2.555352
v -0.808801 0.290665 2.821138
v -0.591023 0.444557 2.563516
v -0.811597 0.306817 2.827016
v -0.609620 0.457471 2.555010
v -0.824987 0.316115 2.820892
v -0.624334 0.447953 2.538340
v -0.835580 0.309262 2.808889
v -0.822191 0.299964 2.815013
v -0.692061 0.025036 2.914416
v -0.841147 0.145112 2.823602
v -0.699130 0.234873 2.885947
v -0.822191 0.299964 2.815013
v -0.787190 0.030848 2.984576
v -0.894145 0.171807 2.868030
v -0.722236 0.212827 2.897647
v -0.822191 0.299964 2.815013
v -0.721239 0.022736 2.938923
v -0.727372 0.233680 2.920028
v -0.836247 0.144465 2.809126
v -0.822191 0.299964 2.815013
v -0.841950 0.531572 3.034938
v -0.770525 0.441297 2.857059
v -0.889663 0.343917 2.948908
v -0.822191 0.299964 2.815013
v -0.880374 0.488305 3.067089
v -0.757637 0.379312 2.933119
v -0.933291 0.371289 2.898569
v -0.822191 0.299964 2.815013
v -0.945377 0.385447 3.097711
v -0.831781 0.263703 2.966689
v -0.911149 0.404610 2.889496
v -0.822191 0.299964 2.815013
v -1.058066 0.090696 2.760518
v -0.939269 0.219319 2.879831
v -0.893812 0.213194 2.706600
v -0.822191 0.299964 2.815013
v -1.030877 0.099097 2.678990
v -0.967346 0.242510 2.821428
v -0.843984 0.196724 2.699780
v -0.822191 0.299964 2.815013
v -1.049774 0.092077 2.729055
v -0.860414 0.186098 2.715085
v -0.966033 0.247520 2.846175
v -0.822191 0.299964 2.815013
v -0.935685 0.088974 3.027152
v -0.951279 0.235098 2.874518
v -0.783898 0.196038 2.925219
v -0.822191 0.299964 2.815013
v -0.881856 0.048468 3.003666
v -0.917166 0.178468 2.840126
v -0.774947 0.220262 2.940823
v -0.822191 0.299964 2.815013
v -0.825084 0.020471 2.970819
v -0.804634 0.145354 2.800883
v -0.842062 0.230979 2.953788
v -0.592219 0.432589 2.566752
v -0.807724 0.681843 2.735534
v -0.586402 0.449188 2.550151
v -0.803536 0.693795 2.723581
v -0.599919 0.451638 2.530245
v -0.813268 0.695558 2.709249
v -0.619254 0.437488 2.526939
v -0.827189 0.685370 2.706869
v -0.625071 0.420888 2.543540
v -0.831378 0.673419 2.718821
v -0.611554 0.418439 2.563447
v -0.821645 0.671655 2.733154
v -0.817457 0.683607 2.721201
v -0.772852 0.995655 2.776304
v -0.870350 0.827637 2.691710
v -0.728879 0.789215 2.794775
v -0.817457 0.683607 2.721201
v -0.801710 0.995399 2.791467
v -0.736481 0.793880 2.796666
v -0.885835 0.822768 2.701949
v -0.817457 0.683607 2.721201
v -0.793912 0.995787 2.787450
v -0.826841 0.791652 2.833674
v -0.789236 0.825305 2.661727
v -0.817457 0.683607 2.721201
v -0.689339 0.779502 2.998311
v -0.836050 0.687424 2.876288
v -0.696369 0.756505 2.787802
v -0.817457 0.683607 2.721201
v -0.709418 0.794362 3.001310
v -0.695295 0.688181 2.818503
v -0.853188 0.767636 2.847986
v -0.817457 0.683607 2.721201
v -0.648068 0.744812 2.985704
v -0.825283 0.728058 2.870784
v -0.674120 0.688120 2.783220
v -0.817457 0.683607 2.721201
v -0.960053 0.933735 2.860851
v -0.953107 0.740809 2.773538
v -0.795884 0.826507 2.780584
v -0.817457 0.683607 2.721201
v -0.950221 0.942150 2.855100
v -0.790090 0.813007 2.804380
v -0.951034 0.761041 2.745141
v -0.817457 0.683607 2.721201
v -0.808290 1.000786 2.762593
v -0.745529 0.801032 2.795024
v -0.882051 0.819924 2.680493
v -0.597219 0.457328 2.550797
v -0.897851 0.528712 2.754714
v -0.611452 0.453026 2.531721
v -0.908098 0.525615 2.740979
v -0.619970 0.430737 2.527770
v -0.914231 0.509567 2.738134
v -0.614254 0.412749 2.542894
v -0.910116 0.496615 2.749024
v -0.600021 0.417051 2.561970
v -0.899868 0.499713 2.762759
v -0.591503 0.439340 2.565922
v -0.893735 0.515761 2.765604
v -0.903983 0.512664 2.751869
v -1.162431 0.643766 2.616160
v -0.966589 0.562925 2.617830
v -1.048136 0.567284 2.777341
v -0.903983 0.512664 2.751869
v -1.141614 0.642519 2.581372
v -0.942980 0.627709 2.653604
v -1.055091 0.501503 2.713737
v -0.903983 0.512664 2.751869
v -1.115955 0.639016 2.548146
v -0.942622 0.640005 2.669994
v -1.034922 0.486405 2.670766
v -0.903983 0.512664 2.751869
v -1.098258 0.392634 2.976034
v -1.039386 0.439172 2.777892
v -0.924001 0.490132 2.905179
v -0.903983 0.512664 2.751869
v -1.066394 0.348322 2.973262
v -0.957701 0.514156 2.898581
v -0.980193 0.379698 2.782272
v -0.903983 0.512664 2.751869
v -1.044148 0.323131 2.968275
v -0.883518 0.391265 2.848075
v -1.036581 0.482437 2.828788
v -0.903983 0.512664 2.751869
v -1.062444 0.755714 2.886839
v -0.957078 0.571894 2.886349
v -0.977657 0.647874 2.725365
v -0.903983 0.512664 2.751869
v -0.898474 0.830423 2.789268
v -0.868083 0.629487 2.849212
v -0.935476 0.650048 2.684445
v -0.903983 0.512664 2.751869
v -1.056378 0.761309 2.883595
v -0.893945 0.664286 2.788231
v -1.035937 0.559958 2.820888
v -0.903983 0.512664 2.751869
v -1.198963 0.634613 2.774573
v -0.987392 0.640775 2.784160
v -1.056558 0.482112 2.737741
v -0.903983 0.512664 2.751869
v -1.198254 0.631643 2.792472
v -1.029435 0.514872 2.844977
v -1.013948 0.605639 2.691243
v -0.903983 0.512664 2.751869
v -1.198932 0.636206 2.763806
v -1.022290 0.569923 2.667388
v -1.021635 0.554238 2.845900
v -0.259534 0.339721 2.271062
v -0.378653 0.308114 2.729428
v -0.256865 0.306259 2.269793
v -0.376732 0.284021 2.728514
v -0.227601 0.291455 2.277066
v -0.355661 0.273363 2.733751
v -0.201006 0.310114 2.285609
v -0.336513 0.286797 2.739902
v -0.203675 0.343576 2.286878
v -0.338434 0.310890 2.740816
v -0.232939 0.358379 2.279604
v -0.359505 0.321548 2.735579
v -0.377691 0.309988 2.729809
v -0.546084 0.134996 3.009236
v -0.373842 0.288662 2.719067
v -0.543313 0.119642 3.001502
v -0.353734 0.276130 2.723923
v -0.528834 0.110619 3.004998
v -0.337475 0.284923 2.739521
v -0.517128 0.116950 3.016228
v -0.341324 0.306249 2.750263
v -0.519899 0.132304 3.023963
v -0.361432 0.318781 2.745407
v -0.534377 0.141327 3.020467
v -0.531606 0.125973 3.012732
v -0.718071 -0.128199 3.067751
v -0.606116 0.005295 2.947180
v -0.606268 0.043313 3.122300
v -0.531606 0.125973 3.012732
v -0.717691 -0.130258 3.058752
v -0.538418 -0.018180 3.072611
v -0.673661 0.065142 2.989669
v -0.531606 0.125973 3.012732
v -0.717704 -0.130204 3.059002
v -0.668847 0.059599 2.978504
v -0.543243 -0.012595 3.083976
v -0.531606 0.125973 3.012732
v -0.361238 0.169705 3.280056
v -0.417008 0.208650 3.079395
v -0.509910 0.078282 3.159929
v -0.531606 0.125973 3.012732
v -0.336126 0.190346 3.257770
v -0.497306 0.228407 3.125617
v -0.409522 0.075038 3.095878
v -0.531606 0.125973 3.012732
v -0.325624 0.199465 3.246335
v -0.381291 0.149938 3.047991
v -0.517135 0.160801 3.164356
v -0.531606 0.125973 3.012732
v -0.843908 0.166267 3.069687
v -0.646081 0.107288 3.117415
v -0.666973 0.176894 2.953613
v -0.531606 0.125973 3.012732
v -0.826628 0.109665 3.135598
v -0.622640 0.166885 3.132945
v -0.676589 0.072015 2.990812
v -0.531606 0.125973 3.012732
v -0.832050 0.121233 3.122782
v -0.624562 0.078800 3.129120
v -0.679005 0.169355 2.984384
v -0.531606 0.125973 3.012732
v -0.696573 -0.148187 3.017460
v -0.642251 0.044430 3.087032
v -0.552935 -0.011811 2.942214
v -0.531606 0.125973 3.012732
v -0.698556 -0.097626 3.169356
v -0.664414 0.043707 3.015240
v -0.532358 0.029360 3.135523
v -0.531606 0.125973 3.012732
v -0.702326 -0.117690 3.130558
v -0.663887 0.085741 3.085500
v -0.535900 -0.028726 3.034224
v -0.349115 0.319806 2.738373
v -0.640202 0.386463 2.957193
v -0.364213 0.315491 2.719977
v -0.651073 0.383357 2.943948
v -0.372681 0.293140 2.716269
v -0.657170 0.367265 2.941278
v -0.366051 0.275105 2.730958
v -0.652396 0.354279 2.951854
v -0.350953 0.279420 2.749353
v -0.641525 0.357386 2.965099
v -0.342485 0.301770 2.753061
v -0.635429 0.373478 2.967768
v -0.646299 0.370371 2.954523
v -0.914612 0.521484 2.867499
v -0.774166 0.362862 2.865048
v -0.733082 0.498772 2.974379
v -0.646299 0.370371 2.954523
v -0.915993 0.521088 2.871156
v -0.792541 0.404372 2.997762
v -0.715813 0.456944 2.844590
v -0.646299 0.370371 2.954523
v -0.860354 0.523209 2.772256
v -0.677097 0.424222 2.811122
v -0.786745 0.438791 2.952110
v -0.646299 0.370371 2.954523
v -0.826521 0.250756 3.190346
v -0.783423 0.304384 2.989949
v -0.653354 0.340667 3.107755
v -0.646299 0.370371 2.954523
v -0.714768 0.133445 3.158430
v -0.641742 0.324713 3.103878
v -0.705632 0.226489 2.968295
v -0.646299 0.370371 2.954523
v -0.763237 0.173960 3.178461
v -0.776157 0.319212 3.024750
v -0.609992 0.264402 3.063447
v -0.646299 0.370371 2.954523
v -0.695055 0.677123 3.031507
v -0.663834 0.515171 2.898507
v -0.667769 0.470973 3.072126
v -0.646299 0.370371 2.954523
v -0.715262 0.669418 3.045161
v -0.606518 0.520802 2.940374
v -0.741251 0.459178 3.041182
v -0.646299 0.370371 2.954523
v -0.761797 0.643199 3.075457
v -0.776028 0.448970 2.992004
v -0.608968 0.510036 3.013789
v -0.646299 0.370371 2.954523
v -0.938981 0.475378 3.030093
v -0.786426 0.329671 3.010382
v -0.740318 0.495077 2.959121
v -0.646299 0.370371 2.954523
v -0.919374 0.457396 3.096849
v -0.801906 0.374697 2.941111
v -0.709152 0.435666 3.081796
v -0.646299 0.370371 2.954523
v -0.924322 0.461281 3.084287
v -0.755451 0.482111 2.958031
v -0.759566 0.331359 3.054827
v -0.378316 0.308153 2.728287
v -0.485114 0.297100 3.082588
v -0.376652 0.284023 2.728267
v -0.483916 0.279727 3.082574
v -0.355919 0.273326 2.734645
v -0.468988 0.272025 3.087166
v -0.336850 0.286758 2.741043
v -0.455258 0.281696 3.091773
v -0.338514 0.310887 2.741063
v -0.456457 0.299069 3.091787
v -0.359247 0.321585 2.734685
v -0.471385 0.306771 3.087195
v -0.470186 0.289398 3.087180
v -0.641480 0.035239 3.179167
v -0.515081 0.202626 3.209112
v -0.562327 0.172842 3.038838
v -0.470186 0.289398 3.087180
v -0.632450 0.014708 3.112004
v -0.524085 0.165091 3.009367
v -0.546098 0.193953 3.184852
v -0.470186 0.289398 3.087180
v -0.640434 0.030463 3.166984
v -0.462444 0.139604 3.130929
v -0.614127 0.232045 3.107275
v -0.470186 0.289398 3.087180
v -0.302606 0.353533 3.352140
v -0.385612 0.397269 3.162168
v -0.420696 0.232834 3.224160
v -0.470186 0.289398 3.087180
v -0.247390 0.365709 3.303833
v -0.394018 0.241315 3.214846
v -0.368118 0.398529 3.132836
v -0.470186 0.289398 3.087180
v -0.197062 0.374863 3.230354
v -0.325160 0.342978 3.064625
v -0.396713 0.304190 3.224275
v -0.470186 0.289398 3.087180
v -0.629582 0.122551 3.308890
v -0.611114 0.241015 3.134198
v -0.456775 0.204303 3.217531
v -0.470186 0.289398 3.087180
v -0.597994 0.223950 3.373156
v -0.442946 0.229412 3.228855
v -0.599673 0.297025 3.174285
v -0.470186 0.289398 3.087180
v -0.636286 0.082890 3.266527
v -0.582857 0.181152 3.086577
v -0.490395 0.232437 3.231261
v 0.004632 0.347465 1.701447
v -0.057384 0.596045 2.253428
v -0.022918 0.380781 1.683900
v -0.077220 0.620032 2.240795
v -0.069138 0.374552 1.682616
v -0.110499 0.615547 2.239870
v -0.087809 0.335008 1.698879
v -0.123942 0.587075 2.251579
v -0.060259 0.301693 1.716425
v -0.104106 0.563088 2.264213
v -0.014038 0.307922 1.717709
v -0.070827 0.567573 2.265137
v -0.090663 0.591560 2.252504
v -0.057214 0.594047 2.254349
v -0.109762 1.013109 2.470944
v -0.073511 0.606202 2.227607
v -0.121496 1.021861 2.451690
v -0.106960 0.603715 2.225762
v -0.145579 1.020070 2.450361
v -0.124112 0.589073 2.250659
v -0.157929 1.009528 2.468287
v -0.107816 0.576918 2.277400
v -0.146196 1.000777 2.487541
v -0.074366 0.579405 2.279245
v -0.122112 1.002567 2.488869
v -0.109761 1.013386 2.470410
v -0.144906 1.373601 2.392519
v -0.120757 1.008028 2.449544
v -0.152824 1.369744 2.377496
v -0.144842 1.005962 2.448750
v -0.170165 1.368256 2.376925
v -0.157931 1.009252 2.468821
v -0.179588 1.370625 2.391376
v -0.146934 1.014609 2.489687
v -0.171671 1.374482 2.406399
v -0.122849 1.016676 2.490481
v -0.154330 1.375970 2.406971
v -0.162247 1.372113 2.391948
v -0.187063 1.562202 2.135725
v -0.160250 1.520017 2.341622
v -0.184098 1.376281 2.237295
v -0.162247 1.372113 2.391948
v -0.179639 1.414190 2.075203
v -0.221865 1.460370 2.277630
v -0.116543 1.317518 2.252870
v -0.162247 1.372113 2.391948
v -0.181751 1.449397 2.082033
v -0.252395 1.367891 2.264402
v -0.087703 1.438162 2.271562
v -0.162247 1.372113 2.391948
v 0.151614 1.422022 2.354532
v -0.032358 1.426643 2.459531
v -0.041047 1.357510 2.294432
v -0.162247 1.372113 2.391948
v 0.102163 1.542107 2.332038
v -0.101325 1.515817 2.384894
v -0.011642 1.364404 2.351074
v -0.162247 1.372113 2.391948
v 0.108325 1.532698 2.333609
v -0.009629 1.381681 2.424014
v -0.098408 1.491013 2.313210
v -0.162247 1.372113 2.391948
v -0.165147 1.647511 2.229013
v -0.097271 1.452009 2.274445
v -0.229543 1.512535 2.379103
v -0.162247 1.372113 2.391948
v -0.157590 1.551689 2.127125
v -0.074983 1.465657 2.302245
v -0.245786 1.422230 2.269793
v -0.162247 1.372113 2.391948
v -0.167326 1.666217 2.265943
v -0.239172 1.508026 2.387212
v -0.089386 1.471483 2.295880
v -0.149650 1.018421 2.452740
v -0.305596 1.242493 2.702800
v -0.154750 0.999467 2.466871
v -0.309268 1.228846 2.712975
v -0.138946 0.992364 2.483747
v -0.297890 1.223732 2.725125
v -0.118042 1.004216 2.486491
v -0.282838 1.232265 2.727100
v -0.112941 1.023171 2.472359
v -0.279166 1.245912 2.716926
v -0.128745 1.030273 2.455484
v -0.290545 1.251026 2.704776
v -0.294217 1.237379 2.714950
v -0.540650 1.226082 2.918772
v -0.398022 1.144123 2.785235
v -0.387558 1.321598 2.807723
v -0.294217 1.237379 2.714950
v -0.548371 1.157694 2.892310
v -0.389142 1.120795 2.757488
v -0.402615 1.290216 2.814300
v -0.294217 1.237379 2.714950
v -0.548374 1.148273 2.887764
v -0.394442 1.121266 2.744697
v -0.397317 1.282207 2.823454
v -0.294217 1.237379 2.714950
v -0.063156 1.362616 2.897506
v -0.263314 1.314755 2.847125
v -0.140271 1.260192 2.728820
v -0.294217 1.237379 2.714950
v -0.042613 1.345684 2.880374
v -0.210864 1.221538 2.846150
v -0.176287 1.339865 2.716089
v -0.294217 1.237379 2.714950
v -0.087621 1.379361 2.913844
v -0.199300 1.359883 2.734846
v -0.223857 1.228461 2.854170
v -0.294217 1.237379 2.714950
v -0.515906 1.396209 2.547538
v -0.399227 1.353001 2.719035
v -0.366558 1.248822 2.576936
v -0.294217 1.237379 2.714950
v -0.529143 1.427728 2.610179
v -0.426588 1.243634 2.632179
v -0.349788 1.383403 2.713905
v -0.294217 1.237379 2.714950
v -0.531052 1.448163 2.671596
v -0.344756 1.357064 2.628154
v -0.433146 1.286321 2.767062
v -0.294217 1.237379 2.714950
v -0.535168 1.231749 2.925452
v -0.442669 1.194702 2.738466
v -0.338527 1.275552 2.859835
v -0.294217 1.237379 2.714950
v -0.532361 1.246513 2.928501
v -0.329639 1.241997 2.867056
v -0.449310 1.240068 2.733685
v -0.294217 1.237379 2.714950
v -0.539891 1.193162 2.915173
v -0.390253 1.306541 2.816959
v -0.394720 1.132844 2.773120
v -0.135863 1.000083 2.490938
v 0.054043 1.276873 2.647078
v -0.116941 0.995490 2.476591
v 0.067667 1.273567 2.636748
v -0.114924 1.006726 2.455268
v 0.069119 1.281657 2.621396
v -0.131829 1.022555 2.448293
v 0.056948 1.293054 2.616374
v -0.150751 1.027148 2.462640
v 0.043324 1.296360 2.626704
v -0.152768 1.015912 2.483963
v 0.041872 1.288270 2.642056
v 0.055496 1.284964 2.631726
v 0.370664 1.315800 2.677752
v 0.166716 1.365877 2.705856
v 0.196410 1.228719 2.594417
v 0.055496 1.284964 2.631726
v 0.373837 1.255987 2.646528
v 0.190033 1.311138 2.556714
v 0.175632 1.235608 2.718579
v 0.055496 1.284964 2.631726
v 0.374233 1.263837 2.650702
v 0.186441 1.251380 2.553383
v 0.179540 1.301646 2.725250
v 0.055496 1.284964 2.631726
v 0.037947 1.604361 2.622925
v 0.104008 1.413836 2.557898
v -0.007055 1.411609 2.698513
v 0.055496 1.284964 2.631726
v 0.026453 1.603113 2.613362
v 0.036801 1.416727 2.713587
v 0.050956 1.407720 2.535174
v 0.055496 1.284964 2.631726
v -0.077251 1.556426 2.526435
v 0.080771 1.435786 2.599696
v -0.075977 1.351311 2.579523
v 0.055496 1.284964 2.631726
v 0.090175 1.280943 2.949816
v -0.002243 1.336536 2.767441
v 0.140978 1.230175 2.750482
v 0.055496 1.284964 2.631726
v 0.096192 1.290745 2.949075
v 0.073565 1.376839 2.756804
v 0.069983 1.197713 2.760527
v 0.055496 1.284964 2.631726
v 0.102393 1.300930 2.947868
v 0.122901 1.365790 2.747207
v 0.025608 1.216911 2.769158
v 0.055496 1.284964 2.631726
v 0.371105 1.317260 2.673528
v 0.196450 1.236758 2.584607
v 0.167029 1.359007 2.712287
v 0.055496 1.284964 2.631726
v 0.288459 1.472774 2.745109
v 0.111565 1.430728 2.636330
v 0.185797 1.289447 2.717828
v 0.055496 1.284964 2.631726
v 0.334381 1.414902 2.719699
v 0.204737 1.307298 2.591223
v 0.129363 1.366580 2.742607
v -0.109803 1.013468 2.471140
v -0.156593 1.335535 2.647607
v -0.121563 1.022487 2.452026
v -0.165060 1.342029 2.633845
v -0.145605 1.020338 2.450501
v -0.182370 1.340481 2.632747
v -0.157888 1.009170 2.468091
v -0.191214 1.332441 2.645412
v -0.146129 1.000151 2.487205
v -0.182747 1.325947 2.659174
v -0.122086 1.002300 2.488730
v -0.165437 1.327494 2.660272
v -0.173904 1.333988 2.646510
v -0.173904 1.333988 2.646510
v -0.397589 1.306913 2.873736
v -0.201155 1.294730 2.795266
v -0.325600 1.351585 2.679535
v -0.173904 1.333988 2.646510
v -0.397483 1.307642 2.873926
v -0.213673 1.374145 2.792174
v -0.312998 1.272754 2.682779
v -0.173904 1.333988 2.646510
v -0.393426 1.331016 2.879321
v -0.206010 1.378678 2.792743
v -0.317415 1.286920 2.686526
v -0.173904 1.333988 2.646510
v 0.073637 1.528192 2.704889
v -0.124390 1.482173 2.645226
v -0.025385 1.341166 2.694497
v -0.173904 1.333988 2.646510
v 0.102969 1.490881 2.680062
v -0.066802 1.384225 2.748576
v -0.059507 1.409265 2.571284
v -0.173904 1.333988 2.646510
v 0.118865 1.462213 2.662161
v -0.076389 1.420231 2.732911
v -0.037203 1.350324 2.572630
v -0.116780 0.609834 2.241901
v -0.320333 0.547783 2.666170
v -0.116670 0.576537 2.237457
v -0.320253 0.523809 2.662970
v -0.090553 0.558263 2.248059
v -0.301449 0.510652 2.670604
v -0.064546 0.573286 2.263106
v -0.282724 0.521468 2.681437
v -0.064656 0.606583 2.267550
v -0.282804 0.545442 2.684638
v -0.090773 0.624857 2.256948
v -0.301608 0.558599 2.677004
v -0.320716 0.547035 2.665877
v -0.539424 0.318585 2.858321
v -0.312473 0.528135 2.653235
v -0.533489 0.304977 2.849219
v -0.293285 0.515726 2.661162
v -0.519674 0.296042 2.854926
v -0.282341 0.522217 2.681731
v -0.511794 0.300716 2.869736
v -0.290584 0.541117 2.694373
v -0.517729 0.314324 2.878838
v -0.309772 0.553526 2.686446
v -0.531544 0.323258 2.873131
v -0.525609 0.309650 2.864029
v -0.455916 0.234866 3.167262
v -0.583696 0.259178 3.000009
v -0.411768 0.300295 2.970635
v -0.525609 0.309650 2.864029
v -0.417599 0.262622 3.161556
v -0.402720 0.324299 2.959400
v -0.562091 0.257379 3.006678
v -0.525609 0.309650 2.864029
v -0.490232 0.212241 3.166782
v -0.525571 0.185990 2.959528
v -0.497346 0.355383 3.010732
v -0.525609 0.309650 2.864029
v -0.842901 0.338708 2.893719
v -0.641416 0.399601 2.917970
v -0.663635 0.242945 2.833839
v -0.525609 0.309650 2.864029
v -0.813016 0.442442 2.817516
v -0.657390 0.303560 2.780310
v -0.623754 0.421974 2.910538
v -0.525609 0.309650 2.864029
v -0.841742 0.356030 2.881594
v -0.664064 0.272622 2.801809
v -0.640061 0.383783 2.940300
v -0.525609 0.309650 2.864029
v -0.698924 0.041183 2.847070
v -0.604754 0.214178 2.768985
v -0.585116 0.190349 2.945505
v -0.525609 0.309650 2.864029
v -0.705103 0.044746 2.866790
v -0.605604 0.210170 2.954122
v -0.589210 0.197207 2.776145
v -0.525609 0.309650 2.864029
v -0.692369 0.038868 2.828419
v -0.552922 0.187504 2.770506
v -0.631705 0.215171 2.929063
v -0.293457 0.511846 2.674765
v -0.295046 0.534069 3.044307
v -0.277748 0.530218 2.673950
v -0.283735 0.547297 3.043719
v -0.285819 0.552998 2.672988
v -0.289546 0.563698 3.043027
v -0.309600 0.557405 2.672842
v -0.306669 0.566872 3.042922
v -0.325310 0.539033 2.673658
v -0.317980 0.553644 3.043510
v -0.317238 0.516254 2.674619
v -0.312168 0.537242 3.044202
v -0.300857 0.550470 3.043615
v -0.013222 0.662877 3.127465
v -0.224697 0.652011 3.134725
v -0.146910 0.538855 3.019584
v -0.300857 0.550470 3.043615
v -0.075819 0.644384 3.250829
v -0.216696 0.671690 3.094944
v -0.204988 0.504381 3.158057
v -0.300857 0.550470 3.043615
v -0.024048 0.660186 3.160828
v -0.214235 0.567535 3.172524
v -0.166032 0.621178 3.008477
v -0.300857 0.550470 3.043615
v -0.546279 0.627638 3.233913
v -0.378960 0.512537 3.173512
v -0.419092 0.650137 3.065956
v -0.300857 0.550470 3.043615
v -0.543493 0.627019 3.237697
v -0.365095 0.664049 3.129553
v -0.430728 0.498131 3.112942
v -0.300857 0.550470 3.043615
v -0.574117 0.633463 3.187980
v -0.368789 0.653326 3.139626
v -0.451533 0.514009 3.063096
v -0.300857 0.550470 3.043615
v -0.138299 0.313534 3.184455
v -0.189863 0.515776 3.147964
v -0.281804 0.395616 3.051938
v -0.300857 0.550470 3.043615
v -0.171574 0.367336 3.271973
v -0.181388 0.535269 3.143155
v -0.316900 0.419164 3.126761
v -0.300857 0.550470 3.043615
v -0.181279 0.382613 3.288410
v -0.273058 0.407046 3.099011
v -0.232994 0.559608 3.184054
v -0.300857 0.550470 3.043615
v -0.129459 0.636100 3.299915
v -0.198068 0.653631 3.100222
v -0.266528 0.515813 3.192048
v -0.300857 0.550470 3.043615
v -0.122534 0.638012 3.294487
v -0.159663 0.599118 3.089546
v -0.299393 0.571856 3.198381
v -0.300857 0.550470 3.043615
v -0.128988 0.636231 3.299556
v -0.306095 0.582384 3.196475
v -0.158124 0.587165 3.095507
v -0.290127 0.554250 2.682162
v -0.584086 0.625807 2.895529
v -0.304225 0.555878 2.662577
v -0.594236 0.626980 2.881428
v -0.315627 0.536254 2.654219
v -0.602445 0.612850 2.875409
v -0.312930 0.515001 2.665445
v -0.600504 0.597548 2.883493
v -0.298832 0.513373 2.685030
v -0.590353 0.596376 2.897594
v -0.287431 0.532998 2.693389
v -0.582144 0.610506 2.903612
v -0.592295 0.611678 2.889511
v -0.867133 0.775220 2.900359
v -0.728662 0.628021 2.964002
v -0.675798 0.726168 2.823698
v -0.592295 0.611678 2.889511
v -0.800467 0.807224 2.745198
v -0.644860 0.758538 2.880507
v -0.706267 0.621254 2.783064
v -0.592295 0.611678 2.889511
v -0.827346 0.803617 2.787972
v -0.674674 0.658469 2.765268
v -0.697956 0.718438 2.932523
v -0.592295 0.611678 2.889511
v -0.709735 0.346018 3.023798
v -0.637311 0.464314 2.863632
v -0.641230 0.546514 3.022819
v -0.592295 0.611678 2.889511
v -0.734712 0.367765 3.039923
v -0.661600 0.472861 2.871099
v -0.636923 0.555364 3.028252
v -0.592295 0.611678 2.889511
v -0.776657 0.417628 3.064883
v -0.609696 0.542971 3.028754
v -0.722383 0.525144 2.890565
v -0.592295 0.611678 2.889511
v -0.877124 0.728497 2.976834
v -0.693638 0.729129 2.870888
v -0.718815 0.587681 2.977992
v -0.592295 0.611678 2.889511
v -0.873018 0.714139 3.003948
v -0.673298 0.644998 3.018895
v -0.735870 0.660326 2.851676
v -0.592295 0.611678 2.889511
v -0.878331 0.736833 2.959649
v -0.740237 0.579300 2.927942
v -0.673181 0.744180 2.907190
v -0.320372 0.547772 2.666249
v -0.478797 0.498412 2.997191
v -0.320257 0.523808 2.662977
v -0.478714 0.481158 2.994835
v -0.301413 0.510662 2.670532
v -0.465146 0.471693 3.000275
v -0.282685 0.521479 2.681359
v -0.451662 0.479481 3.008070
v -0.282800 0.545443 2.684630
v -0.451745 0.496735 3.010425
v -0.301644 0.558590 2.677075
v -0.465312 0.506201 3.004986
v -0.465229 0.488947 3.002630
v -0.672470 0.250176 3.052029
v -0.494652 0.360217 3.086148
v -0.601598 0.426660 2.958631
v -0.465229 0.488947 3.002630
v -0.639176 0.231059 2.927553
v -0.460647 0.343837 2.944885
v -0.608970 0.427746 3.000314
v -0.465229 0.488947 3.002630
v -0.642807 0.231008 2.936796
v -0.571821 0.389282 3.058463
v -0.500699 0.382261 2.894131
v -0.465229 0.488947 3.002630
v -0.345050 0.570032 3.287906
v -0.423455 0.436141 3.143622
v -0.410860 0.606621 3.089859
v -0.465229 0.488947 3.002630
v -0.366140 0.561251 3.298187
v -0.342179 0.493708 3.098798
v -0.509008 0.542028 3.142908
v -0.465229 0.488947 3.002630
v -0.259928 0.603086 3.219940
v -0.327877 0.465912 3.073453
v -0.438340 0.603293 3.105655
v -0.465229 0.488947 3.002630
v -0.643792 0.353297 3.230917
v -0.602053 0.420504 3.034363
v -0.471255 0.448870 3.153527
v -0.465229 0.488947 3.002630
v -0.648415 0.339849 3.218531
v -0.559025 0.508242 3.126090
v -0.517982 0.350373 3.051892
v -0.465229 0.488947 3.002630
v -0.662325 0.273181 3.133009
v -0.613324 0.440027 3.011958
v -0.474811 0.365253 3.097606
v -0.083005 0.562030 2.266567
v 0.153039 0.795491 2.605783
v -0.062562 0.575477 2.243552
v 0.167759 0.805173 2.589212
v -0.070220 0.605007 2.229489
v 0.162245 0.826434 2.579086
v -0.098321 0.621090 2.238440
v 0.142012 0.838014 2.585531
v -0.118764 0.607643 2.261455
v 0.127293 0.828332 2.602102
v -0.111106 0.578113 2.275518
v 0.132807 0.807070 2.612228
v 0.158533 0.830443 2.579032
v 0.210562 1.090411 2.837425
v 0.134640 0.832276 2.582316
v 0.193359 1.091731 2.839790
v 0.123634 0.818584 2.598941
v 0.185434 1.081873 2.851760
v 0.136519 0.803061 2.612282
v 0.194712 1.070696 2.861365
v 0.160411 0.801229 2.608997
v 0.211914 1.069377 2.859000
v 0.171418 0.814920 2.592373
v 0.219839 1.079234 2.847030
v 0.202637 1.080554 2.849395
v -0.027885 1.302087 2.862911
v 0.073204 1.126207 2.924062
v 0.147652 1.212127 2.785541
v 0.202637 1.080554 2.849395
v 0.035752 1.338657 2.938458
v 0.059490 1.138518 2.873089
v 0.212275 1.229072 2.896952
v 0.202637 1.080554 2.849395
v -0.009632 1.316873 2.888066
v 0.083180 1.157259 2.784136
v 0.152278 1.192904 2.945590
v 0.202637 1.080554 2.849395
v 0.329771 0.884665 3.068174
v 0.321344 0.984091 2.881264
v 0.185637 1.020305 2.992550
v 0.202637 1.080554 2.849395
v 0.334091 0.929991 3.099296
v 0.277506 1.099346 2.985239
v 0.232931 0.941311 2.913472
v 0.202637 1.080554 2.849395
v 0.332951 0.912719 3.088664
v 0.275578 1.089690 2.987265
v 0.233947 0.937149 2.902940
v 0.202637 1.080554 2.849395
v 0.290806 1.366224 2.735296
v 0.234105 1.162631 2.720224
v 0.241704 1.227012 2.887287
v 0.202637 1.080554 2.849395
v 0.287528 1.341060 2.684078
v 0.280823 1.133241 2.724803
v 0.192364 1.236271 2.841733
v 0.202637 1.080554 2.849395
v 0.288637 1.348369 2.696821
v 0.294512 1.206832 2.854380
v 0.179561 1.168528 2.722351
v 0.202637 1.080554 2.849395
v 0.039250 1.337183 2.948621
v 0.154374 1.224180 2.811258
v 0.120190 1.142232 2.966913
v 0.202637 1.080554 2.849395
v 0.183195 1.335812 3.041398
v 0.284040 1.182937 2.934854
v 0.105680 1.182377 2.917539
v 0.202637 1.080554 2.849395
v 0.114453 1.346040 3.004768
v 0.084224 1.154355 2.919708
v 0.250503 1.219141 2.903381
v 0.126980 0.819493 2.608120
v 0.326348 0.838441 2.919489
v 0.135808 0.797341 2.604078
v 0.332705 0.822492 2.916578
v 0.156355 0.794600 2.591615
v 0.347498 0.820518 2.907605
v 0.168072 0.814011 2.583194
v 0.355934 0.834494 2.901542
v 0.159243 0.836163 2.587236
v 0.349578 0.850443 2.904452
v 0.138697 0.838904 2.599699
v 0.334784 0.852417 2.913426
v 0.341141 0.836467 2.910515
v 0.462577 0.657063 3.146030
v 0.308319 0.757975 3.041564
v 0.471112 0.771436 2.967878
v 0.341141 0.836467 2.910515
v 0.438470 0.610846 3.115507
v 0.426654 0.807715 3.038081
v 0.333492 0.684722 2.946943
v 0.341141 0.836467 2.910515
v 0.444991 0.621941 3.124042
v 0.303459 0.708937 2.992541
v 0.461903 0.792377 2.999312
v 0.341141 0.836467 2.910515
v 0.596213 1.028189 2.886412
v 0.480299 0.872657 2.971652
v 0.406041 0.953655 2.830097
v 0.341141 0.836467 2.910515
v 0.592238 1.030966 2.871522
v 0.401971 0.951079 2.823475
v 0.481189 0.877454 2.966361
v 0.341141 0.836467 2.910515
v 0.607011 1.003579 2.972053
v 0.448592 0.932722 2.850502
v 0.446387 0.873902 3.019759
v 0.341141 0.836467 2.910515
v 0.150403 0.899604 3.159579
v 0.196872 0.820870 2.968441
v 0.332819 0.902574 3.051840
v 0.341141 0.836467 2.910515
v 0.192159 0.897877 3.186981
v 0.360714 0.875092 3.060639
v 0.202383 0.846971 2.981564
v 0.341141 0.836467 2.910515
v 0.081520 0.898417 3.087034
v 0.252510 0.787343 3.029441
v 0.222075 0.935152 2.932805
v 0.341141 0.836467 2.910515
v 0.487020 0.766642 3.186638
v 0.459034 0.873802 3.006012
v 0.339951 0.743273 3.035917
v 0.341141 0.836467 2.910515
v 0.468945 0.699613 3.170009
v 0.316866 0.797859 3.059955
v 0.467659 0.765592 2.968671
v 0.341141 0.836467 2.910515
v 0.446766 0.644089 3.143397
v 0.372876 0.825717 3.063124
v 0.393906 0.693315 2.944212
v 0.152797 0.795255 2.605408
v 0.330323 0.970490 2.878967
v 0.167918 0.805327 2.589443
v 0.341211 0.977742 2.867471
v 0.162647 0.826824 2.579692
v 0.337416 0.993220 2.860451
v 0.142255 0.838249 2.585906
v 0.322734 1.001446 2.864925
v 0.127134 0.828177 2.601871
v 0.311846 0.994194 2.876420
v 0.132405 0.806680 2.611622
v 0.315641 0.978716 2.883441
v 0.326528 0.985968 2.871946
v 0.617059 1.052293 2.755358
v 0.443938 1.089056 2.871847
v 0.441543 0.935940 2.778774
v 0.326528 0.985968 2.871946
v 0.626755 1.096520 2.865418
v 0.445795 1.027141 2.779790
v 0.447443 1.033237 2.958879
v 0.326528 0.985968 2.871946
v 0.627446 1.093855 2.857486
v 0.438890 1.039574 2.777534
v 0.454901 1.018672 2.954789
v 0.326528 0.985968 2.871946
v 0.172086 1.247222 2.973407
v 0.220260 1.040895 2.972456
v 0.309243 1.140044 2.852604
v 0.326528 0.985968 2.871946
v 0.213527 1.252217 3.008848
v 0.251081 1.120527 2.847170
v 0.311574 1.064408 3.006243
v 0.326528 0.985968 2.871946
v 0.143107 1.238108 2.943932
v 0.180973 1.042757 2.871155
v 0.325347 1.130891 2.930325
v 0.326528 0.985968 2.871946
v 0.462644 0.844192 3.124477
v 0.300368 0.902192 3.001210
v 0.461581 0.956323 2.944706
v 0.326528 0.985968 2.871946
v 0.402434 0.725264 3.041274
v 0.427964 0.868066 2.886845
v 0.285817 0.895307 2.992508
v 0.326528 0.985968 2.871946
v 0.410051 0.735375 3.052575
v 0.308267 0.916413 3.010657
v 0.411609 0.855048 2.877738
v 0.326528 0.985968 2.871946
v 0.630186 1.083756 2.897032
v 0.440056 1.026834 2.971211
v 0.455927 1.023332 2.792750
v 0.326528 0.985968 2.871946
v 0.627709 1.088209 2.907122
v 0.456229 0.974794 2.958346
v 0.437772 1.078935 2.813686
v 0.326528 0.985968 2.871946
v 0.618755 1.100012 2.935172
v 0.479784 0.956424 2.864731
v 0.407054 1.106747 2.929741
v -0.043863 0.047698 1.000000
v -0.370838 -0.277635 1.629265
v -0.055256 -0.006796 0.966840
v -0.379042 -0.316871 1.605390
v -0.011394 -0.054494 0.966840
v -0.347460 -0.351214 1.605390
v 0.043863 -0.047698 1.000000
v -0.307676 -0.346320 1.629265
v 0.055256 0.006796 1.033160
v -0.299472 -0.307085 1.653140
v 0.011394 0.054494 1.033160
v -0.331054 -0.272742 1.653140
v -0.375112 -0.282500 1.624549
v -0.742850 -0.715597 1.842534
v -0.363424 -0.310833 1.589372
v -0.734434 -0.735997 1.817206
v -0.327569 -0.340311 1.594088
v -0.708618 -0.757221 1.820602
v -0.303402 -0.341456 1.633981
v -0.691218 -0.758045 1.849325
v -0.315090 -0.313123 1.669158
v -0.699634 -0.737645 1.874652
v -0.350945 -0.283645 1.664442
v -0.725450 -0.716421 1.871256
v -0.742020 -0.714373 1.846380
v -1.051019 -1.071417 1.798132
v -0.727844 -0.723143 1.817215
v -1.040812 -1.077731 1.777133
v -0.702858 -0.745591 1.816765
v -1.022822 -1.093894 1.776809
v -0.692048 -0.759269 1.845478
v -1.015038 -1.103742 1.797483
v -0.706224 -0.750499 1.874643
v -1.025245 -1.097428 1.818481
v -0.731210 -0.728051 1.875094
v -1.043235 -1.081265 1.818806
v -1.033029 -1.087579 1.797807
v -1.051073 -1.071642 1.800130
v -1.268761 -1.300192 1.606651
v -1.036078 -1.070260 1.781202
v -1.257965 -1.299197 1.593023
v -1.018034 -1.086197 1.778880
v -1.244973 -1.310672 1.591351
v -1.014984 -1.103517 1.795485
v -1.242777 -1.323142 1.603306
v -1.029979 -1.104899 1.814412
v -1.253573 -1.324137 1.616934
v -1.048023 -1.088962 1.816734
v -1.266565 -1.312662 1.618606
v -1.255769 -1.311667 1.604979
v -1.203136 -1.264552 1.292873
v -1.322635 -1.281600 1.467004
v -1.146796 -1.304042 1.493269
v -1.255769 -1.311667 1.604979
v -1.279323 -1.340218 1.287126
v -1.293244 -1.407631 1.487511
v -1.237137 -1.238544 1.468165
v -1.255769 -1.311667 1.604979
v -1.259658 -1.320744 1.285131
v -1.338300 -1.276942 1.476936
v -1.176349 -1.353653 1.477143
v -1.255769 -1.311667 1.604979
v -1.509399 -1.121697 1.560447
v -1.392482 -1.295924 1.530994
v -1.321960 -1.175434 1.643338
v -1.255769 -1.311667 1.604979
v -1.507518 -1.118749 1.562491
v -1.392865 -1.265288 1.663849
v -1.320072 -1.203712 1.512118
v -1.255769 -1.311667 1.604979
v -1.546566 -1.227289 1.501454
v -1.372950 -1.209668 1.621617
v -1.371225 -1.346164 1.505520
v -1.255769 -1.311667 1.604979
v -1.357850 -1.380060 1.309510
v -1.357744 -1.394960 1.520863
v -1.235458 -1.283089 1.452719
v -1.255769 -1.311667 1.604979
v -1.389961 -1.419641 1.335286
v -1.239595 -1.409473 1.484212
v -1.379296 -1.300241 1.509991
v -1.255769 -1.311667 1.604979
v -1.402941 -1.436232 1.349588
v -1.393306 -1.355661 1.545312
v -1.235969 -1.367325 1.460333
v -1.020604 -1.096182 1.778923
v -1.124769 -1.438232 1.874884
v -1.009772 -1.093693 1.800405
v -1.116970 -1.436440 1.890351
v -1.022197 -1.085091 1.819289
v -1.125916 -1.430246 1.903947
v -1.045453 -1.078977 1.816691
v -1.142661 -1.425844 1.902077
v -1.056285 -1.081465 1.795209
v -1.150459 -1.427636 1.886610
v -1.043860 -1.090068 1.776325
v -1.141514 -1.433830 1.873013
v -1.133715 -1.432038 1.888480
v -0.889689 -1.565004 2.047135
v -1.011484 -1.528750 1.877595
v -1.060725 -1.441700 2.026290
v -1.133715 -1.432038 1.888480
v -0.919078 -1.605741 2.050217
v -1.103253 -1.504448 2.023540
v -0.992467 -1.498590 1.882810
v -1.133715 -1.432038 1.888480
v -0.917805 -1.604199 2.050170
v -1.089812 -1.482171 2.029801
v -1.004890 -1.519634 1.876512
v -1.133715 -1.432038 1.888480
v -1.434713 -1.483355 1.984223
v -1.227425 -1.525377 1.971658
v -1.280804 -1.379753 1.881897
v -1.133715 -1.432038 1.888480
v -1.439735 -1.381957 1.967498
v -1.271394 -1.377260 1.838923
v -1.240852 -1.446751 2.001252
v -1.133715 -1.432038 1.888480
v -1.438368 -1.462487 1.981535
v -1.275921 -1.367452 1.884213
v -1.235232 -1.520983 1.967191
v -1.133715 -1.432038 1.888480
v -1.066508 -1.692441 1.715063
v -1.032016 -1.548658 1.866815
v -1.181649 -1.523741 1.771411
v -1.133715 -1.432038 1.888480
v -1.037258 -1.650389 1.675363
v -1.034023 -1.549289 1.861536
v -1.156241 -1.489468 1.744930
v -1.133715 -1.432038 1.888480
v -1.000754 -1.570078 1.632226
v -1.096489 -1.413356 1.737891
v -1.064572 -1.561153 1.834067
v -1.133715 -1.432038 1.888480
v -1.047579 -1.694477 2.050055
v -1.054806 -1.566695 1.881201
v -1.143715 -1.507332 2.025020
v -1.133715 -1.432038 1.888480
v -1.027753 -1.681809 2.058147
v -1.162616 -1.525571 2.010253
v -1.020045 -1.538322 1.902441
v -1.133715 -1.432038 1.888480
v -1.099758 -1.719285 2.025361
v -1.114826 -1.507950 2.023731
v -1.125438 -1.585924 1.862734
v -0.698652 -0.760720 1.831118
v -0.805838 -1.052326 2.189957
v -0.684311 -0.739630 1.852981
v -0.795512 -1.037141 2.205698
v -0.702693 -0.715731 1.867792
v -0.808748 -1.019934 2.216362
v -0.735416 -0.712922 1.860740
v -0.832309 -1.017911 2.211285
v -0.749758 -0.734012 1.838878
v -0.842634 -1.033096 2.195544
v -0.731375 -0.757911 1.824066
v -0.829399 -1.050303 2.184880
v -0.804703 -1.051846 2.190687
v -0.693252 -1.148033 2.530369
v -0.796359 -1.029471 2.194526
v -0.687244 -1.131923 2.533133
v -0.810729 -1.012744 2.204460
v -0.697590 -1.119880 2.540286
v -0.833444 -1.018391 2.210555
v -0.713945 -1.123945 2.544674
v -0.841788 -1.040766 2.206716
v -0.719953 -1.140055 2.541910
v -0.827418 -1.057493 2.196782
v -0.709606 -1.152099 2.534758
v -0.703598 -1.135989 2.537522
v -0.439835 -1.052088 2.698113
v -0.644022 -1.037738 2.643397
v -0.552164 -1.167119 2.560119
v -0.703598 -1.135989 2.537522
v -0.424674 -0.993948 2.604045
v -0.606473 -1.091798 2.651653
v -0.577584 -1.066548 2.476609
v -0.703598 -1.135989 2.537522
v -0.430911 -1.030813 2.667827
v -0.603366 -1.153345 2.656115
v -0.585680 -1.034492 2.523173
v -0.703598 -1.135989 2.537522
v -0.902943 -1.144853 2.787688
v -0.721925 -1.184427 2.684933
v -0.844747 -1.094643 2.590243
v -0.703598 -1.135989 2.537522
v -0.903920 -1.144458 2.786920
v -0.752334 -1.060231 2.665184
v -0.815120 -1.218523 2.609378
v -0.703598 -1.135989 2.537522
v -0.941807 -1.127788 2.751039
v -0.812950 -1.046287 2.603914
v -0.784814 -1.219130 2.641943
v -0.703598 -1.135989 2.537522
v -0.470953 -1.315815 2.663770
v -0.669343 -1.274013 2.602237
v -0.551738 -1.141826 2.573805
v -0.703598 -1.135989 2.537522
v -0.464867 -1.319612 2.645642
v -0.656870 -1.282712 2.563999
v -0.559342 -1.136165 2.597540
v -0.703598 -1.135989 2.537522
v -0.463480 -1.320457 2.641034
v -0.551099 -1.140627 2.571204
v -0.664003 -1.278926 2.586649
v -0.703598 -1.135989 2.537522
v -0.450938 -1.036508 2.706832
v -0.632653 -1.011934 2.600683
v -0.572415 -1.180459 2.609809
v -0.703598 -1.135989 2.537522
v -0.467572 -1.076891 2.745366
v -0.610525 -1.198113 2.646563
v -0.607851 -1.026587 2.594755
v -0.703598 -1.135989 2.537522
v -0.538457 -1.179864 2.808083
v -0.713622 -1.149241 2.692880
v -0.561462 -1.157838 2.598613
v -0.818457 -1.016702 2.216287
v -1.107104 -1.166460 2.393242
v -0.831879 -1.015075 2.196232
v -1.116768 -1.165288 2.378802
v -0.832495 -1.033492 2.180566
v -1.117211 -1.178549 2.367523
v -0.819690 -1.053535 2.184955
v -1.107991 -1.192980 2.370683
v -0.806268 -1.055162 2.205010
v -1.098327 -1.194151 2.385122
v -0.805651 -1.036745 2.220676
v -1.097884 -1.180891 2.396401
v -1.107547 -1.179720 2.381962
v -1.418650 -1.127553 2.328168
v -1.230924 -1.220014 2.294975
v -1.233053 -1.097691 2.425914
v -1.107547 -1.179720 2.381962
v -1.368782 -1.057739 2.243120
v -1.251329 -1.123770 2.406634
v -1.172754 -1.138084 2.246217
v -1.107547 -1.179720 2.381962
v -1.369787 -1.058641 2.244229
v -1.259147 -1.203349 2.352445
v -1.165739 -1.059227 2.301293
v -1.107547 -1.179720 2.381962
v -1.132786 -1.470724 2.512651
v -1.039464 -1.284010 2.476303
v -1.195822 -1.308232 2.392172
v -1.107547 -1.179720 2.381962
v -1.015453 -1.474767 2.464823
v -0.985430 -1.275752 2.398613
v -1.155990 -1.319725 2.431599
v -1.107547 -1.179720 2.381962
v -1.050688 -1.478565 2.481253
v -1.157763 -1.327623 2.378085
v -1.011844 -1.270892 2.465272
v -1.107547 -1.179720 2.381962
v -1.281649 -1.081836 2.631977
v -1.182826 -1.225098 2.511137
v -1.171549 -1.056035 2.452800
v -1.107547 -1.179720 2.381962
v -1.282720 -1.083430 2.631848
v -1.187484 -1.060644 2.443957
v -1.167749 -1.221763 2.519876
v -1.107547 -1.179720 2.381962
v -1.157767 -0.954479 2.603648
v -1.045476 -1.056974 2.456075
v -1.209794 -1.122273 2.485198
v -1.107547 -1.179720 2.381962
v -1.425059 -1.204936 2.412792
v -1.240467 -1.218747 2.309703
v -1.228637 -1.160865 2.478885
v -1.107547 -1.179720 2.381962
v -1.423364 -1.144675 2.344127
v -1.234203 -1.101352 2.429176
v -1.233546 -1.230051 2.304481
v -1.107547 -1.179720 2.381962
v -1.414438 -1.238509 2.450969
v -1.231894 -1.267815 2.347476
v -1.228714 -1.138655 2.471654
v -0.835777 -1.045839 2.186799
v -0.765731 -1.364721 2.361343
v -0.812735 -1.045035 2.179491
v -0.749141 -1.364141 2.356082
v -0.796032 -1.034314 2.193313
v -0.737114 -1.356422 2.366033
v -0.802370 -1.024397 2.214443
v -0.741678 -1.349282 2.381247
v -0.825412 -1.025202 2.221751
v -0.758268 -1.349861 2.386509
v -0.842115 -1.035923 2.207929
v -0.770295 -1.357581 2.376557
v -0.753705 -1.357001 2.371295
v -0.753705 -1.357001 2.371295
v -0.545926 -1.539187 2.209936
v -0.734151 -1.491920 2.294962
v -0.607035 -1.367831 2.318541
v -0.753705 -1.357001 2.371295
v -0.546465 -1.478271 2.159764
v -0.671131 -1.327915 2.241882
v -0.670486 -1.483104 2.331483
v -0.753705 -1.357001 2.371295
v -0.548848 -1.558577 2.230579
v -0.604353 -1.381193 2.332296
v -0.739171 -1.494070 2.297721
v -0.753705 -1.357001 2.371295
v -0.747235 -1.318379 2.688890
v -0.689219 -1.406001 2.504910
v -0.813014 -1.277104 2.491756
v -0.753705 -1.357001 2.371295
v -0.725899 -1.438709 2.679436
v -0.770326 -1.307987 2.518718
v -0.714839 -1.471382 2.470385
v -0.753705 -1.357001 2.371295
v -0.744786 -1.331637 2.690164
v -0.833517 -1.314054 2.498565
v -0.666758 -1.379657 2.499120
v -0.805850 -1.052358 2.189994
v -0.897872 -1.282804 2.464737
v -0.795650 -1.037526 2.206149
v -0.890528 -1.272126 2.476368
v -0.808874 -1.020287 2.216776
v -0.900049 -1.259713 2.484020
v -0.832297 -1.017879 2.211248
v -0.916913 -1.257980 2.480040
v -0.842496 -1.032711 2.195093
v -0.924257 -1.268659 2.468408
v -0.829273 -1.049950 2.184466
v -0.914736 -1.281071 2.460757
v -0.907392 -1.270392 2.472388
v -0.785423 -1.346426 2.758294
v -0.844123 -1.214015 2.603654
v -0.873086 -1.387597 2.569847
v -0.907392 -1.270392 2.472388
v -0.746826 -1.308505 2.746552
v -0.819841 -1.199142 2.580418
v -0.866491 -1.372133 2.583690
v -0.907392 -1.270392 2.472388
v -0.726520 -1.285851 2.735915
v -0.764880 -1.245627 2.531458
v -0.905207 -1.307524 2.624140
v -0.907392 -1.270392 2.472388
v -1.221262 -1.208485 2.465101
v -1.049231 -1.323335 2.511002
v -1.016650 -1.167924 2.427945
v -0.907392 -1.270392 2.472388
v -1.222426 -1.266718 2.528424
v -1.026522 -1.186011 2.528066
v -1.040289 -1.351834 2.461539
v -0.907392 -1.270392 2.472388
v -1.213318 -1.299081 2.561757
v -1.011996 -1.362431 2.543093
v -1.047529 -1.201304 2.473178
v -0.907392 -1.270392 2.472388
v -0.778921 -1.563471 2.471992
v -0.923292 -1.417189 2.523478
v -0.788716 -1.358058 2.420981
v -0.907392 -1.270392 2.472388
v -0.750596 -1.544353 2.419853
v -0.783562 -1.335732 2.403043
v -0.905786 -1.424221 2.499705
v -0.907392 -1.270392 2.472388
v -0.797827 -1.569526 2.502625
v -0.788049 -1.366648 2.442318
v -0.939083 -1.413444 2.526648
v -0.907392 -1.270392 2.472388
v -0.928942 -1.441685 2.741822
v -0.827244 -1.351075 2.579527
v -1.004780 -1.326743 2.580797
v -0.907392 -1.270392 2.472388
v -0.907631 -1.430357 2.749537
v -0.826707 -1.367981 2.563922
v -0.988269 -1.300775 2.602573
v -0.907392 -1.270392 2.472388
v -0.854965 -1.398036 2.761107
v -0.971287 -1.350056 2.590639
v -0.801555 -1.292844 2.585112
v -0.716206 -0.722151 1.876138
v -1.159264 -0.874637 1.951871
v -0.727054 -0.704947 1.849403
v -1.167075 -0.862249 1.932622
v -0.727882 -0.719616 1.819194
v -1.167671 -0.872811 1.910872
v -0.717862 -0.751491 1.815721
v -1.160457 -0.895761 1.908371
v -0.707014 -0.768696 1.842456
v -1.152646 -0.908148 1.927620
v -0.706186 -0.754026 1.872664
v -1.152050 -0.897586 1.949370
v -1.158440 -0.876631 1.952695
v -1.517144 -0.786971 1.933992
v -1.154040 -0.862032 1.933920
v -1.513976 -0.776460 1.920474
v -1.155461 -0.870600 1.911346
v -1.514999 -0.782629 1.904221
v -1.161282 -0.893766 1.907548
v -1.519190 -0.799309 1.901486
v -1.165681 -0.908365 1.926323
v -1.522358 -0.809820 1.915004
v -1.164260 -0.899798 1.948896
v -1.521335 -0.803651 1.931257
v -1.518167 -0.793140 1.917739
v -1.526574 -0.516341 1.757391
v -1.606177 -0.699028 1.829368
v -1.436882 -0.665812 1.877831
v -1.518167 -0.793140 1.917739
v -1.679402 -0.546649 1.792657
v -1.538893 -0.638337 1.922051
v -1.626429 -0.750751 1.813362
v -1.518167 -0.793140 1.917739
v -1.537920 -0.516208 1.758621
v -1.465250 -0.646380 1.909175
v -1.586886 -0.718355 1.799008
v -1.518167 -0.793140 1.917739
v -1.755217 -0.983254 1.817419
v -1.555509 -0.937651 1.871542
v -1.670465 -0.800719 1.883680
v -1.518167 -0.793140 1.917739
v -1.786509 -0.942755 1.828251
v -1.605684 -0.837136 1.796013
v -1.645323 -0.868836 1.967875
v -1.518167 -0.793140 1.917739
v -1.777421 -0.955953 1.824578
v -1.600154 -0.924832 1.936381
v -1.643583 -0.791699 1.824568
v -1.518167 -0.793140 1.917739
v -1.657762 -0.523154 1.817635
v -1.637416 -0.733207 1.836500
v -1.510593 -0.637084 1.918895
v -1.518167 -0.793140 1.917739
v -1.781506 -0.620802 1.859842
v -1.670671 -0.799701 1.884397
v -1.576334 -0.648709 1.904764
v -1.518167 -0.793140 1.917739
v -1.777766 -0.615893 1.857806
v -1.629869 -0.760951 1.813342
v -1.614144 -0.683532 1.974189
v -1.165303 -0.882222 1.906744
v -1.396545 -1.170321 1.930901
v -1.146992 -0.896666 1.913154
v -1.383361 -1.180720 1.935517
v -1.141550 -0.899642 1.936532
v -1.379443 -1.182863 1.952349
v -1.154419 -0.888175 1.953499
v -1.388709 -1.174607 1.964565
v -1.172729 -0.873731 1.947088
v -1.401892 -1.164207 1.959950
v -1.178171 -0.870755 1.923711
v -1.405810 -1.162064 1.943118
v -1.392627 -1.172464 1.947733
v -1.240370 -1.440579 1.862108
v -1.325504 -1.303678 1.999594
v -1.337944 -1.255742 1.827373
v -1.392627 -1.172464 1.947733
v -1.274750 -1.459237 1.868573
v -1.412037 -1.298261 1.857121
v -1.278915 -1.276085 1.975017
v -1.392627 -1.172464 1.947733
v -1.226596 -1.431497 1.859780
v -1.325899 -1.304703 1.997455
v -1.326530 -1.247450 1.827648
v -1.392627 -1.172464 1.947733
v -1.641510 -1.245953 2.134967
v -1.547926 -1.164786 1.963078
v -1.436434 -1.238934 2.082176
v -1.392627 -1.172464 1.947733
v -1.638111 -1.226365 2.145805
v -1.463270 -1.126799 2.079401
v -1.518371 -1.261249 1.974523
v -1.392627 -1.172464 1.947733
v -1.624808 -1.177927 2.167875
v -1.546251 -1.157754 1.972135
v -1.424747 -1.191544 2.099445
v -1.392627 -1.172464 1.947733
v -1.553184 -1.286163 1.695357
v -1.410530 -1.163481 1.792779
v -1.503170 -1.272406 1.900787
v -1.392627 -1.172464 1.947733
v -1.524135 -1.241062 1.664184
v -1.370850 -1.243782 1.810432
v -1.519610 -1.156024 1.858195
v -1.392627 -1.172464 1.947733
v -1.538534 -1.262777 1.677632
v -1.479204 -1.124526 1.826826
v -1.422775 -1.292652 1.852559
v -1.392627 -1.172464 1.947733
v -1.488293 -1.477328 1.930247
v -1.488190 -1.280297 2.008163
v -1.373597 -1.308522 1.873314
v -1.392627 -1.172464 1.947733
v -1.451190 -1.485885 1.920577
v -1.420661 -1.304701 2.026088
v -1.411443 -1.290963 1.847654
v -1.392627 -1.172464 1.947733
v -1.378622 -1.489071 1.903423
v -1.469689 -1.307458 1.963551
v -1.304361 -1.290756 1.896467
v -1.151262 -0.906382 1.938016
v -1.460996 -0.950624 2.135916
v -1.146570 -0.886088 1.950309
v -1.457618 -0.936013 2.144767
v -1.155169 -0.864905 1.942415
v -1.463809 -0.920761 2.139083
v -1.168459 -0.864016 1.922227
v -1.473378 -0.920121 2.124548
v -1.173151 -0.884309 1.909933
v -1.476756 -0.934732 2.115697
v -1.164552 -0.905493 1.917828
v -1.470565 -0.949984 2.121381
v -1.467187 -0.935373 2.130232
v -1.421546 -0.828697 2.428455
v -1.362609 -0.916234 2.244728
v -1.535253 -0.869171 2.254315
v -1.467187 -0.935373 2.130232
v -1.431012 -0.831426 2.430709
v -1.417329 -0.817411 2.219739
v -1.488105 -0.970176 2.281107
v -1.467187 -0.935373 2.130232
v -1.525662 -0.863748 2.436583
v -1.412946 -0.944675 2.276463
v -1.568208 -0.868771 2.229081
v -1.467187 -0.935373 2.130232
v -1.755919 -0.927498 1.992493
v -1.544050 -0.927797 1.994413
v -1.621310 -0.936648 2.155860
v -1.467187 -0.935373 2.130232
v -1.748593 -0.924703 1.978255
v -1.621559 -0.918768 2.147723
v -1.537940 -0.943442 1.991160
v -1.467187 -0.935373 2.130232
v -1.755638 -0.927385 1.991913
v -1.585284 -0.843272 2.085703
v -1.579851 -1.021083 2.064106
v -1.467187 -0.935373 2.130232
v -1.370971 -1.219435 2.241816
v -1.499498 -1.088118 2.136322
v -1.357904 -1.009877 2.213409
v -1.467187 -0.935373 2.130232
v -1.439887 -1.217391 2.278961
v -1.372833 -1.026993 2.214584
v -1.539701 -1.069367 2.164864
v -1.467187 -0.935373 2.130232
v -1.457687 -1.214181 2.286997
v -1.546358 -1.065577 2.164741
v -1.380416 -1.028215 2.221135
v -1.467187 -0.935373 2.130232
v -1.654289 -0.909067 2.388498
v -1.601360 -0.980679 2.196242
v -1.482696 -0.869022 2.270835
v -1.467187 -0.935373 2.130232
v -1.629000 -0.893687 2.403140
v -1.525476 -0.829864 2.229643
v -1.538349 -1.007533 2.249148
v -1.467187 -0.935373 2.130232
v -1.557056 -0.856693 2.427104
v -1.484928 -0.817889 2.231697
v -1.521341 -0.989912 2.266265
v -1.160307 -0.875011 1.952053
v -1.503900 -1.004981 1.997970
v -1.167847 -0.862522 1.932761
v -1.509330 -0.995990 1.984080
v -1.167401 -0.872710 1.910830
v -1.509008 -1.003325 1.968289
v -1.159414 -0.895387 1.908190
v -1.503258 -1.019652 1.966388
v -1.151874 -0.907875 1.927481
v -1.497829 -1.028644 1.980278
v -1.152320 -0.897687 1.949413
v -1.498150 -1.021309 1.996069
v -1.503579 -1.012317 1.982179
v -1.792262 -0.888362 1.921373
v -1.580577 -0.894344 1.914608
v -1.657528 -1.031126 2.001106
v -1.503579 -1.012317 1.982179
v -1.695914 -0.780539 1.874075
v -1.620361 -0.915296 2.019073
v -1.540665 -0.923915 1.858802
v -1.503579 -1.012317 1.982179
v -1.755385 -0.834002 1.897339
v -1.657066 -0.990242 2.001331
v -1.551537 -0.891739 1.895154
v -1.503579 -1.012317 1.982179
v -1.619689 -0.950776 2.273951
v -1.472460 -0.949016 2.121595
v -1.627587 -1.026384 2.076181
v -1.503579 -1.012317 1.982179
v -1.622178 -0.952115 2.273229
v -1.472757 -0.952079 2.123010
v -1.629280 -1.024393 2.074187
v -1.503579 -1.012317 1.982179
v -1.671935 -0.981274 2.252536
v -1.538291 -0.917157 2.101141
v -1.603552 -1.082642 2.079503
v -1.503579 -1.012317 1.982179
v -1.822642 -1.036280 1.987127
v -1.624896 -1.095384 2.035038
v -1.637512 -0.948420 1.933279
v -1.503579 -1.012317 1.982179
v -1.787528 -0.880696 1.915479
v -1.578521 -0.907693 1.893581
v -1.655796 -1.011644 2.017417
v -1.503579 -1.012317 1.982179
v -1.791719 -0.888316 1.918940
v -1.585904 -0.923761 1.883221
v -1.651767 -1.001672 2.030545
v -0.742742 -0.715475 1.842480
v -1.035052 -1.058108 1.992299
v -0.733567 -0.735017 1.816743
v -1.028446 -1.072178 1.973768
v -0.707859 -0.756363 1.820192
v -1.009937 -1.087547 1.976252
v -0.691326 -0.758167 1.849379
v -0.998033 -1.088846 1.997266
v -0.700501 -0.738625 1.875115
v -1.004638 -1.074776 2.015797
v -0.726209 -0.717279 1.871666
v -1.023148 -1.059407 2.013313
v -1.035259 -1.058876 1.990145
v -1.221827 -1.350743 1.859517
v -1.018271 -1.062481 1.973310
v -1.209596 -1.353338 1.847396
v -0.999555 -1.077081 1.977947
v -1.196120 -1.363850 1.850735
v -0.997826 -1.088077 1.999420
v -1.194875 -1.371768 1.866195
v -1.014813 -1.084473 2.016255
v -1.207106 -1.369172 1.878316
v -1.033530 -1.069872 2.011618
v -1.220582 -1.358660 1.874977
v -1.208351 -1.361255 1.862856
v -1.166561 -1.327761 1.547369
v -1.103649 -1.336812 1.749489
v -1.279622 -1.358903 1.723834
v -1.208351 -1.361255 1.862856
v -1.175643 -1.341043 1.545174
v -1.183946 -1.264549 1.742587
v -1.206589 -1.441791 1.728979
v -1.208351 -1.361255 1.862856
v -1.192513 -1.365530 1.543277
v -1.231701 -1.278466 1.732423
v -1.172330 -1.447464 1.737626
v -1.208351 -1.361255 1.862856
v -1.195695 -1.644229 2.011737
v -1.144920 -1.504034 1.861206
v -1.261657 -1.444855 1.983611
v -1.208351 -1.361255 1.862856
v -1.149829 -1.607779 2.058307
v -1.221968 -1.515771 1.881608
v -1.147916 -1.403959 2.000465
v -1.208351 -1.361255 1.862856
v -1.178305 -1.632305 2.030275
v -1.255330 -1.439093 1.989924
v -1.137334 -1.500257 1.869723
v -1.208351 -1.361255 1.862856
v -1.502477 -1.318033 1.744442
v -1.336764 -1.432737 1.809822
v -1.315238 -1.255196 1.821159
v -1.208351 -1.361255 1.862856
v -1.494318 -1.263872 1.757312
v -1.315917 -1.248195 1.870536
v -1.329558 -1.396409 1.770741
v -1.208351 -1.361255 1.862856
v -1.503044 -1.329831 1.742156
v -1.293314 -1.358069 1.731771
v -1.359143 -1.339302 1.897382
v -1.208351 -1.361255 1.862856
v -1.287567 -1.562018 1.626596
v -1.326039 -1.418028 1.777191
v -1.154036 -1.465093 1.759513
v -1.208351 -1.361255 1.862856
v -1.249495 -1.521561 1.588978
v -1.224737 -1.348054 1.708035
v -1.224880 -1.502700 1.798574
v -1.208351 -1.361255 1.862856
v -1.311346 -1.584390 1.657910
v -1.276602 -1.386290 1.724555
v -1.222496 -1.514728 1.837200
v -1.013768 -1.065869 2.017573
v -1.358888 -1.178563 2.090026
v -1.022454 -1.050800 2.000766
v -1.365142 -1.167713 2.077925
v -1.025228 -1.058408 1.977976
v -1.367140 -1.173191 2.061516
v -1.019317 -1.081085 1.971992
v -1.362883 -1.189518 2.057208
v -1.010631 -1.096154 1.988799
v -1.356629 -1.200368 2.069309
v -1.007856 -1.088545 2.011589
v -1.354632 -1.194890 2.085718
v -1.360886 -1.184041 2.073617
v -1.363127 -1.050169 2.364260
v -1.421085 -1.191670 2.217596
v -1.302479 -1.069313 2.162152
v -1.360886 -1.184041 2.073617
v -1.369142 -1.052331 2.365138
v -1.322196 -1.203034 2.223798
v -1.406180 -1.059679 2.156652
v -1.360886 -1.184041 2.073617
v -1.490826 -1.108508 2.356124
v -1.490494 -1.135220 2.145937
v -1.335229 -1.172435 2.227302
v -1.360886 -1.184041 2.073617
v -1.661511 -1.074845 2.063563
v -1.490723 -1.158732 2.156766
v -1.471548 -1.121993 1.982424
v -1.360886 -1.184041 2.073617
v -1.674257 -1.119461 2.078885
v -1.481084 -1.126398 1.992119
v -1.491384 -1.190019 2.159329
v -1.360886 -1.184041 2.073617
v -1.676023 -1.223835 2.112410
v -1.471513 -1.270762 2.141830
v -1.502368 -1.129154 2.036438
v -1.034707 -1.057729 1.992134
v -1.269787 -1.320168 2.105803
v -1.028187 -1.071890 1.973643
v -1.265092 -1.330364 2.092489
v -1.010022 -1.087638 1.976292
v -1.252013 -1.341703 2.094396
v -0.998377 -1.089225 1.997431
v -1.243629 -1.342845 2.109616
v -1.004898 -1.075063 2.015922
v -1.248324 -1.332649 2.122930
v -1.023063 -1.059315 2.013273
v -1.261403 -1.321310 2.121023
v -1.256708 -1.331506 2.107710
v -1.318451 -1.476912 1.829420
v -1.365738 -1.359547 1.999366
v -1.197073 -1.419791 1.993422
v -1.256708 -1.331506 2.107710
v -1.329411 -1.487781 1.838094
v -1.317224 -1.462653 2.048123
v -1.254354 -1.325379 1.951604
v -1.256708 -1.331506 2.107710
v -1.334626 -1.492861 1.842580
v -1.293934 -1.471611 2.049425
v -1.281817 -1.320485 1.953891
v -1.256708 -1.331506 2.107710
v -1.219049 -1.491892 2.382042
v -1.165574 -1.350987 2.233118
v -1.317715 -1.440334 2.201767
v -1.256708 -1.331506 2.107710
v -1.169346 -1.458696 2.388050
v -1.138115 -1.392268 2.189294
v -1.305411 -1.372497 2.250398
v -1.256708 -1.331506 2.107710
v -1.197250 -1.478140 2.385852
v -1.220208 -1.310609 2.258186
v -1.245641 -1.469710 2.179747
v -1.256708 -1.331506 2.107710
v -1.552091 -1.208653 2.115183
v -1.407737 -1.359487 2.079083
v -1.341985 -1.205243 2.142314
v -1.256708 -1.331506 2.107710
v -1.558417 -1.225728 2.121226
v -1.368517 -1.275131 2.201159
v -1.386267 -1.303259 2.025073
v -1.256708 -1.331506 2.107710
v -1.570111 -1.274089 2.137411
v -1.368419 -1.276794 2.202258
v -1.395720 -1.340285 2.036922
v -1.256708 -1.331506 2.107710
v -1.422105 -1.552208 1.945430
v -1.263882 -1.414549 1.975556
v -1.381852 -1.425025 2.110040
v -1.256708 -1.331506 2.107710
v -1.463709 -1.575400 2.099563
v -1.276619 -1.481211 2.067658
v -1.402398 -1.376917 2.141245
v -1.256708 -1.331506 2.107710
v -1.451485 -1.572815 2.028767
v -1.403996 -1.371366 2.074100
v -1.265242 -1.484694 2.078165
v -0.331116 -0.354733 1.612457
v -0.239341 -0.547087 2.182455
v -0.295895 -0.324555 1.617504
v -0.213981 -0.525359 2.186089
v -0.304035 -0.281800 1.634313
v -0.219842 -0.494575 2.198191
v -0.347398 -0.269223 1.646073
v -0.251063 -0.485520 2.206659
v -0.382619 -0.299401 1.641026
v -0.276423 -0.507248 2.203025
v -0.374479 -0.342156 1.624217
v -0.270562 -0.538032 2.190923
v -0.238946 -0.546996 2.182422
v 0.047290 -0.624854 2.552956
v -0.219595 -0.521081 2.173346
v 0.061222 -0.606194 2.546421
v -0.225851 -0.490388 2.185481
v 0.056718 -0.584096 2.555158
v -0.251458 -0.485611 2.206692
v 0.038281 -0.580656 2.570431
v -0.270809 -0.511527 2.215768
v 0.024349 -0.599315 2.576966
v -0.264552 -0.542219 2.203633
v 0.028853 -0.621414 2.568228
v 0.049502 -0.623639 2.551508
v 0.386280 -0.579290 2.698719
v 0.052279 -0.602858 2.539448
v 0.388280 -0.564328 2.690036
v 0.045563 -0.581974 2.549634
v 0.383444 -0.549291 2.697370
v 0.036069 -0.581871 2.571879
v 0.376608 -0.549217 2.713386
v 0.033291 -0.602652 2.583938
v 0.374608 -0.564179 2.722069
v 0.040008 -0.623536 2.573753
v 0.379444 -0.579216 2.714735
v 0.381444 -0.564254 2.706052
v 0.665424 -0.449402 2.613508
v 0.503689 -0.476314 2.747707
v 0.486384 -0.560312 2.590362
v 0.381444 -0.564254 2.706052
v 0.673415 -0.455020 2.633797
v 0.531504 -0.561635 2.749497
v 0.464962 -0.479485 2.604804
v 0.381444 -0.564254 2.706052
v 0.674542 -0.455954 2.637025
v 0.526190 -0.542852 2.760850
v 0.471177 -0.499016 2.596033
v 0.381444 -0.564254 2.706052
v 0.414203 -0.490311 3.015664
v 0.476201 -0.571567 2.830068
v 0.312894 -0.497787 2.829726
v 0.381444 -0.564254 2.706052
v 0.365684 -0.490584 3.017058
v 0.309480 -0.476291 2.813271
v 0.440800 -0.593281 2.847638
v 0.381444 -0.564254 2.706052
v 0.378337 -0.490349 3.017386
v 0.338977 -0.457383 2.811823
v 0.421425 -0.612001 2.849349
v 0.381444 -0.564254 2.706052
v 0.654296 -0.720316 2.646084
v 0.476947 -0.616710 2.594072
v 0.504223 -0.636647 2.770058
v 0.381444 -0.564254 2.706052
v 0.649860 -0.725412 2.639866
v 0.537206 -0.555472 2.697500
v 0.440415 -0.701962 2.661656
v 0.381444 -0.564254 2.706052
v 0.532985 -0.791916 2.539904
v 0.394959 -0.633395 2.566593
v 0.489161 -0.677242 2.712593
v 0.381444 -0.564254 2.706052
v 0.658727 -0.429771 2.619863
v 0.460351 -0.497453 2.588905
v 0.524363 -0.523468 2.754248
v 0.381444 -0.564254 2.706052
v 0.670619 -0.439757 2.648793
v 0.459049 -0.446181 2.639355
v 0.535179 -0.582729 2.726942
v 0.381444 -0.564254 2.706052
v 0.681518 -0.454693 2.687283
v 0.514299 -0.568342 2.623925
v 0.488647 -0.472517 2.773164
v 0.050705 -0.579917 2.560859
v 0.085096 -0.585552 2.929428
v 0.027062 -0.584440 2.563218
v 0.068073 -0.588809 2.931126
v 0.019143 -0.607278 2.564053
v 0.062372 -0.605252 2.931727
v 0.034866 -0.625593 2.562528
v 0.073692 -0.618439 2.930629
v 0.058509 -0.621070 2.560168
v 0.090715 -0.615182 2.928930
v 0.066428 -0.598232 2.559334
v 0.096417 -0.598739 2.928330
v 0.079394 -0.601996 2.930028
v -0.189831 -0.499503 3.069360
v 0.011134 -0.482723 3.004370
v -0.067726 -0.639274 2.967151
v 0.079394 -0.601996 2.930028
v -0.167721 -0.505973 3.109232
v -0.024311 -0.487688 2.954340
v -0.014592 -0.639485 3.049080
v 0.079394 -0.601996 2.930028
v -0.194168 -0.498304 3.059689
v -0.024221 -0.623967 3.044891
v -0.035841 -0.497071 2.918895
v 0.079394 -0.601996 2.930028
v 0.228810 -0.829018 3.098953
v 0.136593 -0.747352 2.926562
v 0.141728 -0.638257 3.068635
v 0.079394 -0.601996 2.930028
v 0.238077 -0.853747 3.047676
v 0.094399 -0.757446 2.925305
v 0.191336 -0.647947 3.028870
v 0.079394 -0.601996 2.930028
v 0.241872 -0.876841 2.951492
v 0.168080 -0.691372 3.022542
v 0.120691 -0.732495 2.854686
v 0.079394 -0.601996 2.930028
v 0.187868 -0.305570 2.982618
v 0.058086 -0.450439 2.898582
v 0.187481 -0.516412 3.003546
v 0.079394 -0.601996 2.930028
v 0.186641 -0.301654 2.956359
v 0.174402 -0.494168 2.868719
v 0.070183 -0.469550 3.012402
v 0.079394 -0.601996 2.930028
v 0.188344 -0.311422 3.008112
v 0.120152 -0.461540 2.875046
v 0.125796 -0.509993 3.047478
v 0.079394 -0.601996 2.930028
v 0.066662 -0.592778 3.249642
v 0.037558 -0.516678 3.054056
v 0.111044 -0.679939 3.061692
v 0.079394 -0.601996 2.930028
v 0.032236 -0.580795 3.245824
v 0.146255 -0.615333 3.070612
v -0.025193 -0.571697 3.042081
v 0.079394 -0.601996 2.930028
v -0.001914 -0.568971 3.237760
v 0.008305 -0.669647 3.051609
v 0.085437 -0.507925 3.054633
v 0.024105 -0.611581 2.574268
v 0.261490 -0.819225 2.768149
v 0.031340 -0.622626 2.554004
v 0.266699 -0.827177 2.753558
v 0.050020 -0.613800 2.541429
v 0.280149 -0.820823 2.744504
v 0.061466 -0.593929 2.549118
v 0.288390 -0.806516 2.750041
v 0.054231 -0.582884 2.569383
v 0.283181 -0.798563 2.764631
v 0.035551 -0.591710 2.581958
v 0.269731 -0.804918 2.773685
v 0.274940 -0.812870 2.759095
v 0.320271 -1.089248 2.604304
v 0.205306 -0.928056 2.679751
v 0.380839 -0.918787 2.714606
v 0.274940 -0.812870 2.759095
v 0.360626 -1.103702 2.656748
v 0.361283 -0.891828 2.655545
v 0.257145 -0.966577 2.780767
v 0.274940 -0.812870 2.759095
v 0.416477 -1.099692 2.749057
v 0.276863 -0.952258 2.688530
v 0.386246 -0.902939 2.821630
v 0.274940 -0.812870 2.759095
v 0.493473 -0.589976 2.829531
v 0.330118 -0.718475 2.870706
v 0.394588 -0.728950 2.703833
v 0.274940 -0.812870 2.759095
v 0.478991 -0.573068 2.816174
v 0.422843 -0.764541 2.744917
v 0.290277 -0.669357 2.818936
v 0.274940 -0.812870 2.759095
v 0.548822 -0.726607 2.900329
v 0.374842 -0.844828 2.874898
v 0.394144 -0.711901 2.756279
v 0.274940 -0.812870 2.759095
v 0.208763 -1.049635 2.963944
v 0.210754 -0.954469 2.774651
v 0.286185 -0.860683 2.907418
v 0.274940 -0.812870 2.759095
v 0.132331 -1.031655 2.944016
v 0.235870 -0.850849 2.905530
v 0.199923 -0.949919 2.760597
v 0.274940 -0.812870 2.759095
v 0.100836 -1.018976 2.931166
v 0.134153 -0.841345 2.820579
v 0.276444 -0.949280 2.835267
v 0.274940 -0.812870 2.759095
v 0.441844 -1.083830 2.792614
v 0.412823 -0.882140 2.734554
v 0.270581 -0.960368 2.810451
v 0.274940 -0.812870 2.759095
v 0.466348 -1.053353 2.848149
v 0.373212 -0.923527 2.708998
v 0.329794 -0.894600 2.880435
v 0.274940 -0.812870 2.759095
v 0.397235 -1.105413 2.715936
v 0.263400 -0.963558 2.798746
v 0.384316 -0.896217 2.684916
v 0.047344 -0.624869 2.553023
v 0.277435 -0.681553 2.837456
v 0.060931 -0.606110 2.546058
v 0.287218 -0.668046 2.832442
v 0.056372 -0.583996 2.554729
v 0.283935 -0.652124 2.838685
v 0.038226 -0.580641 2.570364
v 0.270870 -0.649709 2.849942
v 0.024640 -0.599400 2.577329
v 0.261088 -0.663215 2.854957
v 0.029199 -0.621513 2.568658
v 0.264371 -0.679137 2.848714
v 0.274153 -0.665631 2.843699
v 0.563290 -0.539264 2.790488
v 0.351934 -0.535785 2.804938
v 0.427681 -0.694383 2.839891
v 0.274153 -0.665631 2.843699
v 0.548478 -0.526587 2.755309
v 0.427768 -0.656854 2.870859
v 0.339998 -0.563172 2.745827
v 0.274153 -0.665631 2.843699
v 0.562761 -0.538694 2.788999
v 0.396173 -0.592523 2.908342
v 0.383020 -0.637189 2.735296
v 0.274153 -0.665631 2.843699
v 0.190649 -0.565886 3.136065
v 0.316815 -0.578720 2.966332
v 0.164688 -0.672745 2.954960
v 0.274153 -0.665631 2.843699
v 0.175945 -0.559720 3.129248
v 0.301684 -0.563573 2.958758
v 0.168055 -0.682959 2.957079
v 0.274153 -0.665631 2.843699
v 0.159967 -0.553241 3.120701
v 0.301743 -0.570005 2.964142
v 0.155214 -0.671345 2.944857
v 0.274153 -0.665631 2.843699
v 0.413759 -0.953489 2.836811
v 0.371164 -0.758977 2.764405
v 0.288827 -0.802572 2.917483
v 0.274153 -0.665631 2.843699
v 0.400300 -0.958258 2.814437
v 0.309575 -0.780334 2.743696
v 0.339649 -0.785029 2.920292
v 0.274153 -0.665631 2.843699
v 0.444303 -0.931673 2.895376
v 0.417781 -0.723917 2.863340
v 0.266645 -0.820178 2.865400
v 0.274153 -0.665631 2.843699
v 0.588511 -0.634717 2.894915
v 0.406855 -0.602385 2.790762
v 0.392937 -0.704145 2.937609
v 0.274153 -0.665631 2.843699
v 0.588873 -0.633217 2.891664
v 0.394952 -0.707662 2.933438
v 0.405129 -0.597669 2.792333
v 0.274153 -0.665631 2.843699
v 0.585908 -0.642788 2.912161
v 0.394480 -0.567534 2.861326
v 0.403230 -0.745453 2.880841
v -0.226655 -0.489119 2.201297
v -0.375830 -0.510557 2.651381
v -0.258521 -0.485642 2.191252
v -0.398773 -0.508054 2.644148
v -0.277068 -0.512827 2.184512
v -0.412127 -0.527627 2.639296
v -0.263749 -0.543489 2.187817
v -0.402538 -0.549703 2.641675
v -0.231883 -0.546965 2.197862
v -0.379594 -0.552206 2.648908
v -0.213336 -0.519780 2.204602
v -0.366240 -0.532633 2.653760
v -0.376330 -0.510189 2.651233
v -0.644796 -0.399540 2.880885
v -0.392254 -0.510298 2.633028
v -0.656260 -0.399618 2.867778
v -0.405107 -0.530239 2.628323
v -0.665515 -0.413976 2.864390
v -0.402037 -0.550071 2.641823
v -0.663305 -0.428255 2.874111
v -0.386114 -0.549962 2.660028
v -0.651840 -0.428176 2.887218
v -0.373261 -0.530021 2.664733
v -0.642585 -0.413819 2.890606
v -0.654050 -0.413897 2.877498
v -0.855498 -0.280733 2.667532
v -0.665019 -0.331524 2.745186
v -0.804239 -0.389738 2.841837
v -0.654050 -0.413897 2.877498
v -0.929970 -0.259254 2.828982
v -0.766916 -0.382878 2.774003
v -0.761920 -0.321202 2.942180
v -0.654050 -0.413897 2.877498
v -0.905059 -0.263328 2.748178
v -0.768474 -0.310630 2.903095
v -0.740433 -0.396709 2.748445
v -0.654050 -0.413897 2.877498
v -0.667744 -0.676033 3.060521
v -0.748271 -0.508904 2.958172
v -0.570784 -0.528599 2.943243
v -0.654050 -0.413897 2.877498
v -0.736142 -0.622945 3.105446
v -0.733526 -0.544790 2.908526
v -0.640247 -0.450242 3.028828
v -0.654050 -0.413897 2.877498
v -0.807433 -0.534486 3.131135
v -0.707894 -0.383344 3.020953
v -0.722912 -0.540922 2.936953
v -0.654050 -0.413897 2.877498
v -0.923847 -0.243494 2.853568
v -0.750678 -0.340319 2.779205
v -0.773259 -0.351153 2.956647
v -0.654050 -0.413897 2.877498
v -0.915215 -0.239285 2.816643
v -0.809454 -0.417271 2.861674
v -0.707578 -0.270834 2.844639
v -0.654050 -0.413897 2.877498
v -0.929655 -0.255348 2.913610
v -0.798460 -0.420094 2.936824
v -0.730125 -0.280862 2.847061
v -0.412210 -0.530908 2.639169
v -0.491752 -0.742104 2.932642
v -0.396526 -0.547699 2.631615
v -0.480460 -0.754193 2.927204
v -0.373500 -0.546921 2.638974
v -0.463881 -0.753633 2.932503
v -0.366157 -0.529352 2.653887
v -0.458594 -0.740983 2.943240
v -0.381841 -0.512561 2.661441
v -0.469887 -0.728894 2.948678
v -0.404868 -0.513339 2.654082
v -0.486466 -0.729454 2.943380
v -0.475173 -0.741543 2.937941
v -0.367523 -0.689576 3.234775
v -0.399379 -0.641428 3.030915
v -0.464848 -0.800085 3.082435
v -0.475173 -0.741543 2.937941
v -0.339808 -0.643986 3.210996
v -0.465679 -0.765976 3.091970
v -0.376376 -0.639065 3.002355
v -0.475173 -0.741543 2.937941
v -0.358249 -0.674775 3.228235
v -0.409740 -0.801584 3.066493
v -0.447067 -0.628088 3.041624
v -0.475173 -0.741543 2.937941
v -0.472033 -1.058789 2.979716
v -0.534542 -0.860419 3.020137
v -0.413292 -0.876465 2.889165
v -0.475173 -0.741543 2.937941
v -0.528164 -0.970466 3.155165
v -0.442822 -0.888695 2.979317
v -0.549916 -0.777530 3.070344
v -0.475173 -0.741543 2.937941
v -0.475696 -1.056975 2.991820
v -0.549703 -0.859170 3.008804
v -0.401062 -0.876262 2.910181
v -0.369865 -0.543500 2.652273
v -0.378754 -0.397887 2.992531
v -0.366923 -0.521316 2.643097
v -0.376636 -0.381915 2.985924
v -0.386242 -0.507946 2.637352
v -0.390545 -0.372288 2.981787
v -0.408502 -0.516760 2.640783
v -0.406573 -0.378634 2.984258
v -0.411444 -0.538944 2.649959
v -0.408691 -0.394606 2.990864
v -0.392126 -0.552314 2.655704
v -0.394782 -0.404233 2.995001
v -0.392664 -0.388260 2.988394
v -0.224336 -0.130447 3.075561
v -0.262868 -0.338172 3.059502
v -0.387798 -0.232098 2.987020
v -0.392664 -0.388260 2.988394
v -0.243691 -0.137090 3.119239
v -0.255418 -0.315638 3.005771
v -0.410731 -0.259946 3.075694
v -0.392664 -0.388260 2.988394
v -0.249515 -0.139870 3.130558
v -0.415535 -0.254548 3.065918
v -0.255273 -0.323261 3.024601
v -0.392664 -0.388260 2.988394
v -0.592413 -0.314679 3.227321
v -0.540266 -0.396508 3.038968
v -0.404861 -0.321148 3.128962
v -0.392664 -0.388260 2.988394
v -0.603208 -0.319406 3.219327
v -0.509574 -0.293768 3.030999
v -0.444188 -0.427669 3.130536
v -0.392664 -0.388260 2.988394
v -0.698090 -0.388096 3.083863
v -0.530533 -0.460802 2.976484
v -0.499136 -0.315587 3.076680
v -0.392664 -0.388260 2.988394
v -0.152226 -0.575899 3.085252
v -0.290619 -0.416482 3.103297
v -0.302358 -0.510150 2.950978
v -0.392664 -0.388260 2.988394
v -0.195806 -0.478538 3.223973
v -0.383672 -0.457077 3.128378
v -0.244170 -0.391666 3.036873
v -0.392664 -0.388260 2.988394
v -0.214305 -0.452025 3.246313
v -0.385128 -0.468764 3.122090
v -0.257512 -0.358769 3.061033
v -0.392664 -0.388260 2.988394
v -0.351858 -0.233819 3.265671
v -0.325176 -0.265683 3.057910
v -0.427507 -0.387284 3.140700
v -0.392664 -0.388260 2.988394
v -0.291418 -0.171447 3.200859
v -0.278062 -0.349904 3.087427
v -0.426269 -0.253166 3.059334
v -0.392664 -0.388260 2.988394
v -0.265921 -0.149827 3.160109
v -0.259705 -0.320822 3.035152
v -0.424228 -0.264952 3.079008
v -0.375765 -0.510549 2.651167
v -0.485508 -0.527381 3.004339
v -0.398837 -0.508061 2.644348
v -0.502120 -0.525589 2.999430
v -0.412255 -0.527642 2.639709
v -0.511781 -0.539688 2.996090
v -0.402602 -0.549711 2.641889
v -0.504831 -0.555577 2.997659
v -0.379531 -0.552199 2.648708
v -0.488219 -0.557369 3.002568
v -0.366112 -0.532618 2.653347
v -0.478558 -0.543271 3.005908
v -0.495169 -0.541479 3.000999
v -0.737434 -0.418195 3.169845
v -0.534258 -0.441339 3.114384
v -0.649893 -0.542992 3.022691
v -0.495169 -0.541479 3.000999
v -0.746583 -0.406456 3.145775
v -0.648308 -0.553776 3.029452
v -0.543162 -0.421164 3.088367
v -0.495169 -0.541479 3.000999
v -0.715369 -0.442595 3.211081
v -0.540169 -0.423811 3.093418
v -0.626329 -0.580041 3.076645
v -0.495169 -0.541479 3.000999
v -0.520902 -0.758487 3.234763
v -0.467848 -0.570789 3.152018
v -0.543077 -0.685776 3.036991
v -0.495169 -0.541479 3.000999
v -0.478264 -0.827728 3.143041
v -0.577764 -0.662261 3.055790
v -0.399051 -0.649697 3.059841
v -0.495169 -0.541479 3.000999
v -0.497522 -0.801288 3.187798
v -0.504122 -0.593259 3.148141
v -0.488099 -0.697546 3.003296
v -0.495169 -0.541479 3.000999
v -0.440048 -0.323886 3.229066
v -0.385029 -0.469083 3.084904
v -0.561213 -0.439801 3.099548
v -0.495169 -0.541479 3.000999
v -0.431722 -0.314604 3.217568
v -0.534150 -0.483406 3.140714
v -0.405431 -0.418052 3.034539
v -0.495169 -0.541479 3.000999
v -0.389608 -0.275472 3.144166
v -0.390976 -0.483047 3.101704
v -0.514914 -0.387106 3.014828
v -0.495169 -0.541479 3.000999
v -0.734176 -0.411687 3.169610
v -0.624649 -0.571179 3.083249
v -0.556895 -0.407945 3.053637
v -0.495169 -0.541479 3.000999
v -0.703529 -0.444420 3.223633
v -0.628475 -0.575504 3.075053
v -0.528551 -0.429807 3.105052
v -0.495169 -0.541479 3.000999
v -0.694448 -0.453194 3.235293
v -0.551878 -0.578913 3.141694
v -0.597883 -0.433418 3.047740
v -0.277546 -0.525106 2.196757
v -0.152097 -0.877001 2.489537
v -0.258084 -0.538490 2.172871
v -0.138084 -0.886638 2.472340
v -0.225740 -0.529688 2.170671
v -0.114797 -0.880300 2.470756
v -0.212858 -0.507502 2.192357
v -0.105522 -0.864326 2.486369
v -0.232320 -0.494117 2.216243
v -0.119535 -0.854690 2.503567
v -0.264664 -0.502920 2.218443
v -0.142822 -0.861027 2.505151
v -0.152141 -0.876743 2.489867
v -0.051984 -1.233133 2.493301
v -0.142022 -0.874339 2.468031
v -0.044698 -1.231402 2.477579
v -0.118691 -0.868260 2.466117
v -0.027900 -1.227026 2.476201
v -0.105478 -0.864585 2.486040
v -0.018386 -1.224379 2.490545
v -0.115597 -0.866988 2.507876
v -0.025672 -1.226110 2.506267
v -0.138928 -0.873067 2.509790
v -0.042471 -1.230487 2.507645
v -0.035185 -1.228756 2.491923
v -0.017925 -1.396764 2.220123
v 0.006738 -1.224830 2.341460
v -0.063300 -1.367088 2.424946
v -0.035185 -1.228756 2.491923
v -0.027446 -1.366528 2.203204
v -0.119531 -1.302316 2.382896
v 0.055352 -1.265414 2.369975
v -0.035185 -1.228756 2.491923
v -0.025181 -1.373850 2.206883
v -0.003066 -1.362207 2.417282
v -0.059301 -1.211380 2.338533
v -0.035185 -1.228756 2.491923
v 0.190355 -1.388229 2.653479
v 0.115223 -1.271017 2.493764
v -0.005162 -1.314073 2.619327
v -0.035185 -1.228756 2.491923
v 0.192273 -1.382407 2.656405
v -0.006432 -1.343501 2.593997
v 0.118028 -1.236932 2.521434
v -0.035185 -1.228756 2.491923
v 0.208554 -1.283047 2.692032
v 0.100444 -1.303939 2.511013
v 0.024177 -1.197006 2.632921
v -0.035185 -1.228756 2.491923
v -0.244708 -1.469931 2.473626
v -0.158080 -1.297000 2.560127
v -0.079908 -1.353453 2.409081
v -0.035185 -1.228756 2.491923
v -0.231514 -1.480853 2.474542
v -0.115732 -1.334194 2.574430
v -0.111702 -1.324996 2.395512
v -0.035185 -1.228756 2.491923
v -0.307824 -1.394777 2.469449
v -0.182495 -1.240430 2.542673
v -0.105986 -1.349899 2.423193
v -0.035185 -1.228756 2.491923
v 0.016541 -1.480260 2.300952
v -0.093108 -1.364417 2.440414
v 0.064118 -1.294298 2.390655
v -0.035185 -1.228756 2.491923
v 0.020895 -1.491331 2.317828
v -0.040469 -1.290892 2.348664
v 0.014963 -1.376680 2.495906
v -0.035185 -1.228756 2.491923
v 0.000500 -1.435852 2.250599
v 0.026436 -1.365720 2.448843
v -0.068259 -1.257470 2.341944
v -0.108987 -0.875040 2.474804
v 0.073861 -0.950036 2.787852
v -0.113386 -0.852708 2.482984
v 0.070695 -0.933957 2.793742
v -0.133208 -0.848332 2.496134
v 0.056423 -0.930805 2.803210
v -0.148632 -0.866287 2.501103
v 0.045318 -0.943733 2.806788
v -0.144233 -0.888619 2.492923
v 0.048484 -0.959812 2.800898
v -0.124411 -0.892996 2.479773
v 0.062756 -0.962963 2.791430
v 0.059589 -0.946884 2.797320
v 0.059589 -0.946884 2.797320
v 0.230172 -0.759494 2.992734
v 0.133224 -0.809778 2.811171
v 0.122421 -0.934079 2.939799
v 0.059589 -0.946884 2.797320
v 0.159668 -0.647425 2.849363
v 0.069325 -0.831610 2.902339
v 0.129916 -0.822592 2.733935
v 0.059589 -0.946884 2.797320
v 0.194899 -0.681273 2.913689
v 0.088505 -0.864045 2.926601
v 0.138922 -0.817234 2.761134
v 0.059589 -0.946884 2.797320
v -0.016324 -1.116815 3.057629
v 0.006066 -1.084089 2.849495
v 0.052382 -0.945624 2.953392
v 0.059589 -0.946884 2.797320
v -0.010269 -1.115429 3.060213
v -0.053583 -0.987162 2.897229
v 0.116876 -1.041442 2.907725
v 0.059589 -0.946884 2.797320
v -0.157130 -1.124959 2.951339
v 0.031053 -1.030989 2.925866
v -0.085250 -1.005240 2.791989
v 0.059589 -0.946884 2.797320
v 0.356051 -0.995259 2.686999
v 0.159810 -1.053213 2.741983
v 0.196538 -0.879256 2.764401
v 0.059589 -0.946884 2.797320
v 0.367268 -1.002663 2.729328
v 0.173411 -0.925522 2.692436
v 0.191911 -1.012869 2.847810
v 0.059589 -0.946884 2.797320
v 0.372809 -1.009747 2.778835
v 0.195729 -0.942643 2.873871
v 0.174025 -1.001416 2.705980
v -0.135983 -0.857376 2.506847
v -0.243994 -1.168488 2.675963
v -0.151406 -0.862084 2.488821
v -0.255099 -1.171878 2.662985
v -0.144233 -0.875371 2.469927
v -0.249934 -1.181444 2.649381
v -0.121636 -0.883951 2.469060
v -0.233664 -1.187622 2.648756
v -0.106213 -0.879244 2.487086
v -0.222559 -1.184233 2.661735
v -0.113386 -0.865956 2.505979
v -0.227724 -1.174666 2.675339
v -0.238829 -1.178055 2.662360
v -0.065868 -1.439628 2.726109
v -0.189430 -1.315506 2.606869
v -0.149859 -1.249863 2.768850
v -0.238829 -1.178055 2.662360
v -0.060131 -1.436521 2.722877
v -0.152470 -1.291701 2.598809
v -0.182230 -1.271182 2.774325
v -0.238829 -1.178055 2.662360
v -0.029971 -1.416831 2.704365
v -0.130850 -1.238349 2.757844
v -0.179722 -1.308782 2.600480
v -0.238829 -1.178055 2.662360
v -0.390099 -1.080832 2.927058
v -0.315823 -1.224468 2.790149
v -0.282852 -1.053865 2.746329
v -0.238829 -1.178055 2.662360
v -0.394712 -1.110599 2.933561
v -0.224656 -1.158919 2.816778
v -0.377709 -1.143227 2.724902
v -0.238829 -1.178055 2.662360
v -0.399064 -1.223201 2.935649
v -0.360123 -1.131020 2.748891
v -0.245723 -1.261207 2.794460
v -0.238829 -1.178055 2.662360
v -0.424035 -1.418676 2.763358
v -0.374939 -1.215383 2.729389
v -0.250884 -1.333224 2.676130
v -0.238829 -1.178055 2.662360
v -0.467825 -1.391819 2.727676
v -0.300039 -1.316223 2.622673
v -0.360815 -1.210898 2.754299
v -0.238829 -1.178055 2.662360
v -0.408700 -1.425266 2.773852
v -0.296835 -1.246097 2.790492
v -0.316720 -1.307782 2.623422
v -0.151965 -0.877391 2.489843
v -0.046069 -1.155776 2.709718
v -0.138157 -0.886407 2.472150
v -0.036127 -1.162268 2.696979
v -0.115002 -0.879680 2.470260
v -0.019456 -1.157424 2.695619
v -0.105654 -0.863936 2.486064
v -0.012725 -1.146089 2.706997
v -0.119462 -0.854920 2.503757
v -0.022667 -1.139597 2.719736
v -0.142617 -0.861647 2.505646
v -0.039339 -1.144441 2.721097
v -0.029397 -1.150933 2.708358
v 0.029151 -1.465363 2.718643
v -0.093003 -1.292438 2.726867
v 0.081047 -1.260971 2.698076
v -0.029397 -1.150933 2.708358
v 0.021391 -1.465898 2.683505
v -0.054813 -1.278214 2.621377
v 0.036649 -1.275623 2.775456
v -0.029397 -1.150933 2.708358
v 0.017442 -1.464742 2.666765
v 0.077687 -1.264443 2.700576
v -0.099010 -1.288469 2.682866
v -0.029397 -1.150933 2.708358
v -0.237141 -1.349657 2.848897
v -0.180578 -1.180673 2.734279
v -0.044411 -1.280172 2.794867
v -0.029397 -1.150933 2.708358
v -0.230831 -1.353660 2.852322
v -0.067713 -1.218707 2.843822
v -0.152228 -1.245341 2.688064
v -0.029397 -1.150933 2.708358
v -0.235151 -1.350943 2.849995
v -0.084582 -1.297083 2.710998
v -0.138816 -1.164791 2.819026
v -0.029397 -1.150933 2.708358
v 0.067889 -1.450185 2.766524
v 0.048901 -1.273463 2.651194
v -0.029867 -1.267804 2.812054
v -0.029397 -1.150933 2.708358
v 0.068154 -1.447941 2.776695
v -0.075446 -1.297856 2.734910
v 0.094693 -1.241615 2.736475
v -0.029397 -1.150933 2.708358
v 0.068070 -1.434054 2.821239
v 0.062252 -1.222426 2.812767
v -0.043072 -1.305937 2.694253
v -0.239278 -0.547264 2.182946
v -0.185255 -0.694707 2.630863
v -0.213808 -0.525797 2.187293
v -0.166916 -0.679251 2.633993
v -0.219732 -0.494837 2.198904
v -0.171181 -0.656959 2.642353
v -0.251125 -0.485343 2.206168
v -0.193785 -0.650124 2.647584
v -0.276595 -0.506810 2.201821
v -0.212123 -0.665580 2.644454
v -0.270672 -0.537771 2.190210
v -0.207858 -0.687872 2.636094
v -0.187945 -0.695126 2.631053
v 0.019477 -0.779585 2.925841
v -0.171455 -0.678720 2.624428
v 0.031350 -0.767773 2.921071
v -0.173029 -0.656010 2.632599
v 0.030217 -0.751422 2.926954
v -0.191094 -0.649705 2.647394
v 0.017210 -0.746883 2.937606
v -0.207585 -0.666111 2.654019
v 0.005337 -0.758695 2.942376
v -0.206010 -0.688822 2.645849
v 0.006470 -0.775046 2.936494
v 0.018343 -0.763234 2.931724
v 0.018343 -0.763234 2.931724
v 0.319189 -0.713993 2.834424
v 0.109819 -0.733673 2.808555
v 0.167544 -0.753402 2.977052
v 0.018343 -0.763234 2.931724
v 0.337641 -0.753304 2.950435
v 0.150038 -0.728604 2.855110
v 0.142088 -0.789920 3.023306
v 0.018343 -0.763234 2.931724
v 0.337596 -0.743533 2.922273
v 0.141778 -0.726933 2.843078
v 0.150311 -0.783775 3.012809
v 0.018343 -0.763234 2.931724
v 0.011502 -0.688632 3.242831
v -0.057215 -0.683015 3.042485
v 0.088429 -0.783771 3.069848
v 0.018343 -0.763234 2.931724
v -0.012900 -0.671663 3.236746
v -0.083323 -0.728413 3.045142
v 0.095015 -0.724798 3.062324
v 0.018343 -0.763234 2.931724
v -0.056699 -0.642827 3.218553
v 0.074723 -0.696514 3.061269
v -0.098070 -0.733628 3.031642
v 0.018343 -0.763234 2.931724
v 0.084382 -1.076063 2.918436
v 0.131286 -0.870745 2.941600
v -0.041768 -0.905986 2.911218
v 0.018343 -0.763234 2.931724
v 0.056474 -1.075796 2.874704
v 0.057451 -0.869951 2.824513
v 0.009740 -0.906566 2.993319
v 0.018343 -0.763234 2.931724
v 0.112371 -1.067214 2.965706
v 0.010474 -0.907155 2.871417
v 0.101435 -0.862497 3.019216
v -0.178849 -0.651552 2.645212
v -0.284771 -0.705850 2.995768
v -0.202057 -0.651748 2.638403
v -0.301481 -0.705991 2.990866
v -0.212727 -0.672611 2.632415
v -0.309163 -0.721012 2.986554
v -0.200190 -0.693279 2.633235
v -0.300137 -0.735893 2.987145
v -0.176983 -0.693083 2.640044
v -0.283427 -0.735752 2.992047
v -0.166312 -0.672220 2.646032
v -0.275745 -0.720730 2.996359
v -0.292454 -0.720871 2.991456
v -0.292454 -0.720871 2.991456
v -0.588847 -0.609111 2.946058
v -0.428755 -0.687867 3.060340
v -0.393267 -0.664467 2.886254
v -0.292454 -0.720871 2.991456
v -0.589663 -0.640221 3.078417
v -0.443233 -0.761256 2.984605
v -0.379443 -0.615966 3.067876
v -0.292454 -0.720871 2.991456
v -0.588839 -0.641408 3.082239
v -0.444707 -0.738900 2.961353
v -0.377309 -0.639272 3.094186
v -0.292454 -0.720871 2.991456
v -0.296775 -0.995828 3.155104
v -0.374749 -0.849963 3.022681
v -0.213615 -0.811745 3.091149
v -0.292454 -0.720871 2.991456
v -0.320996 -0.953902 3.208900
v -0.319933 -0.873162 3.013013
v -0.287809 -0.755006 3.143855
v -0.292454 -0.720871 2.991456
v -0.289121 -1.006102 3.136483
v -0.371347 -0.817629 3.085404
v -0.210895 -0.852298 3.013530
v -0.292454 -0.720871 2.991456
v -0.204301 -0.450112 3.137464
v -0.184156 -0.608447 2.998122
v -0.330230 -0.616688 3.101597
v -0.292454 -0.720871 2.991456
v -0.227738 -0.476507 3.187666
v -0.348199 -0.630560 3.106124
v -0.184937 -0.615691 3.033757
v -0.292454 -0.720871 2.991456
v -0.256358 -0.516065 3.234667
v -0.189080 -0.642324 3.078384
v -0.366951 -0.635573 3.099098
v -0.211808 -0.681795 2.638722
v -0.105842 -0.929710 2.892428
v -0.194805 -0.690211 2.623719
v -0.093600 -0.935769 2.881626
v -0.172517 -0.680831 2.624221
v -0.077553 -0.929016 2.881988
v -0.167232 -0.663036 2.639726
v -0.073747 -0.916203 2.893151
v -0.184234 -0.654620 2.654728
v -0.085989 -0.910144 2.903952
v -0.206523 -0.664000 2.654226
v -0.102037 -0.916897 2.903591
v -0.089795 -0.922956 2.892789
v -0.089795 -0.922956 2.892789
v 0.036586 -1.175647 2.742539
v 0.005651 -1.045828 2.907105
v -0.084135 -1.002238 2.758273
v -0.089795 -0.922956 2.892789
v 0.043285 -1.213366 2.911563
v -0.061620 -1.056054 2.815957
v -0.011506 -1.022186 2.984641
v -0.089795 -0.922956 2.892789
v 0.044497 -1.202633 2.814390
v -0.116479 -1.074261 2.864384
v 0.044324 -0.995393 2.858475
v -0.089795 -0.922956 2.892789
v 0.078022 -0.754538 3.106969
v -0.007952 -0.792082 2.916993
v -0.037384 -0.919097 3.039930
v -0.089795 -0.922956 2.892789
v 0.084411 -0.832999 3.145693
v 0.052928 -0.922762 2.956369
v -0.093153 -0.851184 3.031533
v -0.089795 -0.922956 2.892789
v 0.083462 -0.801102 3.132651
v 0.034768 -0.944623 2.984588
v -0.075751 -0.803806 2.992880
v -0.089795 -0.922956 2.892789
v -0.331504 -1.132542 2.885688
v -0.155360 -1.045210 2.964674
v -0.217596 -0.968372 2.815224
v -0.089795 -0.922956 2.892789
v -0.301373 -1.160597 2.926868
v -0.108046 -1.073917 2.928706
v -0.240806 -0.962109 2.884135
v -0.089795 -0.922956 2.892789
v -0.258670 -1.182895 2.972243
v -0.231625 -0.977093 2.929744
v -0.083065 -1.076771 2.919398
v -0.185160 -0.694884 2.631405
v -0.126127 -0.798137 2.981992
v -0.167021 -0.678993 2.633264
v -0.113067 -0.786696 2.983331
v -0.171381 -0.656525 2.641083
v -0.116206 -0.770518 2.988960
v -0.193880 -0.649947 2.647042
v -0.132405 -0.765782 2.993251
v -0.212019 -0.665838 2.645183
v -0.145465 -0.777224 2.991912
v -0.207658 -0.688306 2.637364
v -0.142326 -0.793401 2.986283
v -0.129266 -0.781960 2.987621
v 0.185961 -0.765310 3.040109
v -0.017870 -0.775715 3.097002
v 0.011520 -0.774885 2.920230
v -0.129266 -0.781960 2.987621
v 0.092494 -0.832906 3.212625
v 0.003593 -0.856750 3.021785
v -0.084716 -0.747926 3.133461
v -0.129266 -0.781960 2.987621
v 0.108518 -0.826026 3.197184
v 0.003106 -0.722373 3.045408
v -0.071410 -0.876800 3.097486
v -0.129266 -0.781960 2.987621
v -0.373539 -0.615991 3.110848
v -0.208516 -0.647435 2.981733
v -0.245435 -0.783709 3.092091
v -0.129266 -0.781960 2.987621
v -0.310450 -0.686861 3.233647
v -0.268657 -0.725132 3.029488
v -0.134822 -0.762708 3.142575
v -0.129266 -0.781960 2.987621
v -0.341631 -0.655024 3.190570
v -0.147189 -0.698984 3.118793
v -0.281235 -0.763387 3.018809
v -0.129266 -0.781960 2.987621
v -0.048357 -1.090996 3.006343
v -0.164305 -0.919749 3.052417
v -0.029500 -0.891399 2.937802
v -0.129266 -0.781960 2.987621
v -0.048399 -1.091042 3.005756
v -0.020884 -0.888288 2.950747
v -0.172955 -0.922897 3.039004
v -0.129266 -0.781960 2.987621
v -0.056944 -1.087138 2.924097
v -0.018956 -0.892146 2.997765
v -0.181718 -0.915916 2.926658
v -0.129266 -0.781960 2.987621
v 0.060477 -0.818496 3.242695
v -0.075733 -0.714583 3.118031
v -0.031005 -0.878566 3.061271
v -0.129266 -0.781960 2.987621
v 0.038772 -0.826806 3.256232
v -0.047172 -0.711709 3.100482
v -0.076929 -0.888088 3.089650
v -0.129266 -0.781960 2.987621
v -0.010315 -0.843111 3.278329
v 0.001252 -0.806273 3.069999
v -0.164623 -0.806567 3.137810
v -0.316136 -0.282037 1.656574
v -0.816372 -0.228366 1.998926
v -0.340201 -0.266295 1.619834
v -0.833698 -0.217031 1.972473
v -0.363322 -0.296235 1.592525
v -0.850345 -0.238588 1.952811
v -0.362378 -0.341918 1.601956
v -0.849666 -0.271480 1.959601
v -0.338313 -0.357661 1.638696
v -0.832339 -0.282815 1.986054
v -0.315192 -0.327720 1.666005
v -0.815692 -0.261258 2.005717
v -0.833019 -0.249923 1.979264
v -0.815401 -0.231073 2.000776
v -1.219913 -0.021179 2.133451
v -0.820534 -0.220352 1.969357
v -1.223608 -0.013460 2.110829
v -0.838151 -0.239202 1.947845
v -1.236293 -0.027031 2.095340
v -0.850636 -0.268773 1.957752
v -1.245282 -0.048322 2.102474
v -0.845503 -0.279494 1.989171
v -1.241586 -0.056041 2.125095
v -0.827886 -0.260644 2.010683
v -1.228902 -0.042470 2.140584
v -1.232597 -0.034750 2.117962
v -1.239279 -0.032260 2.094851
v -1.593002 -0.033097 2.204105
v -1.236529 -0.054340 2.104332
v -1.591022 -0.048994 2.210932
v -1.229848 -0.056830 2.127444
v -1.586212 -0.050787 2.227572
v -1.225916 -0.037241 2.141074
v -1.583381 -0.036683 2.237385
v -1.228665 -0.015161 2.131592
v -1.585360 -0.020785 2.230559
v -1.235347 -0.012670 2.108480
v -1.590171 -0.018992 2.213918
v -1.588191 -0.034890 2.220745
v -1.757907 0.083528 2.464822
v -1.593768 0.075599 2.331078
v -1.718387 -0.050644 2.305674
v -1.588191 -0.034890 2.220745
v -1.619580 0.126409 2.495331
v -1.649021 0.092175 2.288320
v -1.552472 -0.032915 2.372839
v -1.588191 -0.034890 2.220745
v -1.555291 0.134593 2.490177
v -1.639613 0.088724 2.301290
v -1.510449 -0.022918 2.355745
v -1.588191 -0.034890 2.220745
v -1.808056 -0.262265 2.269325
v -1.676749 -0.106554 2.327675
v -1.675525 -0.145126 2.152679
v -1.588191 -0.034890 2.220745
v -1.862501 -0.181302 2.296359
v -1.655096 -0.141473 2.313352
v -1.740735 -0.045436 2.188630
v -1.588191 -0.034890 2.220745
v -1.887110 -0.101890 2.313259
v -1.728025 -0.086722 2.174139
v -1.687492 -0.036658 2.341362
v -1.233765 -0.049334 2.137222
v -1.360196 0.235663 2.336846
v -1.213528 -0.036890 2.132685
v -1.345625 0.244622 2.333578
v -1.212360 -0.022307 2.113425
v -1.344784 0.255122 2.319711
v -1.231430 -0.020167 2.098702
v -1.358514 0.256663 2.309111
v -1.251667 -0.032611 2.103240
v -1.373085 0.247704 2.312378
v -1.252835 -0.047194 2.122500
v -1.373926 0.237204 2.326245
v -1.359355 0.246163 2.322978
v -1.114739 0.365025 2.491605
v -1.262504 0.221164 2.443008
v -1.260514 0.366252 2.337850
v -1.359355 0.246163 2.322978
v -1.146794 0.396114 2.509345
v -1.319209 0.279323 2.470290
v -1.229453 0.332964 2.324760
v -1.359355 0.246163 2.322978
v -1.181833 0.422617 2.522352
v -1.220299 0.314078 2.344499
v -1.356393 0.319411 2.460957
v -1.359355 0.246163 2.322978
v -1.583971 0.428246 2.185889
v -1.509066 0.290538 2.328430
v -1.389337 0.347454 2.207855
v -1.359355 0.246163 2.322978
v -1.584359 0.438797 2.201878
v -1.498768 0.311954 2.348429
v -1.399945 0.334479 2.200647
v -1.359355 0.246163 2.322978
v -1.583722 0.425218 2.181561
v -1.472938 0.247867 2.215702
v -1.425266 0.387703 2.317121
v -1.359355 0.246163 2.322978
v -1.436674 0.253932 2.633400
v -1.309946 0.215517 2.468002
v -1.470619 0.283024 2.426292
v -1.359355 0.246163 2.322978
v -1.426623 0.216419 2.634411
v -1.319427 0.290557 2.467364
v -1.453097 0.177974 2.427739
v -1.359355 0.246163 2.322978
v -1.400548 0.134210 2.619912
v -1.291693 0.170579 2.441810
v -1.459971 0.232185 2.441693
v -1.359355 0.246163 2.322978
v -1.340857 0.504257 2.511247
v -1.432028 0.329610 2.433285
v -1.271884 0.369192 2.363287
v -1.359355 0.246163 2.322978
v -1.216689 0.473244 2.497565
v -1.222558 0.299595 2.376306
v -1.382019 0.374396 2.409320
v -1.359355 0.246163 2.322978
v -1.273812 0.492976 2.507818
v -1.239037 0.321777 2.387927
v -1.411238 0.367999 2.405901
v -0.851516 -0.243351 1.952004
v -1.226593 -0.433263 2.172318
v -0.835462 -0.272733 1.954725
v -1.215034 -0.454418 2.174277
v -0.816965 -0.279305 1.981985
v -1.201716 -0.459150 2.193905
v -0.814521 -0.256495 2.006524
v -1.199957 -0.442726 2.211573
v -0.830576 -0.227113 2.003803
v -1.211516 -0.421571 2.209614
v -0.849073 -0.220541 1.976543
v -1.224834 -0.416840 2.189986
v -1.226579 -0.433317 2.172296
v -1.456219 -0.706372 2.271108
v -1.208455 -0.449289 2.171108
v -1.443170 -0.717872 2.270253
v -1.195151 -0.453967 2.190758
v -1.433591 -0.721240 2.284401
v -1.199972 -0.442672 2.211595
v -1.437061 -0.713108 2.299403
v -1.218095 -0.426701 2.212783
v -1.450111 -0.701608 2.300258
v -1.231399 -0.422023 2.193133
v -1.459689 -0.698240 2.286111
v -1.446640 -0.709740 2.285256
v -1.487610 -1.024642 2.245778
v -1.540280 -0.831314 2.314643
v -1.385777 -0.840088 2.224286
v -1.446640 -0.709740 2.285256
v -1.442017 -1.022327 2.216932
v -1.405666 -0.817011 2.179302
v -1.483916 -0.852539 2.336551
v -1.446640 -0.709740 2.285256
v -1.425928 -1.019382 2.207198
v -1.527688 -0.840138 2.256277
v -1.349023 -0.827056 2.251788
v -1.446640 -0.709740 2.285256
v -1.625232 -0.679085 2.021503
v -1.492223 -0.778917 2.152783
v -1.543931 -0.616039 2.206726
v -1.446640 -0.709740 2.285256
v -1.622859 -0.676120 2.020271
v -1.493799 -0.609902 2.174709
v -1.540456 -0.782682 2.183815
v -1.446640 -0.709740 2.285256
v -1.680593 -0.765239 2.074102
v -1.590671 -0.669258 2.240216
v -1.489772 -0.794621 2.161373
v -1.446640 -0.709740 2.285256
v -1.585354 -0.996104 2.319227
v -1.582299 -0.787243 2.283736
v -1.421953 -0.861329 2.313952
v -1.446640 -0.709740 2.285256
v -1.608009 -0.980912 2.338413
v -1.530979 -0.790205 2.389297
v -1.491397 -0.846213 2.223740
v -1.446640 -0.709740 2.285256
v -1.540523 -1.015654 2.283575
v -1.539964 -0.814617 2.216672
v -1.428423 -0.849594 2.352495
v -1.199078 -0.454092 2.203094
v -1.420775 -0.434550 2.498942
v -1.194525 -0.430434 2.205220
v -1.417497 -0.417515 2.500472
v -1.208722 -0.414336 2.194072
v -1.427719 -0.405925 2.492445
v -1.227473 -0.421897 2.180797
v -1.441219 -0.411369 2.482887
v -1.232026 -0.445556 2.178671
v -1.444498 -0.428403 2.481357
v -1.217829 -0.461653 2.189819
v -1.434276 -0.439993 2.489384
v -1.430997 -0.422959 2.490915
v -1.374003 -0.232360 2.741561
v -1.320283 -0.350978 2.574420
v -1.496116 -0.342461 2.607926
v -1.430997 -0.422959 2.490915
v -1.361384 -0.227256 2.734336
v -1.377046 -0.414970 2.637330
v -1.429258 -0.274385 2.539236
v -1.430997 -0.422959 2.490915
v -1.366084 -0.229111 2.737104
v -1.464997 -0.389123 2.639613
v -1.345066 -0.301717 2.539167
v -1.430997 -0.422959 2.490915
v -1.749590 -0.411650 2.518676
v -1.563237 -0.369637 2.427027
v -1.553632 -0.467234 2.577011
v -1.430997 -0.422959 2.490915
v -1.740687 -0.410592 2.570536
v -1.549300 -0.328930 2.530602
v -1.560446 -0.507095 2.514924
v -1.430997 -0.422959 2.490915
v -1.745122 -0.410961 2.550760
v -1.570335 -0.484612 2.456330
v -1.542960 -0.351708 2.573376
v -1.430997 -0.422959 2.490915
v -1.320258 -0.612394 2.723833
v -1.450143 -0.467892 2.639328
v -1.323260 -0.529574 2.528836
v -1.430997 -0.422959 2.490915
v -1.327208 -0.609859 2.729024
v -1.318493 -0.444183 2.597237
v -1.460469 -0.551255 2.575079
v -1.430997 -0.422959 2.490915
v -1.290309 -0.621864 2.698384
v -1.306438 -0.445163 2.582589
v -1.443006 -0.559880 2.565216
v -1.430997 -0.422959 2.490915
v -1.444977 -0.248229 2.758635
v -1.363050 -0.394091 2.628617
v -1.510128 -0.312043 2.567388
v -1.430997 -0.422959 2.490915
v -1.468238 -0.263586 2.765893
v -1.361721 -0.379426 2.624023
v -1.530067 -0.338994 2.577789
v -1.430997 -0.422959 2.490915
v -1.530675 -0.312575 2.774251
v -1.496555 -0.302264 2.565393
v -1.445182 -0.455347 2.643105
v -1.220060 -0.415972 2.199290
v -1.573441 -0.521440 2.166803
v -1.216806 -0.420395 2.175735
v -1.571098 -0.524625 2.149843
v -1.210021 -0.442418 2.168391
v -1.566213 -0.540482 2.144555
v -1.206491 -0.460018 2.184601
v -1.563671 -0.553153 2.156227
v -1.209745 -0.455594 2.208156
v -1.566014 -0.549969 2.173186
v -1.216529 -0.433571 2.215500
v -1.570899 -0.534112 2.178474
v -1.568556 -0.537297 2.161515
v -1.771968 -0.549196 1.914771
v -1.666697 -0.628215 2.080802
v -1.633145 -0.455898 2.044833
v -1.568556 -0.537297 2.161515
v -1.770999 -0.548749 1.913955
v -1.717440 -0.557728 2.118755
v -1.581627 -0.526027 2.006227
v -1.568556 -0.537297 2.161515
v -1.705416 -0.521230 1.872704
v -1.704289 -0.533778 2.084207
v -1.542311 -0.527963 2.007774
v -1.568556 -0.537297 2.161515
v -1.829422 -0.357043 2.204614
v -1.696624 -0.516201 2.248496
v -1.649181 -0.414190 2.109013
v -1.568556 -0.537297 2.161515
v -1.809931 -0.333131 2.211056
v -1.713417 -0.521625 2.217923
v -1.616795 -0.389636 2.144740
v -1.568556 -0.537297 2.161515
v -1.777598 -0.302059 2.219521
v -1.696676 -0.496673 2.241184
v -1.607670 -0.389731 2.128251
v -1.568556 -0.537297 2.161515
v -1.873385 -0.594356 2.082625
v -1.706576 -0.471991 2.128381
v -1.674399 -0.648250 2.131536
v -1.568556 -0.537297 2.161515
v -1.851616 -0.566003 2.015046
v -1.717053 -0.488756 2.159330
v -1.646508 -0.608803 2.046525
v -1.568556 -0.537297 2.161515
v -1.851886 -0.566267 2.015621
v -1.661083 -0.632736 2.079403
v -1.702694 -0.465034 2.126912
v -1.226458 -0.433198 2.172243
v -1.521281 -0.578774 2.342373
v -1.215066 -0.454434 2.174295
v -1.513078 -0.594064 2.343851
v -1.201883 -0.459231 2.193998
v -1.503587 -0.597518 2.358037
v -1.200093 -0.442792 2.211648
v -1.502298 -0.585682 2.370745
v -1.211485 -0.421556 2.209596
v -1.510500 -0.570392 2.369267
v -1.224668 -0.416758 2.189893
v -1.519992 -0.566938 2.355081
v -1.511789 -0.582228 2.356559
v -1.625477 -0.881320 2.352172
v -1.490678 -0.727967 2.408777
v -1.623851 -0.675763 2.300831
v -1.511789 -0.582228 2.356559
v -1.499192 -0.888250 2.263865
v -1.500846 -0.678496 2.233983
v -1.512654 -0.730777 2.404980
v -1.511789 -0.582228 2.356559
v -1.641683 -0.874554 2.365119
v -1.589220 -0.690342 2.274534
v -1.538274 -0.707975 2.445432
v -1.511789 -0.582228 2.356559
v -1.624420 -0.531293 2.651720
v -1.544023 -0.473777 2.464315
v -1.569660 -0.649931 2.484931
v -1.511789 -0.582228 2.356559
v -1.597818 -0.509805 2.656149
v -1.486293 -0.486640 2.477493
v -1.606108 -0.619877 2.475297
v -1.511789 -0.582228 2.356559
v -1.642989 -0.547329 2.646332
v -1.608604 -0.495923 2.443682
v -1.519934 -0.640614 2.501255
v -1.511789 -0.582228 2.356559
v -1.788667 -0.666460 2.220017
v -1.652105 -0.646545 2.380785
v -1.592975 -0.585297 2.223099
v -1.511789 -0.582228 2.356559
v -1.798338 -0.675111 2.248566
v -1.610021 -0.702810 2.341634
v -1.642797 -0.535953 2.285090
v -1.511789 -0.582228 2.356559
v -1.797767 -0.674550 2.246588
v -1.651044 -0.641243 2.395770
v -1.601316 -0.597071 2.229371
v -1.511789 -0.582228 2.356559
v -1.741588 -0.785413 2.447710
v -1.554701 -0.686968 2.464264
v -1.652716 -0.640037 2.321775
v -1.511789 -0.582228 2.356559
v -1.711139 -0.824727 2.418639
v -1.533272 -0.711818 2.441159
v -1.649786 -0.646638 2.321624
v -1.511789 -0.582228 2.356559
v -1.698012 -0.837490 2.407181
v -1.553809 -0.691520 2.460008
v -1.618747 -0.677146 2.293608
v -0.820261 -0.271964 2.001170
v -1.026973 -0.028391 2.352211
v -0.802782 -0.244507 1.992861
v -1.014388 -0.008621 2.346229
v -0.815540 -0.222466 1.970955
v -1.023574 0.007248 2.330456
v -0.845776 -0.227882 1.957358
v -1.045344 0.003349 2.320667
v -0.863255 -0.255339 1.965667
v -1.057929 -0.016420 2.326649
v -0.850497 -0.277380 1.987573
v -1.048743 -0.032290 2.342422
v -1.023974 -0.026049 2.352361
v -0.985760 0.273134 2.567038
v -1.012126 -0.014589 2.334661
v -0.977230 0.281386 2.554294
v -1.024311 -0.001060 2.318739
v -0.986003 0.291126 2.542831
v -1.048343 0.001007 2.320517
v -1.003306 0.292615 2.544111
v -1.060191 -0.010453 2.338217
v -1.011837 0.284363 2.556854
v -1.048006 -0.023982 2.354139
v -1.003064 0.274623 2.568318
v -0.994533 0.282875 2.555574
v -0.994533 0.282875 2.555574
v -0.750108 0.487782 2.581443
v -0.886503 0.363835 2.476917
v -0.907024 0.365841 2.654927
v -0.994533 0.282875 2.555574
v -0.725421 0.455338 2.540252
v -0.933159 0.425862 2.569713
v -0.840617 0.277858 2.529177
v -0.994533 0.282875 2.555574
v -0.743264 0.480397 2.571350
v -0.925966 0.396424 2.638140
v -0.862086 0.327343 2.485629
v -0.994533 0.282875 2.555574
v -1.283787 0.409623 2.607222
v -1.148549 0.259274 2.543989
v -1.071920 0.407873 2.608478
v -0.994533 0.282875 2.555574
v -1.194405 0.497728 2.683203
v -1.124051 0.302433 2.640749
v -1.024913 0.435199 2.572502
v -0.994533 0.282875 2.555574
v -1.265385 0.436552 2.629215
v -1.066815 0.370672 2.662715
v -1.138932 0.318019 2.507346
v -0.994533 0.282875 2.555574
v -0.839584 0.301038 2.834968
v -0.861155 0.250653 2.630301
v -1.003952 0.329626 2.704362
v -0.994533 0.282875 2.555574
v -0.822614 0.141309 2.785363
v -0.997932 0.224777 2.700575
v -0.853599 0.227720 2.594404
v -0.994533 0.282875 2.555574
v -0.824231 0.209539 2.816379
v -0.948046 0.332532 2.696234
v -0.904779 0.174549 2.623558
v -1.031175 0.008398 2.325369
v -1.346598 0.147260 2.460584
v -1.043881 -0.008654 2.313847
v -1.355746 0.134983 2.452289
v -1.048865 -0.029573 2.324917
v -1.359334 0.119921 2.460259
v -1.041142 -0.033440 2.347509
v -1.353774 0.117137 2.476525
v -1.028436 -0.016388 2.359031
v -1.344625 0.129415 2.484821
v -1.023452 0.004532 2.347961
v -1.341037 0.144476 2.476851
v -1.350186 0.132199 2.468555
v -1.618341 0.151208 2.294971
v -1.501997 0.169061 2.471145
v -1.412899 0.110544 2.327097
v -1.350186 0.132199 2.468555
v -1.549082 0.102428 2.219649
v -1.494833 0.159720 2.416288
v -1.364655 0.080861 2.321697
v -1.350186 0.132199 2.468555
v -1.648176 0.185966 2.365061
v -1.484135 0.065394 2.423757
v -1.454628 0.242017 2.430557
v -1.350186 0.132199 2.468555
v -1.414038 0.114055 2.781594
v -1.407677 0.208635 2.592104
v -1.343777 0.041248 2.595437
v -1.350186 0.132199 2.468555
v -1.380013 0.095423 2.785032
v -1.416272 0.047348 2.581891
v -1.307961 0.187628 2.608400
v -1.350186 0.132199 2.468555
v -1.325627 0.067238 2.780928
v -1.274648 0.047817 2.576193
v -1.406076 0.164611 2.610815
v -1.350186 0.132199 2.468555
v -1.513528 0.400576 2.407788
v -1.381410 0.277041 2.518132
v -1.449636 0.202058 2.370364
v -1.350186 0.132199 2.468555
v -1.513245 0.400685 2.407509
v -1.382094 0.276747 2.518553
v -1.448725 0.202440 2.369719
v -1.350186 0.132199 2.468555
v -1.518513 0.398571 2.412771
v -1.488236 0.189095 2.422542
v -1.346798 0.288400 2.469940
v -1.350186 0.132199 2.468555
v -1.654785 0.216971 2.517878
v -1.478595 0.192225 2.402827
v -1.465456 0.139991 2.573741
v -1.350186 0.132199 2.468555
v -1.662672 0.199975 2.481138
v -1.459889 0.217483 2.539997
v -1.490472 0.101135 2.407180
v -1.350186 0.132199 2.468555
v -1.662272 0.160917 2.403920
v -1.470115 0.073143 2.387676
v -1.479925 0.214229 2.497726
v -1.055258 -0.027325 2.335416
v -1.092332 0.006230 2.702236
v -1.033083 -0.036403 2.338711
v -1.076366 -0.000306 2.704609
v -1.013984 -0.021599 2.339734
v -1.062615 0.010353 2.705345
v -1.017059 0.002283 2.337462
v -1.064829 0.027548 2.703709
v -1.039234 0.011361 2.334167
v -1.080795 0.034084 2.701337
v -1.058333 -0.003443 2.333144
v -1.094546 0.023425 2.700600
v -1.078581 0.016889 2.702973
v -0.991244 -0.154812 2.958494
v -1.128334 -0.051331 2.834437
v -0.958958 -0.052252 2.775925
v -1.078581 0.016889 2.702973
v -0.972981 -0.181762 2.930539
v -1.092150 -0.126122 2.764421
v -0.980532 0.000979 2.823577
v -1.078581 0.016889 2.702973
v -0.961891 -0.197700 2.909698
v -0.962818 -0.014612 2.803067
v -1.100991 -0.123282 2.768258
v -1.078581 0.016889 2.702973
v -1.057457 0.332715 2.749957
v -1.098842 0.132612 2.805977
v -1.041421 0.153827 2.637556
v -1.078581 0.016889 2.702973
v -1.080347 0.272792 2.895094
v -1.012155 0.083919 2.827499
v -1.146419 0.154581 2.732143
v -1.078581 0.016889 2.702973
v -1.085829 0.248906 2.923235
v -1.122701 0.054249 2.848127
v -1.040259 0.165143 2.734028
v -1.078581 0.016889 2.702973
v -1.247078 -0.094250 2.951280
v -1.130066 0.048384 2.847089
v -1.161893 -0.103518 2.757503
v -1.078581 0.016889 2.702973
v -1.260573 -0.110277 2.933424
v -1.129212 0.033435 2.849856
v -1.173543 -0.101389 2.740450
v -1.078581 0.016889 2.702973
v -1.307478 -0.176606 2.815070
v -1.163160 -0.022056 2.828439
v -1.177120 -0.098962 2.667184
v -1.078581 0.016889 2.702973
v -1.057438 -0.024342 3.019600
v -0.980757 0.003738 2.824091
v -1.159490 -0.002944 2.835156
v -1.078581 0.016889 2.702973
v -1.058043 -0.023564 3.019740
v -1.109950 0.080079 2.842382
v -1.030781 -0.078664 2.816977
v -1.078581 0.016889 2.702973
v -0.944797 -0.166123 2.928824
v -0.960614 0.004872 2.804716
v -1.089520 -0.117503 2.781910
v -1.026932 -0.028440 2.352137
v -1.183793 0.162666 2.627692
v -1.014263 -0.008771 2.346005
v -1.174672 0.176827 2.623277
v -1.023489 0.007148 2.330307
v -1.181315 0.188289 2.611974
v -1.045385 0.003398 2.320741
v -1.197079 0.185589 2.605086
v -1.058054 -0.016271 2.326873
v -1.206201 0.171427 2.609502
v -1.048827 -0.032190 2.342571
v -1.199558 0.159966 2.620804
v -1.190436 0.174127 2.616389
v -1.087109 0.395169 2.823426
v -1.232038 0.295978 2.704898
v -1.066172 0.229110 2.693510
v -1.190436 0.174127 2.616389
v -1.011931 0.384483 2.778520
v -1.184330 0.319206 2.674070
v -1.053739 0.197333 2.688413
v -1.190436 0.174127 2.616389
v -0.992046 0.378184 2.762684
v -1.065802 0.186737 2.709768
v -1.156358 0.324763 2.640047
v -1.190436 0.174127 2.616389
v -1.501663 0.211344 2.551948
v -1.317161 0.261485 2.643254
v -1.312693 0.116543 2.537971
v -1.190436 0.174127 2.616389
v -1.474621 0.289237 2.707981
v -1.336050 0.136662 2.658877
v -1.272170 0.303680 2.647175
v -1.190436 0.174127 2.616389
v -1.502473 0.215021 2.558419
v -1.326264 0.101629 2.589798
v -1.304239 0.279340 2.596604
v -1.190436 0.174127 2.616389
v -1.083490 0.034467 2.883704
v -1.168559 0.191775 2.770084
v -1.126757 0.044751 2.676547
v -1.190436 0.174127 2.616389
v -1.111337 0.068741 2.908000
v -1.245541 0.120948 2.752579
v -1.072052 0.142998 2.713489
v -1.190436 0.174127 2.616389
v -1.094601 0.048118 2.894485
v -1.116871 0.202648 2.751248
v -1.187334 0.044800 2.704007
v -1.190436 0.174127 2.616389
v -1.258060 0.380575 2.851350
v -1.226447 0.322383 2.650087
v -1.208525 0.191030 2.770659
v -1.190436 0.174127 2.616389
v -1.129213 0.417199 2.815306
v -1.210586 0.326982 2.641722
v -1.121308 0.215731 2.750190
v -1.190436 0.174127 2.616389
v -1.152727 0.413806 2.825033
v -1.127757 0.315444 2.639039
v -1.222948 0.224553 2.760654
v -0.369700 -0.276680 1.627255
v -0.648901 -0.506880 2.116515
v -0.378403 -0.316329 1.604256
v -0.655167 -0.535428 2.099956
v -0.347960 -0.351628 1.606266
v -0.633248 -0.560843 2.101403
v -0.308814 -0.347276 1.631275
v -0.605063 -0.557710 2.119410
v -0.300111 -0.307626 1.654274
v -0.598797 -0.529162 2.135969
v -0.330554 -0.272328 1.652264
v -0.620716 -0.503747 2.134522
v -0.649843 -0.507801 2.115545
v -0.966114 -0.795555 2.321601
v -0.646354 -0.530040 2.090612
v -0.963601 -0.811567 2.303649
v -0.623492 -0.554534 2.093029
v -0.947141 -0.829202 2.305389
v -0.604120 -0.556789 2.120380
v -0.933193 -0.830826 2.325082
v -0.607610 -0.534550 2.145314
v -0.935706 -0.814814 2.343034
v -0.630471 -0.510056 2.142897
v -0.952166 -0.797178 2.341294
v -0.966043 -0.795468 2.321830
v -1.230668 -1.052254 2.288785
v -0.955570 -0.803998 2.301767
v -1.223127 -1.058395 2.274339
v -0.939180 -0.821720 2.303278
v -1.211327 -1.071155 2.275427
v -0.933264 -0.830913 2.324853
v -1.207067 -1.077774 2.290961
v -0.943737 -0.822383 2.344916
v -1.214607 -1.071633 2.305407
v -0.960126 -0.804661 2.343405
v -1.226408 -1.058873 2.304319
v -1.218867 -1.065014 2.289873
v -1.263144 -1.164301 1.988905
v -1.253199 -1.020418 2.144118
v -1.219957 -1.189040 2.194854
v -1.218867 -1.065014 2.289873
v -1.288043 -1.184574 2.001221
v -1.331047 -1.084284 2.182838
v -1.162028 -1.141392 2.165986
v -1.218867 -1.065014 2.289873
v -1.330166 -1.217070 2.031239
v -1.187039 -1.107971 2.143061
v -1.339735 -1.143702 2.229778
v -1.218867 -1.065014 2.289873
v -1.244011 -1.312914 2.490655
v -1.308065 -1.133178 2.398545
v -1.149785 -1.195170 2.341827
v -1.218867 -1.065014 2.289873
v -1.253970 -1.316681 2.484376
v -1.228526 -1.111339 2.438779
v -1.237291 -1.220023 2.296570
v -1.218867 -1.065014 2.289873
v -1.338169 -1.333192 2.417338
v -1.346246 -1.132364 2.350294
v -1.186930 -1.212207 2.331425
v -1.218867 -1.065014 2.289873
v -1.536192 -1.029490 2.268823
v -1.347668 -1.108247 2.212715
v -1.343926 -0.993361 2.350191
v -1.218867 -1.065014 2.289873
v -1.530520 -0.994855 2.271151
v -1.323630 -0.949690 2.278157
v -1.363426 -1.124211 2.286612
v -1.218867 -1.065014 2.289873
v -1.472926 -0.870604 2.282208
v -1.268971 -0.921175 2.255058
v -1.372010 -1.053325 2.318556
v -1.218867 -1.065014 2.289873
v -1.346567 -1.216864 2.038807
v -1.199787 -1.181448 2.187446
v -1.340107 -1.070060 2.191447
v -1.218867 -1.065014 2.289873
v -1.401733 -1.265099 2.119797
v -1.247696 -1.122257 2.147380
v -1.336331 -1.167840 2.296305
v -1.218867 -1.065014 2.289873
v -1.428369 -1.285501 2.190404
v -1.308043 -1.185695 2.333416
v -1.297293 -1.120723 2.166755
v -0.941763 -0.831881 2.310175
v -1.066207 -1.060874 2.573107
v -0.927156 -0.821515 2.326428
v -1.055690 -1.053411 2.584809
v -0.935046 -0.802824 2.339595
v -1.061371 -1.039953 2.594289
v -0.957544 -0.794499 2.336508
v -1.077570 -1.033959 2.592067
v -0.972151 -0.804865 2.320256
v -1.088087 -1.041422 2.580365
v -0.964261 -0.823556 2.307089
v -1.082406 -1.054880 2.570885
v -1.071888 -1.047417 2.582587
v -0.897211 -1.176295 2.817700
v -0.955376 -1.145928 2.616238
v -1.048659 -1.052008 2.737026
v -1.071888 -1.047417 2.582587
v -0.923842 -1.191281 2.827097
v -1.005790 -1.180076 2.632030
v -1.019549 -1.029848 2.728751
v -1.071888 -1.047417 2.582587
v -0.803716 -1.097088 2.749968
v -0.994558 -1.148273 2.673471
v -0.934681 -0.986297 2.625607
v -1.071888 -1.047417 2.582587
v -1.366547 -1.058159 2.706929
v -1.155748 -1.079206 2.710529
v -1.223756 -1.024222 2.554118
v -1.071888 -1.047417 2.582587
v -1.377801 -0.964504 2.626663
v -1.220473 -1.086559 2.554257
v -1.168034 -0.941944 2.646177
v -1.071888 -1.047417 2.582587
v -1.368935 -1.051164 2.701536
v -1.185061 -0.961099 2.647033
v -1.196353 -1.136733 2.613300
v -1.071888 -1.047417 2.582587
v -0.943617 -1.317543 2.468666
v -1.094874 -1.170613 2.489278
v -0.946285 -1.140322 2.584759
v -1.071888 -1.047417 2.582587
v -0.959311 -1.334773 2.498015
v -0.943910 -1.136200 2.570290
v -1.109805 -1.188518 2.527226
v -1.071888 -1.047417 2.582587
v -0.973405 -1.346012 2.523073
v -1.117666 -1.194632 2.557203
v -0.947324 -1.139078 2.560359
v -1.071888 -1.047417 2.582587
v -1.019182 -1.217625 2.848389
v -0.970938 -1.140611 2.656991
v -1.130674 -1.090389 2.720825
v -1.071888 -1.047417 2.582587
v -0.922728 -1.168595 2.838452
v -1.058317 -1.040401 2.738082
v -0.966132 -1.151375 2.631784
v -1.071888 -1.047417 2.582587
v -0.967862 -1.194436 2.847093
v -1.106815 -1.085403 2.730063
v -0.953741 -1.127046 2.646715
v -0.945365 -0.802548 2.344634
v -1.307987 -0.817862 2.417627
v -0.950090 -0.789073 2.325113
v -1.311389 -0.808160 2.403572
v -0.954378 -0.799714 2.303821
v -1.314476 -0.815822 2.388242
v -0.953942 -0.823832 2.302050
v -1.314162 -0.833187 2.386967
v -0.949217 -0.837308 2.321571
v -1.310761 -0.842889 2.401022
v -0.944929 -0.826666 2.342863
v -1.307673 -0.835227 2.416352
v -1.311075 -0.825525 2.402297
v -1.487277 -1.085395 2.340491
v -1.441421 -0.903483 2.438966
v -1.321691 -0.955462 2.316183
v -1.311075 -0.825525 2.402297
v -1.423691 -1.112107 2.315188
v -1.311717 -0.978237 2.435324
v -1.400525 -0.902079 2.299583
v -1.311075 -0.825525 2.402297
v -1.492500 -1.082347 2.342906
v -1.378345 -0.951943 2.464790
v -1.388945 -0.904564 2.292292
v -1.311075 -0.825525 2.402297
v -1.384290 -0.671566 2.673104
v -1.423750 -0.750786 2.480596
v -1.256972 -0.777097 2.540644
v -1.311075 -0.825525 2.402297
v -1.465958 -0.698392 2.651794
v -1.334620 -0.834626 2.556488
v -1.411436 -0.714718 2.447703
v -1.311075 -0.825525 2.402297
v -1.477677 -0.703474 2.646729
v -1.345452 -0.840599 2.553965
v -1.409979 -0.712809 2.446175
v -1.311075 -0.825525 2.402297
v -1.601923 -0.692154 2.397898
v -1.401814 -0.718560 2.333469
v -1.453014 -0.825792 2.467606
v -1.311075 -0.825525 2.402297
v -1.576193 -0.649122 2.370763
v -1.368046 -0.680208 2.395272
v -1.466198 -0.829720 2.384095
v -1.311075 -0.825525 2.402297
v -1.623304 -0.766235 2.439685
v -1.432178 -0.834428 2.500617
v -1.439755 -0.769189 2.333887
v -0.965337 -0.794911 2.321132
v -1.224948 -1.007749 2.477208
v -0.963070 -0.811120 2.303324
v -1.223315 -1.019419 2.464386
v -0.947386 -0.829399 2.305534
v -1.212023 -1.032580 2.465977
v -0.933970 -0.831469 2.325551
v -1.202363 -1.034071 2.480390
v -0.936237 -0.815260 2.343359
v -1.203996 -1.022400 2.493212
v -0.951921 -0.796981 2.341149
v -1.215288 -1.009239 2.491620
v -1.213656 -1.020910 2.478799
v -1.043439 -1.121328 2.730478
v -1.108252 -1.124849 2.528788
v -1.182885 -0.997304 2.630153
v -1.213656 -1.020910 2.478799
v -1.112382 -1.160455 2.748374
v -1.100178 -1.024732 2.586132
v -1.246114 -1.128724 2.587126
v -1.213656 -1.020910 2.478799
v -1.142032 -1.173700 2.750691
v -1.178645 -1.003406 2.630060
v -1.191367 -1.160645 2.545051
v -1.213656 -1.020910 2.478799
v -1.498987 -0.876240 2.471276
v -1.287241 -0.883413 2.469204
v -1.368335 -1.042670 2.482376
v -1.213656 -1.020910 2.478799
v -1.503154 -0.884588 2.476140
v -1.305536 -0.914242 2.546565
v -1.353374 -1.018519 2.408905
v -1.213656 -1.020910 2.478799
v -1.514143 -0.911594 2.491341
v -1.349190 -1.027658 2.556239
v -1.318511 -0.926708 2.411392
v -1.213656 -1.020910 2.478799
v -1.452008 -1.234145 2.489700
v -1.345838 -1.061528 2.551533
v -1.272155 -1.150880 2.414786
v -1.213656 -1.020910 2.478799
v -1.452146 -1.232498 2.506237
v -1.273231 -1.154473 2.423811
v -1.344872 -1.056617 2.555737
v -1.213656 -1.020910 2.478799
v -1.432576 -1.229127 2.373349
v -1.362446 -1.038806 2.434603
v -1.240001 -1.169587 2.438635
v -0.629222 -0.562337 2.103100
v -0.644400 -0.763291 2.532839
v -0.599091 -0.549484 2.110542
v -0.622705 -0.754037 2.538197
v -0.596851 -0.519442 2.125405
v -0.621093 -0.732407 2.548898
v -0.624742 -0.502253 2.132825
v -0.641174 -0.720030 2.554241
v -0.654873 -0.515105 2.125383
v -0.662868 -0.729284 2.548883
v -0.657113 -0.545147 2.110521
v -0.664481 -0.750914 2.538182
v -0.642787 -0.741660 2.543540
v -0.640671 -0.763311 2.532967
v -0.481038 -0.890892 2.841671
v -0.622936 -0.747009 2.530799
v -0.468269 -0.879155 2.840109
v -0.625052 -0.725358 2.541372
v -0.469793 -0.863567 2.847722
v -0.644903 -0.720010 2.554112
v -0.484085 -0.859716 2.856895
v -0.662638 -0.736312 2.556280
v -0.496854 -0.871454 2.858456
v -0.660522 -0.757962 2.545708
v -0.495331 -0.887042 2.850844
v -0.482562 -0.875304 2.849283
v -0.482562 -0.875304 2.849283
v -0.168820 -0.814592 2.832549
v -0.341817 -0.912299 2.906154
v -0.372314 -0.789740 2.779024
v -0.482562 -0.875304 2.849283
v -0.166102 -0.838803 2.879623
v -0.363609 -0.774686 2.837528
v -0.348347 -0.946722 2.885310
v -0.482562 -0.875304 2.849283
v -0.201066 -0.906708 2.998192
v -0.408799 -0.938774 2.971524
v -0.331129 -0.836958 2.846170
v -0.482562 -0.875304 2.849283
v -0.595377 -0.770742 3.129888
v -0.443979 -0.827290 2.992873
v -0.611397 -0.839669 2.930177
v -0.482562 -0.875304 2.849283
v -0.547651 -0.811918 3.156114
v -0.421050 -0.851874 2.990985
v -0.596146 -0.848026 2.953046
v -0.482562 -0.875304 2.849283
v -0.624181 -0.746072 3.105491
v -0.458901 -0.803265 2.985894
v -0.619518 -0.843957 2.917638
v -0.482562 -0.875304 2.849283
v -0.373545 -1.166771 2.774700
v -0.379263 -0.955263 2.763562
v -0.498648 -1.028518 2.875337
v -0.482562 -0.875304 2.849283
v -0.358807 -1.168684 2.817453
v -0.512290 -1.022946 2.807685
v -0.353829 -0.962366 2.865417
v -0.482562 -0.875304 2.849283
v -0.343048 -1.162112 2.875309
v -0.348110 -0.950296 2.875952
v -0.505402 -1.029759 2.843435
v -0.624300 -0.727950 2.550971
v -0.785563 -0.702552 2.883246
v -0.643760 -0.717629 2.540984
v -0.799575 -0.695121 2.876055
v -0.662248 -0.731340 2.533552
v -0.812886 -0.704993 2.870704
v -0.661274 -0.755371 2.536108
v -0.812185 -0.722296 2.872544
v -0.641813 -0.765692 2.546096
v -0.798173 -0.729727 2.879735
v -0.623326 -0.751981 2.553527
v -0.784862 -0.719855 2.885086
v -0.798874 -0.712424 2.877895
v -1.012650 -0.518926 3.016670
v -0.909349 -0.604817 2.852829
v -0.859420 -0.665232 3.013981
v -0.798874 -0.712424 2.877895
v -1.009895 -0.475446 2.919267
v -0.935394 -0.672427 2.942507
v -0.831171 -0.562838 2.846380
v -0.798874 -0.712424 2.877895
v -1.013682 -0.511707 3.004269
v -0.898711 -0.596122 2.847590
v -0.870883 -0.668153 3.009299
v -0.798874 -0.712424 2.877895
v -0.897107 -1.001273 2.974417
v -0.800704 -0.864935 2.843993
v -0.875631 -0.790993 2.989015
v -0.798874 -0.712424 2.877895
v -0.875589 -1.019808 2.922947
v -0.870344 -0.836890 2.816150
v -0.788776 -0.833866 2.975681
v -0.798874 -0.712424 2.877895
v -0.880235 -1.016840 2.933676
v -0.849062 -0.845439 2.813085
v -0.813774 -0.822942 2.987330
v -0.798874 -0.712424 2.877895
v -0.650027 -0.494278 3.058607
v -0.784268 -0.654087 3.022102
v -0.694403 -0.596244 2.878258
v -0.798874 -0.712424 2.877895
v -0.615457 -0.487172 3.012132
v -0.708614 -0.677112 3.000445
v -0.742400 -0.567534 2.862735
v -0.798874 -0.712424 2.877895
v -0.758430 -0.544627 3.147355
v -0.871053 -0.647611 3.000376
v -0.694340 -0.643000 2.970982
v -0.798874 -0.712424 2.877895
v -1.010951 -0.517636 3.017470
v -0.871769 -0.677278 3.011548
v -0.895640 -0.591739 2.855902
v -0.798874 -0.712424 2.877895
v -0.993611 -0.590950 3.100879
v -0.852885 -0.729182 3.023546
v -0.900652 -0.598487 2.910631
v -0.798874 -0.712424 2.877895
v -0.982386 -0.619025 3.122844
v -0.822029 -0.723559 3.032012
v -0.922528 -0.626570 2.919737
v -0.666868 -0.743195 2.541891
v -0.655821 -1.042977 2.758837
v -0.652892 -0.754608 2.525785
v -0.645758 -1.051195 2.747241
v -0.628810 -0.753074 2.527434
v -0.628419 -1.050090 2.748428
v -0.618705 -0.740126 2.545189
v -0.621144 -1.040768 2.761212
v -0.632682 -0.728713 2.561294
v -0.631207 -1.032550 2.772808
v -0.656763 -0.730247 2.559645
v -0.648545 -1.033655 2.771620
v -0.638482 -1.041873 2.760024
v -0.657646 -1.323227 2.608788
v -0.725229 -1.130419 2.664911
v -0.567066 -1.178410 2.734149
v -0.638482 -1.041873 2.760024
v -0.659886 -1.288355 2.557075
v -0.718163 -1.171294 2.723786
v -0.575924 -1.109637 2.633903
v -0.638482 -1.041873 2.760024
v -0.654452 -1.348619 2.670293
v -0.573232 -1.183082 2.774663
v -0.716509 -1.146060 2.673600
v -0.638482 -1.041873 2.760024
v -0.510034 -1.095166 3.048227
v -0.505604 -1.067021 2.838274
v -0.668602 -1.059359 2.912337
v -0.638482 -1.041873 2.760024
v -0.530607 -1.145543 3.042895
v -0.512076 -1.086621 2.840220
v -0.678588 -1.080061 2.906125
v -0.638482 -1.041873 2.760024
v -0.513097 -1.103394 3.047937
v -0.585738 -0.978672 2.892824
v -0.590919 -1.154290 2.857554
v -0.638482 -1.041873 2.760024
v -0.906109 -1.215783 2.783065
v -0.697880 -1.186359 2.757240
v -0.793186 -1.036515 2.781241
v -0.638482 -1.041873 2.760024
v -0.933936 -1.162002 2.734029
v -0.755647 -1.111254 2.836645
v -0.757680 -1.068595 2.662608
v -0.638482 -1.041873 2.760024
v -0.861372 -1.260016 2.831675
v -0.667153 -1.194390 2.778153
v -0.788123 -1.063870 2.799216
v -0.638482 -1.041873 2.760024
v -0.621609 -1.354088 2.691929
v -0.624890 -1.147368 2.645578
v -0.638576 -1.186149 2.819995
v -0.638482 -1.041873 2.760024
v -0.627266 -1.361676 2.760128
v -0.723533 -1.172934 2.758907
v -0.544459 -1.166653 2.761224
v -0.638482 -1.041873 2.760024
v -0.626603 -1.361562 2.752449
v -0.614288 -1.171098 2.844449
v -0.653174 -1.168398 2.669540
v -0.608851 -0.512088 2.137747
v -0.969214 -0.506794 2.446614
v -0.629115 -0.498961 2.114391
v -0.983804 -0.497342 2.429798
v -0.647246 -0.519168 2.094607
v -0.996858 -0.511891 2.415553
v -0.645113 -0.552501 2.098178
v -0.995322 -0.535891 2.418124
v -0.624849 -0.565629 2.121534
v -0.980732 -0.545343 2.434941
v -0.606718 -0.545422 2.141319
v -0.967678 -0.530794 2.449185
v -0.970376 -0.504662 2.445226
v -1.291902 -0.331007 2.504577
v -0.973414 -0.501679 2.421418
v -1.294090 -0.328859 2.487434
v -0.985307 -0.518360 2.408560
v -1.302652 -0.340870 2.478177
v -0.994160 -0.538024 2.419512
v -1.309026 -0.355028 2.486062
v -0.991122 -0.541007 2.443321
v -1.306839 -0.357175 2.503204
v -0.979229 -0.524326 2.456178
v -1.298276 -0.345165 2.512462
v -1.300464 -0.343017 2.495319
v -1.343868 -0.102524 2.288730
v -1.405053 -0.245033 2.433090
v -1.230599 -0.248607 2.392277
v -1.300464 -0.343017 2.495319
v -1.438326 -0.093063 2.350693
v -1.279960 -0.227623 2.391995
v -1.431258 -0.258448 2.482942
v -1.300464 -0.343017 2.495319
v -1.376952 -0.095819 2.307057
v -1.378749 -0.298883 2.367508
v -1.283370 -0.189394 2.472521
v -1.300464 -0.343017 2.495319
v -1.473988 -0.580768 2.620876
v -1.319590 -0.435674 2.619662
v -1.420157 -0.440561 2.471422
v -1.300464 -0.343017 2.495319
v -1.571897 -0.456375 2.621313
v -1.418783 -0.443110 2.475463
v -1.399292 -0.333611 2.615971
v -1.300464 -0.343017 2.495319
v -1.558869 -0.481488 2.623587
v -1.381991 -0.364888 2.626801
v -1.425662 -0.431924 2.466452
v -1.300464 -0.343017 2.495319
v -1.258976 -0.048514 2.613415
v -1.312599 -0.190173 2.465261
v -1.255139 -0.260259 2.619854
v -1.300464 -0.343017 2.495319
v -1.409530 -0.062530 2.604091
v -1.370604 -0.270534 2.614645
v -1.317577 -0.191111 2.463011
v -1.300464 -0.343017 2.495319
v -1.321025 -0.046087 2.612833
v -1.329097 -0.193365 2.460728
v -1.288280 -0.255125 2.623922
v -1.300464 -0.343017 2.495319
v -1.550048 -0.147122 2.453691
v -1.361014 -0.230063 2.405949
v -1.439581 -0.299255 2.551388
v -1.300464 -0.343017 2.495319
v -1.548194 -0.145581 2.450053
v -1.456099 -0.333010 2.485847
v -1.343013 -0.195076 2.468579
v -1.300464 -0.343017 2.495319
v -1.448697 -0.116224 2.325050
v -1.296079 -0.257822 2.364420
v -1.423435 -0.246778 2.490003
v -0.997609 -0.514916 2.414810
v -1.270503 -0.681250 2.601676
v -0.985915 -0.536048 2.413516
v -1.262083 -0.696465 2.600745
v -0.970574 -0.542475 2.431075
v -1.251037 -0.701092 2.613388
v -0.966927 -0.527769 2.449929
v -1.248412 -0.690505 2.626962
v -0.978621 -0.506638 2.451222
v -1.256832 -0.675290 2.627893
v -0.993962 -0.500211 2.433663
v -1.267877 -0.670663 2.615251
v -1.259457 -0.685877 2.614319
v -1.403126 -0.970108 2.583135
v -1.396769 -0.760412 2.612788
v -1.237081 -0.838727 2.590903
v -1.259457 -0.685877 2.614319
v -1.409556 -0.967558 2.591373
v -1.289852 -0.807497 2.521062
v -1.349142 -0.789602 2.689219
v -1.259457 -0.685877 2.614319
v -1.294892 -0.970080 2.471584
v -1.278216 -0.839262 2.637417
v -1.269046 -0.759855 2.477033
v -1.259457 -0.685877 2.614319
v -1.518032 -0.618645 2.438197
v -1.401045 -0.735489 2.570687
v -1.324729 -0.582480 2.517053
v -1.259457 -0.685877 2.614319
v -1.571570 -0.695779 2.544408
v -1.399281 -0.622650 2.643710
v -1.369324 -0.757026 2.528999
v -1.259457 -0.685877 2.614319
v -1.571483 -0.695491 2.543981
v -1.371273 -0.630279 2.520413
v -1.397262 -0.749167 2.651954
v -1.259457 -0.685877 2.614319
v -1.439431 -0.940290 2.687008
v -1.400915 -0.733655 2.660353
v -1.261978 -0.841630 2.626436
v -1.259457 -0.685877 2.614319
v -1.368393 -0.986644 2.605811
v -1.357847 -0.784422 2.543463
v -1.248216 -0.827946 2.678368
v -1.259457 -0.685877 2.614319
v -1.471094 -0.895078 2.731983
v -1.398748 -0.753146 2.592293
v -1.289476 -0.785970 2.730477
v -0.970696 -0.537620 2.446012
v -1.087872 -0.357946 2.747748
v -0.959256 -0.517572 2.438789
v -1.079635 -0.343511 2.742547
v -0.970828 -0.501295 2.425145
v -1.087967 -0.331792 2.732724
v -0.993840 -0.505066 2.418726
v -1.104536 -0.334507 2.728102
v -1.005280 -0.525114 2.425950
v -1.112773 -0.348942 2.733303
v -0.993708 -0.541391 2.439593
v -1.104441 -0.360661 2.743126
v -1.096204 -0.346226 2.737925
v -1.096204 -0.346226 2.737925
v -0.870482 -0.151720 2.854614
v -1.048411 -0.197904 2.749257
v -0.963419 -0.338944 2.819944
v -1.096204 -0.346226 2.737925
v -0.908292 -0.139814 2.894395
v -0.948521 -0.304866 2.767780
v -1.093557 -0.222456 2.833246
v -1.096204 -0.346226 2.737925
v -0.877975 -0.148672 2.863416
v -0.998473 -0.227992 2.708237
v -1.019351 -0.306417 2.868006
v -1.096204 -0.346226 2.737925
v -1.394594 -0.245990 2.680338
v -1.203569 -0.320753 2.627308
v -1.227551 -0.291511 2.802472
v -1.096204 -0.346226 2.737925
v -1.347211 -0.190340 2.860786
v -1.180602 -0.214862 2.732209
v -1.212612 -0.352881 2.841930
v -1.096204 -0.346226 2.737925
v -1.371807 -0.200923 2.810931
v -1.231827 -0.293148 2.681346
v -1.181063 -0.283062 2.852909
v -1.096204 -0.346226 2.737925
v -1.014978 -0.408095 3.041198
v -1.149937 -0.366635 2.883212
v -0.977491 -0.375313 2.835256
v -1.096204 -0.346226 2.737925
v -0.971348 -0.465083 3.007524
v -1.013962 -0.312807 2.866500
v -1.078561 -0.474732 2.825030
v -1.096204 -0.346226 2.737925
v -0.958432 -0.482558 2.992547
v -1.120198 -0.402146 2.881833
v -0.961992 -0.399373 2.797715
v -0.969918 -0.506762 2.447197
v -1.261851 -0.502214 2.674819
v -0.983700 -0.497347 2.429693
v -1.271775 -0.495435 2.662216
v -0.996050 -0.511928 2.414865
v -1.280666 -0.505933 2.651539
v -0.994618 -0.535923 2.417541
v -1.279635 -0.523209 2.653466
v -0.980836 -0.545338 2.435045
v -1.269712 -0.529988 2.666069
v -0.968486 -0.530757 2.449873
v -1.260820 -0.519490 2.676746
v -1.270743 -0.512712 2.664143
v -1.374471 -0.813493 2.698368
v -1.357954 -0.625989 2.601097
v -1.266515 -0.640059 2.754569
v -1.270743 -0.512712 2.664143
v -1.431243 -0.775975 2.749770
v -1.304703 -0.660207 2.625361
v -1.365183 -0.575827 2.771426
v -1.270743 -0.512712 2.664143
v -1.438177 -0.769340 2.756380
v -1.294463 -0.615380 2.779506
v -1.380971 -0.615345 2.622570
v -1.270743 -0.512712 2.664143
v -1.332905 -0.387115 2.951826
v -1.227262 -0.508688 2.814160
v -1.363954 -0.416258 2.744271
v -1.270743 -0.512712 2.664143
v -1.269095 -0.364472 2.947731
v -1.214989 -0.516167 2.810059
v -1.325179 -0.390665 2.745097
v -1.270743 -0.512712 2.664143
v -1.185948 -0.344990 2.923139
v -1.266857 -0.511655 2.820335
v -1.206794 -0.379591 2.715148
v -1.270743 -0.512712 2.664143
v -1.526917 -0.455091 2.847050
v -1.337370 -0.538909 2.803019
v -1.409056 -0.440418 2.671592
v -1.270743 -0.512712 2.664143
v -1.527517 -0.329186 2.716925
v -1.320597 -0.374745 2.717921
v -1.426308 -0.503857 2.652590
v -1.270743 -0.512712 2.664143
v -1.537165 -0.367609 2.765950
v -1.424912 -0.498663 2.643002
v -1.329712 -0.410678 2.766729
v -0.648332 -0.506463 2.115656
v -0.890218 -0.685845 2.482536
v -0.654197 -0.534691 2.098417
v -0.894441 -0.706170 2.470125
v -0.632847 -0.560524 2.100724
v -0.879069 -0.724769 2.471785
v -0.605632 -0.558127 2.120270
v -0.859474 -0.723043 2.485858
v -0.599767 -0.529898 2.137508
v -0.855251 -0.702719 2.498270
v -0.621116 -0.504066 2.135201
v -0.870623 -0.684119 2.496609
v -0.890532 -0.686144 2.482183
v -1.163968 -0.919832 2.569817
v -0.885339 -0.699799 2.462907
v -1.160230 -0.929664 2.555938
v -0.869653 -0.718099 2.464921
v -1.148936 -0.942839 2.557388
v -0.859160 -0.722744 2.486212
v -1.141381 -0.946184 2.572717
v -0.864352 -0.709089 2.505488
v -1.145119 -0.936352 2.586596
v -0.880038 -0.690789 2.503474
v -1.156413 -0.923177 2.585146
v -1.152674 -0.933008 2.571267
v -1.253935 -1.061720 2.296350
v -1.182130 -1.066514 2.495632
v -1.204227 -0.902472 2.426968
v -1.152674 -0.933008 2.571267
v -1.232884 -1.045460 2.282613
v -1.207326 -0.895255 2.429846
v -1.162191 -1.060723 2.481766
v -1.152674 -0.933008 2.571267
v -1.295742 -1.092537 2.333607
v -1.188159 -1.074480 2.515244
v -1.231644 -0.919159 2.437162
v -1.152674 -0.933008 2.571267
v -1.226836 -1.129972 2.812317
v -1.255097 -1.039029 2.623048
v -1.109581 -0.984558 2.712326
v -1.152674 -0.933008 2.571267
v -1.060586 -1.051639 2.853838
v -1.198574 -0.968166 2.716420
v -1.033104 -0.992755 2.652171
v -1.152674 -0.933008 2.571267
v -1.090123 -1.070017 2.853607
v -1.114507 -1.066370 2.643169
v -1.140802 -0.909253 2.725237
v -1.152674 -0.933008 2.571267
v -1.442166 -0.799008 2.545994
v -1.276153 -0.911701 2.477933
v -1.260789 -0.847114 2.644382
v -1.152674 -0.933008 2.571267
v -1.381619 -0.716189 2.516730
v -1.302332 -0.912114 2.531542
v -1.186172 -0.780447 2.567363
v -1.152674 -0.933008 2.571267
v -1.456476 -0.833428 2.557538
v -1.293081 -0.958794 2.507760
v -1.255309 -0.827559 2.623791
v -1.152674 -0.933008 2.571267
v -1.357014 -1.137496 2.434044
v -1.295117 -0.996653 2.579730
v -1.173704 -1.032953 2.453026
v -1.152674 -0.933008 2.571267
v -1.386629 -1.151320 2.573594
v -1.273189 -0.992331 2.491459
v -1.219324 -1.048334 2.652936
v -1.152674 -0.933008 2.571267
v -1.363841 -1.142046 2.452473
v -1.252027 -1.048430 2.606180
v -1.222255 -0.984816 2.441318
v -0.869479 -0.726977 2.477238
v -0.829668 -0.820200 2.833302
v -0.851873 -0.710592 2.479789
v -0.816991 -0.808402 2.835139
v -0.857239 -0.688058 2.486749
v -0.820855 -0.792178 2.840150
v -0.880212 -0.681911 2.491157
v -0.837396 -0.787752 2.843324
v -0.897819 -0.698297 2.488605
v -0.850073 -0.799550 2.841487
v -0.892452 -0.720830 2.481646
v -0.846208 -0.815774 2.836476
v -0.833532 -0.803976 2.838313
v -0.573762 -0.810327 3.025073
v -0.780250 -0.831531 2.982583
v -0.678998 -0.781502 2.843451
v -0.833532 -0.803976 2.838313
v -0.579188 -0.813564 3.032265
v -0.705769 -0.727555 2.885732
v -0.757820 -0.888067 2.946056
v -0.833532 -0.803976 2.838313
v -0.533372 -0.778570 2.946288
v -0.736697 -0.837312 2.956312
v -0.690239 -0.750315 2.806694
v -0.833532 -0.803976 2.838313
v -1.027493 -0.720979 3.078917
v -0.845572 -0.787738 2.993244
v -0.976661 -0.753817 2.875866
v -0.833532 -0.803976 2.838313
v -1.030008 -0.718696 3.076062
v -0.894464 -0.846894 2.975636
v -0.929781 -0.692835 2.891189
v -0.833532 -0.803976 2.838313
v -1.071942 -0.676867 3.009789
v -0.961920 -0.835092 2.921743
v -0.895872 -0.671173 2.892064
v -0.833532 -0.803976 2.838313
v -0.645800 -0.843709 3.094395
v -0.769013 -0.908639 2.934724
v -0.747865 -0.731099 2.946767
v -0.833532 -0.803976 2.838313
v -0.741881 -0.880010 3.135330
v -0.767473 -0.913763 2.927729
v -0.826270 -0.755016 2.986510
v -0.833532 -0.803976 2.838313
v -0.741491 -0.879888 3.135241
v -0.726611 -0.779061 2.949486
v -0.866820 -0.889620 2.964682
v -0.860123 -0.692951 2.499564
v -1.152659 -0.619490 2.714235
v -0.870616 -0.680785 2.481484
v -1.160214 -0.610732 2.701217
v -0.885339 -0.692279 2.466117
v -1.170814 -0.619007 2.690153
v -0.889568 -0.715938 2.468831
v -1.173859 -0.636041 2.692107
v -0.879075 -0.728103 2.486911
v -1.166304 -0.644800 2.705125
v -0.864353 -0.716609 2.502277
v -1.155704 -0.636525 2.716189
v -1.163259 -0.627766 2.703171
v -1.382961 -0.395553 2.717603
v -1.307375 -0.585076 2.660506
v -1.194905 -0.484685 2.757381
v -1.163259 -0.627766 2.703171
v -1.346870 -0.369449 2.658904
v -1.185250 -0.478119 2.742342
v -1.288157 -0.570760 2.628587
v -1.163259 -0.627766 2.703171
v -1.365035 -0.379981 2.686162
v -1.259146 -0.546940 2.609977
v -1.228793 -0.510363 2.782758
v -1.163259 -0.627766 2.703171
v -1.222252 -0.431543 2.948969
v -1.157900 -0.612018 2.858527
v -1.215813 -0.486535 2.744454
v -1.163259 -0.627766 2.703171
v -1.146848 -0.410468 2.937505
v -1.234539 -0.505728 2.769791
v -1.078851 -0.575965 2.824019
v -1.163259 -0.627766 2.703171
v -1.224374 -0.432329 2.949077
v -1.245358 -0.609543 2.834852
v -1.130052 -0.489640 2.768215
v -1.163259 -0.627766 2.703171
v -1.411931 -0.488553 2.848711
v -1.212771 -0.559483 2.834694
v -1.312684 -0.584678 2.688081
v -1.163259 -0.627766 2.703171
v -1.393551 -0.418097 2.776688
v -1.204922 -0.511894 2.799349
v -1.305829 -0.575902 2.665807
v -1.163259 -0.627766 2.703171
v -1.406744 -0.454544 2.817668
v -1.243787 -0.589261 2.831408
v -1.277518 -0.527693 2.666531
v -0.890200 -0.685833 2.482511
v -1.080146 -0.825479 2.767952
v -0.894401 -0.706142 2.470066
v -1.083171 -0.840102 2.758992
v -0.879047 -0.724753 2.471753
v -1.072116 -0.853502 2.760206
v -0.859491 -0.723055 2.485884
v -1.058036 -0.852279 2.770381
v -0.855290 -0.702746 2.498328
v -1.055011 -0.837656 2.779341
v -0.870645 -0.684135 2.496642
v -1.066066 -0.824256 2.778127
v -1.069091 -0.838879 2.769167
v -1.286257 -1.018995 2.618180
v -1.102753 -0.982476 2.717602
v -1.209162 -0.839375 2.699942
v -1.069091 -0.838879 2.769167
v -1.311347 -1.033895 2.693796
v -1.111200 -0.987477 2.745552
v -1.220787 -0.846294 2.732485
v -1.069091 -0.838879 2.769167
v -1.320641 -1.036639 2.765515
v -1.225092 -0.847552 2.768462
v -1.114330 -0.988414 2.766951
v -1.069091 -0.838879 2.769167
v -0.881635 -0.937886 3.008870
v -0.924098 -0.837177 2.827358
v -1.064119 -0.919787 2.902738
v -1.069091 -0.838879 2.769167
v -0.966107 -0.958462 3.047545
v -1.110545 -0.879232 2.914306
v -0.945250 -0.894192 2.846730
v -1.069091 -0.838879 2.769167
v -0.857406 -0.929195 2.991501
v -1.008868 -0.805802 2.909492
v -0.959966 -0.944210 2.806709
v -1.069091 -0.838879 2.769167
v -1.354453 -0.774372 2.898809
v -1.217769 -0.801357 2.739181
v -1.148703 -0.824795 2.902867
v -1.069091 -0.838879 2.769167
v -1.358368 -0.734094 2.857136
v -1.156735 -0.790724 2.889216
v -1.212869 -0.803206 2.719493
v -1.069091 -0.838879 2.769167
v -1.355633 -0.708857 2.827374
v -1.166789 -0.722655 2.732297
v -1.200627 -0.851085 2.852602
v -1.069091 -0.838879 2.769167
v -1.271478 -0.991312 2.964624
v -1.085819 -0.905327 2.909584
v -1.214272 -0.894378 2.785115
v -1.069091 -0.838879 2.769167
v -1.289569 -1.009605 2.926144
v -1.176746 -0.835691 2.882358
v -1.137818 -0.978647 2.781557
v -1.069091 -0.838879 2.769167
v -1.282095 -1.001912 2.943664
v -1.210733 -0.834618 2.834980
v -1.097852 -0.973567 2.842951
v 0.004509 -0.064643 1.000000
v 0.414740 -0.017842 1.662004
v 0.049768 -0.029007 0.970322
v 0.447327 0.007816 1.640636
v 0.045259 0.035635 0.970322
v 0.444080 0.054359 1.640636
v -0.004509 0.064643 1.000000
v 0.408247 0.075244 1.662004
v -0.049768 0.029007 1.029678
v 0.375661 0.049586 1.683372
v -0.045259 -0.035635 1.029678
v 0.378907 0.003043 1.683372
v 0.408048 -0.017642 1.666155
v 0.934335 -0.016257 1.971672
v 0.429933 0.000921 1.629369
v 0.950092 -0.002892 1.945186
v 0.433379 0.047264 1.625218
v 0.952574 0.030475 1.942197
v 0.414940 0.075044 1.657853
v 0.939297 0.050477 1.965695
v 0.393055 0.056481 1.694639
v 0.923540 0.037111 1.992181
v 0.389609 0.010138 1.698790
v 0.921059 0.003744 1.995170
v 0.920092 0.021431 1.997495
v 1.234253 -0.262788 2.211527
v 0.911822 -0.003780 1.976892
v 1.228299 -0.280940 2.196693
v 0.928547 -0.008102 1.948081
v 1.240341 -0.284052 2.175949
v 0.953540 0.012788 1.939873
v 1.258336 -0.269012 2.170039
v 0.961810 0.037999 1.960475
v 1.264290 -0.250860 2.184873
v 0.945086 0.042321 1.989286
v 1.252249 -0.247748 2.205617
v 1.234798 -0.262049 2.211711
v 1.288155 -0.617922 2.298686
v 1.222338 -0.268927 2.192155
v 1.279184 -0.622874 2.284605
v 1.233835 -0.272778 2.171227
v 1.287462 -0.625647 2.269537
v 1.257792 -0.269751 2.169855
v 1.304711 -0.623468 2.268550
v 1.270252 -0.262873 2.189411
v 1.313682 -0.618516 2.282630
v 1.258755 -0.259022 2.210339
v 1.305404 -0.615743 2.297698
v 1.296433 -0.620695 2.283618
v 1.017931 -0.753648 2.199001
v 1.141622 -0.600524 2.277395
v 1.228443 -0.747229 2.222147
v 1.296433 -0.620695 2.283618
v 1.044465 -0.807662 2.220726
v 1.215169 -0.745840 2.329952
v 1.176123 -0.645123 2.186970
v 1.296433 -0.620695 2.283618
v 1.131725 -0.894870 2.273642
v 1.154643 -0.684324 2.267521
v 1.306457 -0.776405 2.291734
v 1.296433 -0.620695 2.283618
v 1.164158 -0.577066 2.571715
v 1.238507 -0.515162 2.383214
v 1.248540 -0.691325 2.414498
v 1.296433 -0.620695 2.283618
v 1.181182 -0.658249 2.579771
v 1.330678 -0.664133 2.429743
v 1.169987 -0.607300 2.374415
v 1.296433 -0.620695 2.283618
v 1.175526 -0.635361 2.579534
v 1.279731 -0.709917 2.410789
v 1.216410 -0.543205 2.393179
v 1.296433 -0.620695 2.283618
v 1.254206 -0.935648 2.321319
v 1.317649 -0.742094 2.379661
v 1.241436 -0.751259 2.217735
v 1.296433 -0.620695 2.283618
v 1.282401 -0.935907 2.336950
v 1.279129 -0.761093 2.217277
v 1.302511 -0.732466 2.392624
v 1.296433 -0.620695 2.283618
v 1.217872 -0.930456 2.300233
v 1.349682 -0.764943 2.311354
v 1.180336 -0.724256 2.269174
v 1.259696 -0.246640 2.196652
v 1.363905 -0.421825 2.505696
v 1.236664 -0.248011 2.203906
v 1.347322 -0.422813 2.510919
v 1.223263 -0.267271 2.198037
v 1.337673 -0.436680 2.506693
v 1.232894 -0.285160 2.184914
v 1.344608 -0.449560 2.497244
v 1.255926 -0.283789 2.177660
v 1.361191 -0.448572 2.492021
v 1.269327 -0.264528 2.183529
v 1.370840 -0.434705 2.496247
v 1.354256 -0.435692 2.501470
v 1.494218 -0.222598 2.694864
v 1.487386 -0.395621 2.572764
v 1.333096 -0.305288 2.584891
v 1.354256 -0.435692 2.501470
v 1.492499 -0.215164 2.687632
v 1.471355 -0.332865 2.512727
v 1.347753 -0.362097 2.639142
v 1.354256 -0.435692 2.501470
v 1.501273 -0.271333 2.733358
v 1.432475 -0.446647 2.636281
v 1.393651 -0.293250 2.552169
v 1.354256 -0.435692 2.501470
v 1.237028 -0.447058 2.799007
v 1.283663 -0.525723 2.607881
v 1.331068 -0.354755 2.633089
v 1.354256 -0.435692 2.501470
v 1.325274 -0.512713 2.810707
v 1.298796 -0.389825 2.640151
v 1.386531 -0.543177 2.610179
v 1.354256 -0.435692 2.501470
v 1.402826 -0.561217 2.791788
v 1.411948 -0.409401 2.644273
v 1.335421 -0.562404 2.590922
v 1.233847 -0.262433 2.211229
v 1.478830 -0.475957 2.388566
v 1.228419 -0.281050 2.196775
v 1.474922 -0.489361 2.378159
v 1.240866 -0.284517 2.176329
v 1.483884 -0.491857 2.363438
v 1.258742 -0.269367 2.170337
v 1.496755 -0.480948 2.359124
v 1.264171 -0.250750 2.184792
v 1.500663 -0.467544 2.369532
v 1.251724 -0.247283 2.205237
v 1.491701 -0.465048 2.384253
v 1.487792 -0.478453 2.373845
v 1.369990 -0.775847 2.364947
v 1.392613 -0.576202 2.297700
v 1.488730 -0.618619 2.442872
v 1.487792 -0.478453 2.373845
v 1.378108 -0.779047 2.370310
v 1.388274 -0.579179 2.439894
v 1.499563 -0.618201 2.304968
v 1.487792 -0.478453 2.373845
v 1.373941 -0.777448 2.367566
v 1.525058 -0.629288 2.357350
v 1.359446 -0.566814 2.385318
v 1.487792 -0.478453 2.373845
v 1.805136 -0.458012 2.409558
v 1.615343 -0.550278 2.428473
v 1.614116 -0.390274 2.347788
v 1.487792 -0.478453 2.373845
v 1.777755 -0.349920 2.331404
v 1.633463 -0.504891 2.323914
v 1.574091 -0.349188 2.389824
v 1.487792 -0.478453 2.373845
v 1.792457 -0.382256 2.355803
v 1.589715 -0.367629 2.415584
v 1.629602 -0.512318 2.317672
v 1.487792 -0.478453 2.373845
v 1.441770 -0.540647 2.684351
v 1.547558 -0.547020 2.500884
v 1.391208 -0.459640 2.495212
v 1.487792 -0.478453 2.373845
v 1.493741 -0.573213 2.679435
v 1.576331 -0.492445 2.501819
v 1.404012 -0.540269 2.490344
v 1.487792 -0.478453 2.373845
v 1.400427 -0.512233 2.679829
v 1.504018 -0.565225 2.502762
v 1.401674 -0.418705 2.489716
v 1.487792 -0.478453 2.373845
v 1.535151 -0.786478 2.446491
v 1.440353 -0.597707 2.462952
v 1.573118 -0.605619 2.342855
v 1.487792 -0.478453 2.373845
v 1.523343 -0.789489 2.440120
v 1.518563 -0.619405 2.313864
v 1.485462 -0.586329 2.486847
v 1.487792 -0.478453 2.373845
v 1.550718 -0.781593 2.454755
v 1.600428 -0.584923 2.393584
v 1.425497 -0.614495 2.418834
v 0.933015 -0.016188 1.970972
v 1.351766 -0.039224 2.193246
v 0.948326 -0.002830 1.944222
v 1.362790 -0.029606 2.173986
v 0.952127 0.030468 1.941933
v 1.365526 -0.005631 2.172338
v 0.940617 0.050408 1.966395
v 1.357239 0.008726 2.189950
v 0.925306 0.037049 1.993145
v 1.346215 -0.000892 2.209210
v 0.921505 0.003751 1.995434
v 1.343478 -0.024867 2.210858
v 1.353175 -0.039378 2.190582
v 1.719897 -0.050674 2.141136
v 1.351074 -0.026288 2.170352
v 1.718385 -0.041249 2.126571
v 1.352401 -0.002159 2.171369
v 1.719340 -0.023876 2.127303
v 1.355829 0.008880 2.192614
v 1.721808 -0.015928 2.142600
v 1.357930 -0.004210 2.212844
v 1.723321 -0.025353 2.157165
v 1.356603 -0.028339 2.211827
v 1.722365 -0.042726 2.156433
v 1.720853 -0.033301 2.141868
v 1.720853 -0.033301 2.141868
v 1.865102 -0.027688 1.856280
v 1.852780 0.001566 2.065766
v 1.704324 -0.063678 1.989499
v 1.720853 -0.033301 2.141868
v 1.748104 -0.019587 1.823326
v 1.679136 0.044694 2.013071
v 1.784371 -0.100325 2.015831
v 1.720853 -0.033301 2.141868
v 1.707011 -0.017260 1.822570
v 1.672630 0.051680 2.019947
v 1.758002 -0.105449 2.008352
v 1.720853 -0.033301 2.141868
v 1.948273 0.139240 2.286470
v 1.753988 0.103386 2.209919
v 1.869653 -0.031955 2.189499
v 1.720853 -0.033301 2.141868
v 1.909714 0.161680 2.311319
v 1.796585 0.103362 2.141929
v 1.796209 -0.013979 2.277368
v 1.720853 -0.033301 2.141868
v 1.794567 0.195139 2.353484
v 1.797020 0.101396 2.163488
v 1.703657 0.014754 2.289541
v 1.720853 -0.033301 2.141868
v 1.803111 -0.336399 2.080505
v 1.744379 -0.139310 2.029526
v 1.763133 -0.169770 2.205120
v 1.720853 -0.033301 2.141868
v 1.808054 -0.334935 2.080121
v 1.799376 -0.126349 2.043948
v 1.712091 -0.181561 2.190391
v 1.720853 -0.033301 2.141868
v 1.730537 -0.348538 2.087719
v 1.660614 -0.150718 2.058221
v 1.788839 -0.168074 2.182195
v 1.363033 0.003042 2.178269
v 1.609274 0.073959 2.445465
v 1.345122 0.006908 2.194056
v 1.596377 0.076743 2.456831
v 1.336591 -0.011382 2.207385
v 1.590235 0.063574 2.466428
v 1.345972 -0.033540 2.204927
v 1.596989 0.047621 2.464659
v 1.363883 -0.037406 2.189141
v 1.609886 0.044837 2.453292
v 1.372414 -0.019116 2.175811
v 1.616028 0.058006 2.443695
v 1.603131 0.060790 2.455062
v 1.437640 0.243207 2.659357
v 1.511651 0.186679 2.469044
v 1.562219 0.080835 2.604516
v 1.603131 0.060790 2.455062
v 1.407758 0.238820 2.635434
v 1.486185 0.057598 2.558625
v 1.563779 0.206407 2.495796
v 1.603131 0.060790 2.455062
v 1.440421 0.243470 2.661346
v 1.543633 0.202951 2.480798
v 1.532462 0.064773 2.594353
v 1.603131 0.060790 2.455062
v 1.825324 -0.082203 2.635571
v 1.685023 0.069228 2.587857
v 1.698994 -0.062042 2.466673
v 1.603131 0.060790 2.455062
v 1.824673 -0.084859 2.634242
v 1.627254 -0.031605 2.578729
v 1.756242 0.036665 2.474739
v 1.603131 0.060790 2.455062
v 1.782386 -0.178880 2.568313
v 1.604265 -0.066360 2.545856
v 1.745402 -0.003796 2.454868
v 1.603131 0.060790 2.455062
v 1.821980 0.294212 2.450598
v 1.740811 0.108265 2.511654
v 1.640531 0.200052 2.394899
v 1.603131 0.060790 2.455062
v 1.838063 0.271951 2.506228
v 1.743368 0.082935 2.520296
v 1.650841 0.207574 2.430760
v 1.603131 0.060790 2.455062
v 1.767411 0.311917 2.343943
v 1.734360 0.106422 2.383584
v 1.603327 0.216060 2.437645
v 1.603131 0.060790 2.455062
v 1.658083 0.233936 2.718502
v 1.712979 0.128780 2.542943
v 1.537246 0.131317 2.577932
v 1.603131 0.060790 2.455062
v 1.746853 0.188140 2.711042
v 1.666618 0.030392 2.594552
v 1.654622 0.193068 2.520356
v 1.603131 0.060790 2.455062
v 1.596395 0.254966 2.709326
v 1.683674 0.165844 2.538061
v 1.517200 0.111077 2.575474
v 1.343044 -0.016821 2.212840
v 1.611830 -0.240975 2.333532
v 1.338077 -0.032629 2.195221
v 1.608253 -0.252356 2.320847
v 1.349535 -0.031057 2.173979
v 1.616503 -0.251225 2.305553
v 1.365961 -0.013677 2.170356
v 1.628330 -0.238711 2.302944
v 1.370928 0.002131 2.187975
v 1.631906 -0.227329 2.315629
v 1.359470 0.000559 2.209217
v 1.623656 -0.228461 2.330923
v 1.620080 -0.239843 2.318238
v 1.545895 -0.546976 2.267581
v 1.512269 -0.350783 2.340175
v 1.668543 -0.374609 2.255775
v 1.620080 -0.239843 2.318238
v 1.638248 -0.559303 2.314337
v 1.656816 -0.366984 2.401290
v 1.597878 -0.368270 2.232065
v 1.620080 -0.239843 2.318238
v 1.644589 -0.558902 2.317599
v 1.559862 -0.372734 2.262328
v 1.699905 -0.362199 2.373636
v 1.620080 -0.239843 2.318238
v 1.931370 -0.168497 2.298041
v 1.756660 -0.279898 2.253789
v 1.732532 -0.142711 2.366529
v 1.620080 -0.239843 2.318238
v 1.861531 -0.047652 2.233600
v 1.774815 -0.229498 2.299207
v 1.658506 -0.096435 2.269558
v 1.620080 -0.239843 2.318238
v 1.921896 -0.139532 2.282963
v 1.723989 -0.179215 2.218542
v 1.757624 -0.220222 2.389714
v 1.620080 -0.239843 2.318238
v 1.447549 -0.330579 2.572009
v 1.490593 -0.212639 2.401336
v 1.611541 -0.339636 2.438157
v 1.620080 -0.239843 2.318238
v 1.513836 -0.375543 2.587863
v 1.659652 -0.326230 2.442268
v 1.495512 -0.262016 2.409908
v 1.620080 -0.239843 2.318238
v 1.541704 -0.390769 2.589307
v 1.667204 -0.276281 2.462681
v 1.510255 -0.324146 2.390651
v 1.620080 -0.239843 2.318238
v 1.643796 -0.558062 2.294270
v 1.595627 -0.363420 2.225810
v 1.663505 -0.370840 2.391491
v 1.620080 -0.239843 2.318238
v 1.695583 -0.550801 2.320301
v 1.574409 -0.382356 2.363141
v 1.726154 -0.346096 2.274986
v 1.620080 -0.239843 2.318238
v 1.751778 -0.529749 2.350018
v 1.754415 -0.319060 2.327769
v 1.591102 -0.392551 2.334131
v 1.352867 -0.039278 2.193815
v 1.682639 -0.039381 2.362064
v 1.363143 -0.029618 2.174166
v 1.690038 -0.032426 2.347917
v 1.364778 -0.005588 2.171950
v 1.691215 -0.015125 2.346321
v 1.356138 0.008780 2.189381
v 1.684994 -0.004780 2.358872
v 1.345862 -0.000880 2.209030
v 1.677595 -0.011735 2.373019
v 1.344226 -0.024909 2.211247
v 1.676417 -0.029036 2.374615
v 1.683816 -0.022080 2.360468
v 1.934209 -0.030950 2.161408
v 1.761562 0.055090 2.249057
v 1.806385 -0.106347 2.312632
v 1.683816 -0.022080 2.360468
v 1.941009 -0.031031 2.170280
v 1.750438 -0.093580 2.238561
v 1.822949 0.042259 2.330225
v 1.683816 -0.022080 2.360468
v 1.993494 -0.031186 2.280363
v 1.786810 -0.000918 2.244897
v 1.828565 -0.050527 2.411955
v 1.683816 -0.022080 2.360468
v 1.720619 0.221477 2.564736
v 1.631700 0.119294 2.401812
v 1.765374 0.031391 2.482539
v 1.683816 -0.022080 2.360468
v 1.780736 0.194010 2.575669
v 1.807341 0.052964 2.419815
v 1.637827 0.075748 2.473282
v 1.683816 -0.022080 2.360468
v 1.774780 0.197256 2.574984
v 1.635891 0.071516 2.476032
v 1.804512 0.059792 2.416517
v 1.683816 -0.022080 2.360468
v 1.717596 -0.334701 2.419861
v 1.657962 -0.136231 2.463973
v 1.736694 -0.158026 2.304477
v 1.683816 -0.022080 2.360468
v 1.739888 -0.329249 2.430494
v 1.620004 -0.155724 2.410262
v 1.792486 -0.134171 2.366695
v 1.683816 -0.022080 2.360468
v 1.741565 -0.328757 2.431283
v 1.630708 -0.148250 2.435786
v 1.783124 -0.141251 2.341802
v 1.683816 -0.022080 2.360468
v 1.991904 -0.040802 2.276022
v 1.783746 -0.023742 2.240370
v 1.830357 -0.035396 2.413009
v 1.683816 -0.022080 2.360468
v 2.000043 -0.026297 2.409286
v 1.818749 0.051289 2.331792
v 1.801865 -0.098823 2.428198
v 1.683816 -0.022080 2.360468
v 1.997430 -0.024585 2.424030
v 1.795356 0.030163 2.456601
v 1.823167 -0.076328 2.315184
v 0.439403 0.061047 1.643254
v 0.561094 0.262508 2.204436
v 0.394232 0.070416 1.650228
v 0.528572 0.269254 2.209458
v 0.366323 0.038070 1.668979
v 0.508477 0.245964 2.222958
v 0.383585 -0.003645 1.680754
v 0.520905 0.215929 2.231437
v 0.428755 -0.013014 1.673779
v 0.553428 0.209184 2.226415
v 0.456664 0.019332 1.655029
v 0.573522 0.232473 2.212915
v 0.558296 0.264584 2.204302
v 0.412421 0.542844 2.560082
v 0.526256 0.259502 2.195583
v 0.389352 0.539186 2.553805
v 0.508959 0.234137 2.209218
v 0.376898 0.520923 2.563621
v 0.523703 0.213854 2.231571
v 0.387514 0.506319 2.579716
v 0.555744 0.218936 2.240289
v 0.410583 0.509978 2.585993
v 0.573040 0.244301 2.226655
v 0.423037 0.528241 2.576176
v 0.415514 0.541522 2.562394
v 0.175087 0.800943 2.671724
v 0.398853 0.532807 2.547181
v 0.163091 0.794668 2.660770
v 0.383306 0.515867 2.554686
v 0.151897 0.782471 2.666174
v 0.384421 0.507642 2.577404
v 0.152700 0.776549 2.682531
v 0.401083 0.516357 2.592616
v 0.164696 0.782824 2.693484
v 0.416629 0.533297 2.585112
v 0.175890 0.795020 2.688080
v 0.163894 0.788746 2.677127
v -0.020295 0.866750 2.427348
v 0.131464 0.899290 2.571578
v 0.048972 0.740606 2.582852
v 0.163894 0.788746 2.677127
v -0.012446 0.856019 2.418711
v 0.128769 0.745178 2.531249
v 0.057947 0.886132 2.616272
v 0.163894 0.788746 2.677127
v -0.052580 0.917328 2.479629
v 0.143283 0.872056 2.546564
v 0.011326 0.808302 2.649692
v 0.163894 0.788746 2.677127
v 0.090783 0.759676 2.987304
v 0.051784 0.806799 2.784448
v 0.217514 0.747436 2.817948
v 0.163894 0.788746 2.677127
v 0.018825 0.867734 2.951200
v 0.180845 0.860550 2.814855
v 0.030887 0.780132 2.758658
v 0.163894 0.788746 2.677127
v 0.030839 0.847738 2.962112
v 0.167214 0.754402 2.829514
v 0.054129 0.870283 2.752728
v 0.163894 0.788746 2.677127
v 0.138998 1.107774 2.678305
v 0.076250 0.910458 2.633345
v 0.231621 0.922256 2.721851
v 0.163894 0.788746 2.677127
v 0.318378 1.055634 2.591658
v 0.304112 0.853425 2.653302
v 0.147263 0.937578 2.632577
v 0.163894 0.788746 2.677127
v 0.278743 1.079868 2.610362
v 0.142656 0.942302 2.696664
v 0.277010 0.868088 2.604177
v 0.163894 0.788746 2.677127
v -0.079168 0.984891 2.607498
v 0.103275 0.930813 2.700676
v 0.030062 0.803595 2.597875
v 0.163894 0.788746 2.677127
v -0.077293 0.994115 2.631822
v 0.031667 0.846192 2.737362
v 0.103171 0.895595 2.580648
v 0.163894 0.788746 2.677127
v -0.063751 1.012427 2.700470
v 0.086450 0.901004 2.600886
v 0.059222 0.855432 2.772043
v 0.421118 0.521183 2.581129
v 0.412060 0.874727 2.690592
v 0.420702 0.528537 2.558091
v 0.411761 0.880022 2.674005
v 0.399552 0.531936 2.546861
v 0.396533 0.882469 2.665919
v 0.378818 0.527980 2.558669
v 0.381604 0.879621 2.674421
v 0.379233 0.520626 2.581706
v 0.381903 0.874326 2.691008
v 0.400383 0.517228 2.592937
v 0.397131 0.871879 2.699094
v 0.396832 0.877174 2.682506
v 0.542304 1.070097 2.472700
v 0.534822 0.926013 2.627864
v 0.375220 0.982673 2.569303
v 0.396832 0.877174 2.682506
v 0.528751 1.112627 2.510578
v 0.444482 1.025960 2.684589
v 0.454717 0.916750 2.542881
v 0.396832 0.877174 2.682506
v 0.526005 1.119082 2.517597
v 0.381624 1.027504 2.642736
v 0.515379 0.920370 2.590349
v 0.396832 0.877174 2.682506
v 0.152510 1.039304 2.810649
v 0.243368 0.905261 2.674013
v 0.354838 0.978791 2.793514
v 0.396832 0.877174 2.682506
v 0.148902 1.034139 2.810149
v 0.263279 0.862343 2.762229
v 0.332041 1.017576 2.704897
v 0.396832 0.877174 2.682506
v 0.155704 1.043714 2.811041
v 0.260745 0.867328 2.758634
v 0.340017 1.020252 2.709207
v 0.396832 0.877174 2.682506
v 0.703374 0.875601 2.774320
v 0.538220 0.938841 2.657629
v 0.500678 0.814248 2.780836
v 0.396832 0.877174 2.682506
v 0.678734 0.974300 2.798686
v 0.546123 0.837507 2.705981
v 0.473063 0.994541 2.751975
v 0.396832 0.877174 2.682506
v 0.658091 1.015004 2.805578
v 0.450505 0.997045 2.767136
v 0.552166 0.867567 2.696334
v 0.396832 0.877174 2.682506
v 0.450486 1.192044 2.663064
v 0.497586 0.987228 2.636151
v 0.339001 1.019015 2.713308
v 0.396832 0.877174 2.682506
v 0.455756 1.190297 2.652815
v 0.348466 1.020719 2.720816
v 0.492338 0.984127 2.620445
v 0.396832 0.877174 2.682506
v 0.509698 1.140393 2.539758
v 0.455109 1.020299 2.705558
v 0.428848 0.944624 2.545256
v 0.412107 0.543503 2.560976
v 0.303424 0.742571 2.853579
v 0.388928 0.540084 2.554972
v 0.286735 0.740110 2.849257
v 0.376789 0.521163 2.563895
v 0.277995 0.726487 2.855681
v 0.387828 0.505661 2.578822
v 0.285943 0.715325 2.866429
v 0.411007 0.509080 2.584826
v 0.302632 0.717787 2.870751
v 0.423146 0.528001 2.575902
v 0.311372 0.731410 2.864327
v 0.294683 0.728948 2.860004
v 0.044083 0.901233 2.959591
v 0.198113 0.757120 2.979556
v 0.190774 0.838604 2.820122
v 0.294683 0.728948 2.860004
v 0.002744 0.858863 2.842864
v 0.193218 0.804080 2.767959
v 0.162597 0.757749 2.938337
v 0.294683 0.728948 2.860004
v 0.053055 0.904825 2.974385
v 0.152592 0.786385 2.829621
v 0.243472 0.812213 2.981892
v 0.294683 0.728948 2.860004
v 0.388146 1.034813 2.870574
v 0.281162 0.869320 2.792735
v 0.382975 0.833268 2.935728
v 0.294683 0.728948 2.860004
v 0.424991 1.014378 2.797155
v 0.268803 0.871258 2.800924
v 0.424810 0.814982 2.868805
v 0.294683 0.728948 2.860004
v 0.356177 1.036132 2.925245
v 0.398592 0.828593 2.920717
v 0.239969 0.875051 2.851485
v 0.294683 0.728948 2.860004
v 0.092883 0.926147 3.010965
v 0.189460 0.842989 2.841703
v 0.238466 0.772666 2.999074
v 0.294683 0.728948 2.860004
v 0.048313 0.919174 2.934274
v 0.230631 0.817818 2.971412
v 0.161639 0.792259 2.808012
v 0.294683 0.728948 2.860004
v 0.048726 0.919341 2.935207
v 0.187134 0.762369 2.968301
v 0.205467 0.847841 2.811869
v 0.509529 0.232726 2.227727
v 0.669779 0.172079 2.670366
v 0.529426 0.207687 2.217449
v 0.684105 0.154051 2.662967
v 0.560897 0.214180 2.207659
v 0.706764 0.158727 2.655918
v 0.572471 0.245712 2.208146
v 0.715098 0.181430 2.656268
v 0.552574 0.270751 2.218423
v 0.700772 0.199457 2.663668
v 0.521102 0.264257 2.228214
v 0.678112 0.194782 2.670717
v 0.669586 0.173820 2.670676
v 0.787045 -0.081940 2.911191
v 0.678260 0.160405 2.652516
v 0.793290 -0.091599 2.898116
v 0.701112 0.163340 2.645157
v 0.809744 -0.089486 2.892817
v 0.715291 0.179689 2.655959
v 0.819952 -0.077714 2.900595
v 0.706616 0.193103 2.674119
v 0.813707 -0.068056 2.913670
v 0.683764 0.190169 2.681478
v 0.797253 -0.070169 2.918968
v 0.803499 -0.079827 2.905893
v 0.805553 -0.368106 2.766999
v 0.768281 -0.159741 2.776333
v 0.840360 -0.230536 2.924338
v 0.803499 -0.079827 2.905893
v 0.792013 -0.348049 2.731751
v 0.716524 -0.203755 2.867297
v 0.881285 -0.170477 2.805175
v 0.803499 -0.079827 2.905893
v 0.828283 -0.390198 2.832030
v 0.724960 -0.207758 2.862563
v 0.901865 -0.200193 2.890133
v 0.803499 -0.079827 2.905893
v 1.055423 -0.014466 3.092071
v 0.873658 -0.111117 3.041947
v 0.934878 0.003751 2.918781
v 0.803499 -0.079827 2.905893
v 1.036387 -0.101665 3.124264
v 0.878696 -0.175721 3.003678
v 0.914613 -0.001403 2.982805
v 0.803499 -0.079827 2.905893
v 1.040265 -0.089651 3.120940
v 0.919964 0.000807 2.971819
v 0.876447 -0.168321 3.012004
v 0.803499 -0.079827 2.905893
v 0.882137 -0.348700 3.060565
v 0.909148 -0.147846 2.998757
v 0.760760 -0.226907 2.936766
v 0.803499 -0.079827 2.905893
v 0.845713 -0.396473 2.924691
v 0.873429 -0.195180 2.984732
v 0.767340 -0.217791 2.842092
v 0.803499 -0.079827 2.905893
v 0.873025 -0.369251 3.023367
v 0.836962 -0.228058 2.869561
v 0.825657 -0.163135 3.036204
v 0.710980 0.163539 2.655159
v 0.899099 0.250505 2.961925
v 0.709534 0.187045 2.649649
v 0.898058 0.267429 2.957958
v 0.690992 0.200260 2.657807
v 0.884708 0.276944 2.963832
v 0.673897 0.189969 2.671475
v 0.872399 0.269534 2.973673
v 0.675343 0.166463 2.676985
v 0.873440 0.252610 2.977640
v 0.693884 0.153248 2.668827
v 0.886790 0.243095 2.971766
v 0.885749 0.260020 2.967799
v 0.854815 0.291244 3.284766
v 0.829871 0.194256 3.098049
v 0.916880 0.350762 3.091123
v 0.885749 0.260020 2.967799
v 0.838624 0.287179 3.283143
v 0.782715 0.297706 3.079046
v 0.951084 0.244061 3.108827
v 0.885749 0.260020 2.967799
v 0.718466 0.253285 3.240510
v 0.767879 0.324824 3.047293
v 0.869793 0.189828 3.106474
v 0.885749 0.260020 2.967799
v 1.089175 0.490635 3.056312
v 0.945527 0.338366 3.089045
v 0.988712 0.366166 2.917363
v 0.885749 0.260020 2.967799
v 1.091179 0.474306 3.087297
v 0.900909 0.385127 3.060160
v 1.034934 0.306342 2.971037
v 0.885749 0.260020 2.967799
v 1.090318 0.484093 3.069498
v 0.974790 0.381016 2.924859
v 0.960363 0.318282 3.092099
v 0.685782 0.199363 2.668751
v 0.592186 0.083128 3.007553
v 0.669711 0.183972 2.659273
v 0.580615 0.072047 3.000729
v 0.676367 0.161364 2.653839
v 0.585407 0.055769 2.996816
v 0.699095 0.154146 2.657883
v 0.601771 0.050572 2.999728
v 0.715166 0.169536 2.667361
v 0.613342 0.061653 3.006552
v 0.708509 0.192145 2.672795
v 0.608549 0.077931 3.010465
v 0.596978 0.066850 3.003640
v 0.345538 -0.014862 3.183920
v 0.489737 -0.043356 3.031320
v 0.503067 0.111686 3.120185
v 0.596978 0.066850 3.003640
v 0.299090 0.003508 3.101879
v 0.496793 0.076680 3.123133
v 0.458853 0.006347 2.962738
v 0.596978 0.066850 3.003640
v 0.290142 0.010331 3.074755
v 0.448828 0.094959 2.962731
v 0.499660 -0.006473 3.101441
v 0.596978 0.066850 3.003640
v 0.834984 -0.073454 3.165096
v 0.632299 -0.034195 3.117459
v 0.752063 0.055652 3.018986
v 0.596978 0.066850 3.003640
v 0.780505 -0.079488 3.221133
v 0.743567 0.031142 3.044247
v 0.597211 -0.014512 3.137028
v 0.596978 0.066850 3.003640
v 0.782142 -0.079440 3.219774
v 0.634662 -0.070486 3.067913
v 0.707425 0.087154 3.112274
v 0.596978 0.066850 3.003640
v 0.435111 0.170173 3.259616
v 0.495374 0.027058 3.115468
v 0.569089 0.189300 3.096594
v 0.596978 0.066850 3.003640
v 0.427583 0.206740 3.236312
v 0.529344 0.046056 3.142944
v 0.529097 0.199556 3.050475
v 0.596978 0.066850 3.003640
v 0.424160 0.231302 3.216923
v 0.535183 0.206124 3.038228
v 0.520519 0.059137 3.139680
v 0.596978 0.066850 3.003640
v 0.331911 -0.052639 3.137288
v 0.525791 -0.063367 3.052510
v 0.456111 0.101476 3.061689
v 0.596978 0.066850 3.003640
v 0.461636 -0.049627 3.269188
v 0.462261 0.025318 3.071009
v 0.623422 0.015201 3.148710
v 0.596978 0.066850 3.003640
v 0.438879 -0.052640 3.254891
v 0.478743 -0.024831 3.048664
v 0.588735 0.062939 3.159618
v 0.669449 0.172237 2.669322
v 0.778397 0.118996 3.019112
v 0.683892 0.154151 2.662305
v 0.788797 0.105973 3.014059
v 0.706882 0.158668 2.656300
v 0.805349 0.109225 3.009736
v 0.715428 0.181271 2.657313
v 0.811503 0.125500 3.010465
v 0.700984 0.199358 2.664330
v 0.801103 0.138522 3.015517
v 0.677995 0.194841 2.670335
v 0.784551 0.135270 3.019841
v 0.794950 0.122248 3.014788
v 0.868371 -0.189214 3.013815
v 0.882758 0.011646 2.947935
v 0.765879 -0.016320 3.080863
v 0.794950 0.122248 3.014788
v 0.867961 -0.189300 3.012130
v 0.901020 0.015279 3.056248
v 0.747288 -0.020022 2.971201
v 0.794950 0.122248 3.014788
v 0.892698 -0.155186 3.140789
v 0.839417 -0.024135 2.983057
v 0.828682 0.046684 3.147319
v 0.794950 0.122248 3.014788
v 0.974389 0.371859 3.103646
v 0.792572 0.268488 3.069745
v 0.940879 0.175696 3.030918
v 0.794950 0.122248 3.014788
v 0.969028 0.277142 3.234116
v 0.792579 0.190073 3.155523
v 0.936584 0.178338 3.049516
v 0.794950 0.122248 3.014788
v 0.968649 0.275575 3.235513
v 0.938611 0.168591 3.055113
v 0.790248 0.198566 3.151044
v 0.794950 0.122248 3.014788
v 0.609764 -0.006819 3.241610
v 0.781720 0.092393 3.167582
v 0.660031 0.048849 3.043452
v 0.794950 0.122248 3.014788
v 0.617684 -0.005675 3.248482
v 0.755650 0.132173 3.165683
v 0.692437 0.009985 3.050849
v 0.794950 0.122248 3.014788
v 0.642522 -0.001422 3.267516
v 0.687765 0.018604 3.061496
v 0.780192 0.126955 3.170262
v 0.794950 0.122248 3.014788
v 0.895217 0.037172 3.306522
v 0.858870 0.172997 3.148021
v 0.811244 0.003438 3.114943
v 0.794950 0.122248 3.014788
v 0.899804 -0.074761 3.244120
v 0.821413 0.106765 3.167995
v 0.852370 -0.019877 3.045047
v 0.794950 0.122248 3.014788
v 0.896976 -0.110717 3.208999
v 0.768961 0.047229 3.149358
v 0.902560 0.010894 3.035588
v 0.569012 0.220684 2.218430
v 0.784822 0.570218 2.456211
v 0.563363 0.241913 2.193015
v 0.780755 0.585503 2.437912
v 0.535351 0.260447 2.192522
v 0.760586 0.598848 2.437557
v 0.512988 0.257754 2.217443
v 0.744485 0.596908 2.455501
v 0.518636 0.236525 2.242858
v 0.748552 0.581624 2.473799
v 0.546648 0.217990 2.243351
v 0.768720 0.568279 2.474154
v 0.785071 0.570605 2.455418
v 0.977726 0.886735 2.457020
v 0.774587 0.577358 2.434694
v 0.970178 0.891598 2.442099
v 0.754169 0.590317 2.435132
v 0.955477 0.900928 2.442415
v 0.744236 0.596522 2.456294
v 0.948325 0.905396 2.457651
v 0.754720 0.589769 2.477017
v 0.955874 0.900533 2.472572
v 0.775137 0.576810 2.476579
v 0.970574 0.891203 2.472257
v 0.963026 0.896065 2.457336
v 1.100364 1.061909 2.220620
v 0.950337 0.940529 2.308090
v 1.085585 0.984277 2.417208
v 0.963026 0.896065 2.457336
v 1.066729 0.998765 2.172558
v 1.068572 0.984892 2.383973
v 0.940443 0.889399 2.302876
v 0.963026 0.896065 2.457336
v 1.023911 0.925432 2.144557
v 0.901483 0.890144 2.313845
v 1.073277 0.925479 2.350603
v 0.963026 0.896065 2.457336
v 0.849275 1.078412 2.694423
v 0.994614 0.959123 2.596756
v 0.840437 0.978885 2.507585
v 0.963026 0.896065 2.457336
v 0.980240 1.170835 2.620447
v 1.029863 0.969245 2.578123
v 0.909960 1.042701 2.467037
v 0.963026 0.896065 2.457336
v 0.896205 1.121452 2.674443
v 0.996631 1.040577 2.506319
v 0.875964 0.931864 2.582039
v 0.963026 0.896065 2.457336
v 1.267983 0.986446 2.422230
v 1.093369 0.938571 2.532276
v 1.076648 0.925864 2.354311
v 0.963026 0.896065 2.457336
v 1.279743 0.893876 2.411670
v 1.102323 0.883983 2.527067
v 1.077102 0.906396 2.351072
v 0.963026 0.896065 2.457336
v 1.275181 0.954573 2.418142
v 1.081008 0.991537 2.494449
v 1.094767 0.847400 2.388867
v 0.963026 0.896065 2.457336
v 1.122517 1.167565 2.400323
v 0.988886 1.009942 2.353530
v 1.064759 0.999389 2.515531
v 0.963026 0.896065 2.457336
v 1.094428 1.124335 2.275603
v 1.049875 0.924638 2.330635
v 0.981298 1.050108 2.438650
v 0.963026 0.896065 2.457336
v 1.091376 1.119450 2.267532
v 0.964112 1.048058 2.421152
v 1.064620 0.922781 2.341676
v 0.754922 0.600076 2.441104
v 0.780619 0.849013 2.713919
v 0.740656 0.586495 2.455141
v 0.770347 0.839234 2.724025
v 0.750387 0.569982 2.469892
v 0.777354 0.827345 2.734646
v 0.774385 0.567050 2.470607
v 0.794632 0.825234 2.735161
v 0.788651 0.580631 2.456571
v 0.804903 0.835012 2.725054
v 0.778919 0.597144 2.441819
v 0.797897 0.846902 2.714433
v 0.787625 0.837123 2.724540
v 0.550903 0.928086 2.919702
v 0.753209 0.899594 2.863555
v 0.632663 0.847423 2.741654
v 0.787625 0.837123 2.724540
v 0.545912 0.922813 2.915934
v 0.632250 0.841285 2.740461
v 0.749629 0.901514 2.861734
v 0.787625 0.837123 2.724540
v 0.504489 0.866362 2.870756
v 0.660292 0.926291 2.740271
v 0.688450 0.771346 2.825781
v 0.787625 0.837123 2.724540
v 1.076258 0.850938 2.862018
v 0.871883 0.796435 2.849669
v 0.934274 0.888863 2.709394
v 0.787625 0.837123 2.724540
v 1.094201 0.770547 2.787616
v 0.910411 0.872493 2.814455
v 0.910100 0.748493 2.685085
v 0.787625 0.837123 2.724540
v 1.078207 0.846421 2.858240
v 0.941381 0.836459 2.696774
v 0.866335 0.845226 2.859266
v 0.787625 0.837123 2.724540
v 0.675475 1.131719 2.779640
v 0.678765 0.920766 2.799142
v 0.806766 0.989157 2.694017
v 0.787625 0.837123 2.724540
v 0.666767 1.130939 2.762821
v 0.689430 0.925233 2.808245
v 0.789135 0.984067 2.671460
v 0.787625 0.837123 2.724540
v 0.644429 1.123119 2.714487
v 0.674196 0.925688 2.785387
v 0.786497 0.977356 2.655650
v 0.787625 0.837123 2.724540
v 0.639243 0.972263 2.973779
v 0.787836 0.853967 2.879873
v 0.668708 0.928391 2.768598
v 0.787625 0.837123 2.724540
v 0.575818 0.914940 2.951437
v 0.755733 0.831051 2.877374
v 0.650071 0.905448 2.753223
v 0.787625 0.837123 2.724540
v 0.723312 1.023985 2.976227
v 0.788095 0.983733 2.778553
v 0.735705 0.840002 2.871877
v 0.756527 0.574424 2.476722
v 1.082613 0.656294 2.631716
v 0.767902 0.560127 2.460873
v 1.090802 0.646000 2.620304
v 0.776028 0.569267 2.440006
v 1.096653 0.652581 2.605280
v 0.772779 0.592703 2.434989
v 1.094314 0.669455 2.601668
v 0.761405 0.607000 2.450839
v 1.086124 0.679748 2.613080
v 0.753279 0.597860 2.471706
v 1.080274 0.673168 2.628104
v 1.088463 0.662874 2.616692
v 1.088463 0.662874 2.616692
v 1.269556 0.401638 2.579801
v 1.175473 0.580567 2.516358
v 1.146327 0.536192 2.687513
v 1.088463 0.662874 2.616692
v 1.305094 0.427660 2.604641
v 1.193019 0.589647 2.526593
v 1.157212 0.547930 2.697151
v 1.088463 0.662874 2.616692
v 1.344405 0.472049 2.638595
v 1.137067 0.515170 2.631967
v 1.244612 0.657918 2.618939
v 1.088463 0.662874 2.616692
v 1.265838 0.928814 2.631326
v 1.108090 0.799806 2.689333
v 1.210736 0.738694 2.555759
v 1.088463 0.662874 2.616692
v 1.254372 0.936451 2.622182
v 1.104885 0.803943 2.551560
v 1.204768 0.740667 2.686216
v 1.088463 0.662874 2.616692
v 1.197594 0.961577 2.581091
v 1.052478 0.807590 2.570060
v 1.211753 0.757121 2.634844
v 1.088463 0.662874 2.616692
v 1.120855 0.518038 2.900194
v 1.027088 0.645539 2.759327
v 1.175752 0.564341 2.700859
v 1.088463 0.662874 2.616692
v 1.241894 0.589185 2.887670
v 1.151449 0.547188 2.700726
v 1.148222 0.719609 2.749441
v 1.088463 0.662874 2.616692
v 1.243871 0.590650 2.886937
v 1.189997 0.714463 2.723658
v 1.111255 0.553506 2.725922
v 0.784281 0.569432 2.455628
v 0.964826 0.828681 2.648632
v 0.780710 0.585457 2.437867
v 0.962255 0.840219 2.635845
v 0.761082 0.599588 2.438095
v 0.948123 0.850394 2.636009
v 0.745026 0.597694 2.456084
v 0.936562 0.849030 2.648960
v 0.748597 0.581669 2.473844
v 0.939133 0.837492 2.661748
v 0.768224 0.567538 2.473616
v 0.953265 0.827318 2.661584
v 0.950694 0.838856 2.648796
v 1.144136 1.064049 2.529347
v 1.039081 0.963035 2.683138
v 1.017061 0.894831 2.518895
v 0.950694 0.838856 2.648796
v 1.113457 1.014252 2.436324
v 1.092922 0.878377 2.597595
v 0.938677 0.939651 2.530019
v 0.950694 0.838856 2.648796
v 1.152277 1.086380 2.626521
v 0.961819 0.993635 2.630587
v 1.100835 0.882095 2.649186
v 0.950694 0.838856 2.648796
v 0.827010 0.994872 2.899318
v 0.953791 0.854227 2.804251
v 0.848650 0.948297 2.693759
v 0.950694 0.838856 2.648796
v 0.838700 1.001556 2.900562
v 0.912694 0.980321 2.703163
v 0.899099 0.827551 2.795842
v 0.950694 0.838856 2.648796
v 0.805230 0.981284 2.895686
v 0.891857 0.818052 2.792036
v 0.893160 0.973602 2.703068
v 0.950694 0.838856 2.648796
v 1.257973 0.749530 2.647978
v 1.089338 0.857877 2.579310
v 1.057874 0.748373 2.717627
v 0.950694 0.838856 2.648796
v 1.237457 0.930379 2.757379
v 1.047993 0.959715 2.667186
v 1.082806 0.791215 2.717273
v 0.950694 0.838856 2.648796
v 1.257833 0.749052 2.647654
v 1.098672 0.888893 2.645481
v 1.048427 0.716976 2.651198
v 0.950694 0.838856 2.648796
v 1.122193 1.099020 2.721615
v 1.048255 0.902907 2.752679
v 0.990333 0.982936 2.603169
v 0.950694 0.838856 2.648796
v 1.117236 1.092214 2.751136
v 1.046364 0.892736 2.759955
v 0.988257 0.987662 2.619509
v 0.950694 0.838856 2.648796
v 1.120352 1.096520 2.733798
v 1.047219 0.898905 2.755984
v 0.989896 0.984937 2.609610
v 0.560772 0.261902 2.203004
v 0.658108 0.444367 2.630228
v 0.528229 0.268629 2.207916
v 0.634677 0.449211 2.633764
v 0.508456 0.245945 2.222848
v 0.620440 0.432879 2.644515
v 0.521227 0.216536 2.232869
v 0.629636 0.411704 2.651730
v 0.553771 0.209809 2.227957
v 0.653067 0.406861 2.648194
v 0.573543 0.232492 2.213025
v 0.667303 0.423192 2.637443
v 0.643872 0.428036 2.640979
v 0.659685 0.443005 2.630452
v 0.608100 0.682026 2.908419
v 0.636156 0.444534 2.625066
v 0.591159 0.683127 2.904540
v 0.620342 0.429565 2.635592
v 0.579773 0.672349 2.912120
v 0.628058 0.413066 2.651506
v 0.585328 0.660470 2.923577
v 0.651587 0.411537 2.656893
v 0.602270 0.659369 2.927456
v 0.667401 0.426507 2.646366
v 0.613655 0.670147 2.919876
v 0.596714 0.671248 2.915998
v 0.391813 0.894160 2.812435
v 0.543364 0.816378 2.938428
v 0.486143 0.704448 2.810718
v 0.596714 0.671248 2.915998
v 0.398257 0.916140 2.860839
v 0.556147 0.815556 2.960064
v 0.478516 0.722854 2.827805
v 0.596714 0.671248 2.915998
v 0.419797 0.936779 2.940356
v 0.599188 0.824263 2.947501
v 0.452707 0.730658 2.903982
v 0.596714 0.671248 2.915998
v 0.644233 0.600458 3.224431
v 0.570193 0.566484 3.028839
v 0.661251 0.719380 3.049903
v 0.596714 0.671248 2.915998
v 0.671928 0.488890 3.167967
v 0.540386 0.577029 3.027183
v 0.713214 0.619581 3.006389
v 0.596714 0.671248 2.915998
v 0.671458 0.490988 3.169611
v 0.676974 0.665746 3.049940
v 0.576250 0.532542 2.984947
v 0.596714 0.671248 2.915998
v 0.657138 0.977762 2.985264
v 0.536031 0.814994 2.924178
v 0.705737 0.772714 2.963231
v 0.596714 0.671248 2.915998
v 0.664230 0.979358 2.969942
v 0.537551 0.815577 2.924994
v 0.709891 0.773407 2.950158
v 0.596714 0.671248 2.915998
v 0.683454 0.979127 2.925304
v 0.707908 0.774118 2.877710
v 0.554912 0.814682 2.961731
v 0.596714 0.671248 2.915998
v 0.454330 0.929876 3.039442
v 0.607514 0.784401 3.023199
v 0.472007 0.764998 2.907552
v 0.596714 0.671248 2.915998
v 0.430109 0.929511 3.005119
v 0.530059 0.803774 2.866945
v 0.530085 0.745333 3.036348
v 0.596714 0.671248 2.915998
v 0.402156 0.922028 2.956700
v 0.589055 0.826963 2.926306
v 0.448727 0.716157 2.938251
v 0.620668 0.426047 2.647509
v 0.731274 0.352769 2.993130
v 0.632759 0.406589 2.639751
v 0.739979 0.338759 2.987545
v 0.655962 0.408577 2.633222
v 0.756685 0.340191 2.982843
v 0.667075 0.430024 2.634449
v 0.764687 0.355633 2.983727
v 0.654985 0.449483 2.642207
v 0.755982 0.369643 2.989313
v 0.631782 0.447494 2.648737
v 0.739275 0.368211 2.994014
v 0.747980 0.354201 2.988429
v 0.782128 0.066214 3.123696
v 0.760313 0.276965 3.123687
v 0.762965 0.201047 2.961385
v 0.747980 0.354201 2.988429
v 0.739387 0.034325 2.986077
v 0.749965 0.226762 2.898054
v 0.739121 0.225738 3.076922
v 0.747980 0.354201 2.988429
v 0.778047 0.060059 3.110808
v 0.792848 0.271407 3.113105
v 0.727165 0.201682 2.961656
v 0.747980 0.354201 2.988429
v 0.987664 0.566216 2.989474
v 0.835176 0.449254 2.900259
v 0.852532 0.428760 3.077435
v 0.747980 0.354201 2.988429
v 0.994080 0.507843 3.123444
v 0.829265 0.487592 2.991845
v 0.863575 0.343723 3.093024
v 0.747980 0.354201 2.988429
v 0.985943 0.568064 2.982416
v 0.889567 0.386564 2.930826
v 0.796764 0.492928 3.041221
v 0.747980 0.354201 2.988429
v 0.646954 0.289145 3.285012
v 0.629822 0.369132 3.089562
v 0.785317 0.287225 3.124562
v 0.747980 0.354201 2.988429
v 0.566492 0.296774 3.245653
v 0.690172 0.414685 3.120383
v 0.660598 0.247775 3.062254
v 0.747980 0.354201 2.988429
v 0.643940 0.289329 3.284008
v 0.787048 0.349032 3.139621
v 0.625680 0.307472 3.073700
v 0.747980 0.354201 2.988429
v 0.827667 0.154121 3.225110
v 0.719065 0.312909 3.136317
v 0.840645 0.235429 3.029885
v 0.747980 0.354201 2.988429
v 0.812073 0.082112 3.144184
v 0.806644 0.292468 3.119424
v 0.740591 0.198263 2.982038
v 0.747980 0.354201 2.988429
v 0.832378 0.204923 3.258602
v 0.711256 0.330558 3.138444
v 0.852222 0.258422 3.054552
v 0.371874 0.028470 1.686641
v 0.676029 -0.225234 2.148642
v 0.382938 -0.008137 1.659914
v 0.683995 -0.251591 2.129399
v 0.422558 -0.007906 1.635277
v 0.712522 -0.251425 2.111660
v 0.451114 0.028932 1.637367
v 0.733082 -0.224902 2.113165
v 0.440049 0.065539 1.664093
v 0.725115 -0.198545 2.132408
v 0.400429 0.065307 1.688731
v 0.696589 -0.198711 2.150147
v 0.718647 -0.247320 2.110053
v 1.097365 -0.261060 2.395837
v 0.723729 -0.214434 2.105453
v 1.101024 -0.237382 2.392525
v 0.709637 -0.192182 2.126303
v 1.090877 -0.221361 2.407537
v 0.690463 -0.202816 2.151754
v 1.077072 -0.229017 2.425861
v 0.685381 -0.235702 2.156354
v 1.073413 -0.252695 2.429173
v 0.699473 -0.257953 2.135504
v 1.083560 -0.268716 2.414161
v 1.087219 -0.245038 2.410849
v 1.096501 -0.262494 2.396916
v 1.435538 -0.139337 2.480244
v 1.091248 -0.240904 2.387362
v 1.431756 -0.123793 2.473364
v 1.081966 -0.223449 2.401295
v 1.425073 -0.111225 2.483396
v 1.077936 -0.227583 2.424782
v 1.422172 -0.114201 2.500307
v 1.083189 -0.249173 2.434337
v 1.425954 -0.129746 2.507186
v 1.092471 -0.266628 2.420403
v 1.432637 -0.142314 2.497154
v 1.428855 -0.126769 2.490275
v 1.477211 0.117375 2.289141
v 1.501162 -0.081024 2.359542
v 1.395233 0.022801 2.460101
v 1.428855 -0.126769 2.490275
v 1.575979 0.117062 2.344328
v 1.455096 -0.056727 2.353098
v 1.520313 -0.001747 2.510695
v 1.428855 -0.126769 2.490275
v 1.432503 0.108094 2.272960
v 1.512142 -0.058291 2.377200
v 1.348486 -0.007357 2.429499
v 1.428855 -0.126769 2.490275
v 1.557895 -0.097838 2.781671
v 1.434939 -0.039064 2.619438
v 1.526003 -0.191329 2.594230
v 1.428855 -0.126769 2.490275
v 1.531868 -0.107873 2.792651
v 1.396026 -0.161299 2.639078
v 1.544094 -0.077122 2.583374
v 1.428855 -0.126769 2.490275
v 1.575981 -0.090750 2.772156
v 1.410948 -0.083907 2.639454
v 1.564462 -0.140816 2.566601
v 1.428855 -0.126769 2.490275
v 1.614345 -0.280076 2.279348
v 1.484007 -0.266026 2.445801
v 1.522094 -0.110158 2.366007
v 1.428855 -0.126769 2.490275
v 1.680743 -0.232435 2.323581
v 1.580690 -0.105255 2.460354
v 1.478530 -0.232816 2.386841
v 1.428855 -0.126769 2.490275
v 1.638290 -0.265607 2.292132
v 1.446605 -0.198667 2.352697
v 1.578652 -0.165943 2.469339
v 1.428855 -0.126769 2.490275
v 1.704063 0.036510 2.490765
v 1.493651 0.014837 2.502972
v 1.584226 -0.137753 2.477971
v 1.428855 -0.126769 2.490275
v 1.687884 0.057358 2.452844
v 1.484981 0.018717 2.500062
v 1.579952 -0.124954 2.450544
v 1.428855 -0.126769 2.490275
v 1.693563 0.051207 2.464701
v 1.492326 0.013092 2.518951
v 1.577150 -0.124250 2.441140
v 1.078882 -0.265452 2.420788
v 1.426964 -0.389981 2.440508
v 1.081096 -0.263724 2.396766
v 1.428558 -0.388737 2.423211
v 1.089433 -0.243311 2.386826
v 1.434560 -0.374040 2.416055
v 1.095555 -0.224625 2.400910
v 1.438968 -0.360586 2.426195
v 1.093341 -0.226353 2.424933
v 1.437374 -0.361830 2.443492
v 1.085004 -0.246766 2.434872
v 1.431372 -0.376527 2.450648
v 1.432966 -0.375283 2.433351
v 1.432966 -0.375283 2.433351
v 1.657597 -0.555203 2.293459
v 1.570951 -0.445909 2.452956
v 1.474686 -0.448593 2.301832
v 1.432966 -0.375283 2.433351
v 1.626667 -0.562532 2.260673
v 1.580444 -0.422697 2.412994
v 1.440449 -0.477668 2.315566
v 1.432966 -0.375283 2.433351
v 1.518363 -0.562182 2.188043
v 1.550642 -0.454135 2.367420
v 1.383608 -0.445950 2.303036
v 1.432966 -0.375283 2.433351
v 1.570358 -0.131558 2.588663
v 1.413999 -0.228569 2.483624
v 1.561846 -0.327018 2.507328
v 1.432966 -0.375283 2.433351
v 1.592870 -0.145023 2.587659
v 1.532944 -0.344623 2.549440
v 1.460912 -0.221735 2.440709
v 1.432966 -0.375283 2.433351
v 1.699759 -0.253120 2.561015
v 1.499122 -0.247008 2.493194
v 1.580244 -0.405828 2.475640
v 0.710467 -0.194580 2.143709
v 0.686977 -0.383086 2.578682
v 0.678904 -0.204583 2.138033
v 0.664252 -0.390288 2.574596
v 0.672993 -0.235071 2.125227
v 0.659996 -0.412239 2.565376
v 0.698644 -0.255556 2.118098
v 0.678464 -0.426989 2.560242
v 0.730206 -0.245553 2.123774
v 0.701189 -0.419787 2.564329
v 0.736117 -0.215065 2.136580
v 0.705445 -0.397835 2.573549
v 0.662759 -0.417295 2.563438
v 0.755401 -0.676472 2.811030
v 0.683493 -0.421423 2.551689
v 0.770330 -0.679445 2.802571
v 0.703455 -0.409166 2.557713
v 0.784702 -0.670619 2.806908
v 0.702682 -0.392780 2.575486
v 0.784145 -0.658821 2.819705
v 0.681948 -0.388651 2.587235
v 0.769217 -0.655849 2.828164
v 0.661986 -0.400909 2.581211
v 0.754845 -0.664674 2.823827
v 0.769773 -0.667647 2.815368
v 0.769773 -0.667647 2.815368
v 0.944307 -0.900619 2.682470
v 0.764575 -0.805375 2.741774
v 0.914599 -0.716296 2.782643
v 0.769773 -0.667647 2.815368
v 0.944322 -0.918644 2.720853
v 0.771689 -0.795919 2.726178
v 0.907497 -0.740173 2.828945
v 0.769773 -0.667647 2.815368
v 0.943649 -0.893926 2.670574
v 0.834763 -0.712440 2.680527
v 0.843883 -0.803877 2.834374
v 0.769773 -0.667647 2.815368
v 0.885301 -0.574508 3.098879
v 0.754632 -0.565190 2.932353
v 0.877337 -0.695593 2.925192
v 0.769773 -0.667647 2.815368
v 0.886266 -0.588333 3.102663
v 0.734092 -0.641794 2.965270
v 0.898649 -0.630048 2.895302
v 0.769773 -0.667647 2.815368
v 0.880357 -0.529518 3.081998
v 0.884250 -0.580570 2.876399
v 0.743764 -0.644221 2.967640
v 0.769773 -0.667647 2.815368
v 0.543640 -0.876018 2.726795
v 0.688801 -0.725053 2.694702
v 0.669839 -0.776938 2.865175
v 0.769773 -0.667647 2.815368
v 0.557936 -0.899834 2.755248
v 0.687835 -0.740473 2.704036
v 0.682242 -0.780570 2.878603
v 0.769773 -0.667647 2.815368
v 0.631588 -0.952977 2.858859
v 0.691019 -0.783585 2.746314
v 0.737979 -0.779973 2.919214
v 0.706822 -0.407028 2.569845
v 0.701997 -0.314214 2.928202
v 0.696523 -0.385821 2.564443
v 0.694583 -0.298945 2.924312
v 0.672422 -0.383830 2.564060
v 0.677230 -0.297511 2.924036
v 0.658619 -0.403046 2.569079
v 0.667291 -0.311347 2.927651
v 0.668918 -0.424253 2.574482
v 0.674706 -0.326616 2.931541
v 0.693019 -0.426244 2.574865
v 0.692059 -0.328050 2.931816
v 0.684644 -0.312780 2.927926
v 0.692462 -0.003169 3.008421
v 0.770312 -0.199645 2.993300
v 0.605231 -0.178226 2.926949
v 0.684644 -0.312780 2.927926
v 0.692650 0.002837 2.980097
v 0.604027 -0.189616 2.980305
v 0.771666 -0.183451 2.917284
v 0.684644 -0.312780 2.927926
v 0.692426 -0.004392 3.012990
v 0.689701 -0.165651 2.875585
v 0.685812 -0.213198 3.048318
v 0.684644 -0.312780 2.927926
v 0.508314 -0.448630 3.157823
v 0.540361 -0.329657 2.985456
v 0.687864 -0.404584 3.054315
v 0.684644 -0.312780 2.927926
v 0.506042 -0.452096 3.153963
v 0.556230 -0.299396 3.015919
v 0.670177 -0.437618 3.020762
v 0.684644 -0.312780 2.927926
v 0.505099 -0.453548 3.152310
v 0.650329 -0.317114 3.080294
v 0.575323 -0.421060 2.955066
v 0.684644 -0.312780 2.927926
v 0.990779 -0.280367 3.015282
v 0.794079 -0.212138 2.975960
v 0.820117 -0.387492 2.949777
v 0.684644 -0.312780 2.927926
v 0.894877 -0.246304 3.159838
v 0.767363 -0.371973 3.046527
v 0.770112 -0.200406 2.994856
v 0.684644 -0.312780 2.927926
v 0.948458 -0.259675 3.101080
v 0.809772 -0.220906 2.945661
v 0.770568 -0.362170 3.048715
v 0.684644 -0.312780 2.927926
v 0.683202 -0.175156 3.216817
v 0.661479 -0.336052 3.080681
v 0.706656 -0.179410 3.006284
v 0.684644 -0.312780 2.927926
v 0.697985 -0.044332 3.101585
v 0.601162 -0.208380 3.008818
v 0.778799 -0.202422 2.985962
v 0.684644 -0.312780 2.927926
v 0.685198 -0.154811 3.206216
v 0.653176 -0.322450 3.080663
v 0.716556 -0.176735 2.997822
v 0.686978 -0.383048 2.578592
v 0.681030 -0.530336 2.918192
v 0.664232 -0.390533 2.575188
v 0.664653 -0.535725 2.915741
v 0.659974 -0.412522 2.566059
v 0.661587 -0.551557 2.909168
v 0.678463 -0.427026 2.560333
v 0.674899 -0.562000 2.905046
v 0.701209 -0.419542 2.563737
v 0.691276 -0.556611 2.907496
v 0.705467 -0.397553 2.572866
v 0.694342 -0.540779 2.914069
v 0.677964 -0.546168 2.911619
v 0.380472 -0.503401 3.021479
v 0.566665 -0.440820 2.942057
v 0.551270 -0.617302 2.969069
v 0.677964 -0.546168 2.911619
v 0.475153 -0.587484 3.155669
v 0.592040 -0.650169 2.990442
v 0.601639 -0.475220 3.028036
v 0.677964 -0.546168 2.911619
v 0.448624 -0.570341 3.133471
v 0.524263 -0.560417 2.935804
v 0.648194 -0.551257 3.064916
v 0.677964 -0.546168 2.911619
v 0.867167 -0.804238 2.910042
v 0.705143 -0.684549 2.844355
v 0.802148 -0.614243 2.977621
v 0.677964 -0.546168 2.911619
v 0.873222 -0.796842 2.873712
v 0.821728 -0.591345 2.870349
v 0.690407 -0.701531 2.922562
v 0.677964 -0.546168 2.911619
v 0.859416 -0.807872 2.943030
v 0.689026 -0.698797 2.880086
v 0.812064 -0.602902 2.968281
v 0.677964 -0.546168 2.911619
v 0.712929 -0.454475 3.216200
v 0.639108 -0.576881 3.059805
v 0.744792 -0.442101 3.007098
v 0.677964 -0.546168 2.911619
v 0.712268 -0.458566 3.217477
v 0.623793 -0.564879 3.056972
v 0.759579 -0.457376 3.010952
v 0.677964 -0.546168 2.911619
v 0.719914 -0.409632 3.197972
v 0.678774 -0.411086 2.990132
v 0.710715 -0.572022 3.062188
v 0.677964 -0.546168 2.911619
v 0.450243 -0.589615 3.132198
v 0.643324 -0.535689 3.063613
v 0.530428 -0.591405 2.936087
v 0.677964 -0.546168 2.911619
v 0.579783 -0.641519 3.200874
v 0.571459 -0.629872 2.989481
v 0.705925 -0.538745 3.065161
v 0.677964 -0.546168 2.911619
v 0.582191 -0.642208 3.201453
v 0.593624 -0.508371 3.037596
v 0.685686 -0.660798 3.017509
v 0.676493 -0.225636 2.149360
v 0.923246 -0.427155 2.501201
v 0.684101 -0.251681 2.129556
v 0.928723 -0.445907 2.486942
v 0.712163 -0.251113 2.111099
v 0.948928 -0.445498 2.473653
v 0.732617 -0.224500 2.112447
v 0.963655 -0.426336 2.474623
v 0.725009 -0.198455 2.132251
v 0.958177 -0.407584 2.488882
v 0.696947 -0.199023 2.150708
v 0.937972 -0.407993 2.502171
v 0.943450 -0.426746 2.487912
v 0.922903 -0.428791 2.500506
v 1.049395 -0.746530 2.642275
v 0.924492 -0.438311 2.478329
v 1.050540 -0.753385 2.626307
v 0.945040 -0.436265 2.465735
v 1.065334 -0.751912 2.617239
v 0.963997 -0.424700 2.475318
v 1.078984 -0.743585 2.624139
v 0.962408 -0.415180 2.497495
v 1.077839 -0.736731 2.640107
v 0.941860 -0.417226 2.510089
v 1.063045 -0.738204 2.649175
v 1.064189 -0.745058 2.633207
v 1.026574 -1.011448 2.459940
v 0.989692 -0.809366 2.511854
v 1.108595 -0.893861 2.615947
v 1.064189 -0.745058 2.633207
v 1.059585 -1.043866 2.518786
v 1.011486 -0.890275 2.656584
v 1.113209 -0.838888 2.518293
v 1.064189 -0.745058 2.633207
v 0.988221 -0.950338 2.399779
v 1.110332 -0.871570 2.553976
v 0.957272 -0.782770 2.525696
v 1.064189 -0.745058 2.633207
v 1.350454 -0.650960 2.740903
v 1.139970 -0.639244 2.719653
v 1.217420 -0.775593 2.632918
v 1.064189 -0.745058 2.633207
v 1.353454 -0.669971 2.747610
v 1.185328 -0.795474 2.718035
v 1.174463 -0.634572 2.639901
v 1.064189 -0.745058 2.633207
v 1.340512 -0.810463 2.780748
v 1.194791 -0.830680 2.628272
v 1.154646 -0.711760 2.756175
v 1.064189 -0.745058 2.633207
v 0.966018 -0.961826 2.847155
v 0.946139 -0.789594 2.725364
v 1.103702 -0.873936 2.712209
v 1.064189 -0.745058 2.633207
v 0.890229 -0.900209 2.852446
v 1.056799 -0.789270 2.782883
v 0.932412 -0.824967 2.658922
v 1.064189 -0.745058 2.633207
v 0.913458 -0.922193 2.852987
v 0.993278 -0.743224 2.772420
v 1.014516 -0.888600 2.669818
v 1.064189 -0.745058 2.633207
v 1.068122 -1.063300 2.599945
v 1.143122 -0.876107 2.664953
v 0.988402 -0.868602 2.574852
v 1.064189 -0.745058 2.633207
v 1.135106 -1.046246 2.714795
v 1.159784 -0.835823 2.717086
v 1.025328 -0.895243 2.614599
v 1.064189 -0.745058 2.633207
v 1.108679 -1.059967 2.668608
v 1.128515 -0.873052 2.570823
v 1.035455 -0.868990 2.723911
v 0.955530 -0.440468 2.472077
v 1.237526 -0.456474 2.711407
v 0.957767 -0.416395 2.471393
v 1.239137 -0.439141 2.710915
v 0.945687 -0.402672 2.487228
v 1.230440 -0.429261 2.722316
v 0.931370 -0.413023 2.503747
v 1.220131 -0.436713 2.734210
v 0.929133 -0.437096 2.504431
v 1.218521 -0.454046 2.734702
v 0.941213 -0.450819 2.488596
v 1.227218 -0.463926 2.723301
v 1.228829 -0.446593 2.722809
v 1.419746 -0.189803 2.719799
v 1.376168 -0.396805 2.707828
v 1.234223 -0.290950 2.735381
v 1.228829 -0.446593 2.722809
v 1.424706 -0.193567 2.725909
v 1.374578 -0.397212 2.695774
v 1.239782 -0.293554 2.752324
v 1.228829 -0.446593 2.722809
v 1.443798 -0.211276 2.751338
v 1.315244 -0.342068 2.645227
v 1.314389 -0.362865 2.823214
v 1.228829 -0.446593 2.722809
v 1.135982 -0.506189 3.023188
v 1.163115 -0.551609 2.818022
v 1.220265 -0.389255 2.867898
v 1.228829 -0.446593 2.722809
v 1.145260 -0.505979 3.025942
v 1.242123 -0.546773 2.841970
v 1.148680 -0.393922 2.846154
v 1.228829 -0.446593 2.722809
v 1.199950 -0.503714 3.036342
v 1.154193 -0.530762 2.831240
v 1.280361 -0.408122 2.865204
v 1.228829 -0.446593 2.722809
v 1.526144 -0.564921 2.724229
v 1.317237 -0.570176 2.759189
v 1.378273 -0.417673 2.687565
v 1.228829 -0.446593 2.722809
v 1.526496 -0.563970 2.726950
v 1.375615 -0.425035 2.673806
v 1.320176 -0.562053 2.775124
v 1.228829 -0.446593 2.722809
v 1.470901 -0.600375 2.580849
v 1.358421 -0.530650 2.746315
v 1.292894 -0.485562 2.585735
v 1.228829 -0.446593 2.722809
v 1.482010 -0.254355 2.759469
v 1.316381 -0.368513 2.826008
v 1.343821 -0.370883 2.648937
v 1.228829 -0.446593 2.722809
v 1.498441 -0.370864 2.877644
v 1.360100 -0.502772 2.786243
v 1.313247 -0.329831 2.783242
v 1.228829 -0.446593 2.722809
v 1.490726 -0.405004 2.901918
v 1.369981 -0.503417 2.758294
v 1.297194 -0.356498 2.830610
v 0.943780 -0.405595 2.499639
v 0.889708 -0.588445 2.816971
v 0.922895 -0.414442 2.491241
v 0.874671 -0.594815 2.810924
v 0.922565 -0.435592 2.479514
v 0.874433 -0.610043 2.802480
v 0.943120 -0.447896 2.476185
v 0.889233 -0.618902 2.800083
v 0.964005 -0.439049 2.484583
v 0.904270 -0.612533 2.806130
v 0.964335 -0.417899 2.496310
v 0.904508 -0.597304 2.814574
v 0.889470 -0.603674 2.808527
v 0.594936 -0.691655 2.897459
v 0.754632 -0.555010 2.870678
v 0.788681 -0.722723 2.817522
v 0.889470 -0.603674 2.808527
v 0.593487 -0.690092 2.894119
v 0.737525 -0.591038 2.774395
v 0.804630 -0.685444 2.911132
v 0.889470 -0.603674 2.808527
v 0.627281 -0.716572 2.953132
v 0.735800 -0.583844 2.828638
v 0.833389 -0.713823 2.904100
v 0.889470 -0.603674 2.808527
v 1.112172 -0.829939 2.848631
v 1.042194 -0.635744 2.800841
v 0.914907 -0.752615 2.848296
v 0.889470 -0.603674 2.808527
v 1.129559 -0.815213 2.805595
v 1.002062 -0.668310 2.721594
v 0.968950 -0.708268 2.893115
v 0.889470 -0.603674 2.808527
v 1.112332 -0.829841 2.848288
v 1.021205 -0.665053 2.751164
v 0.936025 -0.723228 2.897699
v 0.889470 -0.603674 2.808527
v 0.868804 -0.446135 3.086294
v 0.942913 -0.482288 2.891120
v 0.819495 -0.599028 2.948148
v 0.889470 -0.603674 2.808527
v 0.883827 -0.363569 3.019994
v 0.882463 -0.448558 2.825913
v 0.891963 -0.566706 2.960314
v 0.889470 -0.603674 2.808527
v 0.881225 -0.375722 3.032960
v 0.840796 -0.567525 2.952528
v 0.931548 -0.457461 2.844072
v 0.889470 -0.603674 2.808527
v 0.694139 -0.715378 3.036052
v 0.870903 -0.712313 2.919274
v 0.751772 -0.584398 2.879800
v 0.889470 -0.603674 2.808527
v 0.670289 -0.705783 3.018129
v 0.765644 -0.562563 2.894486
v 0.837952 -0.726472 2.890250
v 0.889470 -0.603674 2.808527
v 0.654197 -0.698156 3.003769
v 0.800743 -0.724345 2.853002
v 0.789979 -0.558588 2.920246
v 0.413976 -0.017871 1.660729
v 0.726483 -0.002420 2.182669
v 0.447308 0.007826 1.640595
v 0.750482 0.016083 2.168172
v 0.444826 0.054399 1.641870
v 0.748695 0.049615 2.169091
v 0.409012 0.075273 1.663279
v 0.722909 0.064645 2.184505
v 0.375679 0.049576 1.683413
v 0.698910 0.046142 2.199002
v 0.378162 0.003003 1.682138
v 0.700697 0.012610 2.198084
v 0.722040 -0.002329 2.185337
v 1.118930 -0.010791 2.445519
v 0.739219 0.011864 2.160199
v 1.131299 -0.000573 2.427421
v 0.741876 0.045305 2.158450
v 1.133211 0.023505 2.426161
v 0.727352 0.064554 2.181838
v 1.122754 0.037364 2.443000
v 0.710173 0.050362 2.206975
v 1.110385 0.027146 2.461099
v 0.707516 0.016920 2.208724
v 1.108473 0.003068 2.462359
v 1.120842 0.013286 2.444260
v 1.121177 -0.010801 2.442104
v 1.489608 0.004080 2.409024
v 1.119070 0.003075 2.422406
v 1.488091 0.014071 2.394842
v 1.118735 0.027163 2.424562
v 1.487850 0.031414 2.396394
v 1.120507 0.037374 2.446416
v 1.489126 0.038766 2.412128
v 1.122614 0.023498 2.466113
v 1.490643 0.028775 2.426311
v 1.122949 -0.000590 2.463957
v 1.490884 0.011432 2.424758
v 1.489367 0.021423 2.410576
v 1.558337 0.082154 2.104055
v 1.597115 0.007051 2.298344
v 1.436795 0.084380 2.277592
v 1.489367 0.021423 2.410576
v 1.713446 0.066499 2.186620
v 1.621964 0.096211 2.375406
v 1.536034 -0.017304 2.266581
v 1.489367 0.021423 2.410576
v 1.550236 0.082447 2.102402
v 1.456993 0.115147 2.289828
v 1.570436 -0.023481 2.284785
v 1.489367 0.021423 2.410576
v 1.752776 0.120696 2.562762
v 1.622446 -0.023752 2.478850
v 1.567015 0.146016 2.464051
v 1.489367 0.021423 2.410576
v 1.763314 0.113567 2.547916
v 1.572415 0.021781 2.542920
v 1.625477 0.094781 2.388104
v 1.489367 0.021423 2.410576
v 1.700208 0.145627 2.616778
v 1.506947 0.111869 2.536761
v 1.640460 0.030341 2.449353
v 1.489367 0.021423 2.410576
v 1.745431 0.044461 2.220050
v 1.640172 -0.015825 2.393769
v 1.543413 0.077102 2.274963
v 1.489367 0.021423 2.410576
v 1.760656 0.042807 2.242217
v 1.608388 0.114547 2.370902
v 1.587377 -0.054594 2.315562
v 1.489367 0.021423 2.410576
v 1.787784 0.038542 2.296321
v 1.609066 -0.060463 2.352448
v 1.608401 0.117004 2.377300
v 1.129895 0.031920 2.431776
v 1.283814 0.157611 2.744135
v 1.108080 0.033714 2.442066
v 1.268107 0.158903 2.751544
v 1.099027 0.015081 2.454549
v 1.261589 0.145487 2.760531
v 1.111789 -0.005347 2.456743
v 1.270778 0.130779 2.762111
v 1.133604 -0.007142 2.446453
v 1.286485 0.129487 2.754702
v 1.142657 0.011492 2.433970
v 1.293003 0.142903 2.745714
v 1.277296 0.144195 2.753123
v 1.056717 0.327864 2.894583
v 1.241888 0.289257 2.799118
v 1.136241 0.146068 2.820296
v 1.277296 0.144195 2.753123
v 1.204498 0.333162 3.000897
v 1.166211 0.183752 2.855629
v 1.330143 0.255812 2.848836
v 1.277296 0.144195 2.753123
v 1.110483 0.337762 2.945751
v 1.134534 0.182040 2.804102
v 1.286608 0.261204 2.856246
v 1.277296 0.144195 2.753123
v 1.437007 -0.077806 2.919279
v 1.305971 0.087010 2.895670
v 1.376390 0.023779 2.743500
v 1.277296 0.144195 2.753123
v 1.453511 0.003448 2.980144
v 1.372561 0.024659 2.785492
v 1.323003 0.151134 2.902371
v 1.277296 0.144195 2.753123
v 1.421805 -0.111300 2.880556
v 1.345795 0.007209 2.722221
v 1.324404 0.076785 2.885972
v 1.277296 0.144195 2.753123
v 1.420173 0.403016 2.875590
v 1.342946 0.205783 2.880830
v 1.325947 0.289664 2.723390
v 1.277296 0.144195 2.753123
v 1.414320 0.420526 2.838361
v 1.270800 0.265234 2.851711
v 1.393412 0.244222 2.722725
v 1.277296 0.144195 2.753123
v 1.420488 0.401645 2.878085
v 1.265428 0.258528 2.858950
v 1.403717 0.235823 2.747266
v 1.277296 0.144195 2.753123
v 1.216550 0.345835 2.994061
v 1.194884 0.166055 2.884053
v 1.311111 0.283647 2.814944
v 1.277296 0.144195 2.753123
v 1.317353 0.316650 3.019684
v 1.379545 0.188970 2.862451
v 1.207093 0.237384 2.857044
v 1.277296 0.144195 2.753123
v 1.283082 0.328974 3.014319
v 1.234824 0.155225 2.903079
v 1.324396 0.280989 2.812124
v 0.738765 0.060384 2.175004
v 0.777019 0.166402 2.636073
v 0.705440 0.058185 2.178617
v 0.753025 0.164819 2.638675
v 0.691371 0.028913 2.187200
v 0.742896 0.143743 2.644855
v 0.710627 0.001841 2.192170
v 0.756760 0.124251 2.648433
v 0.743952 0.004040 2.188557
v 0.780754 0.125834 2.645832
v 0.758021 0.033312 2.179974
v 0.790883 0.146910 2.639652
v 0.766889 0.145327 2.642253
v 0.774448 0.167448 2.636049
v 0.599238 0.303082 2.932634
v 0.753349 0.159089 2.627684
v 0.584047 0.297063 2.926611
v 0.745791 0.136967 2.633888
v 0.578605 0.281135 2.931078
v 0.759331 0.123205 2.648457
v 0.588354 0.271226 2.941567
v 0.780430 0.131564 2.656822
v 0.603545 0.277245 2.947590
v 0.787988 0.153686 2.650618
v 0.608986 0.293173 2.943123
v 0.593796 0.287154 2.937100
v 0.293275 0.396682 2.946624
v 0.458242 0.295906 2.859894
v 0.488932 0.366024 3.021926
v 0.593796 0.287154 2.937100
v 0.306639 0.408835 3.008760
v 0.486610 0.304675 3.049423
v 0.471257 0.366978 2.882105
v 0.593796 0.287154 2.937100
v 0.294988 0.399508 2.959250
v 0.506020 0.415801 2.949649
v 0.442525 0.248390 2.942272
v 0.593796 0.287154 2.937100
v 0.622522 0.159686 3.229208
v 0.537494 0.287126 3.082848
v 0.673079 0.185208 3.025039
v 0.593796 0.287154 2.937100
v 0.644343 0.135089 3.214086
v 0.618486 0.148230 3.004203
v 0.609543 0.304425 3.091586
v 0.593796 0.287154 2.937100
v 0.637628 0.142528 3.219168
v 0.621763 0.309139 3.089241
v 0.600894 0.149468 3.010614
v 0.593796 0.287154 2.937100
v 0.591130 0.606776 2.921774
v 0.584327 0.410660 2.841871
v 0.601132 0.419345 3.020069
v 0.593796 0.287154 2.937100
v 0.541506 0.594410 3.009623
v 0.651020 0.432276 2.928312
v 0.494740 0.387837 3.003907
v 0.593796 0.287154 2.937100
v 0.581283 0.606903 2.939046
v 0.515537 0.411874 2.989376
v 0.662044 0.418234 2.886381
v 0.593796 0.287154 2.937100
v 0.301951 0.406866 2.990911
v 0.446828 0.252840 2.977539
v 0.507287 0.417237 2.939710
v 0.593796 0.287154 2.937100
v 0.362757 0.421949 3.112746
v 0.562402 0.367300 3.067497
v 0.440359 0.314845 2.947220
v 0.593796 0.287154 2.937100
v 0.325402 0.417239 3.053042
v 0.520854 0.336502 3.066160
v 0.452022 0.341874 2.900794
v 0.788380 0.134258 2.643032
v 0.903695 0.389956 2.884649
v 0.784358 0.151731 2.626800
v 0.900799 0.402536 2.872961
v 0.762868 0.162800 2.626020
v 0.885325 0.410506 2.872400
v 0.745399 0.156396 2.641474
v 0.872748 0.405895 2.883527
v 0.749421 0.138923 2.657707
v 0.875644 0.393314 2.895214
v 0.770911 0.127854 2.658486
v 0.891117 0.385345 2.895776
v 0.888221 0.397925 2.884088
v 0.787945 0.523806 3.160672
v 0.875912 0.529153 2.967992
v 0.820310 0.367402 3.021451
v 0.888221 0.397925 2.884088
v 0.713876 0.462042 3.144650
v 0.755001 0.460256 2.936810
v 0.881965 0.386888 3.039816
v 0.888221 0.397925 2.884088
v 0.648942 0.383649 3.096082
v 0.815066 0.307785 2.988660
v 0.769953 0.476644 2.949111
v 0.888221 0.397925 2.884088
v 1.023449 0.687829 2.892398
v 0.894846 0.533927 2.960716
v 0.989779 0.493847 2.814108
v 0.888221 0.397925 2.884088
v 1.014478 0.679655 2.968274
v 0.962636 0.476232 2.996971
v 0.914812 0.545002 2.838554
v 0.888221 0.397925 2.884088
v 1.024772 0.680239 2.820427
v 0.873072 0.532940 2.806928
v 1.012611 0.488761 2.910318
v 0.696027 0.028007 2.200817
v 0.932970 -0.214424 2.533042
v 0.704621 0.004728 2.178175
v 0.939158 -0.231185 2.516740
v 0.733291 0.007833 2.160945
v 0.959800 -0.228949 2.504334
v 0.753365 0.034218 2.166357
v 0.974254 -0.209952 2.508231
v 0.744771 0.057497 2.188999
v 0.968066 -0.193191 2.524533
v 0.716101 0.054392 2.206229
v 0.947424 -0.195427 2.536938
v 0.932557 -0.216794 2.531611
v 1.073442 -0.537080 2.652546
v 0.936163 -0.224066 2.508828
v 1.076039 -0.542316 2.636142
v 0.957218 -0.219460 2.497852
v 1.091199 -0.539000 2.628240
v 0.974667 -0.207582 2.509661
v 1.103762 -0.530447 2.636742
v 0.971060 -0.200310 2.532445
v 1.101165 -0.525211 2.653146
v 0.950005 -0.204916 2.543420
v 1.086005 -0.528528 2.661049
v 1.088602 -0.533764 2.644644
v 1.058888 -0.727426 2.391638
v 1.159902 -0.641653 2.556960
v 0.993531 -0.580804 2.529924
v 1.088602 -0.533764 2.644644
v 1.146438 -0.836130 2.557296
v 1.036604 -0.654979 2.560887
v 1.186869 -0.654442 2.658523
v 1.088602 -0.533764 2.644644
v 1.140930 -0.832911 2.543784
v 1.079529 -0.631209 2.522848
v 1.139537 -0.675637 2.685752
v 1.088602 -0.533764 2.644644
v 1.364890 -0.516122 2.805124
v 1.239194 -0.575404 2.645191
v 1.159040 -0.478011 2.772481
v 1.088602 -0.533764 2.644644
v 1.364095 -0.536183 2.807426
v 1.153643 -0.523625 2.786345
v 1.243956 -0.545838 2.633169
v 1.088602 -0.533764 2.644644
v 1.359491 -0.449603 2.792754
v 1.216523 -0.444424 2.636466
v 1.177392 -0.555774 2.771310
v 1.088602 -0.533764 2.644644
v 0.818103 -0.665108 2.754091
v 1.007025 -0.666331 2.658179
v 0.953780 -0.506272 2.718667
v 1.088602 -0.533764 2.644644
v 0.927037 -0.772316 2.783890
v 1.101087 -0.671623 2.717108
v 0.946866 -0.586746 2.683577
v 1.088602 -0.533764 2.644644
v 0.937447 -0.778492 2.784860
v 1.058391 -0.686867 2.636976
v 0.997889 -0.576443 2.764485
v 1.088602 -0.533764 2.644644
v 1.147356 -0.845495 2.602552
v 1.025186 -0.672606 2.611276
v 1.199021 -0.644307 2.644339
v 1.088602 -0.533764 2.644644
v 1.087569 -0.821209 2.504023
v 1.018912 -0.623570 2.537452
v 1.157465 -0.673913 2.639340
v 1.088602 -0.533764 2.644644
v 1.157477 -0.845388 2.621269
v 1.198077 -0.642762 2.668028
v 1.034227 -0.674065 2.602561
v 0.962461 -0.227154 2.503823
v 1.248385 -0.298792 2.727816
v 0.968698 -0.203786 2.503701
v 1.252875 -0.281967 2.727728
v 0.959849 -0.188820 2.520514
v 1.246504 -0.271192 2.739834
v 0.944763 -0.197222 2.537450
v 1.235642 -0.277241 2.752027
v 0.938526 -0.220590 2.537571
v 1.231151 -0.294066 2.752115
v 0.947375 -0.235556 2.520758
v 1.237523 -0.304842 2.740009
v 1.242013 -0.288017 2.739921
v 1.242013 -0.288017 2.739921
v 1.469772 -0.083479 2.646699
v 1.271174 -0.155675 2.662157
v 1.395059 -0.256729 2.743108
v 1.242013 -0.288017 2.739921
v 1.543271 -0.196312 2.796790
v 1.371502 -0.317739 2.822150
v 1.353531 -0.184931 2.703188
v 1.242013 -0.288017 2.739921
v 1.531026 -0.150729 2.744800
v 1.357793 -0.236651 2.831402
v 1.357443 -0.229552 2.652343
v 1.242013 -0.288017 2.739921
v 1.249215 -0.368458 3.049562
v 1.270519 -0.236951 2.884807
v 1.219269 -0.403435 2.842748
v 1.242013 -0.288017 2.739921
v 1.188827 -0.363591 3.046287
v 1.245306 -0.235677 2.887101
v 1.196171 -0.400817 2.837834
v 1.242013 -0.288017 2.739921
v 1.265261 -0.369267 3.048560
v 1.163933 -0.340293 2.864752
v 1.338692 -0.300741 2.862001
v 1.242013 -0.288017 2.739921
v 1.509212 -0.443790 2.657827
v 1.351909 -0.304582 2.630100
v 1.345877 -0.396071 2.784067
v 1.242013 -0.288017 2.739921
v 1.524603 -0.435370 2.711115
v 1.319404 -0.421916 2.762146
v 1.390695 -0.272001 2.694651
v 1.242013 -0.288017 2.739921
v 1.502287 -0.445529 2.640688
v 1.324725 -0.419884 2.753410
v 1.367520 -0.282160 2.647046
v 0.954603 -0.192279 2.534334
v 0.970434 -0.408010 2.834779
v 0.933199 -0.202044 2.528723
v 0.955023 -0.415040 2.830739
v 0.932207 -0.221953 2.515025
v 0.954309 -0.429375 2.820876
v 0.952620 -0.232097 2.506938
v 0.969007 -0.436679 2.815054
v 0.974025 -0.222332 2.512549
v 0.984418 -0.429648 2.819094
v 0.975016 -0.202423 2.526247
v 0.985132 -0.415313 2.828956
v 0.969721 -0.422344 2.824916
v 0.741783 -0.551632 3.008571
v 0.853155 -0.526256 2.830121
v 0.903936 -0.421863 2.966635
v 0.969721 -0.422344 2.824916
v 0.664070 -0.478326 2.901361
v 0.839885 -0.499579 2.785045
v 0.855035 -0.389895 2.925943
v 0.969721 -0.422344 2.824916
v 0.658591 -0.467027 2.884932
v 0.859033 -0.420218 2.935170
v 0.831504 -0.460216 2.762674
v 0.969721 -0.422344 2.824916
v 1.201743 -0.642169 2.809334
v 1.090205 -0.486871 2.900625
v 1.034853 -0.533677 2.736741
v 0.969721 -0.422344 2.824916
v 1.204583 -0.638083 2.798525
v 1.117865 -0.445558 2.781024
v 1.009466 -0.571721 2.847695
v 0.969721 -0.422344 2.824916
v 1.171394 -0.662556 2.888366
v 0.980870 -0.573824 2.861544
v 1.119910 -0.463034 2.839048
v 0.969721 -0.422344 2.824916
v 1.006017 -0.334527 3.130482
v 1.022478 -0.466188 2.965296
v 0.946000 -0.308247 2.928989
v 0.969721 -0.422344 2.824916
v 1.007532 -0.281161 3.109588
v 0.977496 -0.445479 2.979242
v 0.992194 -0.286264 2.898327
v 0.969721 -0.422344 2.824916
v 1.007767 -0.225016 3.073942
v 1.051503 -0.394955 2.955199
v 0.918376 -0.291870 2.893854
v 0.969721 -0.422344 2.824916
v 0.773158 -0.568106 3.031112
v 0.826822 -0.482254 2.844989
v 0.955369 -0.479044 2.969800
v 0.969721 -0.422344 2.824916
v 0.773966 -0.568516 3.031589
v 0.946036 -0.458578 2.975044
v 0.836801 -0.503048 2.840127
v 0.969721 -0.422344 2.824916
v 0.814437 -0.586177 3.051732
v 0.834733 -0.437533 2.902116
v 0.980481 -0.538222 2.929169
v 0.933549 -0.215051 2.533837
v 1.130299 -0.412237 2.777691
v 0.939124 -0.231143 2.516663
v 1.134313 -0.423823 2.765325
v 0.959187 -0.228280 2.503462
v 1.148758 -0.421761 2.755821
v 0.973675 -0.209325 2.507435
v 1.159189 -0.408114 2.758682
v 0.968100 -0.193233 2.524610
v 1.155176 -0.396528 2.771047
v 0.948037 -0.196096 2.537810
v 1.140730 -0.398589 2.780552
v 1.144744 -0.410175 2.768186
v 1.167839 -0.729028 2.754063
v 1.180398 -0.539594 2.848134
v 1.127566 -0.535838 2.676940
v 1.144744 -0.410175 2.768186
v 1.115139 -0.716231 2.679566
v 1.113415 -0.555177 2.817228
v 1.152389 -0.510018 2.648248
v 1.144744 -0.410175 2.768186
v 1.162595 -0.728938 2.746473
v 1.102946 -0.545506 2.834146
v 1.200823 -0.529855 2.684856
v 1.144744 -0.410175 2.768186
v 1.402856 -0.235838 2.841567
v 1.275340 -0.404606 2.853777
v 1.220638 -0.276274 2.741300
v 1.144744 -0.410175 2.768186
v 1.389726 -0.210298 2.817509
v 1.189227 -0.276387 2.835522
v 1.296247 -0.384061 2.740308
v 1.144744 -0.410175 2.768186
v 1.390065 -0.210853 2.818068
v 1.300387 -0.397593 2.773593
v 1.185358 -0.263299 2.802685
v 1.144744 -0.410175 2.768186
v 0.876960 -0.521390 2.903548
v 1.066762 -0.538628 2.810973
v 1.008499 -0.370694 2.833689
v 1.144744 -0.410175 2.768186
v 1.038604 -0.600118 3.002827
v 1.017856 -0.464170 2.841644
v 1.186721 -0.508134 2.882441
v 1.144744 -0.410175 2.768186
v 1.014822 -0.594305 2.995379
v 1.029153 -0.422210 2.872618
v 1.156397 -0.545444 2.845508
v 1.144744 -0.410175 2.768186
v 1.271494 -0.666997 2.910934
v 1.277103 -0.476813 2.817710
v 1.113785 -0.548995 2.832861
v 1.144744 -0.410175 2.768186
v 1.202522 -0.724015 2.791978
v 1.079797 -0.551562 2.782463
v 1.255913 -0.519861 2.772942
v 1.144744 -0.410175 2.768186
v 1.206783 -0.722599 2.798885
v 1.254569 -0.520654 2.756142
v 1.084551 -0.549635 2.804790
v 0.725545 -0.002385 2.181219
v 0.983470 -0.014569 2.579484
v 0.749520 0.016095 2.166655
v 1.000731 -0.001263 2.568997
v 0.748671 0.049593 2.169023
v 1.000120 0.022856 2.570702
v 0.723847 0.064611 2.185955
v 0.982247 0.033668 2.582893
v 0.699872 0.046130 2.200520
v 0.964985 0.020362 2.593380
v 0.700721 0.012632 2.198152
v 0.965596 -0.003756 2.591675
v 0.982858 0.009550 2.581189
v 0.982433 -0.014611 2.580155
v 1.330787 -0.019327 2.705391
v 0.989736 -0.001813 2.560975
v 1.336046 -0.010112 2.691582
v 0.990162 0.022348 2.562009
v 1.336352 0.007283 2.692327
v 0.983284 0.033710 2.582223
v 1.331400 0.015464 2.706880
v 0.975980 0.020912 2.601402
v 1.326141 0.006249 2.720690
v 0.975555 -0.003249 2.600368
v 1.325835 -0.011146 2.719945
v 1.331093 -0.001931 2.706136
v 1.585224 -0.039330 2.515298
v 1.442848 0.072049 2.625824
v 1.422643 -0.105831 2.633778
v 1.331093 -0.001931 2.706136
v 1.560252 -0.040584 2.486154
v 1.362414 -0.051286 2.561238
v 1.483100 0.016501 2.675048
v 1.331093 -0.001931 2.706136
v 1.587469 -0.039179 2.518294
v 1.394492 -0.087077 2.591493
v 1.472795 0.053416 2.670506
v 1.331093 -0.001931 2.706136
v 1.482232 0.158592 2.938061
v 1.335395 0.027596 2.859504
v 1.447703 0.096959 2.738308
v 1.331093 -0.001931 2.706136
v 1.467626 0.166886 2.941209
v 1.458789 0.014042 2.794742
v 1.312625 0.117149 2.805589
v 1.331093 -0.001931 2.706136
v 1.493930 0.151422 2.934974
v 1.324335 0.110033 2.814904
v 1.468121 0.008787 2.780438
v 1.331093 -0.001931 2.706136
v 1.351559 -0.320268 2.680774
v 1.402797 -0.120200 2.633449
v 1.275763 -0.138332 2.758534
v 1.331093 -0.001931 2.706136
v 1.511442 -0.263466 2.744531
v 1.450946 -0.064388 2.784537
v 1.355520 -0.148702 2.658451
v 1.331093 -0.001931 2.706136
v 1.533838 -0.244725 2.754572
v 1.363941 -0.150384 2.670150
v 1.460441 -0.047714 2.780871
v 1.331093 -0.001931 2.706136
v 1.647705 -0.021115 2.748438
v 1.468149 0.068608 2.680600
v 1.447327 -0.087817 2.765513
v 1.331093 -0.001931 2.706136
v 1.649595 -0.017254 2.679264
v 1.458055 -0.088034 2.735789
v 1.458933 0.071913 2.654986
v 1.331093 -0.001931 2.706136
v 1.648990 -0.016845 2.672680
v 1.459826 -0.083204 2.741277
v 1.456678 0.067410 2.644230
v 0.997005 0.027362 2.572969
v 1.025563 0.155256 2.919213
v 0.973042 0.030465 2.574036
v 1.008310 0.157490 2.919981
v 0.958895 0.012653 2.582255
v 0.998124 0.144665 2.925899
v 0.968711 -0.008263 2.589408
v 1.005192 0.129606 2.931049
v 0.992674 -0.011366 2.588341
v 1.022445 0.127371 2.930281
v 1.006821 0.006447 2.580122
v 1.032631 0.140197 2.924363
v 1.015378 0.142431 2.925131
v 0.877515 0.373095 3.098878
v 1.026390 0.290918 2.972485
v 0.894075 0.178474 3.016775
v 1.015378 0.142431 2.925131
v 0.904335 0.360470 3.131356
v 0.926962 0.165364 3.051895
v 1.014959 0.293928 2.963347
v 1.015378 0.142431 2.925131
v 0.882420 0.371027 3.105314
v 1.011828 0.207681 3.067053
v 0.912561 0.260058 2.927355
v 1.015378 0.142431 2.925131
v 1.077161 0.019710 3.214134
v 1.036962 0.175522 3.076297
v 1.043220 0.011163 3.005167
v 1.015378 0.142431 2.925131
v 1.080955 -0.046215 3.175156
v 0.955800 0.070921 3.050626
v 1.127417 0.063025 2.999656
v 1.015378 0.142431 2.925131
v 1.075924 0.034346 3.220177
v 1.125221 0.124215 3.034743
v 0.953971 0.074179 3.051556
v 1.015378 0.142431 2.925131
v 1.146161 0.430375 2.876308
v 0.986614 0.295357 2.911050
v 1.148768 0.219860 2.900154
v 1.015378 0.142431 2.925131
v 1.137046 0.430101 2.994719
v 1.130359 0.218368 2.998786
v 0.997731 0.296630 2.907147
v 1.015378 0.142431 2.925131
v 1.145864 0.433258 2.896968
v 1.081323 0.261163 3.002372
v 1.053821 0.256360 2.825360
v 1.015378 0.142431 2.925131
v 0.919332 0.315411 3.176633
v 0.892797 0.209474 2.995069
v 1.061122 0.213771 3.056395
v 1.015378 0.142431 2.925131
v 0.939892 0.304752 3.190374
v 1.048506 0.267839 3.012237
v 0.921861 0.146880 3.050219
v 1.015378 0.142431 2.925131
v 0.971325 0.286851 3.207270
v 0.978909 0.276944 2.995759
v 1.016604 0.123454 3.080214
v 0.962593 0.010125 2.594378
v 1.116493 -0.231422 2.828957
v 0.964956 -0.006034 2.576538
v 1.118194 -0.243057 2.816112
v 0.985221 -0.006610 2.563348
v 1.132785 -0.243471 2.806616
v 1.003124 0.008974 2.567999
v 1.145675 -0.232250 2.809964
v 1.000761 0.025134 2.585839
v 1.143973 -0.220616 2.822809
v 0.980495 0.025709 2.599029
v 1.129382 -0.220201 2.832306
v 1.131084 -0.231836 2.819461
v 1.130921 -0.543696 2.747744
v 1.176700 -0.373878 2.865888
v 1.085337 -0.339282 2.715659
v 1.131084 -0.231836 2.819461
v 1.082781 -0.505685 2.661114
v 1.179202 -0.379366 2.801252
v 1.044323 -0.303385 2.710992
v 1.131084 -0.231836 2.819461
v 1.091276 -0.514994 2.675805
v 1.140701 -0.309125 2.684013
v 1.089620 -0.381073 2.839984
v 1.131084 -0.231836 2.819461
v 1.431575 -0.200116 2.924810
v 1.233432 -0.135165 2.887223
v 1.269129 -0.303130 2.835978
v 1.131084 -0.231836 2.819461
v 1.433417 -0.176914 2.908780
v 1.240399 -0.122226 2.840623
v 1.263635 -0.297509 2.869754
v 1.131084 -0.231836 2.819461
v 1.418191 -0.092149 2.840836
v 1.262310 -0.221201 2.903596
v 1.229543 -0.130721 2.752426
v 1.131084 -0.231836 2.819461
v 1.004738 -0.351591 3.087967
v 1.049053 -0.198620 2.948223
v 1.112038 -0.360856 2.905503
v 1.131084 -0.231836 2.819461
v 0.950479 -0.311865 3.071210
v 1.085236 -0.349082 2.912000
v 1.032448 -0.178613 2.928321
v 1.131084 -0.231836 2.819461
v 0.915004 -0.279279 3.050673
v 0.988366 -0.286454 2.852031
v 1.100937 -0.215172 2.971860
v 1.131084 -0.231836 2.819461
v 1.188008 -0.537563 2.894897
v 1.241812 -0.337202 2.851855
v 1.065895 -0.371052 2.847416
v 1.131084 -0.231836 2.819461
v 1.222007 -0.512486 2.943431
v 1.184808 -0.303934 2.947241
v 1.150098 -0.384258 2.790857
v 1.131084 -0.231836 2.819461
v 1.216534 -0.517510 2.935602
v 1.081952 -0.376358 2.852801
v 1.248576 -0.315853 2.879033
v 0.064733 -0.000095 1.002937
v 0.011234 -0.025194 1.780907
v 0.032367 0.056042 1.003278
v -0.012070 0.015225 1.781153
v -0.032367 0.056137 1.000341
v -0.058678 0.015293 1.779038
v -0.064733 0.000095 0.997063
v -0.081982 -0.025057 1.776678
v -0.032367 -0.056042 0.996722
v -0.058678 -0.065475 1.776432
v 0.032367 -0.056137 0.999659
v -0.012070 -0.065544 1.778547
v -0.035374 -0.025125 1.778792
v 0.011233 -0.025612 1.780893
v -0.021513 0.301638 2.292906
v -0.010737 0.008697 1.758155
v -0.037331 0.326341 2.276534
v -0.057343 0.009183 1.756054
v -0.070888 0.326691 2.275021
v -0.081980 -0.024639 1.776691
v -0.088626 0.302339 2.289880
v -0.060010 -0.058948 1.799429
v -0.072808 0.277637 2.306251
v -0.013404 -0.059434 1.801530
v -0.039251 0.277286 2.307764
v -0.021565 0.300748 2.293472
v -0.028542 0.724644 2.506900
v -0.036225 0.314445 2.266529
v -0.039098 0.734506 2.487501
v -0.069730 0.315685 2.264450
v -0.063222 0.735399 2.486004
v -0.088575 0.303229 2.289314
v -0.076790 0.726430 2.503906
v -0.073914 0.289533 2.316256
v -0.066234 0.716569 2.523305
v -0.040409 0.288292 2.318335
v -0.042110 0.715676 2.524802
v -0.028697 0.723971 2.508234
v -0.007251 1.091816 2.472357
v -0.038376 0.722600 2.486111
v -0.014220 1.090829 2.456429
v -0.062345 0.724166 2.483280
v -0.031478 1.091957 2.454390
v -0.076635 0.727104 2.502572
v -0.041767 1.094072 2.468280
v -0.066956 0.728474 2.524695
v -0.034797 1.095059 2.484209
v -0.042987 0.726908 2.527526
v -0.017540 1.093931 2.486247
v -0.024509 1.092944 2.470319
v 0.042888 1.302360 2.237934
v -0.079656 1.211735 2.385115
v 0.084556 1.141686 2.369615
v -0.024509 1.092944 2.470319
v 0.049695 1.239995 2.195966
v -0.011847 1.076230 2.315488
v 0.022193 1.227299 2.405667
v -0.024509 1.092944 2.470319
v 0.048068 1.259793 2.207081
v -0.071636 1.132230 2.326625
v 0.080680 1.187137 2.403422
v -0.024509 1.092944 2.470319
v 0.288228 1.156069 2.445608
v 0.093327 1.179555 2.525321
v 0.107845 1.056833 2.395548
v -0.024509 1.092944 2.470319
v 0.285929 1.166281 2.444820
v 0.078475 1.208879 2.451203
v 0.120857 1.035678 2.469035
v -0.024509 1.092944 2.470319
v 0.211379 1.306532 2.436603
v 0.109598 1.125007 2.396838
v 0.030095 1.231752 2.516827
v -0.024509 1.092944 2.470319
v 0.006709 1.292477 2.222101
v 0.018414 1.105248 2.320591
v -0.042458 1.240267 2.421472
v -0.024509 1.092944 2.470319
v 0.005289 1.311016 2.238033
v 0.059951 1.137506 2.346654
v -0.085130 1.222840 2.408155
v -0.024509 1.092944 2.470319
v 0.006615 1.293820 2.223175
v -0.011797 1.103749 2.314968
v -0.012322 1.242840 2.427954
v -0.066743 0.734470 2.487881
v -0.212129 0.969741 2.733986
v -0.074493 0.715938 2.501352
v -0.217709 0.956398 2.743686
v -0.060416 0.707005 2.518874
v -0.207574 0.949966 2.756301
v -0.038589 0.716604 2.522925
v -0.191858 0.956878 2.759218
v -0.030839 0.735136 2.509454
v -0.186278 0.970221 2.749518
v -0.044916 0.744070 2.491932
v -0.196414 0.976653 2.736903
v -0.201994 0.963310 2.746602
v -0.461072 0.784431 2.803879
v -0.354479 0.966051 2.780555
v -0.256771 0.817465 2.758471
v -0.201994 0.963310 2.746602
v -0.477673 0.833766 2.844680
v -0.329449 0.884658 2.702091
v -0.295082 0.938326 2.869576
v -0.201994 0.963310 2.746602
v -0.479627 0.923281 2.900607
v -0.271191 0.899208 2.871161
v -0.354903 0.995388 2.745247
v -0.201994 0.963310 2.746602
v -0.091286 1.152575 2.979674
v -0.073860 1.024513 2.811779
v -0.241561 1.053518 2.867882
v -0.201994 0.963310 2.746602
v -0.082612 1.149552 2.977820
v -0.237371 1.059135 2.864831
v -0.071111 1.016478 2.813348
v -0.201994 0.963310 2.746602
v 0.003780 1.106887 2.945204
v -0.057083 0.960210 2.804941
v -0.182286 1.081271 2.847145
v -0.201994 0.963310 2.746602
v -0.427074 1.126311 2.587953
v -0.351789 1.007735 2.746585
v -0.232263 1.049285 2.619700
v -0.201994 0.963310 2.746602
v -0.433640 1.145511 2.621932
v -0.333148 1.042444 2.777401
v -0.256156 1.029937 2.616067
v -0.201994 0.963310 2.746602
v -0.435993 1.175790 2.696641
v -0.356423 0.982834 2.733094
v -0.234764 1.113769 2.720142
v -0.201994 0.963310 2.746602
v -0.408850 1.045291 2.976579
v -0.351329 0.996239 2.778646
v -0.218144 0.995965 2.898539
v -0.201994 0.963310 2.746602
v -0.450459 0.930000 2.945488
v -0.284395 0.862253 2.832681
v -0.318364 1.037719 2.819631
v -0.201994 0.963310 2.746602
v -0.368197 1.108818 2.978127
v -0.344373 1.006971 2.793867
v -0.192577 1.036055 2.884557
v -0.052557 0.714629 2.526990
v 0.129298 1.005783 2.665609
v -0.034369 0.710934 2.511481
v 0.142394 1.003122 2.654443
v -0.034478 0.721842 2.489894
v 0.142316 1.010976 2.638900
v -0.052775 0.736445 2.483816
v 0.129142 1.021491 2.634524
v -0.070963 0.740141 2.499325
v 0.116046 1.024151 2.645690
v -0.070854 0.729233 2.520912
v 0.116124 1.016298 2.661233
v 0.129220 1.013637 2.650067
v 0.440798 0.949180 2.615943
v 0.271406 1.032721 2.711961
v 0.236296 0.942988 2.560873
v 0.129220 1.013637 2.650067
v 0.442813 1.071119 2.677546
v 0.246568 1.106996 2.606182
v 0.262747 0.966264 2.715935
v 0.129220 1.013637 2.650067
v 0.434966 0.929967 2.606264
v 0.268410 0.996640 2.718984
v 0.234627 0.963697 2.546107
v 0.129220 1.013637 2.650067
v 0.089466 1.325303 2.589373
v 0.099184 1.119657 2.539298
v 0.127453 1.156949 2.712280
v 0.129220 1.013637 2.650067
v -0.032158 1.235017 2.484695
v -0.012531 1.062498 2.606120
v 0.141869 1.141880 2.561716
v 0.129220 1.013637 2.650067
v 0.041299 1.303487 2.546836
v 0.148649 1.167528 2.668832
v 0.039454 1.091626 2.548716
v 0.129220 1.013637 2.650067
v 0.237127 1.027725 2.950995
v 0.099340 0.975730 2.798668
v 0.245426 1.062815 2.742208
v 0.129220 1.013637 2.650067
v 0.206768 0.958661 2.955622
v 0.243903 1.019290 2.756029
v 0.076576 0.964002 2.788548
v 0.129220 1.013637 2.650067
v 0.163095 0.877308 2.937585
v 0.054399 0.944764 2.768685
v 0.231141 0.973447 2.761463
v 0.129220 1.013637 2.650067
v 0.423149 1.125854 2.708487
v 0.271658 0.977812 2.703360
v 0.221926 1.139235 2.643509
v 0.129220 1.013637 2.650067
v 0.416764 1.138213 2.714866
v 0.213473 1.145103 2.655561
v 0.275003 0.981831 2.696412
v 0.129220 1.013637 2.650067
v 0.397556 1.168359 2.730421
v 0.266676 1.066879 2.598267
v 0.206433 1.084172 2.766149
v -0.028575 0.723626 2.506390
v -0.015913 1.054458 2.672061
v -0.039115 0.733890 2.487193
v -0.023502 1.061848 2.658239
v -0.063206 0.735802 2.486206
v -0.040847 1.063225 2.657528
v -0.076757 0.727449 2.504416
v -0.050603 1.057211 2.670639
v -0.066217 0.717184 2.523613
v -0.043015 1.049820 2.684461
v -0.042126 0.715273 2.524600
v -0.025669 1.048444 2.685172
v -0.033258 1.055834 2.671350
v -0.038186 1.327471 2.502266
v -0.093105 1.199875 2.662252
v 0.022647 1.129103 2.545182
v -0.033258 1.055834 2.671350
v -0.035415 1.345895 2.536221
v 0.055270 1.174973 2.622557
v -0.123512 1.168744 2.612040
v -0.033258 1.055834 2.671350
v -0.034118 1.353003 2.552649
v -0.010263 1.206849 2.704181
v -0.056942 1.142554 2.543558
v -0.033258 1.055834 2.671350
v -0.208012 1.167607 2.915005
v -0.032749 1.147896 2.797590
v -0.173571 1.053191 2.740034
v -0.033258 1.055834 2.671350
v -0.192353 1.192679 2.912933
v -0.112825 1.029767 2.803266
v -0.080967 1.191378 2.732701
v -0.033258 1.055834 2.671350
v -0.195860 1.187349 2.913558
v -0.068299 1.044338 2.823180
v -0.128299 1.172542 2.713287
v -0.033258 1.055834 2.671350
v 0.267777 1.158823 2.705573
v 0.095127 1.048782 2.760118
v 0.079185 1.145278 2.609961
v -0.033258 1.055834 2.671350
v 0.261698 1.172745 2.712977
v 0.100785 1.093288 2.600346
v 0.068663 1.111909 2.775657
v -0.033258 1.055834 2.671350
v 0.283071 1.103851 2.676854
v 0.097279 1.058742 2.585538
v 0.089268 1.091340 2.761566
v -0.033258 1.055834 2.671350
v 0.000232 1.362041 2.758046
v -0.009622 1.201527 2.620095
v -0.030102 1.155107 2.791962
v -0.033258 1.055834 2.671350
v 0.003973 1.357174 2.570314
v -0.107123 1.184165 2.621478
v 0.070392 1.168575 2.640394
v -0.033258 1.055834 2.671350
v 0.003179 1.373377 2.686819
v -0.051131 1.190625 2.594382
v 0.013765 1.175077 2.760693
v -0.081785 0.318675 2.279718
v -0.247168 0.345668 2.723799
v -0.082525 0.285158 2.281835
v -0.247701 0.321535 2.725323
v -0.055810 0.268471 2.293510
v -0.228466 0.309521 2.733729
v -0.028354 0.285302 2.303068
v -0.208698 0.321639 2.740611
v -0.027614 0.318819 2.300950
v -0.208165 0.345772 2.739086
v -0.054329 0.335506 2.289275
v -0.227400 0.357786 2.730680
v -0.247433 0.345182 2.723730
v -0.439176 0.220718 3.014935
v -0.243069 0.322330 2.717117
v -0.436034 0.204264 3.010174
v -0.223569 0.310801 2.725592
v -0.421994 0.195964 3.016276
v -0.208433 0.322125 2.740680
v -0.411096 0.204117 3.027139
v -0.212796 0.344977 2.747292
v -0.414238 0.220571 3.031900
v -0.232297 0.356505 2.738817
v -0.428278 0.228871 3.025798
v -0.425136 0.212418 3.021037
v -0.536848 -0.060644 2.897110
v -0.498371 0.147701 2.899133
v -0.441270 0.058685 3.043799
v -0.425136 0.212418 3.021037
v -0.573276 -0.067109 2.972877
v -0.546193 0.122860 3.062713
v -0.422592 0.078354 2.940833
v -0.425136 0.212418 3.021037
v -0.546022 -0.063850 2.913972
v -0.541193 0.108955 3.036477
v -0.405788 0.094866 2.919945
v -0.425136 0.212418 3.021037
v -0.355142 0.205848 3.333219
v -0.314611 0.180602 3.126792
v -0.479666 0.238977 3.165028
v -0.425136 0.212418 3.021037
v -0.336179 0.214758 3.328415
v -0.454492 0.272299 3.162333
v -0.324614 0.154408 3.125643
v -0.425136 0.212418 3.021037
v -0.286020 0.239254 3.307963
v -0.340097 0.304912 3.113910
v -0.398882 0.141392 3.157705
v -0.425136 0.212418 3.021037
v -0.727756 0.278557 2.940746
v -0.560689 0.272018 3.070891
v -0.531680 0.205728 2.906950
v -0.425136 0.212418 3.021037
v -0.737564 0.263341 2.974182
v -0.568290 0.193332 3.080659
v -0.531924 0.272242 2.923932
v -0.425136 0.212418 3.021037
v -0.719538 0.287516 2.920599
v -0.518150 0.328155 2.972402
v -0.567644 0.156759 2.989322
v -0.425136 0.212418 3.021037
v -0.620367 0.031191 3.198356
v -0.438899 0.078017 3.099518
v -0.567558 0.201836 3.084411
v -0.425136 0.212418 3.021037
v -0.621029 0.020769 3.186254
v -0.469749 0.167413 3.163853
v -0.537238 0.104103 3.010394
v -0.425136 0.212418 3.021037
v -0.621118 0.018280 3.183216
v -0.454120 0.064226 3.061179
v -0.552937 0.205299 3.110638
v -0.224386 0.309929 2.735300
v -0.195673 0.368664 3.099694
v -0.205508 0.324607 2.731671
v -0.182081 0.379231 3.097081
v -0.209055 0.348331 2.728576
v -0.184635 0.396313 3.094853
v -0.231479 0.357377 2.729110
v -0.200780 0.402826 3.095237
v -0.250358 0.342700 2.732738
v -0.214373 0.392258 3.097850
v -0.246811 0.318976 2.735833
v -0.211819 0.375177 3.100078
v -0.198227 0.385745 3.097465
v -0.146673 0.148912 3.306397
v -0.187134 0.230915 3.115267
v -0.168076 0.351108 3.246809
v -0.198227 0.385745 3.097465
v -0.146714 0.151288 3.309070
v -0.173828 0.352398 3.248147
v -0.181415 0.231526 3.116067
v -0.198227 0.385745 3.097465
v -0.149269 0.211020 3.361045
v -0.120784 0.377336 3.232906
v -0.236503 0.254374 3.172889
v -0.198227 0.385745 3.097465
v 0.031774 0.456636 3.308354
v -0.129350 0.342856 3.230990
v -0.083103 0.485347 3.132652
v -0.198227 0.385745 3.097465
v 0.068547 0.454309 3.260348
v -0.042387 0.374554 3.098407
v -0.140648 0.451787 3.226830
v -0.198227 0.385745 3.097465
v -0.098260 0.450870 3.394392
v -0.233860 0.457294 3.231716
v -0.082621 0.366295 3.200757
v -0.215867 0.354363 2.735449
v -0.505488 0.485478 2.925148
v -0.230096 0.351561 2.716092
v -0.515733 0.483461 2.911211
v -0.242162 0.330852 2.712848
v -0.524421 0.468550 2.908876
v -0.239999 0.312944 2.728961
v -0.522863 0.455656 2.920477
v -0.225769 0.315745 2.748317
v -0.512618 0.457673 2.934413
v -0.213704 0.336455 2.751561
v -0.503930 0.472584 2.936749
v -0.514176 0.470567 2.922812
v -0.514176 0.470567 2.922812
v -0.744575 0.619582 2.758160
v -0.636166 0.567694 2.932651
v -0.576505 0.492653 2.781251
v -0.514176 0.470567 2.922812
v -0.689942 0.597631 2.687523
v -0.625899 0.574135 2.888119
v -0.543065 0.468650 2.769274
v -0.514176 0.470567 2.922812
v -0.753756 0.622671 2.774942
v -0.645336 0.553009 2.943122
v -0.574680 0.509808 2.784206
v -0.514176 0.470567 2.922812
v -0.684914 0.335985 3.157623
v -0.654487 0.415129 2.963452
v -0.510455 0.418339 3.070021
v -0.514176 0.470567 2.922812
v -0.651967 0.293255 3.150790
v -0.649208 0.412226 2.975489
v -0.489377 0.387058 3.052517
v -0.514176 0.470567 2.922812
v -0.604338 0.246360 3.132579
v -0.464353 0.359781 3.021079
v -0.636127 0.401987 2.992359
v -0.514176 0.470567 2.922812
v -0.548410 0.749775 3.075361
v -0.494160 0.545667 3.058354
v -0.561579 0.618833 2.909309
v -0.514176 0.470567 2.922812
v -0.441964 0.761308 3.035307
v -0.563742 0.617988 2.937729
v -0.406840 0.555739 2.997891
v -0.514176 0.470567 2.922812
v -0.584806 0.737315 3.084851
v -0.622079 0.580999 2.946764
v -0.462776 0.573533 3.028492
v -0.247177 0.345671 2.723825
v -0.367104 0.382848 3.072096
v -0.248076 0.321630 2.726317
v -0.367751 0.365538 3.073890
v -0.228832 0.309612 2.734697
v -0.353895 0.356886 3.079924
v -0.208688 0.321636 2.740585
v -0.339392 0.365543 3.084163
v -0.207790 0.345677 2.738093
v -0.338745 0.382852 3.082369
v -0.227034 0.357694 2.729713
v -0.352601 0.391505 3.076335
v -0.353248 0.374195 3.078129
v -0.480532 0.082115 3.107922
v -0.361807 0.231303 3.015514
v -0.446517 0.283423 3.164579
v -0.353248 0.374195 3.078129
v -0.500311 0.110239 3.183484
v -0.487193 0.315675 3.133323
v -0.336953 0.221551 3.107219
v -0.353248 0.374195 3.078129
v -0.510443 0.159263 3.255595
v -0.482835 0.287624 3.089301
v -0.349417 0.288821 3.208930
v -0.353248 0.374195 3.078129
v -0.228605 0.428401 3.367829
v -0.222526 0.372019 3.163681
v -0.384256 0.419737 3.224337
v -0.353248 0.374195 3.078129
v -0.223560 0.428512 3.365585
v -0.277838 0.309655 3.198794
v -0.324908 0.482189 3.187429
v -0.353248 0.374195 3.078129
v -0.227334 0.428431 3.367273
v -0.279927 0.478654 3.168266
v -0.325838 0.313125 3.219308
v -0.353248 0.374195 3.078129
v -0.631069 0.489064 3.187768
v -0.506586 0.347281 3.091363
v -0.422166 0.493004 3.152607
v -0.353248 0.374195 3.078129
v -0.641107 0.494850 3.148697
v -0.461367 0.390444 3.189747
v -0.475416 0.454470 3.022966
v -0.353248 0.374195 3.078129
v -0.644101 0.496816 3.130745
v -0.432666 0.502600 3.118342
v -0.506512 0.343887 3.080010
v -0.353248 0.374195 3.078129
v -0.546593 0.204217 3.268194
v -0.482159 0.378458 3.166311
v -0.379014 0.233950 3.142000
v -0.353248 0.374195 3.078129
v -0.525551 0.285029 3.332611
v -0.451334 0.266695 3.135006
v -0.393005 0.410363 3.224838
v -0.353248 0.374195 3.078129
v -0.520575 0.298538 3.340194
v -0.350965 0.295762 3.213241
v -0.489392 0.392103 3.152669
v -0.056029 0.273666 2.309430
v 0.132935 0.510923 2.674519
v -0.028869 0.280968 2.291060
v 0.152490 0.516180 2.661292
v -0.027910 0.309290 2.273023
v 0.153181 0.536573 2.648305
v -0.054110 0.330311 2.273355
v 0.134317 0.551708 2.648545
v -0.081270 0.323009 2.291726
v 0.114761 0.546451 2.661771
v -0.082230 0.294687 2.309763
v 0.114070 0.526058 2.674758
v 0.134254 0.510620 2.674033
v 0.462215 0.612174 2.812546
v 0.143617 0.511579 2.651753
v 0.468957 0.612864 2.796504
v 0.142988 0.532274 2.639252
v 0.468504 0.627765 2.787503
v 0.132997 0.552011 2.649030
v 0.461310 0.641975 2.794544
v 0.123634 0.551052 2.671310
v 0.454569 0.641285 2.810585
v 0.124263 0.530357 2.683812
v 0.455021 0.626384 2.819587
v 0.461763 0.627074 2.803545
v 0.588435 0.395443 2.984379
v 0.431885 0.495792 2.882820
v 0.592978 0.573052 2.868938
v 0.461763 0.627074 2.803545
v 0.629789 0.430147 2.991658
v 0.593609 0.609978 2.885621
v 0.464338 0.486629 2.871959
v 0.461763 0.627074 2.803545
v 0.547544 0.369655 2.973182
v 0.410961 0.512546 2.896896
v 0.581189 0.535668 2.845903
v 0.461763 0.627074 2.803545
v 0.772455 0.673405 2.864566
v 0.588855 0.709449 2.765149
v 0.583225 0.581764 2.890758
v 0.461763 0.627074 2.803545
v 0.780859 0.645858 2.818545
v 0.583488 0.722634 2.825068
v 0.595313 0.546541 2.794022
v 0.461763 0.627074 2.803545
v 0.771585 0.592801 2.731189
v 0.563448 0.566446 2.701582
v 0.607935 0.660284 2.847623
v 0.148326 0.543362 2.646574
v 0.162844 0.818747 2.893575
v 0.124377 0.546342 2.644990
v 0.145600 0.820893 2.892435
v 0.109676 0.534296 2.659948
v 0.135015 0.812219 2.903205
v 0.118925 0.519269 2.676490
v 0.141675 0.801400 2.915115
v 0.142875 0.516288 2.678074
v 0.158919 0.799254 2.916255
v 0.157575 0.528335 2.663115
v 0.169503 0.807928 2.905485
v 0.152259 0.810074 2.904345
v 0.319286 1.082849 2.894560
v 0.247413 0.904834 2.984210
v 0.190727 0.933534 2.816652
v 0.152259 0.810074 2.904345
v 0.343857 1.053861 2.825237
v 0.233968 0.931570 2.958884
v 0.223828 0.883608 2.786520
v 0.152259 0.810074 2.904345
v 0.306540 1.089830 2.922609
v 0.281234 0.888049 2.863144
v 0.146709 0.955903 2.960157
v 0.152259 0.810074 2.904345
v 0.053281 1.082603 3.039737
v 0.044814 0.875208 2.997217
v 0.180522 0.962962 2.919787
v 0.152259 0.810074 2.904345
v 0.095510 1.074431 3.075501
v 0.081929 0.949593 2.904846
v 0.177190 0.882040 3.040768
v 0.152259 0.810074 2.904345
v 0.103768 1.071954 3.081734
v 0.151021 0.966313 2.904254
v 0.114705 0.863339 3.046347
v 0.111585 0.538744 2.668165
v 0.235609 0.574862 3.015110
v 0.117135 0.515214 2.668867
v 0.239605 0.557920 3.015615
v 0.139176 0.507785 2.662233
v 0.255474 0.552572 3.010839
v 0.155666 0.523886 2.654898
v 0.267347 0.564165 3.005558
v 0.150116 0.547417 2.654197
v 0.263351 0.581107 3.005053
v 0.128075 0.554846 2.660830
v 0.247481 0.586456 3.009829
v 0.251478 0.569514 3.010334
v 0.232894 0.357646 3.249430
v 0.186105 0.435911 3.058177
v 0.301983 0.533622 3.153768
v 0.251478 0.569514 3.010334
v 0.238952 0.366563 3.257425
v 0.166832 0.458671 3.080771
v 0.326103 0.517995 3.137571
v 0.251478 0.569514 3.010334
v 0.245182 0.376068 3.265166
v 0.184648 0.542582 3.148973
v 0.313271 0.441689 3.075561
v 0.251478 0.569514 3.010334
v 0.519877 0.724332 3.090291
v 0.312092 0.683643 3.098156
v 0.405583 0.579239 2.986478
v 0.251478 0.569514 3.010334
v 0.510447 0.734730 2.920677
v 0.302779 0.694018 2.931094
v 0.407352 0.577182 3.017849
v 0.251478 0.569514 3.010334
v 0.523504 0.728928 3.065006
v 0.402281 0.582422 2.971554
v 0.318295 0.684137 3.092851
v 0.251478 0.569514 3.010334
v 0.123018 0.672316 3.284797
v 0.258478 0.678575 3.121998
v 0.141710 0.542694 3.118241
v 0.251478 0.569514 3.010334
v 0.065125 0.682499 3.244657
v 0.104347 0.585445 3.060444
v 0.249526 0.643971 3.147682
v 0.251478 0.569514 3.010334
v 0.137335 0.669233 3.292163
v 0.275437 0.571367 3.164719
v 0.136204 0.647436 3.081412
v 0.251478 0.569514 3.010334
v 0.323900 0.526649 3.319070
v 0.362393 0.524449 3.110730
v 0.198501 0.580287 3.156927
v 0.251478 0.569514 3.010334
v 0.272277 0.402496 3.282497
v 0.266585 0.579085 3.165551
v 0.253010 0.426329 3.072847
v 0.251478 0.569514 3.010334
v 0.261742 0.381925 3.269381
v 0.223794 0.426036 3.065650
v 0.287373 0.562921 3.162256
v 0.133135 0.511148 2.674875
v 0.292514 0.698468 2.951582
v 0.152284 0.515939 2.660898
v 0.306302 0.701918 2.941518
v 0.152775 0.536106 2.647555
v 0.306655 0.716438 2.931912
v 0.134116 0.551483 2.648189
v 0.293220 0.727509 2.932368
v 0.114967 0.546692 2.662166
v 0.279433 0.724060 2.942431
v 0.114476 0.526525 2.675508
v 0.279080 0.709539 2.952038
v 0.292867 0.712989 2.941975
v 0.601170 0.740627 3.023128
v 0.435859 0.749847 2.890917
v 0.396517 0.698240 3.057955
v 0.292867 0.712989 2.941975
v 0.610622 0.709201 2.979628
v 0.426070 0.789490 2.913398
v 0.413868 0.633456 3.000674
v 0.292867 0.712989 2.941975
v 0.610243 0.711493 2.982844
v 0.411553 0.772019 3.024687
v 0.428083 0.652762 2.891958
v 0.292867 0.712989 2.941975
v 0.281892 0.998383 3.086300
v 0.363837 0.851295 2.957683
v 0.213117 0.802997 3.041727
v 0.292867 0.712989 2.941975
v 0.218690 1.013559 3.022940
v 0.324946 0.830978 3.039246
v 0.201447 0.835456 2.909475
v 0.292867 0.712989 2.941975
v 0.267535 1.003831 3.073006
v 0.209796 0.802801 3.039161
v 0.355672 0.855850 2.949614
v 0.292867 0.712989 2.941975
v 0.320415 0.515170 3.191993
v 0.302443 0.563527 2.986492
v 0.305330 0.704196 3.097473
v 0.292867 0.712989 2.941975
v 0.342566 0.556671 3.216738
v 0.282673 0.721369 3.097660
v 0.342820 0.579554 3.006100
v 0.292867 0.712989 2.941975
v 0.345360 0.562416 3.219414
v 0.399085 0.638631 3.029158
v 0.228644 0.666888 3.076742
v 0.292867 0.712989 2.941975
v 0.583137 0.785041 3.055782
v 0.390011 0.698234 3.063456
v 0.427940 0.785386 2.911540
v 0.292867 0.712989 2.941975
v 0.526688 0.832722 3.124709
v 0.375311 0.693680 3.073285
v 0.397480 0.828084 2.956852
v 0.292867 0.712989 2.941975
v 0.587370 0.779643 3.047923
v 0.433455 0.768726 2.902724
v 0.387882 0.710575 3.065985
v -0.021611 0.302562 2.294335
v -0.070301 0.559283 2.690582
v -0.037376 0.326731 2.277138
v -0.081651 0.576685 2.678200
v -0.070834 0.326158 2.274195
v -0.105741 0.576272 2.676081
v -0.088528 0.301416 2.288450
v -0.118481 0.558458 2.686345
v -0.072763 0.277246 2.305647
v -0.107130 0.541056 2.698727
v -0.039305 0.277819 2.308590
v -0.083040 0.541468 2.700846
v -0.094391 0.558870 2.688463
v -0.070340 0.558621 2.691007
v -0.092669 0.882190 2.869506
v -0.080336 0.568923 2.671540
v -0.099866 0.889607 2.855490
v -0.104387 0.569172 2.668997
v -0.117183 0.889787 2.853659
v -0.118442 0.559120 2.685920
v -0.127303 0.882549 2.865844
v -0.108445 0.548818 2.705387
v -0.120105 0.875131 2.879859
v -0.084394 0.548568 2.707930
v -0.102789 0.874952 2.881690
v -0.109986 0.882369 2.867675
v -0.309213 0.938310 3.111763
v -0.154252 0.835672 3.010054
v -0.225101 0.973819 2.920566
v -0.109986 0.882369 2.867675
v -0.337183 0.826465 3.085978
v -0.166776 0.924522 3.006995
v -0.234954 0.795493 2.902996
v -0.109986 0.882369 2.867675
v -0.320269 0.906302 3.107692
v -0.256007 0.922225 2.906423
v -0.132191 0.861659 3.020940
v -0.109986 0.882369 2.867675
v 0.121521 1.086846 2.951302
v 0.042787 0.897932 2.896490
v -0.077553 1.030389 2.905761
v -0.109986 0.882369 2.867675
v 0.133855 1.075249 2.943431
v 0.030962 0.933707 2.823969
v -0.055862 0.985336 2.971985
v -0.109986 0.882369 2.867675
v 0.205893 0.932264 2.856218
v 0.025374 0.863745 2.943456
v 0.007356 0.940909 2.782727
v -0.109986 0.882369 2.867675
v -0.089701 1.197570 2.816324
v -0.177131 1.005387 2.798607
v -0.026613 1.011512 2.895661
v -0.109986 0.882369 2.867675
v -0.086971 1.188400 2.777034
v -0.140040 0.984637 2.753437
v -0.061520 1.024925 2.909399
v -0.109986 0.882369 2.867675
v -0.094160 1.201918 2.873828
v -0.129039 1.009791 2.956064
v -0.078272 1.010586 2.784208
v -0.108784 0.574509 2.676921
v -0.281203 0.641967 2.997512
v -0.115140 0.551237 2.678655
v -0.285778 0.625211 2.998761
v -0.100746 0.535598 2.690198
v -0.275415 0.613952 3.007071
v -0.079997 0.543231 2.700006
v -0.260476 0.619448 3.014133
v -0.073642 0.566504 2.698272
v -0.255900 0.636203 3.012885
v -0.088036 0.582142 2.686729
v -0.266263 0.647463 3.004574
v -0.270839 0.630707 3.005823
v -0.270839 0.630707 3.005823
v -0.504682 0.475374 3.159411
v -0.303398 0.527060 3.118114
v -0.425355 0.610088 3.016401
v -0.270839 0.630707 3.005823
v -0.463179 0.375153 2.995963
v -0.277937 0.476764 2.980069
v -0.417613 0.580207 3.023689
v -0.270839 0.630707 3.005823
v -0.503852 0.453192 3.134638
v -0.303551 0.498616 3.082594
v -0.424537 0.620787 3.032103
v -0.270839 0.630707 3.005823
v -0.053989 0.638054 3.241029
v -0.118482 0.623618 3.039722
v -0.249716 0.643673 3.160088
v -0.270839 0.630707 3.005823
v -0.008371 0.624036 3.188759
v -0.201121 0.561224 3.127163
v -0.130582 0.694854 3.030831
v -0.270839 0.630707 3.005823
v -0.033160 0.632099 3.220081
v -0.174512 0.720834 3.089552
v -0.177022 0.541695 3.093500
v -0.270839 0.630707 3.005823
v -0.520120 0.830200 3.027318
v -0.360619 0.732220 2.928061
v -0.380483 0.688789 3.100780
v -0.270839 0.630707 3.005823
v -0.520735 0.827077 3.043118
v -0.425093 0.646619 2.986728
v -0.316502 0.771891 3.054754
v -0.270839 0.630707 3.005823
v -0.520792 0.826163 3.047302
v -0.426428 0.638799 3.017597
v -0.315212 0.778980 3.027232
v -0.066653 0.009491 1.778488
v -0.357214 -0.266653 2.236353
v -0.073455 -0.028330 1.752028
v -0.362111 -0.293883 2.217302
v -0.042175 -0.062946 1.752332
v -0.339590 -0.318807 2.217521
v -0.004094 -0.059741 1.779096
v -0.312171 -0.316500 2.236791
v 0.002708 -0.021921 1.805557
v -0.307274 -0.289269 2.255843
v -0.028572 0.012695 1.805253
v -0.329796 -0.264346 2.255624
v -0.327818 -0.321750 2.223505
v -0.281413 -0.491595 2.664285
v -0.302934 -0.300026 2.229614
v -0.263496 -0.475954 2.668684
v -0.309809 -0.269853 2.242682
v -0.268446 -0.454229 2.678092
v -0.341567 -0.261403 2.249640
v -0.291313 -0.448145 2.683102
v -0.366452 -0.283126 2.243530
v -0.309229 -0.463786 2.678704
v -0.359577 -0.313300 2.230463
v -0.304279 -0.485511 2.669295
v -0.278702 -0.490803 2.664308
v -0.075032 -0.544908 2.968691
v -0.266436 -0.470408 2.659996
v -0.066202 -0.530224 2.965586
v -0.274098 -0.449475 2.669381
v -0.071718 -0.515152 2.972344
v -0.294024 -0.448937 2.683079
v -0.086065 -0.514764 2.982206
v -0.306289 -0.469332 2.687392
v -0.094896 -0.529448 2.985311
v -0.298628 -0.490265 2.678006
v -0.089379 -0.544521 2.978554
v -0.080549 -0.529836 2.975449
v 0.222750 -0.452960 3.042530
v 0.043854 -0.447426 2.929138
v 0.037688 -0.550745 3.075424
v -0.080549 -0.529836 2.975449
v 0.223797 -0.434200 3.000499
v 0.033287 -0.489805 3.074702
v 0.049092 -0.493358 2.896236
v -0.080549 -0.529836 2.975449
v 0.202696 -0.399286 2.903831
v -0.004790 -0.433760 2.878278
v 0.070289 -0.521473 3.015326
v -0.080549 -0.529836 2.975449
v 0.129042 -0.766952 2.928038
v -0.048063 -0.679777 3.005021
v 0.054638 -0.569588 2.907948
v -0.080549 -0.529836 2.975449
v 0.091670 -0.768080 2.849035
v 0.001078 -0.659343 3.006710
v -0.024400 -0.590925 2.843056
v -0.080549 -0.529836 2.975449
v 0.142331 -0.759402 2.970536
v 0.048122 -0.584824 3.044964
v -0.030915 -0.658501 2.902004
v -0.080549 -0.529836 2.975449
v 0.192900 -0.514794 3.140977
v -0.001298 -0.451324 3.084844
v 0.058960 -0.596315 2.998476
v -0.080549 -0.529836 2.975449
v 0.180121 -0.528921 3.161057
v 0.048307 -0.608578 3.015551
v -0.000868 -0.450362 3.083833
v -0.080549 -0.529836 2.975449
v 0.214902 -0.481896 3.088633
v 0.006023 -0.448384 3.076854
v 0.069240 -0.572936 2.964591
v -0.309715 -0.476167 2.673707
v -0.225959 -0.760274 2.895802
v -0.294775 -0.485156 2.656944
v -0.215202 -0.766745 2.883732
v -0.271423 -0.478858 2.656931
v -0.198389 -0.762211 2.883722
v -0.263011 -0.463573 2.673681
v -0.192332 -0.751205 2.895782
v -0.277950 -0.454584 2.690444
v -0.203088 -0.744734 2.907852
v -0.301302 -0.460882 2.690457
v -0.219902 -0.749268 2.907861
v -0.209145 -0.755739 2.895792
v 0.007445 -0.690992 3.122279
v -0.153126 -0.798408 3.035268
v -0.091892 -0.661273 2.937506
v -0.209145 -0.755739 2.895792
v 0.006244 -0.703636 3.126644
v -0.132141 -0.646500 2.976720
v -0.113838 -0.823296 2.999546
v -0.209145 -0.755739 2.895792
v 0.008706 -0.665830 3.112257
v -0.185536 -0.717888 3.045532
v -0.058474 -0.721662 2.919224
v -0.209145 -0.755739 2.895792
v -0.381578 -0.982018 3.042301
v -0.238301 -0.826261 3.032133
v -0.317936 -0.866241 2.876658
v -0.209145 -0.755739 2.895792
v -0.492834 -0.889381 2.959513
v -0.305268 -0.874230 2.862140
v -0.339973 -0.744162 2.980421
v -0.209145 -0.755739 2.895792
v -0.500026 -0.877647 2.949893
v -0.294469 -0.886581 2.899308
v -0.356526 -0.722424 2.935557
v -0.209145 -0.755739 2.895792
v -0.120139 -1.024867 3.044279
v -0.256934 -0.873829 2.986253
v -0.090152 -0.852952 2.924120
v -0.209145 -0.755739 2.895792
v -0.113381 -1.060559 2.913523
v -0.221449 -0.897707 2.831714
v -0.120230 -0.857627 2.974055
v -0.209145 -0.755739 2.895792
v -0.120369 -1.023936 3.046089
v -0.184777 -0.822391 3.034989
v -0.162492 -0.903645 2.876832
v -0.281494 -0.491119 2.663218
v -0.255415 -0.643312 2.999692
v -0.263470 -0.476023 2.668893
v -0.242438 -0.632442 3.003778
v -0.268339 -0.454773 2.679369
v -0.245944 -0.617143 3.011320
v -0.291232 -0.448620 2.684169
v -0.262426 -0.612713 3.014777
v -0.309256 -0.463717 2.678494
v -0.275404 -0.623582 3.010691
v -0.304387 -0.484967 2.668019
v -0.271898 -0.638882 3.003149
v -0.258921 -0.628012 3.007235
v -0.258921 -0.628012 3.007235
v -0.049913 -0.683094 3.243205
v -0.155579 -0.729655 3.065556
v -0.195056 -0.570435 3.137689
v -0.258921 -0.628012 3.007235
v 0.032044 -0.606395 3.138659
v -0.113656 -0.573663 2.988352
v -0.171414 -0.665068 3.131257
v -0.258921 -0.628012 3.007235
v 0.033888 -0.603505 3.133972
v -0.177860 -0.608558 3.139382
v -0.105734 -0.627860 2.976477
v -0.258921 -0.628012 3.007235
v -0.515677 -0.549044 3.181132
v -0.308936 -0.581103 3.147627
v -0.414311 -0.611747 3.005959
v -0.258921 -0.628012 3.007235
v -0.482253 -0.591185 3.233435
v -0.287266 -0.631234 3.160852
v -0.409242 -0.595329 3.034577
v -0.258921 -0.628012 3.007235
v -0.510093 -0.557169 3.192420
v -0.414712 -0.617718 3.013176
v -0.304067 -0.581632 3.149441
v -0.258921 -0.628012 3.007235
v -0.114736 -0.904161 2.934072
v -0.271766 -0.762046 2.927975
v -0.130728 -0.714897 3.027964
v -0.258921 -0.628012 3.007235
v -0.122713 -0.916705 3.029683
v -0.259575 -0.764254 3.083719
v -0.149301 -0.722724 2.948709
v -0.258921 -0.628012 3.007235
v -0.147303 -0.898413 3.136945
v -0.284904 -0.738914 3.114182
v -0.143643 -0.733431 3.004056
v -0.357090 -0.266543 2.236175
v -0.594601 -0.486154 2.583518
v -0.361600 -0.293429 2.216547
v -0.597849 -0.505512 2.569386
v -0.339203 -0.318462 2.216944
v -0.581723 -0.523536 2.569672
v -0.312296 -0.316610 2.236969
v -0.562350 -0.522202 2.584090
v -0.307785 -0.289724 2.256598
v -0.559102 -0.502844 2.598222
v -0.330182 -0.264691 2.256200
v -0.575228 -0.484820 2.597936
v -0.593706 -0.485406 2.584605
v -0.866194 -0.719069 2.675207
v -0.590508 -0.497509 2.563911
v -0.863892 -0.727784 2.660307
v -0.575278 -0.516282 2.563110
v -0.852926 -0.741300 2.659730
v -0.563246 -0.522950 2.583003
v -0.844263 -0.746101 2.674053
v -0.566443 -0.510846 2.603698
v -0.846566 -0.737386 2.688953
v -0.581673 -0.492074 2.604499
v -0.857531 -0.723870 2.689530
v -0.855229 -0.732585 2.674630
v -0.855229 -0.732585 2.674630
v -0.996192 -0.809650 2.397880
v -0.969162 -0.695528 2.574339
v -0.854067 -0.831294 2.553521
v -0.855229 -0.732585 2.674630
v -1.045296 -0.854283 2.447773
v -0.955497 -0.698446 2.559769
v -0.907014 -0.864082 2.608005
v -0.855229 -0.732585 2.674630
v -1.084038 -0.893383 2.519097
v -0.926726 -0.752603 2.537154
v -0.966779 -0.841206 2.687679
v -0.855229 -0.732585 2.674630
v -0.779654 -0.892267 2.941445
v -0.782058 -0.724216 2.812428
v -0.867939 -0.868699 2.750284
v -0.855229 -0.732585 2.674630
v -0.816850 -0.910775 2.937642
v -0.916693 -0.846471 2.762175
v -0.763061 -0.761251 2.797494
v -0.855229 -0.732585 2.674630
v -0.880013 -0.934770 2.921423
v -0.813640 -0.872626 2.730047
v -0.916646 -0.754292 2.816647
v -0.855229 -0.732585 2.674630
v -1.160527 -0.647273 2.718386
v -1.004193 -0.774922 2.653907
v -0.950503 -0.621999 2.730358
v -0.855229 -0.732585 2.674630
v -1.160208 -0.645998 2.718112
v -0.971773 -0.722020 2.778157
v -0.982667 -0.673880 2.605888
v -0.855229 -0.732585 2.674630
v -1.138861 -0.587411 2.704251
v -0.995951 -0.712165 2.609881
v -0.941412 -0.636867 2.763075
v -0.575516 -0.525520 2.572815
v -0.607544 -0.691802 2.902029
v -0.556282 -0.513392 2.581060
v -0.593696 -0.683070 2.907966
v -0.559242 -0.492051 2.592049
v -0.595827 -0.667704 2.915878
v -0.581435 -0.482836 2.594793
v -0.611806 -0.661070 2.917853
v -0.600669 -0.494963 2.586548
v -0.625654 -0.669801 2.911917
v -0.597709 -0.516305 2.575559
v -0.623523 -0.685167 2.904005
v -0.609675 -0.676436 2.909941
v -0.424506 -0.765678 3.155192
v -0.519522 -0.790364 2.967430
v -0.551693 -0.633902 3.048653
v -0.609675 -0.676436 2.909941
v -0.449117 -0.776895 3.167873
v -0.498833 -0.640106 3.013895
v -0.592071 -0.793132 3.012333
v -0.609675 -0.676436 2.909941
v -0.329404 -0.700090 3.062547
v -0.454880 -0.659906 2.896616
v -0.540253 -0.711888 3.045351
v -0.609675 -0.676436 2.909941
v -0.853069 -0.549714 3.074566
v -0.674219 -0.660923 3.051383
v -0.739847 -0.590571 2.900200
v -0.609675 -0.676436 2.909941
v -0.825670 -0.614495 3.137779
v -0.630412 -0.645963 3.061775
v -0.761734 -0.657356 2.940377
v -0.609675 -0.676436 2.909941
v -0.849512 -0.561151 3.087671
v -0.763846 -0.651915 2.916454
v -0.647374 -0.608728 3.045612
v -0.609675 -0.676436 2.909941
v -0.548005 -0.985525 2.965261
v -0.606368 -0.819514 2.847252
v -0.563646 -0.780629 3.016886
v -0.609675 -0.676436 2.909941
v -0.525324 -0.980701 2.857907
v -0.624242 -0.823678 2.960138
v -0.527627 -0.772605 2.818118
v -0.609675 -0.676436 2.909941
v -0.557165 -0.979100 2.999589
v -0.660042 -0.823895 2.898496
v -0.517300 -0.771108 2.993105
v -0.609675 -0.676436 2.909941
v -0.555932 -0.828206 3.186487
v -0.542526 -0.666158 3.050645
v -0.633830 -0.808129 2.990474
v -0.609675 -0.676436 2.909941
v -0.513836 -0.818391 3.180244
v -0.593646 -0.813051 2.984045
v -0.549033 -0.653384 3.052080
v -0.609675 -0.676436 2.909941
v -0.428154 -0.787633 3.148866
v -0.467925 -0.729193 2.949129
v -0.606209 -0.712636 3.061894
v -0.565171 -0.492508 2.600290
v -0.860687 -0.484462 2.823142
v -0.577598 -0.480007 2.583728
v -0.869635 -0.475462 2.811217
v -0.590902 -0.491678 2.567242
v -0.879214 -0.483865 2.799347
v -0.591780 -0.515848 2.567318
v -0.879846 -0.501267 2.799402
v -0.579353 -0.528348 2.583881
v -0.870898 -0.510267 2.811327
v -0.566049 -0.516678 2.600367
v -0.861319 -0.501865 2.823197
v -0.870267 -0.492865 2.811272
v -1.036070 -0.244599 2.696061
v -0.868957 -0.374133 2.709717
v -1.004218 -0.412984 2.820658
v -0.870267 -0.492865 2.811272
v -1.105197 -0.277121 2.785534
v -0.920917 -0.352603 2.857891
v -1.007560 -0.460531 2.744062
v -0.870267 -0.492865 2.811272
v -1.022577 -0.242450 2.682842
v -0.872034 -0.391223 2.692621
v -0.990348 -0.394175 2.827179
v -0.870267 -0.492865 2.811272
v -0.955118 -0.800101 2.839660
v -0.952471 -0.595706 2.895405
v -0.855943 -0.635813 2.749849
v -0.870267 -0.492865 2.811272
v -1.020297 -0.762926 2.894684
v -1.001974 -0.575726 2.797153
v -0.858583 -0.626053 2.892121
v -0.870267 -0.492865 2.811272
v -0.969305 -0.794504 2.851334
v -0.835433 -0.643277 2.787296
v -0.984331 -0.583764 2.867297
v -0.870267 -0.492865 2.811272
v -0.710549 -0.334462 3.038866
v -0.765883 -0.380083 2.839494
v -0.846876 -0.478925 2.965125
v -0.870267 -0.492865 2.811272
v -0.738254 -0.335248 3.056485
v -0.837966 -0.351842 2.870275
v -0.796957 -0.507794 2.948440
v -0.870267 -0.492865 2.811272
v -0.820575 -0.345860 3.091130
v -0.761883 -0.441453 2.911382
v -0.938897 -0.426672 2.935048
v -0.870267 -0.492865 2.811272
v -1.128793 -0.339097 2.920448
v -1.026300 -0.485891 2.807139
v -0.921054 -0.376825 2.902746
v -0.870267 -0.492865 2.811272
v -1.133251 -0.373172 2.948796
v -0.966061 -0.369655 2.818691
v -0.984860 -0.520320 2.913872
v -0.870267 -0.492865 2.811272
v -1.127769 -0.334561 2.916308
v -1.011236 -0.437730 2.772543
v -0.935299 -0.421357 2.934030
v -0.594416 -0.485995 2.583283
v -0.794103 -0.662708 2.840101
v -0.597156 -0.504908 2.568458
v -0.796076 -0.676325 2.829427
v -0.581215 -0.523091 2.568979
v -0.784599 -0.689416 2.829802
v -0.562535 -0.522361 2.584325
v -0.771149 -0.688891 2.840851
v -0.559795 -0.503448 2.599150
v -0.769176 -0.675274 2.851525
v -0.575736 -0.485265 2.598629
v -0.780653 -0.662182 2.851150
v -0.782626 -0.675799 2.840476
v -0.956607 -0.894011 2.683906
v -0.921451 -0.747036 2.832413
v -0.782985 -0.779132 2.723282
v -0.782626 -0.675799 2.840476
v -0.967611 -0.901177 2.708622
v -0.890578 -0.785254 2.868372
v -0.822662 -0.746647 2.707097
v -0.782626 -0.675799 2.840476
v -0.964207 -0.899048 2.700518
v -0.885616 -0.703997 2.726414
v -0.824901 -0.826201 2.842571
v -0.782626 -0.675799 2.840476
v -0.602309 -0.815847 3.064691
v -0.777944 -0.724877 2.988738
v -0.643054 -0.738760 2.871586
v -0.782626 -0.675799 2.840476
v -0.672150 -0.836746 3.094033
v -0.818489 -0.779118 2.952061
v -0.658382 -0.701238 2.931736
v -0.782626 -0.675799 2.840476
v -0.657438 -0.833293 3.089320
v -0.796232 -0.801371 2.932447
v -0.668869 -0.676223 2.947580
v -0.782626 -0.675799 2.840476
v -1.046486 -0.496704 2.866989
v -0.907970 -0.620628 2.765262
v -0.868370 -0.587694 2.936900
v -0.782626 -0.675799 2.840476
v -1.053340 -0.510170 2.881471
v -0.863150 -0.549271 2.796673
v -0.918674 -0.669824 2.917075
v -0.782626 -0.675799 2.840476
v -1.068512 -0.615366 2.970925
v -0.866623 -0.679642 2.972164
v -0.927338 -0.623609 2.813147
v -0.782626 -0.675799 2.840476
v -0.996048 -0.846755 3.006683
v -0.813548 -0.742980 2.978108
v -0.922442 -0.745383 2.835809
v -0.782626 -0.675799 2.840476
v -1.027120 -0.880228 2.869309
v -0.822995 -0.826344 2.851377
v -0.937852 -0.688798 2.852641
v -0.782626 -0.675799 2.840476
v -1.007314 -0.857792 2.977567
v -0.934611 -0.687356 2.874816
v -0.810391 -0.809837 2.915809
v -0.030298 -0.071487 1.777527
v 0.291516 -0.037170 2.292871
v 0.001112 -0.044003 1.756674
v 0.314131 -0.017381 2.277857
v -0.003964 0.002359 1.757939
v 0.310477 0.015999 2.278768
v -0.040450 0.021236 1.780057
v 0.284207 0.029591 2.294693
v -0.071859 -0.006248 1.800910
v 0.261592 0.009803 2.309707
v -0.066783 -0.052609 1.799645
v 0.265247 -0.023578 2.308796
v 0.287862 -0.003789 2.293782
v 0.291164 -0.037212 2.293094
v 0.709862 0.009110 2.511805
v 0.302795 -0.018657 2.267621
v 0.718236 0.022470 2.493465
v 0.299492 0.014766 2.268309
v 0.715858 0.046534 2.493960
v 0.284559 0.029633 2.294470
v 0.705106 0.057239 2.512796
v 0.272929 0.011078 2.319943
v 0.696732 0.043879 2.531137
v 0.276231 -0.022344 2.319255
v 0.699110 0.019815 2.530641
v 0.710287 0.009187 2.510976
v 1.073814 0.061087 2.463948
v 0.706085 0.021999 2.490897
v 1.070789 0.070311 2.449490
v 0.703282 0.045986 2.492221
v 1.068771 0.087582 2.450444
v 0.704681 0.057161 2.513625
v 1.069778 0.095628 2.465855
v 0.708883 0.044350 2.533705
v 1.072803 0.086404 2.480312
v 0.711685 0.020363 2.532381
v 1.074821 0.069133 2.479359
v 1.071796 0.078358 2.464901
v 1.074491 0.116386 2.147181
v 0.987908 0.121885 2.340481
v 1.157840 0.065253 2.335145
v 1.071796 0.078358 2.464901
v 1.222140 0.127715 2.186764
v 1.073245 0.162703 2.333387
v 1.190621 0.033498 2.373905
v 1.071796 0.078358 2.464901
v 1.185211 0.125762 2.169453
v 1.112942 0.185929 2.359319
v 1.121381 0.008710 2.334125
v 1.071796 0.078358 2.464901
v 1.318604 0.245720 2.580985
v 1.222454 0.072493 2.505889
v 1.118585 0.218113 2.516780
v 1.071796 0.078358 2.464901
v 1.154682 0.298649 2.681700
v 1.037636 0.218840 2.524147
v 1.172265 0.114109 2.579095
v 1.071796 0.078358 2.464901
v 1.191530 0.294864 2.667852
v 1.075404 0.126148 2.613613
v 1.163975 0.203773 2.478550
v 1.071796 0.078358 2.464901
v 1.316477 -0.119921 2.408185
v 1.227192 0.066815 2.453464
v 1.112144 -0.068722 2.430966
v 1.071796 0.078358 2.464901
v 1.153138 -0.227841 2.419896
v 1.187139 -0.018749 2.423933
v 1.021526 -0.069495 2.469865
v 1.071796 0.078358 2.464901
v 1.193336 -0.213542 2.415680
v 1.195412 -0.014379 2.487944
v 1.045411 -0.062425 2.402481
v 1.071796 0.078358 2.464901
v 1.287802 0.118654 2.232270
v 1.133742 0.180317 2.364010
v 1.182655 0.008636 2.379688
v 1.071796 0.078358 2.464901
v 1.340362 0.121702 2.296397
v 1.165661 0.017565 2.355788
v 1.192783 0.173826 2.439211
v 1.071796 0.078358 2.464901
v 1.299708 0.119497 2.244077
v 1.206654 0.023335 2.408351
v 1.119268 0.166292 2.344792
v 0.712589 0.052835 2.499171
v 0.911125 0.182737 2.783365
v 0.692974 0.052498 2.513317
v 0.897002 0.182494 2.793550
v 0.687868 0.032838 2.526446
v 0.893326 0.168338 2.803003
v 0.702379 0.013514 2.525430
v 0.903774 0.154425 2.802272
v 0.721994 0.013851 2.511285
v 0.917897 0.154668 2.792087
v 0.727100 0.033511 2.498155
v 0.921573 0.168824 2.782634
v 0.907450 0.168581 2.792819
v 0.688846 0.338164 2.953611
v 0.811151 0.169320 2.915856
v 0.828865 0.303508 2.798415
v 0.907450 0.168581 2.792819
v 0.660438 0.325072 2.922802
v 0.775653 0.247031 2.763030
v 0.841637 0.215324 2.926594
v 0.907450 0.168581 2.792819
v 0.822318 0.357670 3.036536
v 0.787742 0.220626 2.878689
v 0.959051 0.267807 2.901922
v 0.907450 0.168581 2.792819
v 1.134373 -0.033059 2.894046
v 0.951701 0.018913 2.800121
v 1.044737 0.156938 2.866498
v 0.907450 0.168581 2.792819
v 1.151364 0.080886 2.980477
v 1.023955 0.066222 2.811822
v 0.986075 0.200784 2.923941
v 0.907450 0.168581 2.792819
v 1.116755 -0.064739 2.857263
v 0.969288 0.034436 2.741894
v 1.013056 0.116070 2.895298
v 0.907450 0.168581 2.792819
v 1.085830 0.424922 2.862602
v 0.941712 0.315547 2.752332
v 1.015891 0.226688 2.889132
v 0.907450 0.168581 2.792819
v 1.068222 0.445254 2.794963
v 1.017811 0.251933 2.865517
v 0.925706 0.306568 2.721836
v 0.907450 0.168581 2.792819
v 1.055484 0.450253 2.758956
v 1.038992 0.248201 2.820559
v 0.894335 0.314299 2.737987
v 0.907450 0.168581 2.792819
v 0.936500 0.340239 3.061313
v 0.838953 0.274415 2.885120
v 0.999186 0.200074 2.915313
v 0.907450 0.168581 2.792819
v 0.988718 0.325520 3.059587
v 0.930682 0.309375 2.856453
v 0.949231 0.153338 2.942599
v 0.907450 0.168581 2.792819
v 0.900035 0.347512 3.058014
v 0.818287 0.218828 2.910875
v 0.990681 0.261478 2.886919
v 0.696423 0.031832 2.533768
v 1.002755 -0.121272 2.674400
v 0.694705 0.013478 2.518110
v 1.001518 -0.134487 2.663126
v 0.705766 0.014821 2.496643
v 1.009482 -0.133521 2.647670
v 0.718545 0.034517 2.490834
v 1.018682 -0.119339 2.643487
v 0.720262 0.052871 2.506491
v 1.019919 -0.106125 2.654760
v 0.709202 0.051528 2.527959
v 1.011955 -0.107091 2.670217
v 1.010718 -0.120306 2.658943
v 1.031723 -0.437097 2.698968
v 1.026610 -0.235342 2.763472
v 1.011631 -0.258703 2.586434
v 1.010718 -0.120306 2.658943
v 1.090651 -0.423421 2.723221
v 1.098368 -0.241757 2.614453
v 0.987015 -0.241347 2.754856
v 1.010718 -0.120306 2.658943
v 1.086401 -0.424866 2.721517
v 1.105401 -0.214641 2.739864
v 0.976582 -0.269619 2.628081
v 1.010718 -0.120306 2.658943
v 1.329905 -0.097983 2.654281
v 1.133023 -0.047712 2.594260
v 1.143763 -0.175041 2.719897
v 1.010718 -0.120306 2.658943
v 1.256294 0.040317 2.531300
v 1.118444 -0.009977 2.684140
v 1.099454 -0.102137 2.531632
v 1.010718 -0.120306 2.658943
v 1.314245 -0.037173 2.600973
v 1.106229 -0.002485 2.621418
v 1.158030 -0.171621 2.650093
v 1.010718 -0.120306 2.658943
v 0.914460 -0.211797 2.950085
v 1.010068 -0.083847 2.810872
v 0.934362 -0.229957 2.739928
v 1.010718 -0.120306 2.658943
v 1.029462 -0.247669 2.951906
v 0.987431 -0.249122 2.744244
v 1.049001 -0.093380 2.808012
v 1.010718 -0.120306 2.658943
v 1.101540 -0.261213 2.931517
v 0.987997 -0.242509 2.753612
v 1.106098 -0.110828 2.782333
v 1.010718 -0.120306 2.658943
v 1.220776 -0.333582 2.772032
v 1.155120 -0.178069 2.643981
v 1.034363 -0.233163 2.764377
v 1.010718 -0.120306 2.658943
v 1.196684 -0.361525 2.757076
v 1.094739 -0.176953 2.777871
v 1.075470 -0.256635 2.618522
v 1.010718 -0.120306 2.658943
v 1.147828 -0.401226 2.727388
v 1.114644 -0.193193 2.750042
v 1.016480 -0.272155 2.622600
v 0.710945 0.009237 2.512410
v 1.030239 0.063072 2.691884
v 0.719280 0.022578 2.494038
v 1.036240 0.072677 2.678655
v 0.715818 0.046515 2.493928
v 1.033747 0.089912 2.678577
v 0.704022 0.057112 2.512191
v 1.025254 0.097542 2.691726
v 0.695688 0.043771 2.530564
v 1.019253 0.087937 2.704954
v 0.699149 0.019834 2.530674
v 1.021746 0.070702 2.705033
v 1.027747 0.080307 2.691805
v 1.260044 0.111200 2.473898
v 1.149323 0.166955 2.645725
v 1.092008 0.018374 2.563560
v 1.027747 0.080307 2.691805
v 1.292511 0.116202 2.515704
v 1.132918 0.007096 2.602411
v 1.134387 0.182234 2.640318
v 1.027747 0.080307 2.691805
v 1.339857 0.124060 2.636374
v 1.170201 0.017601 2.705477
v 1.134981 0.178016 2.633789
v 1.027747 0.080307 2.691805
v 1.059590 0.299930 2.922352
v 0.994038 0.115984 2.840139
v 1.086929 0.220329 2.727908
v 1.027747 0.080307 2.691805
v 1.061869 0.299275 2.922649
v 0.981816 0.123960 2.834623
v 1.100975 0.211828 2.733662
v 1.027747 0.080307 2.691805
v 1.075135 0.295206 2.924126
v 1.015340 0.230973 2.731276
v 1.078064 0.101560 2.838190
v 1.027747 0.080307 2.691805
v 1.239385 -0.158591 2.714972
v 1.053087 -0.071375 2.664192
v 1.171717 0.040871 2.737952
v 1.027747 0.080307 2.691805
v 1.259767 -0.136134 2.733274
v 1.134963 -0.007765 2.619971
v 1.106147 -0.004773 2.796814
v 1.027747 0.080307 2.691805
v 1.178385 -0.201091 2.668933
v 1.094168 -0.036209 2.771956
v 1.081836 -0.028294 2.593356
v 1.027747 0.080307 2.691805
v 1.335846 0.125288 2.617969
v 1.174265 0.076138 2.745907
v 1.127707 0.120462 2.578634
v 1.027747 0.080307 2.691805
v 1.342787 0.126937 2.723030
v 1.138480 0.158662 2.769334
v 1.169046 0.039256 2.639256
v 1.027747 0.080307 2.691805
v 1.337756 0.126393 2.756384
v 1.163293 0.134856 2.636453
v 1.140207 0.062628 2.798820
v 0.306335 0.021263 2.281149
v 0.376353 0.179832 2.723011
v 0.273242 0.025247 2.285321
v 0.352526 0.182700 2.726014
v 0.254768 0.000195 2.297954
v 0.339225 0.164663 2.735110
v 0.269389 -0.028841 2.306415
v 0.349751 0.143757 2.741202
v 0.302482 -0.032825 2.302243
v 0.373579 0.140888 2.738198
v 0.320955 -0.007773 2.289610
v 0.386879 0.158925 2.729103
v 0.372814 0.181890 2.722840
v 0.235477 0.372411 3.009018
v 0.350348 0.175401 2.716665
v 0.219301 0.367739 3.004571
v 0.340586 0.155305 2.725931
v 0.212273 0.353270 3.011243
v 0.353290 0.141699 2.741372
v 0.221420 0.343473 3.022361
v 0.375756 0.148187 2.747548
v 0.237596 0.348145 3.026807
v 0.385519 0.168283 2.738282
v 0.244624 0.362614 3.020136
v 0.228448 0.357942 3.015689
v 0.228448 0.357942 3.015689
v -0.060500 0.472639 2.939837
v 0.150739 0.461269 2.927958
v 0.074999 0.346372 3.042739
v 0.228448 0.357942 3.015689
v -0.060845 0.475374 2.945553
v 0.135919 0.410452 2.901264
v 0.089544 0.399378 3.074005
v 0.228448 0.357942 3.015689
v -0.038474 0.523105 3.077927
v 0.079982 0.348039 3.063354
v 0.163376 0.499974 3.017815
v 0.228448 0.357942 3.015689
v 0.282116 0.263451 3.316673
v 0.308723 0.386929 3.146563
v 0.191108 0.253363 3.125603
v 0.228448 0.357942 3.015689
v 0.222030 0.355243 3.335614
v 0.145261 0.317815 3.141712
v 0.306502 0.395910 3.145606
v 0.228448 0.357942 3.015689
v 0.299811 0.236732 3.303119
v 0.285009 0.390146 3.157731
v 0.228978 0.228771 3.103591
v 0.228448 0.357942 3.015689
v 0.325514 0.651909 2.934687
v 0.343085 0.463212 3.029433
v 0.191465 0.487846 2.937144
v 0.228448 0.357942 3.015689
v 0.280385 0.673695 3.017291
v 0.196732 0.493243 2.944275
v 0.301714 0.475244 3.088385
v 0.228448 0.357942 3.015689
v 0.286475 0.672507 3.006640
v 0.203559 0.494792 3.086856
v 0.299760 0.472743 2.937284
v 0.384804 0.151223 2.732368
v 0.507415 0.424406 2.950072
v 0.379480 0.167513 2.715302
v 0.503581 0.436135 2.937784
v 0.357728 0.178084 2.715039
v 0.487920 0.443746 2.937595
v 0.341300 0.172365 2.731844
v 0.476091 0.439629 2.949694
v 0.346624 0.156075 2.748911
v 0.479925 0.427900 2.961982
v 0.368376 0.145504 2.749173
v 0.495586 0.420289 2.962171
v 0.491753 0.432018 2.949883
v 0.318072 0.504939 3.208567
v 0.410121 0.544160 3.021803
v 0.434440 0.378212 3.084910
v 0.491753 0.432018 2.949883
v 0.369096 0.552552 3.219747
v 0.413264 0.398787 3.080831
v 0.472116 0.561676 3.034826
v 0.491753 0.432018 2.949883
v 0.356951 0.542231 3.218363
v 0.418041 0.392220 3.081773
v 0.457623 0.559986 3.032777
v 0.491753 0.432018 2.949883
v 0.754403 0.550055 3.089461
v 0.632288 0.495636 2.925088
v 0.561338 0.462829 3.086341
v 0.491753 0.432018 2.949883
v 0.793993 0.475540 3.045575
v 0.593131 0.411608 3.067008
v 0.632167 0.487245 2.909312
v 0.491753 0.432018 2.949883
v 0.784858 0.498491 3.059751
v 0.641712 0.388156 2.949172
v 0.576278 0.529059 3.038488
v 0.491753 0.432018 2.949883
v 0.639442 0.709232 2.888725
v 0.563573 0.555482 3.013212
v 0.538084 0.530325 2.837627
v 0.491753 0.432018 2.949883
v 0.630799 0.684074 3.089647
v 0.559605 0.570626 2.925473
v 0.535137 0.495054 3.086105
v 0.491753 0.432018 2.949883
v 0.637859 0.699050 3.048608
v 0.550387 0.507668 3.073379
v 0.550003 0.569994 2.905367
v 0.376511 0.180295 2.724260
v 0.410600 0.295200 3.074534
v 0.352510 0.182700 2.726040
v 0.393319 0.296931 3.075816
v 0.339051 0.164199 2.733887
v 0.383629 0.283611 3.081466
v 0.349594 0.143293 2.739953
v 0.391219 0.268558 3.085833
v 0.373594 0.140888 2.738172
v 0.408500 0.266827 3.084551
v 0.387053 0.159389 2.730325
v 0.418190 0.280148 3.078901
v 0.400910 0.281879 3.080184
v 0.154011 0.468120 3.162375
v 0.273538 0.355916 3.028152
v 0.330762 0.356834 3.197968
v 0.400910 0.281879 3.080184
v 0.144936 0.464422 3.139813
v 0.301669 0.386660 3.020314
v 0.295371 0.323132 3.187757
v 0.400910 0.281879 3.080184
v 0.139905 0.461478 3.125135
v 0.285972 0.318010 3.179663
v 0.307043 0.389428 3.016666
v 0.400910 0.281879 3.080184
v 0.495548 -0.003629 3.189401
v 0.501455 0.207599 3.173913
v 0.376075 0.127753 3.073828
v 0.400910 0.281879 3.080184
v 0.499013 0.026228 3.245768
v 0.508571 0.227194 3.179334
v 0.371731 0.132043 3.113501
v 0.400910 0.281879 3.080184
v 0.498456 0.017058 3.231029
v 0.485561 0.226116 3.199082
v 0.394295 0.125785 3.081962
v 0.400910 0.281879 3.080184
v 0.584813 0.527481 2.989303
v 0.533826 0.359285 3.107636
v 0.415116 0.400955 2.980027
v 0.400910 0.281879 3.080184
v 0.586489 0.539304 3.039041
v 0.544840 0.331653 3.045276
v 0.405442 0.438045 3.082177
v 0.400910 0.281879 3.080184
v 0.563481 0.534930 3.189436
v 0.456989 0.352669 3.207682
v 0.474887 0.413529 3.040087
v 0.400910 0.281879 3.080184
v 0.230842 0.478019 3.267283
v 0.299263 0.400519 3.082339
v 0.366502 0.320151 3.227708
v 0.400910 0.281879 3.080184
v 0.241043 0.475172 3.278881
v 0.385175 0.428916 3.130629
v 0.288751 0.289476 3.188696
v 0.400910 0.281879 3.080184
v 0.314800 0.446086 3.340992
v 0.297494 0.382864 3.139508
v 0.435437 0.312260 3.229506
v 0.261095 -0.014497 2.311026
v 0.555296 -0.217573 2.623266
v 0.274190 -0.033653 2.286735
v 0.564724 -0.231365 2.605777
v 0.300956 -0.022945 2.269491
v 0.583996 -0.223656 2.593362
v 0.314628 0.006919 2.276538
v 0.593839 -0.202153 2.598435
v 0.301534 0.026075 2.300829
v 0.584412 -0.188361 2.615925
v 0.274767 0.015367 2.318072
v 0.565140 -0.196071 2.628340
v 0.555325 -0.216672 2.623826
v 0.754821 -0.497336 2.759791
v 0.558592 -0.225445 2.601525
v 0.757173 -0.503652 2.743734
v 0.577835 -0.218636 2.588550
v 0.771028 -0.498750 2.734392
v 0.593810 -0.203055 2.597876
v 0.782530 -0.487531 2.741107
v 0.590543 -0.194282 2.620177
v 0.780178 -0.481215 2.757164
v 0.571301 -0.201090 2.633152
v 0.766323 -0.486117 2.766506
v 0.768675 -0.492434 2.750449
v 0.717157 -0.721616 2.533144
v 0.821876 -0.626800 2.691056
v 0.674260 -0.541413 2.635998
v 0.768675 -0.492434 2.750449
v 0.801350 -0.786272 2.628009
v 0.695599 -0.609286 2.676845
v 0.867891 -0.610652 2.726101
v 0.768675 -0.492434 2.750449
v 0.718428 -0.723012 2.534327
v 0.729509 -0.522618 2.602236
v 0.767644 -0.646712 2.725764
v 0.768675 -0.492434 2.750449
v 1.062892 -0.395495 2.830697
v 0.921313 -0.523864 2.739214
v 0.851411 -0.383453 2.825882
v 0.768675 -0.492434 2.750449
v 1.070591 -0.487235 2.856373
v 0.874637 -0.410712 2.831108
v 0.904246 -0.569996 2.754529
v 0.768675 -0.492434 2.750449
v 1.061901 -0.544387 2.867578
v 0.865445 -0.599440 2.810426
v 0.906486 -0.426990 2.784175
v 0.768675 -0.492434 2.750449
v 0.660139 -0.716009 2.952027
v 0.774313 -0.643791 2.788806
v 0.676209 -0.519937 2.873354
v 0.768675 -0.492434 2.750449
v 0.676031 -0.723243 2.951804
v 0.682971 -0.525160 2.876924
v 0.780264 -0.644355 2.785058
v 0.768675 -0.492434 2.750449
v 0.551284 -0.639312 2.933664
v 0.618633 -0.494956 2.793958
v 0.744805 -0.607414 2.853511
v 0.768675 -0.492434 2.750449
v 0.914931 -0.769038 2.817528
v 0.751734 -0.647555 2.758360
v 0.902621 -0.558596 2.796201
v 0.768675 -0.492434 2.750449
v 0.898541 -0.782705 2.786192
v 0.754303 -0.631346 2.820513
v 0.886941 -0.585738 2.708979
v 0.768675 -0.492434 2.750449
v 0.901203 -0.780852 2.791086
v 0.749072 -0.646208 2.730925
v 0.894301 -0.569393 2.802483
v 0.590136 -0.215386 2.593184
v 0.868271 -0.169145 2.833100
v 0.583540 -0.192389 2.596739
v 0.863523 -0.152587 2.835660
v 0.567972 -0.186867 2.614406
v 0.852313 -0.148611 2.848380
v 0.558999 -0.204341 2.628518
v 0.845853 -0.161192 2.858540
v 0.565595 -0.227337 2.624962
v 0.850602 -0.177750 2.855981
v 0.581163 -0.232860 2.607295
v 0.861811 -0.181726 2.843261
v 0.857062 -0.165169 2.845820
v 1.046690 0.083382 2.914113
v 1.005077 -0.116543 2.857629
v 0.860750 -0.014954 2.888646
v 0.857062 -0.165169 2.845820
v 0.997328 0.122338 2.853918
v 0.865287 -0.028853 2.921732
v 0.961049 -0.071479 2.776387
v 0.857062 -0.165169 2.845820
v 1.010562 0.114660 2.868924
v 0.995187 -0.093431 2.832128
v 0.841737 -0.013043 2.877996
v 0.857062 -0.165169 2.845820
v 0.806427 -0.324006 3.118963
v 0.919580 -0.208021 2.982449
v 0.754036 -0.249386 2.927706
v 0.857062 -0.165169 2.845820
v 0.810253 -0.322594 3.120459
v 0.904398 -0.284825 2.934442
v 0.772278 -0.171452 2.976910
v 0.857062 -0.165169 2.845820
v 0.859091 -0.302350 3.134918
v 0.931534 -0.265927 2.939169
v 0.784214 -0.174156 2.983750
v 0.857062 -0.165169 2.845820
v 1.098988 -0.253754 2.656020
v 0.985501 -0.116795 2.771151
v 0.922164 -0.284410 2.768650
v 0.857062 -0.165169 2.845820
v 1.172500 -0.210039 2.816058
v 0.975000 -0.181846 2.744704
v 0.991474 -0.184388 2.923127
v 0.857062 -0.165169 2.845820
v 1.118337 -0.247928 2.680635
v 0.910129 -0.222399 2.710466
v 1.013015 -0.174146 2.849026
v 0.857062 -0.165169 2.845820
v 1.097278 -0.043882 3.018984
v 0.965533 -0.052962 2.853295
v 0.940765 -0.180346 2.976877
v 0.857062 -0.165169 2.845820
v 1.060020 0.056967 2.954744
v 0.977963 -0.137889 2.940957
v 0.898528 -0.014740 2.837822
v 0.857062 -0.165169 2.845820
v 1.043759 0.079520 2.933411
v 0.926142 -0.093615 2.966320
v 0.937339 -0.040972 2.795393
v 0.574348 -0.189676 2.624170
v 0.649256 -0.394396 2.923395
v 0.553945 -0.202258 2.620943
v 0.634566 -0.403455 2.921072
v 0.554165 -0.222445 2.607624
v 0.634725 -0.417990 2.911482
v 0.574787 -0.230051 2.597532
v 0.649573 -0.423466 2.904216
v 0.595190 -0.217469 2.600758
v 0.664263 -0.414407 2.906539
v 0.594970 -0.197281 2.614078
v 0.664105 -0.399872 2.916129
v 0.649415 -0.408931 2.913805
v 0.360456 -0.499061 3.017630
v 0.567916 -0.460492 3.036735
v 0.499746 -0.429474 2.873936
v 0.649415 -0.408931 2.913805
v 0.403782 -0.535079 3.075520
v 0.607178 -0.485091 3.043528
v 0.495145 -0.433689 2.913454
v 0.649415 -0.408931 2.913805
v 0.468839 -0.565157 3.126845
v 0.617142 -0.426767 3.065636
v 0.537226 -0.516075 2.932407
v 0.649415 -0.408931 2.913805
v 0.891889 -0.610324 2.969006
v 0.763980 -0.447216 3.012907
v 0.728829 -0.531760 2.858864
v 0.649415 -0.408931 2.913805
v 0.884358 -0.613496 2.986979
v 0.684470 -0.543249 2.985513
v 0.802314 -0.438265 2.900637
v 0.649415 -0.408931 2.913805
v 0.885691 -0.613016 2.983968
v 0.688971 -0.535349 2.996667
v 0.798879 -0.445781 2.887074
v 0.649415 -0.408931 2.913805
v 0.621791 -0.197132 3.152087
v 0.554764 -0.352499 3.024570
v 0.721966 -0.295923 2.993666
v 0.649415 -0.408931 2.913805
v 0.643770 -0.270850 3.202426
v 0.626611 -0.432527 3.066565
v 0.667703 -0.274870 2.991943
v 0.649415 -0.408931 2.913805
v 0.630524 -0.225221 3.175136
v 0.602024 -0.402432 3.062547
v 0.681693 -0.268462 2.974129
v 0.649415 -0.408931 2.913805
v 0.596158 -0.578303 3.180032
v 0.556830 -0.425558 3.038560
v 0.699394 -0.527801 3.002032
v 0.649415 -0.408931 2.913805
v 0.555869 -0.573649 3.171715
v 0.693840 -0.510644 3.023774
v 0.530153 -0.438993 3.010164
v 0.649415 -0.408931 2.913805
v 0.625050 -0.579881 3.183217
v 0.727706 -0.468043 3.035413
v 0.551631 -0.486579 3.007727
v 0.554517 -0.216976 2.622356
v 0.767085 -0.383128 2.875863
v 0.564289 -0.231034 2.605271
v 0.774121 -0.393249 2.863562
v 0.584339 -0.223921 2.593767
v 0.788557 -0.388128 2.855278
v 0.594618 -0.202751 2.599346
v 0.795958 -0.372885 2.859296
v 0.584847 -0.188693 2.616430
v 0.788922 -0.362764 2.871596
v 0.564796 -0.195805 2.627935
v 0.774486 -0.367885 2.879880
v 0.781522 -0.378006 2.867579
v 0.904128 -0.656658 2.966175
v 0.845537 -0.513006 2.821871
v 0.815591 -0.465928 2.992163
v 0.781522 -0.378006 2.867579
v 0.899256 -0.661663 2.957453
v 0.745649 -0.520292 2.921245
v 0.911582 -0.462646 2.885812
v 0.781522 -0.378006 2.867579
v 0.890990 -0.669095 2.942971
v 0.909386 -0.465997 2.885482
v 0.741232 -0.522887 2.909990
v 0.781522 -0.378006 2.867579
v 1.039607 -0.199916 2.931420
v 0.874802 -0.264291 2.814856
v 0.894710 -0.349250 2.971375
v 0.781522 -0.378006 2.867579
v 1.031993 -0.184851 2.916106
v 0.935468 -0.360511 2.847415
v 0.827953 -0.240977 2.926565
v 0.781522 -0.378006 2.867579
v 1.045598 -0.214980 2.945591
v 0.842645 -0.235729 2.888393
v 0.931659 -0.389863 2.909175
v 0.781522 -0.378006 2.867579
v 0.557822 -0.524671 3.043215
v 0.720677 -0.393093 3.010696
v 0.663406 -0.480251 2.864970
v 0.781522 -0.378006 2.867579
v 0.630727 -0.552082 3.089747
v 0.668711 -0.377617 2.975680
v 0.773696 -0.517656 2.937213
v 0.781522 -0.378006 2.867579
v 0.556717 -0.524092 3.042284
v 0.713568 -0.514880 2.900139
v 0.669631 -0.358002 2.974783
v 0.781522 -0.378006 2.867579
v 0.939142 -0.594190 3.043136
v 0.785539 -0.453511 3.004309
v 0.903601 -0.475449 2.871295
v 0.781522 -0.378006 2.867579
v 0.941197 -0.583597 3.053688
v 0.858521 -0.513904 2.871480
v 0.832262 -0.406581 3.012565
v 0.781522 -0.378006 2.867579
v 0.893606 -0.675538 2.903805
v 0.905323 -0.464039 2.908613
v 0.747388 -0.529999 2.855526
usemtl Bark
f 1 3 4
f 1 4 2
f 3 5 6
f 3 6 4
f 5 7 8
f 5 8 6
f 7 9 10
f 7 10 8
f 9 11 12
f 9 12 10
f 11 1 2
f 11 2 12
f 13 15 16
f 13 16 14
f 15 17 18
f 15 18 16
f 17 19 20
f 17 20 18
f 19 21 22
f 19 22 20
f 21 23 24
f 21 24 22
f 23 13 14
f 23 14 24
f 25 27 28
f 25 28 26
f 27 29 30
f 27 30 28
f 29 31 32
f 29 32 30
f 31 33 34
f 31 34 32
f 33 35 36
f 33 36 34
f 35 25 26
f 35 26 36
f 37 39 40
f 37 40 38
f 39 41 42
f 39 42 40
f 41 43 44
f 41 44 42
f 43 45 46
f 43 46 44
f 45 47 48
f 45 48 46
f 47 37 38
f 47 38 48
f 49 51 52
f 49 52 50
f 51 53 54
f 51 54 52
f 53 55 56
f 53 56 54
f 55 57 58
f 55 58 56
f 57 59 60
f 57 60 58
f 59 49 50
f 59 50 60
f 109 111 112
f 109 112 110
f 111 113 114
f 111 114 112
f 113 115 116
f 113 116 114
f 115 117 118
f 115 118 116
f 117 119 120
f 117 120 118
f 119 109 110
f 119 110 120
f 169 171 172
f 169 172 170
f 171 173 174
f 171 174 172
f 173 175 176
f 173 176 174
f 175 177 178
f 175 178 176
f 177 179 180
f 177 180 178
f 179 169 170
f 179 170 180
f 229 231 232
f 229 232 230
f 231 233 234
f 231 234 232
f 233 235 236
f 233 236 234
f 235 237 238
f 235 238 236
f 237 239 240
f 237 240 238
f 239 229 230
f 239 230 240
f 265 267 268
f 265 268 266
f 267 269 270
f 267 270 268
f 269 271 272
f 269 272 270
f 271 273 274
f 271 274 272
f 273 275 276
f 273 276 274
f 275 265 266
f 275 266 276
f 277 279 280
f 277 280 278
f 279 281 282
f 279 282 280
f 281 283 284
f 281 284 282
f 283 285 286
f 283 286 284
f 285 287 288
f 285 288 286
f 287 277 278
f 287 278 288
f 278 280 289
f 280 282 289
f 282 284 289
f 284 286 289
f 286 288 289
f 288 278 289
f 314 316 317
f 314 317 315
f 316 318 319
f 316 319 317
f 318 320 321
f 318 321 319
f 320 322 323
f 320 323 321
f 322 324 325
f 322 325 323
f 324 314 315
f 324 315 325
f 374 376 377
f 374 377 375
f 376 378 379
f 376 379 377
f 378 380 381
f 378 381 379
f 380 382 383
f 380 383 381
f 382 384 385
f 382 385 383
f 384 374 375
f 384 375 385
f 422 424 425
f 422 425 423
f 424 426 427
f 424 427 425
f 426 428 429
f 426 429 427
f 428 430 431
f 428 431 429
f 430 432 433
f 430 433 431
f 432 422 423
f 432 423 433
f 482 484 485
f 482 485 483
f 484 486 487
f 484 487 485
f 486 488 489
f 486 489 487
f 488 490 491
f 488 491 489
f 490 492 493
f 490 493 491
f 492 482 483
f 492 483 493
f 494 496 497
f 494 497 495
f 496 498 499
f 496 499 497
f 498 500 501
f 498 501 499
f 500 502 503
f 500 503 501
f 502 504 505
f 502 505 503
f 504 494 495
f 504 495 505
f 554 556 557
f 554 557 555
f 556 558 559
f 556 559 557
f 558 560 561
f 558 561 559
f 560 562 563
f 560 563 561
f 562 564 565
f 562 565 563
f 564 554 555
f 564 555 565
f 614 616 617
f 614 617 615
f 616 618 619
f 616 619 617
f 618 620 621
f 618 621 619
f 620 622 623
f 620 623 621
f 622 624 625
f 622 625 623
f 624 614 615
f 624 615 625
f 662 664 665
f 662 665 663
f 664 666 667
f 664 667 665
f 666 668 669
f 666 669 667
f 668 670 671
f 668 671 669
f 670 672 673
f 670 673 671
f 672 662 663
f 672 663 673
f 663 665 674
f 665 667 674
f 667 669 674
f 669 671 674
f 671 673 674
f 673 663 674
f 675 677 678
f 675 678 676
f 677 679 680
f 677 680 678
f 679 681 682
f 679 682 680
f 681 683 684
f 681 684 682
f 683 685 686
f 683 686 684
f 685 675 676
f 685 676 686
f 687 689 690
f 687 690 688
f 689 691 692
f 689 692 690
f 691 693 694
f 691 694 692
f 693 695 696
f 693 696 694
f 695 697 698
f 695 698 696
f 697 687 688
f 697 688 698
f 735 737 738
f 735 738 736
f 737 739 740
f 737 740 738
f 739 741 742
f 739 742 740
f 741 743 744
f 741 744 742
f 743 745 746
f 743 746 744
f 745 735 736
f 745 736 746
f 795 797 798
f 795 798 796
f 797 799 800
f 797 800 798
f 799 801 802
f 799 802 800
f 801 803 804
f 801 804 802
f 803 805 806
f 803 806 804
f 805 795 796
f 805 796 806
f 855 857 858
f 855 858 856
f 857 859 860
f 857 860 858
f 859 861 862
f 859 862 860
f 861 863 864
f 861 864 862
f 863 865 866
f 863 866 864
f 865 855 856
f 865 856 866
f 856 858 867
f 858 860 867
f 860 862 867
f 862 864 867
f 864 866 867
f 866 856 867
f 892 894 895
f 892 895 893
f 894 896 897
f 894 897 895
f 896 898 899
f 896 899 897
f 898 900 901
f 898 901 899
f 900 902 903
f 900 903 901
f 902 892 893
f 902 893 903
f 904 906 907
f 904 907 905
f 906 908 909
f 906 909 907
f 908 910 911
f 908 911 909
f 910 912 913
f 910 913 911
f 912 914 915
f 912 915 913
f 914 904 905
f 914 905 915
f 952 954 955
f 952 955 953
f 954 956 957
f 954 957 955
f 956 958 959
f 956 959 957
f 958 960 961
f 958 961 959
f 960 962 963
f 960 963 961
f 962 952 953
f 962 953 963
f 1012 1014 1015
f 1012 1015 1013
f 1014 1016 1017
f 1014 1017 1015
f 1016 1018 1019
f 1016 1019 1017
f 1018 1020 1021
f 1018 1021 1019
f 1020 1022 1023
f 1020 1023 1021
f 1022 1012 1013
f 1022 1013 1023
f 1060 1062 1063
f 1060 1063 1061
f 1062 1064 1065
f 1062 1065 1063
f 1064 1066 1067
f 1064 1067 1065
f 1066 1068 1069
f 1066 1069 1067
f 1068 1070 1071
f 1068 1071 1069
f 1070 1060 1061
f 1070 1061 1071
f 1108 1110 1111
f 1108 1111 1109
f 1110 1112 1113
f 1110 1113 1111
f 1112 1114 1115
f 1112 1115 1113
f 1114 1116 1117
f 1114 1117 1115
f 1116 1118 1119
f 1116 1119 1117
f 1118 1108 1109
f 1118 1109 1119
f 1120 1122 1123
f 1120 1123 1121
f 1122 1124 1125
f 1122 1125 1123
f 1124 1126 1127
f 1124 1127 1125
f 1126 1128 1129
f 1126 1129 1127
f 1128 1130 1131
f 1128 1131 1129
f 1130 1120 1121
f 1130 1121 1131
f 1180 1182 1183
f 1180 1183 1181
f 1182 1184 1185
f 1182 1185 1183
f 1184 1186 1187
f 1184 1187 1185
f 1186 1188 1189
f 1186 1189 1187
f 1188 1190 1191
f 1188 1191 1189
f 1190 1180 1181
f 1190 1181 1191
f 1240 1242 1243
f 1240 1243 1241
f 1242 1244 1245
f 1242 1245 1243
f 1244 1246 1247
f 1244 1247 1245
f 1246 1248 1249
f 1246 1249 1247
f 1248 1250 1251
f 1248 1251 1249
f 1250 1240 1241
f 1250 1241 1251
f 1300 1302 1303
f 1300 1303 1301
f 1302 1304 1305
f 1302 1305 1303
f 1304 1306 1307
f 1304 1307 1305
f 1306 1308 1309
f 1306 1309 1307
f 1308 1310 1311
f 1308 1311 1309
f 1310 1300 1301
f 1310 1301 1311
f 1312 1314 1315
f 1312 1315 1313
f 1314 1316 1317
f 1314 1317 1315
f 1316 1318 1319
f 1316 1319 1317
f 1318 1320 1321
f 1318 1321 1319
f 1320 1322 1323
f 1320 1323 1321
f 1322 1312 1313
f 1322 1313 1323
f 1324 1326 1327
f 1324 1327 1325
f 1326 1328 1329
f 1326 1329 1327
f 1328 1330 1331
f 1328 1331 1329
f 1330 1332 1333
f 1330 1333 1331
f 1332 1334 1335
f 1332 1335 1333
f 1334 1324 1325
f 1334 1325 1335
f 1325 1327 1336
f 1327 1329 1336
f 1329 1331 1336
f 1331 1333 1336
f 1333 1335 1336
f 1335 1325 1336
f 1337 1339 1340
f 1337 1340 1338
f 1339 1341 1342
f 1339 1342 1340
f 1341 1343 1344
f 1341 1344 1342
f 1343 1345 1346
f 1343 1346 1344
f 1345 1347 1348
f 1345 1348 1346
f 1347 1337 1338
f 1347 1338 1348
f 1385 1387 1388
f 1385 1388 1386
f 1387 1389 1390
f 1387 1390 1388
f 1389 1391 1392
f 1389 1392 1390
f 1391 1393 1394
f 1391 1394 1392
f 1393 1395 1396
f 1393 1396 1394
f 1395 1385 1386
f 1395 1386 1396
f 1445 1447 1448
f 1445 1448 1446
f 1447 1449 1450
f 1447 1450 1448
f 1449 1451 1452
f 1449 1452 1450
f 1451 1453 1454
f 1451 1454 1452
f 1453 1455 1456
f 1453 1456 1454
f 1455 1445 1446
f 1455 1446 1456
f 1457 1459 1460
f 1457 1460 1458
f 1459 1461 1462
f 1459 1462 1460
f 1461 1463 1464
f 1461 1464 1462
f 1463 1465 1466
f 1463 1466 1464
f 1465 1467 1468
f 1465 1468 1466
f 1467 1457 1458
f 1467 1458 1468
f 1517 1519 1520
f 1517 1520 1518
f 1519 1521 1522
f 1519 1522 1520
f 1521 1523 1524
f 1521 1524 1522
f 1523 1525 1526
f 1523 1526 1524
f 1525 1527 1528
f 1525 1528 1526
f 1527 1517 1518
f 1527 1518 1528
f 1577 1579 1580
f 1577 1580 1578
f 1579 1581 1582
f 1579 1582 1580
f 1581 1583 1584
f 1581 1584 1582
f 1583 1585 1586
f 1583 1586 1584
f 1585 1587 1588
f 1585 1588 1586
f 1587 1577 1578
f 1587 1578 1588
f 1578 1580 1589
f 1580 1582 1589
f 1582 1584 1589
f 1584 1586 1589
f 1586 1588 1589
f 1588 1578 1589
f 1614 1616 1617
f 1614 1617 1615
f 1616 1618 1619
f 1616 1619 1617
f 1618 1620 1621
f 1618 1621 1619
f 1620 1622 1623
f 1620 1623 1621
f 1622 1624 1625
f 1622 1625 1623
f 1624 1614 1615
f 1624 1615 1625
f 1674 1676 1677
f 1674 1677 1675
f 1676 1678 1679
f 1676 1679 1677
f 1678 1680 1681
f 1678 1681 1679
f 1680 1682 1683
f 1680 1683 1681
f 1682 1684 1685
f 1682 1685 1683
f 1684 1674 1675
f 1684 1675 1685
f 1686 1688 1689
f 1686 1689 1687
f 1688 1690 1691
f 1688 1691 1689
f 1690 1692 1693
f 1690 1693 1691
f 1692 1694 1695
f 1692 1695 1693
f 1694 1696 1697
f 1694 1697 1695
f 1696 1686 1687
f 1696 1687 1697
f 1734 1736 1737
f 1734 1737 1735
f 1736 1738 1739
f 1736 1739 1737
f 1738 1740 1741
f 1738 1741 1739
f 1740 1742 1743
f 1740 1743 1741
f 1742 1744 1745
f 1742 1745 1743
f 1744 1734 1735
f 1744 1735 1745
f 1794 1796 1797
f 1794 1797 1795
f 1796 1798 1799
f 1796 1799 1797
f 1798 1800 1801
f 1798 1801 1799
f 1800 1802 1803
f 1800 1803 1801
f 1802 1804 1805
f 1802 1805 1803
f 1804 1794 1795
f 1804 1795 1805
f 1854 1856 1857
f 1854 1857 1855
f 1856 1858 1859
f 1856 1859 1857
f 1858 1860 1861
f 1858 1861 1859
f 1860 1862 1863
f 1860 1863 1861
f 1862 1864 1865
f 1862 1865 1863
f 1864 1854 1855
f 1864 1855 1865
f 1902 1904 1905
f 1902 1905 1903
f 1904 1906 1907
f 1904 1907 1905
f 1906 1908 1909
f 1906 1909 1907
f 1908 1910 1911
f 1908 1911 1909
f 1910 1912 1913
f 1910 1913 1911
f 1912 1902 1903
f 1912 1903 1913
f 1914 1916 1917
f 1914 1917 1915
f 1916 1918 1919
f 1916 1919 1917
f 1918 1920 1921
f 1918 1921 1919
f 1920 1922 1923
f 1920 1923 1921
f 1922 1924 1925
f 1922 1925 1923
f 1924 1914 1915
f 1924 1915 1925
f 1974 1976 1977
f 1974 1977 1975
f 1976 1978 1979
f 1976 1979 1977
f 1978 1980 1981
f 1978 1981 1979
f 1980 1982 1983
f 1980 1983 1981
f 1982 1984 1985
f 1982 1985 1983
f 1984 1974 1975
f 1984 1975 1985
f 2010 2012 2013
f 2010 2013 2011
f 2012 2014 2015
f 2012 2015 2013
f 2014 2016 2017
f 2014 2017 2015
f 2016 2018 2019
f 2016 2019 2017
f 2018 2020 2021
f 2018 2021 2019
f 2020 2010 2011
f 2020 2011 2021
f 2070 2072 2073
f 2070 2073 2071
f 2072 2074 2075
f 2072 2075 2073
f 2074 2076 2077
f 2074 2077 2075
f 2076 2078 2079
f 2076 2079 2077
f 2078 2080 2081
f 2078 2081 2079
f 2080 2070 2071
f 2080 2071 2081
f 2082 2084 2085
f 2082 2085 2083
f 2084 2086 2087
f 2084 2087 2085
f 2086 2088 2089
f 2086 2089 2087
f 2088 2090 2091
f 2088 2091 2089
f 2090 2092 2093
f 2090 2093 2091
f 2092 2082 2083
f 2092 2083 2093
f 2094 2096 2097
f 2094 2097 2095
f 2096 2098 2099
f 2096 2099 2097
f 2098 2100 2101
f 2098 2101 2099
f 2100 2102 2103
f 2100 2103 2101
f 2102 2104 2105
f 2102 2105 2103
f 2104 2094 2095
f 2104 2095 2105
f 2154 2156 2157
f 2154 2157 2155
f 2156 2158 2159
f 2156 2159 2157
f 2158 2160 2161
f 2158 2161 2159
f 2160 2162 2163
f 2160 2163 2161
f 2162 2164 2165
f 2162 2165 2163
f 2164 2154 2155
f 2164 2155 2165
f 2214 2216 2217
f 2214 2217 2215
f 2216 2218 2219
f 2216 2219 2217
f 2218 2220 2221
f 2218 2221 2219
f 2220 2222 2223
f 2220 2223 2221
f 2222 2224 2225
f 2222 2225 2223
f 2224 2214 2215
f 2224 2215 2225
f 2274 2276 2277
f 2274 2277 2275
f 2276 2278 2279
f 2276 2279 2277
f 2278 2280 2281
f 2278 2281 2279
f 2280 2282 2283
f 2280 2283 2281
f 2282 2284 2285
f 2282 2285 2283
f 2284 2274 2275
f 2284 2275 2285
f 2334 2336 2337
f 2334 2337 2335
f 2336 2338 2339
f 2336 2339 2337
f 2338 2340 2341
f 2338 2341 2339
f 2340 2342 2343
f 2340 2343 2341
f 2342 2344 2345
f 2342 2345 2343
f 2344 2334 2335
f 2344 2335 2345
f 2346 2348 2349
f 2346 2349 2347
f 2348 2350 2351
f 2348 2351 2349
f 2350 2352 2353
f 2350 2353 2351
f 2352 2354 2355
f 2352 2355 2353
f 2354 2356 2357
f 2354 2357 2355
f 2356 2346 2347
f 2356 2347 2357
f 2394 2396 2397
f 2394 2397 2395
f 2396 2398 2399
f 2396 2399 2397
f 2398 2400 2401
f 2398 2401 2399
f 2400 2402 2403
f 2400 2403 2401
f 2402 2404 2405
f 2402 2405 2403
f 2404 2394 2395
f 2404 2395 2405
f 2430 2432 2433
f 2430 2433 2431
f 2432 2434 2435
f 2432 2435 2433
f 2434 2436 2437
f 2434 2437 2435
f 2436 2438 2439
f 2436 2439 2437
f 2438 2440 2441
f 2438 2441 2439
f 2440 2430 2431
f 2440 2431 2441
f 2490 2492 2493
f 2490 2493 2491
f 2492 2494 2495
f 2492 2495 2493
f 2494 2496 2497
f 2494 2497 2495
f 2496 2498 2499
f 2496 2499 2497
f 2498 2500 2501
f 2498 2501 2499
f 2500 2490 2491
f 2500 2491 2501
f 2550 2552 2553
f 2550 2553 2551
f 2552 2554 2555
f 2552 2555 2553
f 2554 2556 2557
f 2554 2557 2555
f 2556 2558 2559
f 2556 2559 2557
f 2558 2560 2561
f 2558 2561 2559
f 2560 2550 2551
f 2560 2551 2561
f 2562 2564 2565
f 2562 2565 2563
f 2564 2566 2567
f 2564 2567 2565
f 2566 2568 2569
f 2566 2569 2567
f 2568 2570 2571
f 2568 2571 2569
f 2570 2572 2573
f 2570 2573 2571
f 2572 2562 2563
f 2572 2563 2573
f 2622 2624 2625
f 2622 2625 2623
f 2624 2626 2627
f 2624 2627 2625
f 2626 2628 2629
f 2626 2629 2627
f 2628 2630 2631
f 2628 2631 2629
f 2630 2632 2633
f 2630 2633 2631
f 2632 2622 2623
f 2632 2623 2633
f 2623 2625 2634
f 2625 2627 2634
f 2627 2629 2634
f 2629 2631 2634
f 2631 2633 2634
f 2633 2623 2634
f 2671 2673 2674
f 2671 2674 2672
f 2673 2675 2676
f 2673 2676 2674
f 2675 2677 2678
f 2675 2678 2676
f 2677 2679 2680
f 2677 2680 2678
f 2679 2681 2682
f 2679 2682 2680
f 2681 2671 2672
f 2681 2672 2682
f 2719 2721 2722
f 2719 2722 2720
f 2721 2723 2724
f 2721 2724 2722
f 2723 2725 2726
f 2723 2726 2724
f 2725 2727 2728
f 2725 2728 2726
f 2727 2729 2730
f 2727 2730 2728
f 2729 2719 2720
f 2729 2720 2730
f 2767 2769 2770
f 2767 2770 2768
f 2769 2771 2772
f 2769 2772 2770
f 2771 2773 2774
f 2771 2774 2772
f 2773 2775 2776
f 2773 2776 2774
f 2775 2777 2778
f 2775 2778 2776
f 2777 2767 2768
f 2777 2768 2778
f 2779 2781 2782
f 2779 2782 2780
f 2781 2783 2784
f 2781 2784 2782
f 2783 2785 2786
f 2783 2786 2784
f 2785 2787 2788
f 2785 2788 2786
f 2787 2789 2790
f 2787 2790 2788
f 2789 2779 2780
f 2789 2780 2790
f 2780 2782 2791
f 2782 2784 2791
f 2784 2786 2791
f 2786 2788 2791
f 2788 2790 2791
f 2790 2780 2791
f 2828 2830 2831
f 2828 2831 2829
f 2830 2832 2833
f 2830 2833 2831
f 2832 2834 2835
f 2832 2835 2833
f 2834 2836 2837
f 2834 2837 2835
f 2836 2838 2839
f 2836 2839 2837
f 2838 2828 2829
f 2838 2829 2839
f 2829 2831 2840
f 2831 2833 2840
f 2833 2835 2840
f 2835 2837 2840
f 2837 2839 2840
f 2839 2829 2840
f 2877 2879 2880
f 2877 2880 2878
f 2879 2881 2882
f 2879 2882 2880
f 2881 2883 2884
f 2881 2884 2882
f 2883 2885 2886
f 2883 2886 2884
f 2885 2887 2888
f 2885 2888 2886
f 2887 2877 2878
f 2887 2878 2888
f 2878 2880 2889
f 2880 2882 2889
f 2882 2884 2889
f 2884 2886 2889
f 2886 2888 2889
f 2888 2878 2889
f 2926 2928 2929
f 2926 2929 2927
f 2928 2930 2931
f 2928 2931 2929
f 2930 2932 2933
f 2930 2933 2931
f 2932 2934 2935
f 2932 2935 2933
f 2934 2936 2937
f 2934 2937 2935
f 2936 2926 2927
f 2936 2927 2937
f 2986 2988 2989
f 2986 2989 2987
f 2988 2990 2991
f 2988 2991 2989
f 2990 2992 2993
f 2990 2993 2991
f 2992 2994 2995
f 2992 2995 2993
f 2994 2996 2997
f 2994 2997 2995
f 2996 2986 2987
f 2996 2987 2997
f 2987 2989 2998
f 2989 2991 2998
f 2991 2993 2998
f 2993 2995 2998
f 2995 2997 2998
f 2997 2987 2998
f 2999 3001 3002
f 2999 3002 3000
f 3001 3003 3004
f 3001 3004 3002
f 3003 3005 3006
f 3003 3006 3004
f 3005 3007 3008
f 3005 3008 3006
f 3007 3009 3010
f 3007 3010 3008
f 3009 2999 3000
f 3009 3000 3010
f 3000 3002 3011
f 3002 3004 3011
f 3004 3006 3011
f 3006 3008 3011
f 3008 3010 3011
f 3010 3000 3011
f 3012 3014 3015
f 3012 3015 3013
f 3014 3016 3017
f 3014 3017 3015
f 3016 3018 3019
f 3016 3019 3017
f 3018 3020 3021
f 3018 3021 3019
f 3020 3022 3023
f 3020 3023 3021
f 3022 3012 3013
f 3022 3013 3023
f 3048 3050 3051
f 3048 3051 3049
f 3050 3052 3053
f 3050 3053 3051
f 3052 3054 3055
f 3052 3055 3053
f 3054 3056 3057
f 3054 3057 3055
f 3056 3058 3059
f 3056 3059 3057
f 3058 3048 3049
f 3058 3049 3059
f 3108 3110 3111
f 3108 3111 3109
f 3110 3112 3113
f 3110 3113 3111
f 3112 3114 3115
f 3112 3115 3113
f 3114 3116 3117
f 3114 3117 3115
f 3116 3118 3119
f 3116 3119 3117
f 3118 3108 3109
f 3118 3109 3119
f 3120 3122 3123
f 3120 3123 3121
f 3122 3124 3125
f 3122 3125 3123
f 3124 3126 3127
f 3124 3127 3125
f 3126 3128 3129
f 3126 3129 3127
f 3128 3130 3131
f 3128 3131 3129
f 3130 3120 3121
f 3130 3121 3131
f 3168 3170 3171
f 3168 3171 3169
f 3170 3172 3173
f 3170 3173 3171
f 3172 3174 3175
f 3172 3175 3173
f 3174 3176 3177
f 3174 3177 3175
f 3176 3178 3179
f 3176 3179 3177
f 3178 3168 3169
f 3178 3169 3179
f 3228 3230 3231
f 3228 3231 3229
f 3230 3232 3233
f 3230 3233 3231
f 3232 3234 3235
f 3232 3235 3233
f 3234 3236 3237
f 3234 3237 3235
f 3236 3238 3239
f 3236 3239 3237
f 3238 3228 3229
f 3238 3229 3239
f 3276 3278 3279
f 3276 3279 3277
f 3278 3280 3281
f 3278 3281 3279
f 3280 3282 3283
f 3280 3283 3281
f 3282 3284 3285
f 3282 3285 3283
f 3284 3286 3287
f 3284 3287 3285
f 3286 3276 3277
f 3286 3277 3287
f 3336 3338 3339
f 3336 3339 3337
f 3338 3340 3341
f 3338 3341 3339
f 3340 3342 3343
f 3340 3343 3341
f 3342 3344 3345
f 3342 3345 3343
f 3344 3346 3347
f 3344 3347 3345
f 3346 3336 3337
f 3346 3337 3347
f 3348 3350 3351
f 3348 3351 3349
f 3350 3352 3353
f 3350 3353 3351
f 3352 3354 3355
f 3352 3355 3353
f 3354 3356 3357
f 3354 3357 3355
f 3356 3358 3359
f 3356 3359 3357
f 3358 3348 3349
f 3358 3349 3359
f 3349 3351 3360
f 3351 3353 3360
f 3353 3355 3360
f 3355 3357 3360
f 3357 3359 3360
f 3359 3349 3360
f 3397 3399 3400
f 3397 3400 3398
f 3399 3401 3402
f 3399 3402 3400
f 3401 3403 3404
f 3401 3404 3402
f 3403 3405 3406
f 3403 3406 3404
f 3405 3407 3408
f 3405 3408 3406
f 3407 3397 3398
f 3407 3398 3408
f 3457 3459 3460
f 3457 3460 3458
f 3459 3461 3462
f 3459 3462 3460
f 3461 3463 3464
f 3461 3464 3462
f 3463 3465 3466
f 3463 3466 3464
f 3465 3467 3468
f 3465 3468 3466
f 3467 3457 3458
f 3467 3458 3468
f 3517 3519 3520
f 3517 3520 3518
f 3519 3521 3522
f 3519 3522 3520
f 3521 3523 3524
f 3521 3524 3522
f 3523 3525 3526
f 3523 3526 3524
f 3525 3527 3528
f 3525 3528 3526
f 3527 3517 3518
f 3527 3518 3528
f 3577 3579 3580
f 3577 3580 3578
f 3579 3581 3582
f 3579 3582 3580
f 3581 3583 3584
f 3581 3584 3582
f 3583 3585 3586
f 3583 3586 3584
f 3585 3587 3588
f 3585 3588 3586
f 3587 3577 3578
f 3587 3578 3588
f 3589 3591 3592
f 3589 3592 3590
f 3591 3593 3594
f 3591 3594 3592
f 3593 3595 3596
f 3593 3596 3594
f 3595 3597 3598
f 3595 3598 3596
f 3597 3599 3600
f 3597 3600 3598
f 3599 3589 3590
f 3599 3590 3600
f 3601 3603 3604
f 3601 3604 3602
f 3603 3605 3606
f 3603 3606 3604
f 3605 3607 3608
f 3605 3608 3606
f 3607 3609 3610
f 3607 3610 3608
f 3609 3611 3612
f 3609 3612 3610
f 3611 3601 3602
f 3611 3602 3612
f 3661 3663 3664
f 3661 3664 3662
f 3663 3665 3666
f 3663 3666 3664
f 3665 3667 3668
f 3665 3668 3666
f 3667 3669 3670
f 3667 3670 3668
f 3669 3671 3672
f 3669 3672 3670
f 3671 3661 3662
f 3671 3662 3672
f 3721 3723 3724
f 3721 3724 3722
f 3723 3725 3726
f 3723 3726 3724
f 3725 3727 3728
f 3725 3728 3726
f 3727 3729 3730
f 3727 3730 3728
f 3729 3731 3732
f 3729 3732 3730
f 3731 3721 3722
f 3731 3722 3732
f 3769 3771 3772
f 3769 3772 3770
f 3771 3773 3774
f 3771 3774 3772
f 3773 3775 3776
f 3773 3776 3774
f 3775 3777 3778
f 3775 3778 3776
f 3777 3779 3780
f 3777 3780 3778
f 3779 3769 3770
f 3779 3770 3780
f 3817 3819 3820
f 3817 3820 3818
f 3819 3821 3822
f 3819 3822 3820
f 3821 3823 3824
f 3821 3824 3822
f 3823 3825 3826
f 3823 3826 3824
f 3825 3827 3828
f 3825 3828 3826
f 3827 3817 3818
f 3827 3818 3828
f 3818 3820 3829
f 3820 3822 3829
f 3822 3824 3829
f 3824 3826 3829
f 3826 3828 3829
f 3828 3818 3829
f 3830 3832 3833
f 3830 3833 3831
f 3832 3834 3835
f 3832 3835 3833
f 3834 3836 3837
f 3834 3837 3835
f 3836 3838 3839
f 3836 3839 3837
f 3838 3840 3841
f 3838 3841 3839
f 3840 3830 3831
f 3840 3831 3841
f 3831 3833 3842
f 3833 3835 3842
f 3835 3837 3842
f 3837 3839 3842
f 3839 3841 3842
f 3841 3831 3842
f 3879 3881 3882
f 3879 3882 3880
f 3881 3883 3884
f 3881 3884 3882
f 3883 3885 3886
f 3883 3886 3884
f 3885 3887 3888
f 3885 3888 3886
f 3887 3889 3890
f 3887 3890 3888
f 3889 3879 3880
f 3889 3880 3890
f 3939 3941 3942
f 3939 3942 3940
f 3941 3943 3944
f 3941 3944 3942
f 3943 3945 3946
f 3943 3946 3944
f 3945 3947 3948
f 3945 3948 3946
f 3947 3949 3950
f 3947 3950 3948
f 3949 3939 3940
f 3949 3940 3950
f 3999 4001 4002
f 3999 4002 4000
f 4001 4003 4004
f 4001 4004 4002
f 4003 4005 4006
f 4003 4006 4004
f 4005 4007 4008
f 4005 4008 4006
f 4007 4009 4010
f 4007 4010 4008
f 4009 3999 4000
f 4009 4000 4010
f 4011 4013 4014
f 4011 4014 4012
f 4013 4015 4016
f 4013 4016 4014
f 4015 4017 4018
f 4015 4018 4016
f 4017 4019 4020
f 4017 4020 4018
f 4019 4021 4022
f 4019 4022 4020
f 4021 4011 4012
f 4021 4012 4022
f 4071 4073 4074
f 4071 4074 4072
f 4073 4075 4076
f 4073 4076 4074
f 4075 4077 4078
f 4075 4078 4076
f 4077 4079 4080
f 4077 4080 4078
f 4079 4081 4082
f 4079 4082 4080
f 4081 4071 4072
f 4081 4072 4082
f 4119 4121 4122
f 4119 4122 4120
f 4121 4123 4124
f 4121 4124 4122
f 4123 4125 4126
f 4123 4126 4124
f 4125 4127 4128
f 4125 4128 4126
f 4127 4129 4130
f 4127 4130 4128
f 4129 4119 4120
f 4129 4120 4130
f 4120 4122 4131
f 4122 4124 4131
f 4124 4126 4131
f 4126 4128 4131
f 4128 4130 4131
f 4130 4120 4131
f 4168 4170 4171
f 4168 4171 4169
f 4170 4172 4173
f 4170 4173 4171
f 4172 4174 4175
f 4172 4175 4173
f 4174 4176 4177
f 4174 4177 4175
f 4176 4178 4179
f 4176 4179 4177
f 4178 4168 4169
f 4178 4169 4179
f 4216 4218 4219
f 4216 4219 4217
f 4218 4220 4221
f 4218 4221 4219
f 4220 4222 4223
f 4220 4223 4221
f 4222 4224 4225
f 4222 4225 4223
f 4224 4226 4227
f 4224 4227 4225
f 4226 4216 4217
f 4226 4217 4227
f 4228 4230 4231
f 4228 4231 4229
f 4230 4232 4233
f 4230 4233 4231
f 4232 4234 4235
f 4232 4235 4233
f 4234 4236 4237
f 4234 4237 4235
f 4236 4238 4239
f 4236 4239 4237
f 4238 4228 4229
f 4238 4229 4239
f 4288 4290 4291
f 4288 4291 4289
f 4290 4292 4293
f 4290 4293 4291
f 4292 4294 4295
f 4292 4295 4293
f 4294 4296 4297
f 4294 4297 4295
f 4296 4298 4299
f 4296 4299 4297
f 4298 4288 4289
f 4298 4289 4299
f 4336 4338 4339
f 4336 4339 4337
f 4338 4340 4341
f 4338 4341 4339
f 4340 4342 4343
f 4340 4343 4341
f 4342 4344 4345
f 4342 4345 4343
f 4344 4346 4347
f 4344 4347 4345
f 4346 4336 4337
f 4346 4337 4347
f 4384 4386 4387
f 4384 4387 4385
f 4386 4388 4389
f 4386 4389 4387
f 4388 4390 4391
f 4388 4391 4389
f 4390 4392 4393
f 4390 4393 4391
f 4392 4394 4395
f 4392 4395 4393
f 4394 4384 4385
f 4394 4385 4395
f 4444 4446 4447
f 4444 4447 4445
f 4446 4448 4449
f 4446 4449 4447
f 4448 4450 4451
f 4448 4451 4449
f 4450 4452 4453
f 4450 4453 4451
f 4452 4454 4455
f 4452 4455 4453
f 4454 4444 4445
f 4454 4445 4455
f 4456 4458 4459
f 4456 4459 4457
f 4458 4460 4461
f 4458 4461 4459
f 4460 4462 4463
f 4460 4463 4461
f 4462 4464 4465
f 4462 4465 4463
f 4464 4466 4467
f 4464 4467 4465
f 4466 4456 4457
f 4466 4457 4467
f 4468 4470 4471
f 4468 4471 4469
f 4470 4472 4473
f 4470 4473 4471
f 4472 4474 4475
f 4472 4475 4473
f 4474 4476 4477
f 4474 4477 4475
f 4476 4478 4479
f 4476 4479 4477
f 4478 4468 4469
f 4478 4469 4479
f 4480 4482 4483
f 4480 4483 4481
f 4482 4484 4485
f 4482 4485 4483
f 4484 4486 4487
f 4484 4487 4485
f 4486 4488 4489
f 4486 4489 4487
f 4488 4490 4491
f 4488 4491 4489
f 4490 4480 4481
f 4490 4481 4491
f 4528 4530 4531
f 4528 4531 4529
f 4530 4532 4533
f 4530 4533 4531
f 4532 4534 4535
f 4532 4535 4533
f 4534 4536 4537
f 4534 4537 4535
f 4536 4538 4539
f 4536 4539 4537
f 4538 4528 4529
f 4538 4529 4539
f 4564 4566 4567
f 4564 4567 4565
f 4566 4568 4569
f 4566 4569 4567
f 4568 4570 4571
f 4568 4571 4569
f 4570 4572 4573
f 4570 4573 4571
f 4572 4574 4575
f 4572 4575 4573
f 4574 4564 4565
f 4574 4565 4575
f 4624 4626 4627
f 4624 4627 4625
f 4626 4628 4629
f 4626 4629 4627
f 4628 4630 4631
f 4628 4631 4629
f 4630 4632 4633
f 4630 4633 4631
f 4632 4634 4635
f 4632 4635 4633
f 4634 4624 4625
f 4634 4625 4635
f 4636 4638 4639
f 4636 4639 4637
f 4638 4640 4641
f 4638 4641 4639
f 4640 4642 4643
f 4640 4643 4641
f 4642 4644 4645
f 4642 4645 4643
f 4644 4646 4647
f 4644 4647 4645
f 4646 4636 4637
f 4646 4637 4647
f 4637 4639 4648
f 4639 4641 4648
f 4641 4643 4648
f 4643 4645 4648
f 4645 4647 4648
f 4647 4637 4648
f 4685 4687 4688
f 4685 4688 4686
f 4687 4689 4690
f 4687 4690 4688
f 4689 4691 4692
f 4689 4692 4690
f 4691 4693 4694
f 4691 4694 4692
f 4693 4695 4696
f 4693 4696 4694
f 4695 4685 4686
f 4695 4686 4696
f 4745 4747 4748
f 4745 4748 4746
f 4747 4749 4750
f 4747 4750 4748
f 4749 4751 4752
f 4749 4752 4750
f 4751 4753 4754
f 4751 4754 4752
f 4753 4755 4756
f 4753 4756 4754
f 4755 4745 4746
f 4755 4746 4756
f 4805 4807 4808
f 4805 4808 4806
f 4807 4809 4810
f 4807 4810 4808
f 4809 4811 4812
f 4809 4812 4810
f 4811 4813 4814
f 4811 4814 4812
f 4813 4815 4816
f 4813 4816 4814
f 4815 4805 4806
f 4815 4806 4816
f 4865 4867 4868
f 4865 4868 4866
f 4867 4869 4870
f 4867 4870 4868
f 4869 4871 4872
f 4869 4872 4870
f 4871 4873 4874
f 4871 4874 4872
f 4873 4875 4876
f 4873 4876 4874
f 4875 4865 4866
f 4875 4866 4876
f 4877 4879 4880
f 4877 4880 4878
f 4879 4881 4882
f 4879 4882 4880
f 4881 4883 4884
f 4881 4884 4882
f 4883 4885 4886
f 4883 4886 4884
f 4885 4887 4888
f 4885 4888 4886
f 4887 4877 4878
f 4887 4878 4888
f 4889 4891 4892
f 4889 4892 4890
f 4891 4893 4894
f 4891 4894 4892
f 4893 4895 4896
f 4893 4896 4894
f 4895 4897 4898
f 4895 4898 4896
f 4897 4899 4900
f 4897 4900 4898
f 4899 4889 4890
f 4899 4890 4900
f 4949 4951 4952
f 4949 4952 4950
f 4951 4953 4954
f 4951 4954 4952
f 4953 4955 4956
f 4953 4956 4954
f 4955 4957 4958
f 4955 4958 4956
f 4957 4959 4960
f 4957 4960 4958
f 4959 4949 4950
f 4959 4950 4960
f 5009 5011 5012
f 5009 5012 5010
f 5011 5013 5014
f 5011 5014 5012
f 5013 5015 5016
f 5013 5016 5014
f 5015 5017 5018
f 5015 5018 5016
f 5017 5019 5020
f 5017 5020 5018
f 5019 5009 5010
f 5019 5010 5020
f 5057 5059 5060
f 5057 5060 5058
f 5059 5061 5062
f 5059 5062 5060
f 5061 5063 5064
f 5061 5064 5062
f 5063 5065 5066
f 5063 5066 5064
f 5065 5067 5068
f 5065 5068 5066
f 5067 5057 5058
f 5067 5058 5068
f 5069 5071 5072
f 5069 5072 5070
f 5071 5073 5074
f 5071 5074 5072
f 5073 5075 5076
f 5073 5076 5074
f 5075 5077 5078
f 5075 5078 5076
f 5077 5079 5080
f 5077 5080 5078
f 5079 5069 5070
f 5079 5070 5080
f 5117 5119 5120
f 5117 5120 5118
f 5119 5121 5122
f 5119 5122 5120
f 5121 5123 5124
f 5121 5124 5122
f 5123 5125 5126
f 5123 5126 5124
f 5125 5127 5128
f 5125 5128 5126
f 5127 5117 5118
f 5127 5118 5128
f 5153 5155 5156
f 5153 5156 5154
f 5155 5157 5158
f 5155 5158 5156
f 5157 5159 5160
f 5157 5160 5158
f 5159 5161 5162
f 5159 5162 5160
f 5161 5163 5164
f 5161 5164 5162
f 5163 5153 5154
f 5163 5154 5164
f 5213 5215 5216
f 5213 5216 5214
f 5215 5217 5218
f 5215 5218 5216
f 5217 5219 5220
f 5217 5220 5218
f 5219 5221 5222
f 5219 5222 5220
f 5221 5223 5224
f 5221 5224 5222
f 5223 5213 5214
f 5223 5214 5224
f 5273 5275 5276
f 5273 5276 5274
f 5275 5277 5278
f 5275 5278 5276
f 5277 5279 5280
f 5277 5280 5278
f 5279 5281 5282
f 5279 5282 5280
f 5281 5283 5284
f 5281 5284 5282
f 5283 5273 5274
f 5283 5274 5284
f 5285 5287 5288
f 5285 5288 5286
f 5287 5289 5290
f 5287 5290 5288
f 5289 5291 5292
f 5289 5292 5290
f 5291 5293 5294
f 5291 5294 5292
f 5293 5295 5296
f 5293 5296 5294
f 5295 5285 5286
f 5295 5286 5296
f 5345 5347 5348
f 5345 5348 5346
f 5347 5349 5350
f 5347 5350 5348
f 5349 5351 5352
f 5349 5352 5350
f 5351 5353 5354
f 5351 5354 5352
f 5353 5355 5356
f 5353 5356 5354
f 5355 5345 5346
f 5355 5346 5356
f 5405 5407 5408
f 5405 5408 5406
f 5407 5409 5410
f 5407 5410 5408
f 5409 5411 5412
f 5409 5412 5410
f 5411 5413 5414
f 5411 5414 5412
f 5413 5415 5416
f 5413 5416 5414
f 5415 5405 5406
f 5415 5406 5416
f 5406 5408 5417
f 5408 5410 5417
f 5410 5412 5417
f 5412 5414 5417
f 5414 5416 5417
f 5416 5406 5417
f 5454 5456 5457
f 5454 5457 5455
f 5456 5458 5459
f 5456 5459 5457
f 5458 5460 5461
f 5458 5461 5459
f 5460 5462 5463
f 5460 5463 5461
f 5462 5464 5465
f 5462 5465 5463
f 5464 5454 5455
f 5464 5455 5465
f 5514 5516 5517
f 5514 5517 5515
f 5516 5518 5519
f 5516 5519 5517
f 5518 5520 5521
f 5518 5521 5519
f 5520 5522 5523
f 5520 5523 5521
f 5522 5524 5525
f 5522 5525 5523
f 5524 5514 5515
f 5524 5515 5525
f 5515 5517 5526
f 5517 5519 5526
f 5519 5521 5526
f 5521 5523 5526
f 5523 5525 5526
f 5525 5515 5526
f 5527 5529 5530
f 5527 5530 5528
f 5529 5531 5532
f 5529 5532 5530
f 5531 5533 5534
f 5531 5534 5532
f 5533 5535 5536
f 5533 5536 5534
f 5535 5537 5538
f 5535 5538 5536
f 5537 5527 5528
f 5537 5528 5538
f 5587 5589 5590
f 5587 5590 5588
f 5589 5591 5592
f 5589 5592 5590
f 5591 5593 5594
f 5591 5594 5592
f 5593 5595 5596
f 5593 5596 5594
f 5595 5597 5598
f 5595 5598 5596
f 5597 5587 5588
f 5597 5588 5598
f 5647 5649 5650
f 5647 5650 5648
f 5649 5651 5652
f 5649 5652 5650
f 5651 5653 5654
f 5651 5654 5652
f 5653 5655 5656
f 5653 5656 5654
f 5655 5657 5658
f 5655 5658 5656
f 5657 5647 5648
f 5657 5648 5658
f 5659 5661 5662
f 5659 5662 5660
f 5661 5663 5664
f 5661 5664 5662
f 5663 5665 5666
f 5663 5666 5664
f 5665 5667 5668
f 5665 5668 5666
f 5667 5669 5670
f 5667 5670 5668
f 5669 5659 5660
f 5669 5660 5670
f 5660 5662 5671
f 5662 5664 5671
f 5664 5666 5671
f 5666 5668 5671
f 5668 5670 5671
f 5670 5660 5671
f 5672 5674 5675
f 5672 5675 5673
f 5674 5676 5677
f 5674 5677 5675
f 5676 5678 5679
f 5676 5679 5677
f 5678 5680 5681
f 5678 5681 5679
f 5680 5682 5683
f 5680 5683 5681
f 5682 5672 5673
f 5682 5673 5683
f 5732 5734 5735
f 5732 5735 5733
f 5734 5736 5737
f 5734 5737 5735
f 5736 5738 5739
f 5736 5739 5737
f 5738 5740 5741
f 5738 5741 5739
f 5740 5742 5743
f 5740 5743 5741
f 5742 5732 5733
f 5742 5733 5743
f 5733 5735 5744
f 5735 5737 5744
f 5737 5739 5744
f 5739 5741 5744
f 5741 5743 5744
f 5743 5733 5744
f 5769 5771 5772
f 5769 5772 5770
f 5771 5773 5774
f 5771 5774 5772
f 5773 5775 5776
f 5773 5776 5774
f 5775 5777 5778
f 5775 5778 5776
f 5777 5779 5780
f 5777 5780 5778
f 5779 5769 5770
f 5779 5770 5780
f 5781 5783 5784
f 5781 5784 5782
f 5783 5785 5786
f 5783 5786 5784
f 5785 5787 5788
f 5785 5788 5786
f 5787 5789 5790
f 5787 5790 5788
f 5789 5791 5792
f 5789 5792 5790
f 5791 5781 5782
f 5791 5782 5792
f 5782 5784 5793
f 5784 5786 5793
f 5786 5788 5793
f 5788 5790 5793
f 5790 5792 5793
f 5792 5782 5793
f 5830 5832 5833
f 5830 5833 5831
f 5832 5834 5835
f 5832 5835 5833
f 5834 5836 5837
f 5834 5837 5835
f 5836 5838 5839
f 5836 5839 5837
f 5838 5840 5841
f 5838 5841 5839
f 5840 5830 5831
f 5840 5831 5841
f 5890 5892 5893
f 5890 5893 5891
f 5892 5894 5895
f 5892 5895 5893
f 5894 5896 5897
f 5894 5897 5895
f 5896 5898 5899
f 5896 5899 5897
f 5898 5900 5901
f 5898 5901 5899
f 5900 5890 5891
f 5900 5891 5901
f 5950 5952 5953
f 5950 5953 5951
f 5952 5954 5955
f 5952 5955 5953
f 5954 5956 5957
f 5954 5957 5955
f 5956 5958 5959
f 5956 5959 5957
f 5958 5960 5961
f 5958 5961 5959
f 5960 5950 5951
f 5960 5951 5961
f 5951 5953 5962
f 5953 5955 5962
f 5955 5957 5962
f 5957 5959 5962
f 5959 5961 5962
f 5961 5951 5962
f 5963 5965 5966
f 5963 5966 5964
f 5965 5967 5968
f 5965 5968 5966
f 5967 5969 5970
f 5967 5970 5968
f 5969 5971 5972
f 5969 5972 5970
f 5971 5973 5974
f 5971 5974 5972
f 5973 5963 5964
f 5973 5964 5974
f 6023 6025 6026
f 6023 6026 6024
f 6025 6027 6028
f 6025 6028 6026
f 6027 6029 6030
f 6027 6030 6028
f 6029 6031 6032
f 6029 6032 6030
f 6031 6033 6034
f 6031 6034 6032
f 6033 6023 6024
f 6033 6024 6034
f 6083 6085 6086
f 6083 6086 6084
f 6085 6087 6088
f 6085 6088 6086
f 6087 6089 6090
f 6087 6090 6088
f 6089 6091 6092
f 6089 6092 6090
f 6091 6093 6094
f 6091 6094 6092
f 6093 6083 6084
f 6093 6084 6094
f 6143 6145 6146
f 6143 6146 6144
f 6145 6147 6148
f 6145 6148 6146
f 6147 6149 6150
f 6147 6150 6148
f 6149 6151 6152
f 6149 6152 6150
f 6151 6153 6154
f 6151 6154 6152
f 6153 6143 6144
f 6153 6144 6154
f 6155 6157 6158
f 6155 6158 6156
f 6157 6159 6160
f 6157 6160 6158
f 6159 6161 6162
f 6159 6162 6160
f 6161 6163 6164
f 6161 6164 6162
f 6163 6165 6166
f 6163 6166 6164
f 6165 6155 6156
f 6165 6156 6166
f 6156 6158 6167
f 6158 6160 6167
f 6160 6162 6167
f 6162 6164 6167
f 6164 6166 6167
f 6166 6156 6167
f 6168 6170 6171
f 6168 6171 6169
f 6170 6172 6173
f 6170 6173 6171
f 6172 6174 6175
f 6172 6175 6173
f 6174 6176 6177
f 6174 6177 6175
f 6176 6178 6179
f 6176 6179 6177
f 6178 6168 6169
f 6178 6169 6179
f 6216 6218 6219
f 6216 6219 6217
f 6218 6220 6221
f 6218 6221 6219
f 6220 6222 6223
f 6220 6223 6221
f 6222 6224 6225
f 6222 6225 6223
f 6224 6226 6227
f 6224 6227 6225
f 6226 6216 6217
f 6226 6217 6227
f 6276 6278 6279
f 6276 6279 6277
f 6278 6280 6281
f 6278 6281 6279
f 6280 6282 6283
f 6280 6283 6281
f 6282 6284 6285
f 6282 6285 6283
f 6284 6286 6287
f 6284 6287 6285
f 6286 6276 6277
f 6286 6277 6287
f 6277 6279 6288
f 6279 6281 6288
f 6281 6283 6288
f 6283 6285 6288
f 6285 6287 6288
f 6287 6277 6288
f 6289 6291 6292
f 6289 6292 6290
f 6291 6293 6294
f 6291 6294 6292
f 6293 6295 6296
f 6293 6296 6294
f 6295 6297 6298
f 6295 6298 6296
f 6297 6299 6300
f 6297 6300 6298
f 6299 6289 6290
f 6299 6290 6300
f 6349 6351 6352
f 6349 6352 6350
f 6351 6353 6354
f 6351 6354 6352
f 6353 6355 6356
f 6353 6356 6354
f 6355 6357 6358
f 6355 6358 6356
f 6357 6359 6360
f 6357 6360 6358
f 6359 6349 6350
f 6359 6350 6360
f 6385 6387 6388
f 6385 6388 6386
f 6387 6389 6390
f 6387 6390 6388
f 6389 6391 6392
f 6389 6392 6390
f 6391 6393 6394
f 6391 6394 6392
f 6393 6395 6396
f 6393 6396 6394
f 6395 6385 6386
f 6395 6386 6396
f 6397 6399 6400
f 6397 6400 6398
f 6399 6401 6402
f 6399 6402 6400
f 6401 6403 6404
f 6401 6404 6402
f 6403 6405 6406
f 6403 6406 6404
f 6405 6407 6408
f 6405 6408 6406
f 6407 6397 6398
f 6407 6398 6408
f 6457 6459 6460
f 6457 6460 6458
f 6459 6461 6462
f 6459 6462 6460
f 6461 6463 6464
f 6461 6464 6462
f 6463 6465 6466
f 6463 6466 6464
f 6465 6467 6468
f 6465 6468 6466
f 6467 6457 6458
f 6467 6458 6468
f 6458 6460 6469
f 6460 6462 6469
f 6462 6464 6469
f 6464 6466 6469
f 6466 6468 6469
f 6468 6458 6469
f 6506 6508 6509
f 6506 6509 6507
f 6508 6510 6511
f 6508 6511 6509
f 6510 6512 6513
f 6510 6513 6511
f 6512 6514 6515
f 6512 6515 6513
f 6514 6516 6517
f 6514 6517 6515
f 6516 6506 6507
f 6516 6507 6517
f 6566 6568 6569
f 6566 6569 6567
f 6568 6570 6571
f 6568 6571 6569
f 6570 6572 6573
f 6570 6573 6571
f 6572 6574 6575
f 6572 6575 6573
f 6574 6576 6577
f 6574 6577 6575
f 6576 6566 6567
f 6576 6567 6577
f 6626 6628 6629
f 6626 6629 6627
f 6628 6630 6631
f 6628 6631 6629
f 6630 6632 6633
f 6630 6633 6631
f 6632 6634 6635
f 6632 6635 6633
f 6634 6636 6637
f 6634 6637 6635
f 6636 6626 6627
f 6636 6627 6637
f 6627 6629 6638
f 6629 6631 6638
f 6631 6633 6638
f 6633 6635 6638
f 6635 6637 6638
f 6637 6627 6638
f 6639 6641 6642
f 6639 6642 6640
f 6641 6643 6644
f 6641 6644 6642
f 6643 6645 6646
f 6643 6646 6644
f 6645 6647 6648
f 6645 6648 6646
f 6647 6649 6650
f 6647 6650 6648
f 6649 6639 6640
f 6649 6640 6650
f 6699 6701 6702
f 6699 6702 6700
f 6701 6703 6704
f 6701 6704 6702
f 6703 6705 6706
f 6703 6706 6704
f 6705 6707 6708
f 6705 6708 6706
f 6707 6709 6710
f 6707 6710 6708
f 6709 6699 6700
f 6709 6700 6710
f 6759 6761 6762
f 6759 6762 6760
f 6761 6763 6764
f 6761 6764 6762
f 6763 6765 6766
f 6763 6766 6764
f 6765 6767 6768
f 6765 6768 6766
f 6767 6769 6770
f 6767 6770 6768
f 6769 6759 6760
f 6769 6760 6770
f 6819 6821 6822
f 6819 6822 6820
f 6821 6823 6824
f 6821 6824 6822
f 6823 6825 6826
f 6823 6826 6824
f 6825 6827 6828
f 6825 6828 6826
f 6827 6829 6830
f 6827 6830 6828
f 6829 6819 6820
f 6829 6820 6830
f 6820 6822 6831
f 6822 6824 6831
f 6824 6826 6831
f 6826 6828 6831
f 6828 6830 6831
f 6830 6820 6831
f 6832 6834 6835
f 6832 6835 6833
f 6834 6836 6837
f 6834 6837 6835
f 6836 6838 6839
f 6836 6839 6837
f 6838 6840 6841
f 6838 6841 6839
f 6840 6842 6843
f 6840 6843 6841
f 6842 6832 6833
f 6842 6833 6843
f 6844 6846 6847
f 6844 6847 6845
f 6846 6848 6849
f 6846 6849 6847
f 6848 6850 6851
f 6848 6851 6849
f 6850 6852 6853
f 6850 6853 6851
f 6852 6854 6855
f 6852 6855 6853
f 6854 6844 6845
f 6854 6845 6855
f 6856 6858 6859
f 6856 6859 6857
f 6858 6860 6861
f 6858 6861 6859
f 6860 6862 6863
f 6860 6863 6861
f 6862 6864 6865
f 6862 6865 6863
f 6864 6866 6867
f 6864 6867 6865
f 6866 6856 6857
f 6866 6857 6867
f 6904 6906 6907
f 6904 6907 6905
f 6906 6908 6909
f 6906 6909 6907
f 6908 6910 6911
f 6908 6911 6909
f 6910 6912 6913
f 6910 6913 6911
f 6912 6914 6915
f 6912 6915 6913
f 6914 6904 6905
f 6914 6905 6915
f 6964 6966 6967
f 6964 6967 6965
f 6966 6968 6969
f 6966 6969 6967
f 6968 6970 6971
f 6968 6971 6969
f 6970 6972 6973
f 6970 6973 6971
f 6972 6974 6975
f 6972 6975 6973
f 6974 6964 6965
f 6974 6965 6975
f 7024 7026 7027
f 7024 7027 7025
f 7026 7028 7029
f 7026 7029 7027
f 7028 7030 7031
f 7028 7031 7029
f 7030 7032 7033
f 7030 7033 7031
f 7032 7034 7035
f 7032 7035 7033
f 7034 7024 7025
f 7034 7025 7035
f 7084 7086 7087
f 7084 7087 7085
f 7086 7088 7089
f 7086 7089 7087
f 7088 7090 7091
f 7088 7091 7089
f 7090 7092 7093
f 7090 7093 7091
f 7092 7094 7095
f 7092 7095 7093
f 7094 7084 7085
f 7094 7085 7095
f 7096 7098 7099
f 7096 7099 7097
f 7098 7100 7101
f 7098 7101 7099
f 7100 7102 7103
f 7100 7103 7101
f 7102 7104 7105
f 7102 7105 7103
f 7104 7106 7107
f 7104 7107 7105
f 7106 7096 7097
f 7106 7097 7107
f 7156 7158 7159
f 7156 7159 7157
f 7158 7160 7161
f 7158 7161 7159
f 7160 7162 7163
f 7160 7163 7161
f 7162 7164 7165
f 7162 7165 7163
f 7164 7166 7167
f 7164 7167 7165
f 7166 7156 7157
f 7166 7157 7167
f 7192 7194 7195
f 7192 7195 7193
f 7194 7196 7197
f 7194 7197 7195
f 7196 7198 7199
f 7196 7199 7197
f 7198 7200 7201
f 7198 7201 7199
f 7200 7202 7203
f 7200 7203 7201
f 7202 7192 7193
f 7202 7193 7203
f 7193 7195 7204
f 7195 7197 7204
f 7197 7199 7204
f 7199 7201 7204
f 7201 7203 7204
f 7203 7193 7204
f 7241 7243 7244
f 7241 7244 7242
f 7243 7245 7246
f 7243 7246 7244
f 7245 7247 7248
f 7245 7248 7246
f 7247 7249 7250
f 7247 7250 7248
f 7249 7251 7252
f 7249 7252 7250
f 7251 7241 7242
f 7251 7242 7252
f 7301 7303 7304
f 7301 7304 7302
f 7303 7305 7306
f 7303 7306 7304
f 7305 7307 7308
f 7305 7308 7306
f 7307 7309 7310
f 7307 7310 7308
f 7309 7311 7312
f 7309 7312 7310
f 7311 7301 7302
f 7311 7302 7312
f 7313 7315 7316
f 7313 7316 7314
f 7315 7317 7318
f 7315 7318 7316
f 7317 7319 7320
f 7317 7320 7318
f 7319 7321 7322
f 7319 7322 7320
f 7321 7323 7324
f 7321 7324 7322
f 7323 7313 7314
f 7323 7314 7324
f 7349 7351 7352
f 7349 7352 7350
f 7351 7353 7354
f 7351 7354 7352
f 7353 7355 7356
f 7353 7356 7354
f 7355 7357 7358
f 7355 7358 7356
f 7357 7359 7360
f 7357 7360 7358
f 7359 7349 7350
f 7359 7350 7360
f 7385 7387 7388
f 7385 7388 7386
f 7387 7389 7390
f 7387 7390 7388
f 7389 7391 7392
f 7389 7392 7390
f 7391 7393 7394
f 7391 7394 7392
f 7393 7395 7396
f 7393 7396 7394
f 7395 7385 7386
f 7395 7386 7396
f 7445 7447 7448
f 7445 7448 7446
f 7447 7449 7450
f 7447 7450 7448
f 7449 7451 7452
f 7449 7452 7450
f 7451 7453 7454
f 7451 7454 7452
f 7453 7455 7456
f 7453 7456 7454
f 7455 7445 7446
f 7455 7446 7456
f 7505 7507 7508
f 7505 7508 7506
f 7507 7509 7510
f 7507 7510 7508
f 7509 7511 7512
f 7509 7512 7510
f 7511 7513 7514
f 7511 7514 7512
f 7513 7515 7516
f 7513 7516 7514
f 7515 7505 7506
f 7515 7506 7516
f 7506 7508 7517
f 7508 7510 7517
f 7510 7512 7517
f 7512 7514 7517
f 7514 7516 7517
f 7516 7506 7517
f 7518 7520 7521
f 7518 7521 7519
f 7520 7522 7523
f 7520 7523 7521
f 7522 7524 7525
f 7522 7525 7523
f 7524 7526 7527
f 7524 7527 7525
f 7526 7528 7529
f 7526 7529 7527
f 7528 7518 7519
f 7528 7519 7529
f 7566 7568 7569
f 7566 7569 7567
f 7568 7570 7571
f 7568 7571 7569
f 7570 7572 7573
f 7570 7573 7571
f 7572 7574 7575
f 7572 7575 7573
f 7574 7576 7577
f 7574 7577 7575
f 7576 7566 7567
f 7576 7567 7577
f 7567 7569 7578
f 7569 7571 7578
f 7571 7573 7578
f 7573 7575 7578
f 7575 7577 7578
f 7577 7567 7578
f 7615 7617 7618
f 7615 7618 7616
f 7617 7619 7620
f 7617 7620 7618
f 7619 7621 7622
f 7619 7622 7620
f 7621 7623 7624
f 7621 7624 7622
f 7623 7625 7626
f 7623 7626 7624
f 7625 7615 7616
f 7625 7616 7626
f 7627 7629 7630
f 7627 7630 7628
f 7629 7631 7632
f 7629 7632 7630
f 7631 7633 7634
f 7631 7634 7632
f 7633 7635 7636
f 7633 7636 7634
f 7635 7637 7638
f 7635 7638 7636
f 7637 7627 7628
f 7637 7628 7638
f 7639 7641 7642
f 7639 7642 7640
f 7641 7643 7644
f 7641 7644 7642
f 7643 7645 7646
f 7643 7646 7644
f 7645 7647 7648
f 7645 7648 7646
f 7647 7649 7650
f 7647 7650 7648
f 7649 7639 7640
f 7649 7640 7650
f 7687 7689 7690
f 7687 7690 7688
f 7689 7691 7692
f 7689 7692 7690
f 7691 7693 7694
f 7691 7694 7692
f 7693 7695 7696
f 7693 7696 7694
f 7695 7697 7698
f 7695 7698 7696
f 7697 7687 7688
f 7697 7688 7698
f 7735 7737 7738
f 7735 7738 7736
f 7737 7739 7740
f 7737 7740 7738
f 7739 7741 7742
f 7739 7742 7740
f 7741 7743 7744
f 7741 7744 7742
f 7743 7745 7746
f 7743 7746 7744
f 7745 7735 7736
f 7745 7736 7746
f 7736 7738 7747
f 7738 7740 7747
f 7740 7742 7747
f 7742 7744 7747
f 7744 7746 7747
f 7746 7736 7747
f 7784 7786 7787
f 7784 7787 7785
f 7786 7788 7789
f 7786 7789 7787
f 7788 7790 7791
f 7788 7791 7789
f 7790 7792 7793
f 7790 7793 7791
f 7792 7794 7795
f 7792 7795 7793
f 7794 7784 7785
f 7794 7785 7795
f 7796 7798 7799
f 7796 7799 7797
f 7798 7800 7801
f 7798 7801 7799
f 7800 7802 7803
f 7800 7803 7801
f 7802 7804 7805
f 7802 7805 7803
f 7804 7806 7807
f 7804 7807 7805
f 7806 7796 7797
f 7806 7797 7807
f 7797 7799 7808
f 7799 7801 7808
f 7801 7803 7808
f 7803 7805 7808
f 7805 7807 7808
f 7807 7797 7808
f 7845 7847 7848
f 7845 7848 7846
f 7847 7849 7850
f 7847 7850 7848
f 7849 7851 7852
f 7849 7852 7850
f 7851 7853 7854
f 7851 7854 7852
f 7853 7855 7856
f 7853 7856 7854
f 7855 7845 7846
f 7855 7846 7856
f 7905 7907 7908
f 7905 7908 7906
f 7907 7909 7910
f 7907 7910 7908
f 7909 7911 7912
f 7909 7912 7910
f 7911 7913 7914
f 7911 7914 7912
f 7913 7915 7916
f 7913 7916 7914
f 7915 7905 7906
f 7915 7906 7916
f 7965 7967 7968
f 7965 7968 7966
f 7967 7969 7970
f 7967 7970 7968
f 7969 7971 7972
f 7969 7972 7970
f 7971 7973 7974
f 7971 7974 7972
f 7973 7975 7976
f 7973 7976 7974
f 7975 7965 7966
f 7975 7966 7976
f 8025 8027 8028
f 8025 8028 8026
f 8027 8029 8030
f 8027 8030 8028
f 8029 8031 8032
f 8029 8032 8030
f 8031 8033 8034
f 8031 8034 8032
f 8033 8035 8036
f 8033 8036 8034
f 8035 8025 8026
f 8035 8026 8036
f 8026 8028 8037
f 8028 8030 8037
f 8030 8032 8037
f 8032 8034 8037
f 8034 8036 8037
f 8036 8026 8037
f 8038 8040 8041
f 8038 8041 8039
f 8040 8042 8043
f 8040 8043 8041
f 8042 8044 8045
f 8042 8045 8043
f 8044 8046 8047
f 8044 8047 8045
f 8046 8048 8049
f 8046 8049 8047
f 8048 8038 8039
f 8048 8039 8049
f 8050 8052 8053
f 8050 8053 8051
f 8052 8054 8055
f 8052 8055 8053
f 8054 8056 8057
f 8054 8057 8055
f 8056 8058 8059
f 8056 8059 8057
f 8058 8060 8061
f 8058 8061 8059
f 8060 8050 8051
f 8060 8051 8061
f 8110 8112 8113
f 8110 8113 8111
f 8112 8114 8115
f 8112 8115 8113
f 8114 8116 8117
f 8114 8117 8115
f 8116 8118 8119
f 8116 8119 8117
f 8118 8120 8121
f 8118 8121 8119
f 8120 8110 8111
f 8120 8111 8121
f 8170 8172 8173
f 8170 8173 8171
f 8172 8174 8175
f 8172 8175 8173
f 8174 8176 8177
f 8174 8177 8175
f 8176 8178 8179
f 8176 8179 8177
f 8178 8180 8181
f 8178 8181 8179
f 8180 8170 8171
f 8180 8171 8181
f 8230 8232 8233
f 8230 8233 8231
f 8232 8234 8235
f 8232 8235 8233
f 8234 8236 8237
f 8234 8237 8235
f 8236 8238 8239
f 8236 8239 8237
f 8238 8240 8241
f 8238 8241 8239
f 8240 8230 8231
f 8240 8231 8241
f 8290 8292 8293
f 8290 8293 8291
f 8292 8294 8295
f 8292 8295 8293
f 8294 8296 8297
f 8294 8297 8295
f 8296 8298 8299
f 8296 8299 8297
f 8298 8300 8301
f 8298 8301 8299
f 8300 8290 8291
f 8300 8291 8301
f 8302 8304 8305
f 8302 8305 8303
f 8304 8306 8307
f 8304 8307 8305
f 8306 8308 8309
f 8306 8309 8307
f 8308 8310 8311
f 8308 8311 8309
f 8310 8312 8313
f 8310 8313 8311
f 8312 8302 8303
f 8312 8303 8313
f 8303 8305 8314
f 8305 8307 8314
f 8307 8309 8314
f 8309 8311 8314
f 8311 8313 8314
f 8313 8303 8314
f 8351 8353 8354
f 8351 8354 8352
f 8353 8355 8356
f 8353 8356 8354
f 8355 8357 8358
f 8355 8358 8356
f 8357 8359 8360
f 8357 8360 8358
f 8359 8361 8362
f 8359 8362 8360
f 8361 8351 8352
f 8361 8352 8362
f 8399 8401 8402
f 8399 8402 8400
f 8401 8403 8404
f 8401 8404 8402
f 8403 8405 8406
f 8403 8406 8404
f 8405 8407 8408
f 8405 8408 8406
f 8407 8409 8410
f 8407 8410 8408
f 8409 8399 8400
f 8409 8400 8410
f 8459 8461 8462
f 8459 8462 8460
f 8461 8463 8464
f 8461 8464 8462
f 8463 8465 8466
f 8463 8466 8464
f 8465 8467 8468
f 8465 8468 8466
f 8467 8469 8470
f 8467 8470 8468
f 8469 8459 8460
f 8469 8460 8470
f 8471 8473 8474
f 8471 8474 8472
f 8473 8475 8476
f 8473 8476 8474
f 8475 8477 8478
f 8475 8478 8476
f 8477 8479 8480
f 8477 8480 8478
f 8479 8481 8482
f 8479 8482 8480
f 8481 8471 8472
f 8481 8472 8482
f 8531 8533 8534
f 8531 8534 8532
f 8533 8535 8536
f 8533 8536 8534
f 8535 8537 8538
f 8535 8538 8536
f 8537 8539 8540
f 8537 8540 8538
f 8539 8541 8542
f 8539 8542 8540
f 8541 8531 8532
f 8541 8532 8542
f 8591 8593 8594
f 8591 8594 8592
f 8593 8595 8596
f 8593 8596 8594
f 8595 8597 8598
f 8595 8598 8596
f 8597 8599 8600
f 8597 8600 8598
f 8599 8601 8602
f 8599 8602 8600
f 8601 8591 8592
f 8601 8592 8602
f 8651 8653 8654
f 8651 8654 8652
f 8653 8655 8656
f 8653 8656 8654
f 8655 8657 8658
f 8655 8658 8656
f 8657 8659 8660
f 8657 8660 8658
f 8659 8661 8662
f 8659 8662 8660
f 8661 8651 8652
f 8661 8652 8662
usemtl Leaf
f 61 63 62
f 61 62 63
f 62 64 61
f 62 61 64
f 65 67 66
f 65 66 67
f 66 68 65
f 66 65 68
f 69 71 70
f 69 70 71
f 70 72 69
f 70 69 72
f 73 75 74
f 73 74 75
f 74 76 73
f 74 73 76
f 77 79 78
f 77 78 79
f 78 80 77
f 78 77 80
f 81 83 82
f 81 82 83
f 82 84 81
f 82 81 84
f 85 87 86
f 85 86 87
f 86 88 85
f 86 85 88
f 89 91 90
f 89 90 91
f 90 92 89
f 90 89 92
f 93 95 94
f 93 94 95
f 94 96 93
f 94 93 96
f 97 99 98
f 97 98 99
f 98 100 97
f 98 97 100
f 101 103 102
f 101 102 103
f 102 104 101
f 102 101 104
f 105 107 106
f 105 106 107
f 106 108 105
f 106 105 108
f 121 123 122
f 121 122 123
f 122 124 121
f 122 121 124
f 125 127 126
f 125 126 127
f 126 128 125
f 126 125 128
f 129 131 130
f 129 130 131
f 130 132 129
f 130 129 132
f 133 135 134
f 133 134 135
f 134 136 133
f 134 133 136
f 137 139 138
f 137 138 139
f 138 140 137
f 138 137 140
f 141 143 142
f 141 142 143
f 142 144 141
f 142 141 144
f 145 147 146
f 145 146 147
f 146 148 145
f 146 145 148
f 149 151 150
f 149 150 151
f 150 152 149
f 150 149 152
f 153 155 154
f 153 154 155
f 154 156 153
f 154 153 156
f 157 159 158
f 157 158 159
f 158 160 157
f 158 157 160
f 161 163 162
f 161 162 163
f 162 164 161
f 162 161 164
f 165 167 166
f 165 166 167
f 166 168 165
f 166 165 168
f 181 183 182
f 181 182 183
f 182 184 181
f 182 181 184
f 185 187 186
f 185 186 187
f 186 188 185
f 186 185 188
f 189 191 190
f 189 190 191
f 190 192 189
f 190 189 192
f 193 195 194
f 193 194 195
f 194 196 193
f 194 193 196
f 197 199 198
f 197 198 199
f 198 200 197
f 198 197 200
f 201 203 202
f 201 202 203
f 202 204 201
f 202 201 204
f 205 207 206
f 205 206 207
f 206 208 205
f 206 205 208
f 209 211 210
f 209 210 211
f 210 212 209
f 210 209 212
f 213 215 214
f 213 214 215
f 214 216 213
f 214 213 216
f 217 219 218
f 217 218 219
f 218 220 217
f 218 217 220
f 221 223 222
f 221 222 223
f 222 224 221
f 222 221 224
f 225 227 226
f 225 226 227
f 226 228 225
f 226 225 228
f 241 243 242
f 241 242 243
f 242 244 241
f 242 241 244
f 245 247 246
f 245 246 247
f 246 248 245
f 246 245 248
f 249 251 250
f 249 250 251
f 250 252 249
f 250 249 252
f 253 255 254
f 253 254 255
f 254 256 253
f 254 253 256
f 257 259 258
f 257 258 259
f 258 260 257
f 258 257 260
f 261 263 262
f 261 262 263
f 262 264 261
f 262 261 264
f 290 292 291
f 290 291 292
f 291 293 290
f 291 290 293
f 294 296 295
f 294 295 296
f 295 297 294
f 295 294 297
f 298 300 299
f 298 299 300
f 299 301 298
f 299 298 301
f 302 304 303
f 302 303 304
f 303 305 302
f 303 302 305
f 306 308 307
f 306 307 308
f 307 309 306
f 307 306 309
f 310 312 311
f 310 311 312
f 311 313 310
f 311 310 313
f 326 328 327
f 326 327 328
f 327 329 326
f 327 326 329
f 330 332 331
f 330 331 332
f 331 333 330
f 331 330 333
f 334 336 335
f 334 335 336
f 335 337 334
f 335 334 337
f 338 340 339
f 338 339 340
f 339 341 338
f 339 338 341
f 342 344 343
f 342 343 344
f 343 345 342
f 343 342 345
f 346 348 347
f 346 347 348
f 347 349 346
f 347 346 349
f 350 352 351
f 350 351 352
f 351 353 350
f 351 350 353
f 354 356 355
f 354 355 356
f 355 357 354
f 355 354 357
f 358 360 359
f 358 359 360
f 359 361 358
f 359 358 361
f 362 364 363
f 362 363 364
f 363 365 362
f 363 362 365
f 366 368 367
f 366 367 368
f 367 369 366
f 367 366 369
f 370 372 371
f 370 371 372
f 371 373 370
f 371 370 373
f 386 388 387
f 386 387 388
f 387 389 386
f 387 386 389
f 390 392 391
f 390 391 392
f 391 393 390
f 391 390 393
f 394 396 395
f 394 395 396
f 395 397 394
f 395 394 397
f 398 400 399
f 398 399 400
f 399 401 398
f 399 398 401
f 402 404 403
f 402 403 404
f 403 405 402
f 403 402 405
f 406 408 407
f 406 407 408
f 407 409 406
f 407 406 409
f 410 412 411
f 410 411 412
f 411 413 410
f 411 410 413
f 414 416 415
f 414 415 416
f 415 417 414
f 415 414 417
f 418 420 419
f 418 419 420
f 419 421 418
f 419 418 421
f 434 436 435
f 434 435 436
f 435 437 434
f 435 434 437
f 438 440 439
f 438 439 440
f 439 441 438
f 439 438 441
f 442 444 443
f 442 443 444
f 443 445 442
f 443 442 445
f 446 448 447
f 446 447 448
f 447 449 446
f 447 446 449
f 450 452 451
f 450 451 452
f 451 453 450
f 451 450 453
f 454 456 455
f 454 455 456
f 455 457 454
f 455 454 457
f 458 460 459
f 458 459 460
f 459 461 458
f 459 458 461
f 462 464 463
f 462 463 464
f 463 465 462
f 463 462 465
f 466 468 467
f 466 467 468
f 467 469 466
f 467 466 469
f 470 472 471
f 470 471 472
f 471 473 470
f 471 470 473
f 474 476 475
f 474 475 476
f 475 477 474
f 475 474 477
f 478 480 479
f 478 479 480
f 479 481 478
f 479 478 481
f 506 508 507
f 506 507 508
f 507 509 506
f 507 506 509
f 510 512 511
f 510 511 512
f 511 513 510
f 511 510 513
f 514 516 515
f 514 515 516
f 515 517 514
f 515 514 517
f 518 520 519
f 518 519 520
f 519 521 518
f 519 518 521
f 522 524 523
f 522 523 524
f 523 525 522
f 523 522 525
f 526 528 527
f 526 527 528
f 527 529 526
f 527 526 529
f 530 532 531
f 530 531 532
f 531 533 530
f 531 530 533
f 534 536 535
f 534 535 536
f 535 537 534
f 535 534 537
f 538 540 539
f 538 539 540
f 539 541 538
f 539 538 541
f 542 544 543
f 542 543 544
f 543 545 542
f 543 542 545
f 546 548 547
f 546 547 548
f 547 549 546
f 547 546 549
f 550 552 551
f 550 551 552
f 551 553 550
f 551 550 553
f 566 568 567
f 566 567 568
f 567 569 566
f 567 566 569
f 570 572 571
f 570 571 572
f 571 573 570
f 571 570 573
f 574 576 575
f 574 575 576
f 575 577 574
f 575 574 577
f 578 580 579
f 578 579 580
f 579 581 578
f 579 578 581
f 582 584 583
f 582 583 584
f 583 585 582
f 583 582 585
f 586 588 587
f 586 587 588
f 587 589 586
f 587 586 589
f 590 592 591
f 590 591 592
f 591 593 590
f 591 590 593
f 594 596 595
f 594 595 596
f 595 597 594
f 595 594 597
f 598 600 599
f 598 599 600
f 599 601 598
f 599 598 601
f 602 604 603
f 602 603 604
f 603 605 602
f 603 602 605
f 606 608 607
f 606 607 608
f 607 609 606
f 607 606 609
f 610 612 611
f 610 611 612
f 611 613 610
f 611 610 613
f 626 628 627
f 626 627 628
f 627 629 626
f 627 626 629
f 630 632 631
f 630 631 632
f 631 633 630
f 631 630 633
f 634 636 635
f 634 635 636
f 635 637 634
f 635 634 637
f 638 640 639
f 638 639 640
f 639 641 638
f 639 638 641
f 642 644 643
f 642 643 644
f 643 645 642
f 643 642 645
f 646 648 647
f 646 647 648
f 647 649 646
f 647 646 649
f 650 652 651
f 650 651 652
f 651 653 650
f 651 650 653
f 654 656 655
f 654 655 656
f 655 657 654
f 655 654 657
f 658 660 659
f 658 659 660
f 659 661 658
f 659 658 661
f 699 701 700
f 699 700 701
f 700 702 699
f 700 699 702
f 703 705 704
f 703 704 705
f 704 706 703
f 704 703 706
f 707 709 708
f 707 708 709
f 708 710 707
f 708 707 710
f 711 713 712
f 711 712 713
f 712 714 711
f 712 711 714
f 715 717 716
f 715 716 717
f 716 718 715
f 716 715 718
f 719 721 720
f 719 720 721
f 720 722 719
f 720 719 722
f 723 725 724
f 723 724 725
f 724 726 723
f 724 723 726
f 727 729 728
f 727 728 729
f 728 730 727
f 728 727 730
f 731 733 732
f 731 732 733
f 732 734 731
f 732 731 734
f 747 749 748
f 747 748 749
f 748 750 747
f 748 747 750
f 751 753 752
f 751 752 753
f 752 754 751
f 752 751 754
f 755 757 756
f 755 756 757
f 756 758 755
f 756 755 758
f 759 761 760
f 759 760 761
f 760 762 759
f 760 759 762
f 763 765 764
f 763 764 765
f 764 766 763
f 764 763 766
f 767 769 768
f 767 768 769
f 768 770 767
f 768 767 770
f 771 773 772
f 771 772 773
f 772 774 771
f 772 771 774
f 775 777 776
f 775 776 777
f 776 778 775
f 776 775 778
f 779 781 780
f 779 780 781
f 780 782 779
f 780 779 782
f 783 785 784
f 783 784 785
f 784 786 783
f 784 783 786
f 787 789 788
f 787 788 789
f 788 790 787
f 788 787 790
f 791 793 792
f 791 792 793
f 792 794 791
f 792 791 794
f 807 809 808
f 807 808 809
f 808 810 807
f 808 807 810
f 811 813 812
f 811 812 813
f 812 814 811
f 812 811 814
f 815 817 816
f 815 816 817
f 816 818 815
f 816 815 818
f 819 821 820
f 819 820 821
f 820 822 819
f 820 819 822
f 823 825 824
f 823 824 825
f 824 826 823
f 824 823 826
f 827 829 828
f 827 828 829
f 828 830 827
f 828 827 830
f 831 833 832
f 831 832 833
f 832 834 831
f 832 831 834
f 835 837 836
f 835 836 837
f 836 838 835
f 836 835 838
f 839 841 840
f 839 840 841
f 840 842 839
f 840 839 842
f 843 845 844
f 843 844 845
f 844 846 843
f 844 843 846
f 847 849 848
f 847 848 849
f 848 850 847
f 848 847 850
f 851 853 852
f 851 852 853
f 852 854 851
f 852 851 854
f 868 870 869
f 868 869 870
f 869 871 868
f 869 868 871
f 872 874 873
f 872 873 874
f 873 875 872
f 873 872 875
f 876 878 877
f 876 877 878
f 877 879 876
f 877 876 879
f 880 882 881
f 880 881 882
f 881 883 880
f 881 880 883
f 884 886 885
f 884 885 886
f 885 887 884
f 885 884 887
f 888 890 889
f 888 889 890
f 889 891 888
f 889 888 891
f 916 918 917
f 916 917 918
f 917 919 916
f 917 916 919
f 920 922 921
f 920 921 922
f 921 923 920
f 921 920 923
f 924 926 925
f 924 925 926
f 925 927 924
f 925 924 927
f 928 930 929
f 928 929 930
f 929 931 928
f 929 928 931
f 932 934 933
f 932 933 934
f 933 935 932
f 933 932 935
f 936 938 937
f 936 937 938
f 937 939 936
f 937 936 939
f 940 942 941
f 940 941 942
f 941 943 940
f 941 940 943
f 944 946 945
f 944 945 946
f 945 947 944
f 945 944 947
f 948 950 949
f 948 949 950
f 949 951 948
f 949 948 951
f 964 966 965
f 964 965 966
f 965 967 964
f 965 964 967
f 968 970 969
f 968 969 970
f 969 971 968
f 969 968 971
f 972 974 973
f 972 973 974
f 973 975 972
f 973 972 975
f 976 978 977
f 976 977 978
f 977 979 976
f 977 976 979
f 980 982 981
f 980 981 982
f 981 983 980
f 981 980 983
f 984 986 985
f 984 985 986
f 985 987 984
f 985 984 987
f 988 990 989
f 988 989 990
f 989 991 988
f 989 988 991
f 992 994 993
f 992 993 994
f 993 995 992
f 993 992 995
f 996 998 997
f 996 997 998
f 997 999 996
f 997 996 999
f 1000 1002 1001
f 1000 1001 1002
f 1001 1003 1000
f 1001 1000 1003
f 1004 1006 1005
f 1004 1005 1006
f 1005 1007 1004
f 1005 1004 1007
f 1008 1010 1009
f 1008 1009 1010
f 1009 1011 1008
f 1009 1008 1011
f 1024 1026 1025
f 1024 1025 1026
f 1025 1027 1024
f 1025 1024 1027
f 1028 1030 1029
f 1028 1029 1030
f 1029 1031 1028
f 1029 1028 1031
f 1032 1034 1033
f 1032 1033 1034
f 1033 1035 1032
f 1033 1032 1035
f 1036 1038 1037
f 1036 1037 1038
f 1037 1039 1036
f 1037 1036 1039
f 1040 1042 1041
f 1040 1041 1042
f 1041 1043 1040
f 1041 1040 1043
f 1044 1046 1045
f 1044 1045 1046
f 1045 1047 1044
f 1045 1044 1047
f 1048 1050 1049
f 1048 1049 1050
f 1049 1051 1048
f 1049 1048 1051
f 1052 1054 1053
f 1052 1053 1054
f 1053 1055 1052
f 1053 1052 1055
f 1056 1058 1057
f 1056 1057 1058
f 1057 1059 1056
f 1057 1056 1059
f 1072 1074 1073
f 1072 1073 1074
f 1073 1075 1072
f 1073 1072 1075
f 1076 1078 1077
f 1076 1077 1078
f 1077 1079 1076
f 1077 1076 1079
f 1080 1082 1081
f 1080 1081 1082
f 1081 1083 1080
f 1081 1080 1083
f 1084 1086 1085
f 1084 1085 1086
f 1085 1087 1084
f 1085 1084 1087
f 1088 1090 1089
f 1088 1089 1090
f 1089 1091 1088
f 1089 1088 1091
f 1092 1094 1093
f 1092 1093 1094
f 1093 1095 1092
f 1093 1092 1095
f 1096 1098 1097
f 1096 1097 1098
f 1097 1099 1096
f 1097 1096 1099
f 1100 1102 1101
f 1100 1101 1102
f 1101 1103 1100
f 1101 1100 1103
f 1104 1106 1105
f 1104 1105 1106
f 1105 1107 1104
f 1105 1104 1107
f 1132 1134 1133
f 1132 1133 1134
f 1133 1135 1132
f 1133 1132 1135
f 1136 1138 1137
f 1136 1137 1138
f 1137 1139 1136
f 1137 1136 1139
f 1140 1142 1141
f 1140 1141 1142
f 1141 1143 1140
f 1141 1140 1143
f 1144 1146 1145
f 1144 1145 1146
f 1145 1147 1144
f 1145 1144 1147
f 1148 1150 1149
f 1148 1149 1150
f 1149 1151 1148
f 1149 1148 1151
f 1152 1154 1153
f 1152 1153 1154
f 1153 1155 1152
f 1153 1152 1155
f 1156 1158 1157
f 1156 1157 1158
f 1157 1159 1156
f 1157 1156 1159
f 1160 1162 1161
f 1160 1161 1162
f 1161 1163 1160
f 1161 1160 1163
f 1164 1166 1165
f 1164 1165 1166
f 1165 1167 1164
f 1165 1164 1167
f 1168 1170 1169
f 1168 1169 1170
f 1169 1171 1168
f 1169 1168 1171
f 1172 1174 1173
f 1172 1173 1174
f 1173 1175 1172
f 1173 1172 1175
f 1176 1178 1177
f 1176 1177 1178
f 1177 1179 1176
f 1177 1176 1179
f 1192 1194 1193
f 1192 1193 1194
f 1193 1195 1192
f 1193 1192 1195
f 1196 1198 1197
f 1196 1197 1198
f 1197 1199 1196
f 1197 1196 1199
f 1200 1202 1201
f 1200 1201 1202
f 1201 1203 1200
f 1201 1200 1203
f 1204 1206 1205
f 1204 1205 1206
f 1205 1207 1204
f 1205 1204 1207
f 1208 1210 1209
f 1208 1209 1210
f 1209 1211 1208
f 1209 1208 1211
f 1212 1214 1213
f 1212 1213 1214
f 1213 1215 1212
f 1213 1212 1215
f 1216 1218 1217
f 1216 1217 1218
f 1217 1219 1216
f 1217 1216 1219
f 1220 1222 1221
f 1220 1221 1222
f 1221 1223 1220
f 1221 1220 1223
f 1224 1226 1225
f 1224 1225 1226
f 1225 1227 1224
f 1225 1224 1227
f 1228 1230 1229
f 1228 1229 1230
f 1229 1231 1228
f 1229 1228 1231
f 1232 1234 1233
f 1232 1233 1234
f 1233 1235 1232
f 1233 1232 1235
f 1236 1238 1237
f 1236 1237 1238
f 1237 1239 1236
f 1237 1236 1239
f 1252 1254 1253
f 1252 1253 1254
f 1253 1255 1252
f 1253 1252 1255
f 1256 1258 1257
f 1256 1257 1258
f 1257 1259 1256
f 1257 1256 1259
f 1260 1262 1261
f 1260 1261 1262
f 1261 1263 1260
f 1261 1260 1263
f 1264 1266 1265
f 1264 1265 1266
f 1265 1267 1264
f 1265 1264 1267
f 1268 1270 1269
f 1268 1269 1270
f 1269 1271 1268
f 1269 1268 1271
f 1272 1274 1273
f 1272 1273 1274
f 1273 1275 1272
f 1273 1272 1275
f 1276 1278 1277
f 1276 1277 1278
f 1277 1279 1276
f 1277 1276 1279
f 1280 1282 1281
f 1280 1281 1282
f 1281 1283 1280
f 1281 1280 1283
f 1284 1286 1285
f 1284 1285 1286
f 1285 1287 1284
f 1285 1284 1287
f 1288 1290 1289
f 1288 1289 1290
f 1289 1291 1288
f 1289 1288 1291
f 1292 1294 1293
f 1292 1293 1294
f 1293 1295 1292
f 1293 1292 1295
f 1296 1298 1297
f 1296 1297 1298
f 1297 1299 1296
f 1297 1296 1299
f 1349 1351 1350
f 1349 1350 1351
f 1350 1352 1349
f 1350 1349 1352
f 1353 1355 1354
f 1353 1354 1355
f 1354 1356 1353
f 1354 1353 1356
f 1357 1359 1358
f 1357 1358 1359
f 1358 1360 1357
f 1358 1357 1360
f 1361 1363 1362
f 1361 1362 1363
f 1362 1364 1361
f 1362 1361 1364
f 1365 1367 1366
f 1365 1366 1367
f 1366 1368 1365
f 1366 1365 1368
f 1369 1371 1370
f 1369 1370 1371
f 1370 1372 1369
f 1370 1369 1372
f 1373 1375 1374
f 1373 1374 1375
f 1374 1376 1373
f 1374 1373 1376
f 1377 1379 1378
f 1377 1378 1379
f 1378 1380 1377
f 1378 1377 1380
f 1381 1383 1382
f 1381 1382 1383
f 1382 1384 1381
f 1382 1381 1384
f 1397 1399 1398
f 1397 1398 1399
f 1398 1400 1397
f 1398 1397 1400
f 1401 1403 1402
f 1401 1402 1403
f 1402 1404 1401
f 1402 1401 1404
f 1405 1407 1406
f 1405 1406 1407
f 1406 1408 1405
f 1406 1405 1408
f 1409 1411 1410
f 1409 1410 1411
f 1410 1412 1409
f 1410 1409 1412
f 1413 1415 1414
f 1413 1414 1415
f 1414 1416 1413
f 1414 1413 1416
f 1417 1419 1418
f 1417 1418 1419
f 1418 1420 1417
f 1418 1417 1420
f 1421 1423 1422
f 1421 1422 1423
f 1422 1424 1421
f 1422 1421 1424
f 1425 1427 1426
f 1425 1426 1427
f 1426 1428 1425
f 1426 1425 1428
f 1429 1431 1430
f 1429 1430 1431
f 1430 1432 1429
f 1430 1429 1432
f 1433 1435 1434
f 1433 1434 1435
f 1434 1436 1433
f 1434 1433 1436
f 1437 1439 1438
f 1437 1438 1439
f 1438 1440 1437
f 1438 1437 1440
f 1441 1443 1442
f 1441 1442 1443
f 1442 1444 1441
f 1442 1441 1444
f 1469 1471 1470
f 1469 1470 1471
f 1470 1472 1469
f 1470 1469 1472
f 1473 1475 1474
f 1473 1474 1475
f 1474 1476 1473
f 1474 1473 1476
f 1477 1479 1478
f 1477 1478 1479
f 1478 1480 1477
f 1478 1477 1480
f 1481 1483 1482
f 1481 1482 1483
f 1482 1484 1481
f 1482 1481 1484
f 1485 1487 1486
f 1485 1486 1487
f 1486 1488 1485
f 1486 1485 1488
f 1489 1491 1490
f 1489 1490 1491
f 1490 1492 1489
f 1490 1489 1492
f 1493 1495 1494
f 1493 1494 1495
f 1494 1496 1493
f 1494 1493 1496
f 1497 1499 1498
f 1497 1498 1499
f 1498 1500 1497
f 1498 1497 1500
f 1501 1503 1502
f 1501 1502 1503
f 1502 1504 1501
f 1502 1501 1504
f 1505 1507 1506
f 1505 1506 1507
f 1506 1508 1505
f 1506 1505 1508
f 1509 1511 1510
f 1509 1510 1511
f 1510 1512 1509
f 1510 1509 1512
f 1513 1515 1514
f 1513 1514 1515
f 1514 1516 1513
f 1514 1513 1516
f 1529 1531 1530
f 1529 1530 1531
f 1530 1532 1529
f 1530 1529 1532
f 1533 1535 1534
f 1533 1534 1535
f 1534 1536 1533
f 1534 1533 1536
f 1537 1539 1538
f 1537 1538 1539
f 1538 1540 1537
f 1538 1537 1540
f 1541 1543 1542
f 1541 1542 1543
f 1542 1544 1541
f 1542 1541 1544
f 1545 1547 1546
f 1545 1546 1547
f 1546 1548 1545
f 1546 1545 1548
f 1549 1551 1550
f 1549 1550 1551
f 1550 1552 1549
f 1550 1549 1552
f 1553 1555 1554
f 1553 1554 1555
f 1554 1556 1553
f 1554 1553 1556
f 1557 1559 1558
f 1557 1558 1559
f 1558 1560 1557
f 1558 1557 1560
f 1561 1563 1562
f 1561 1562 1563
f 1562 1564 1561
f 1562 1561 1564
f 1565 1567 1566
f 1565 1566 1567
f 1566 1568 1565
f 1566 1565 1568
f 1569 1571 1570
f 1569 1570 1571
f 1570 1572 1569
f 1570 1569 1572
f 1573 1575 1574
f 1573 1574 1575
f 1574 1576 1573
f 1574 1573 1576
f 1590 1592 1591
f 1590 1591 1592
f 1591 1593 1590
f 1591 1590 1593
f 1594 1596 1595
f 1594 1595 1596
f 1595 1597 1594
f 1595 1594 1597
f 1598 1600 1599
f 1598 1599 1600
f 1599 1601 1598
f 1599 1598 1601
f 1602 1604 1603
f 1602 1603 1604
f 1603 1605 1602
f 1603 1602 1605
f 1606 1608 1607
f 1606 1607 1608
f 1607 1609 1606
f 1607 1606 1609
f 1610 1612 1611
f 1610 1611 1612
f 1611 1613 1610
f 1611 1610 1613
f 1626 1628 1627
f 1626 1627 1628
f 1627 1629 1626
f 1627 1626 1629
f 1630 1632 1631
f 1630 1631 1632
f 1631 1633 1630
f 1631 1630 1633
f 1634 1636 1635
f 1634 1635 1636
f 1635 1637 1634
f 1635 1634 1637
f 1638 1640 1639
f 1638 1639 1640
f 1639 1641 1638
f 1639 1638 1641
f 1642 1644 1643
f 1642 1643 1644
f 1643 1645 1642
f 1643 1642 1645
f 1646 1648 1647
f 1646 1647 1648
f 1647 1649 1646
f 1647 1646 1649
f 1650 1652 1651
f 1650 1651 1652
f 1651 1653 1650
f 1651 1650 1653
f 1654 1656 1655
f 1654 1655 1656
f 1655 1657 1654
f 1655 1654 1657
f 1658 1660 1659
f 1658 1659 1660
f 1659 1661 1658
f 1659 1658 1661
f 1662 1664 1663
f 1662 1663 1664
f 1663 1665 1662
f 1663 1662 1665
f 1666 1668 1667
f 1666 1667 1668
f 1667 1669 1666
f 1667 1666 1669
f 1670 1672 1671
f 1670 1671 1672
f 1671 1673 1670
f 1671 1670 1673
f 1698 1700 1699
f 1698 1699 1700
f 1699 1701 1698
f 1699 1698 1701
f 1702 1704 1703
f 1702 1703 1704
f 1703 1705 1702
f 1703 1702 1705
f 1706 1708 1707
f 1706 1707 1708
f 1707 1709 1706
f 1707 1706 1709
f 1710 1712 1711
f 1710 1711 1712
f 1711 1713 1710
f 1711 1710 1713
f 1714 1716 1715
f 1714 1715 1716
f 1715 1717 1714
f 1715 1714 1717
f 1718 1720 1719
f 1718 1719 1720
f 1719 1721 1718
f 1719 1718 1721
f 1722 1724 1723
f 1722 1723 1724
f 1723 1725 1722
f 1723 1722 1725
f 1726 1728 1727
f 1726 1727 1728
f 1727 1729 1726
f 1727 1726 1729
f 1730 1732 1731
f 1730 1731 1732
f 1731 1733 1730
f 1731 1730 1733
f 1746 1748 1747
f 1746 1747 1748
f 1747 1749 1746
f 1747 1746 1749
f 1750 1752 1751
f 1750 1751 1752
f 1751 1753 1750
f 1751 1750 1753
f 1754 1756 1755
f 1754 1755 1756
f 1755 1757 1754
f 1755 1754 1757
f 1758 1760 1759
f 1758 1759 1760
f 1759 1761 1758
f 1759 1758 1761
f 1762 1764 1763
f 1762 1763 1764
f 1763 1765 1762
f 1763 1762 1765
f 1766 1768 1767
f 1766 1767 1768
f 1767 1769 1766
f 1767 1766 1769
f 1770 1772 1771
f 1770 1771 1772
f 1771 1773 1770
f 1771 1770 1773
f 1774 1776 1775
f 1774 1775 1776
f 1775 1777 1774
f 1775 1774 1777
f 1778 1780 1779
f 1778 1779 1780
f 1779 1781 1778
f 1779 1778 1781
f 1782 1784 1783
f 1782 1783 1784
f 1783 1785 1782
f 1783 1782 1785
f 1786 1788 1787
f 1786 1787 1788
f 1787 1789 1786
f 1787 1786 1789
f 1790 1792 1791
f 1790 1791 1792
f 1791 1793 1790
f 1791 1790 1793
f 1806 1808 1807
f 1806 1807 1808
f 1807 1809 1806
f 1807 1806 1809
f 1810 1812 1811
f 1810 1811 1812
f 1811 1813 1810
f 1811 1810 1813
f 1814 1816 1815
f 1814 1815 1816
f 1815 1817 1814
f 1815 1814 1817
f 1818 1820 1819
f 1818 1819 1820
f 1819 1821 1818
f 1819 1818 1821
f 1822 1824 1823
f 1822 1823 1824
f 1823 1825 1822
f 1823 1822 1825
f 1826 1828 1827
f 1826 1827 1828
f 1827 1829 1826
f 1827 1826 1829
f 1830 1832 1831
f 1830 1831 1832
f 1831 1833 1830
f 1831 1830 1833
f 1834 1836 1835
f 1834 1835 1836
f 1835 1837 1834
f 1835 1834 1837
f 1838 1840 1839
f 1838 1839 1840
f 1839 1841 1838
f 1839 1838 1841
f 1842 1844 1843
f 1842 1843 1844
f 1843 1845 1842
f 1843 1842 1845
f 1846 1848 1847
f 1846 1847 1848
f 1847 1849 1846
f 1847 1846 1849
f 1850 1852 1851
f 1850 1851 1852
f 1851 1853 1850
f 1851 1850 1853
f 1866 1868 1867
f 1866 1867 1868
f 1867 1869 1866
f 1867 1866 1869
f 1870 1872 1871
f 1870 1871 1872
f 1871 1873 1870
f 1871 1870 1873
f 1874 1876 1875
f 1874 1875 1876
f 1875 1877 1874
f 1875 1874 1877
f 1878 1880 1879
f 1878 1879 1880
f 1879 1881 1878
f 1879 1878 1881
f 1882 1884 1883
f 1882 1883 1884
f 1883 1885 1882
f 1883 1882 1885
f 1886 1888 1887
f 1886 1887 1888
f 1887 1889 1886
f 1887 1886 1889
f 1890 1892 1891
f 1890 1891 1892
f 1891 1893 1890
f 1891 1890 1893
f 1894 1896 1895
f 1894 1895 1896
f 1895 1897 1894
f 1895 1894 1897
f 1898 1900 1899
f 1898 1899 1900
f 1899 1901 1898
f 1899 1898 1901
f 1926 1928 1927
f 1926 1927 1928
f 1927 1929 1926
f 1927 1926 1929
f 1930 1932 1931
f 1930 1931 1932
f 1931 1933 1930
f 1931 1930 1933
f 1934 1936 1935
f 1934 1935 1936
f 1935 1937 1934
f 1935 1934 1937
f 1938 1940 1939
f 1938 1939 1940
f 1939 1941 1938
f 1939 1938 1941
f 1942 1944 1943
f 1942 1943 1944
f 1943 1945 1942
f 1943 1942 1945
f 1946 1948 1947
f 1946 1947 1948
f 1947 1949 1946
f 1947 1946 1949
f 1950 1952 1951
f 1950 1951 1952
f 1951 1953 1950
f 1951 1950 1953
f 1954 1956 1955
f 1954 1955 1956
f 1955 1957 1954
f 1955 1954 1957
f 1958 1960 1959
f 1958 1959 1960
f 1959 1961 1958
f 1959 1958 1961
f 1962 1964 1963
f 1962 1963 1964
f 1963 1965 1962
f 1963 1962 1965
f 1966 1968 1967
f 1966 1967 1968
f 1967 1969 1966
f 1967 1966 1969
f 1970 1972 1971
f 1970 1971 1972
f 1971 1973 1970
f 1971 1970 1973
f 1986 1988 1987
f 1986 1987 1988
f 1987 1989 1986
f 1987 1986 1989
f 1990 1992 1991
f 1990 1991 1992
f 1991 1993 1990
f 1991 1990 1993
f 1994 1996 1995
f 1994 1995 1996
f 1995 1997 1994
f 1995 1994 1997
f 1998 2000 1999
f 1998 1999 2000
f 1999 2001 1998
f 1999 1998 2001
f 2002 2004 2003
f 2002 2003 2004
f 2003 2005 2002
f 2003 2002 2005
f 2006 2008 2007
f 2006 2007 2008
f 2007 2009 2006
f 2007 2006 2009
f 2022 2024 2023
f 2022 2023 2024
f 2023 2025 2022
f 2023 2022 2025
f 2026 2028 2027
f 2026 2027 2028
f 2027 2029 2026
f 2027 2026 2029
f 2030 2032 2031
f 2030 2031 2032
f 2031 2033 2030
f 2031 2030 2033
f 2034 2036 2035
f 2034 2035 2036
f 2035 2037 2034
f 2035 2034 2037
f 2038 2040 2039
f 2038 2039 2040
f 2039 2041 2038
f 2039 2038 2041
f 2042 2044 2043
f 2042 2043 2044
f 2043 2045 2042
f 2043 2042 2045
f 2046 2048 2047
f 2046 2047 2048
f 2047 2049 2046
f 2047 2046 2049
f 2050 2052 2051
f 2050 2051 2052
f 2051 2053 2050
f 2051 2050 2053
f 2054 2056 2055
f 2054 2055 2056
f 2055 2057 2054
f 2055 2054 2057
f 2058 2060 2059
f 2058 2059 2060
f 2059 2061 2058
f 2059 2058 2061
f 2062 2064 2063
f 2062 2063 2064
f 2063 2065 2062
f 2063 2062 2065
f 2066 2068 2067
f 2066 2067 2068
f 2067 2069 2066
f 2067 2066 2069
f 2106 2108 2107
f 2106 2107 2108
f 2107 2109 2106
f 2107 2106 2109
f 2110 2112 2111
f 2110 2111 2112
f 2111 2113 2110
f 2111 2110 2113
f 2114 2116 2115
f 2114 2115 2116
f 2115 2117 2114
f 2115 2114 2117
f 2118 2120 2119
f 2118 2119 2120
f 2119 2121 2118
f 2119 2118 2121
f 2122 2124 2123
f 2122 2123 2124
f 2123 2125 2122
f 2123 2122 2125
f 2126 2128 2127
f 2126 2127 2128
f 2127 2129 2126
f 2127 2126 2129
f 2130 2132 2131
f 2130 2131 2132
f 2131 2133 2130
f 2131 2130 2133
f 2134 2136 2135
f 2134 2135 2136
f 2135 2137 2134
f 2135 2134 2137
f 2138 2140 2139
f 2138 2139 2140
f 2139 2141 2138
f 2139 2138 2141
f 2142 2144 2143
f 2142 2143 2144
f 2143 2145 2142
f 2143 2142 2145
f 2146 2148 2147
f 2146 2147 2148
f 2147 2149 2146
f 2147 2146 2149
f 2150 2152 2151
f 2150 2151 2152
f 2151 2153 2150
f 2151 2150 2153
f 2166 2168 2167
f 2166 2167 2168
f 2167 2169 2166
f 2167 2166 2169
f 2170 2172 2171
f 2170 2171 2172
f 2171 2173 2170
f 2171 2170 2173
f 2174 2176 2175
f 2174 2175 2176
f 2175 2177 2174
f 2175 2174 2177
f 2178 2180 2179
f 2178 2179 2180
f 2179 2181 2178
f 2179 2178 2181
f 2182 2184 2183
f 2182 2183 2184
f 2183 2185 2182
f 2183 2182 2185
f 2186 2188 2187
f 2186 2187 2188
f 2187 2189 2186
f 2187 2186 2189
f 2190 2192 2191
f 2190 2191 2192
f 2191 2193 2190
f 2191 2190 2193
f 2194 2196 2195
f 2194 2195 2196
f 2195 2197 2194
f 2195 2194 2197
f 2198 2200 2199
f 2198 2199 2200
f 2199 2201 2198
f 2199 2198 2201
f 2202 2204 2203
f 2202 2203 2204
f 2203 2205 2202
f 2203 2202 2205
f 2206 2208 2207
f 2206 2207 2208
f 2207 2209 2206
f 2207 2206 2209
f 2210 2212 2211
f 2210 2211 2212
f 2211 2213 2210
f 2211 2210 2213
f 2226 2228 2227
f 2226 2227 2228
f 2227 2229 2226
f 2227 2226 2229
f 2230 2232 2231
f 2230 2231 2232
f 2231 2233 2230
f 2231 2230 2233
f 2234 2236 2235
f 2234 2235 2236
f 2235 2237 2234
f 2235 2234 2237
f 2238 2240 2239
f 2238 2239 2240
f 2239 2241 2238
f 2239 2238 2241
f 2242 2244 2243
f 2242 2243 2244
f 2243 2245 2242
f 2243 2242 2245
f 2246 2248 2247
f 2246 2247 2248
f 2247 2249 2246
f 2247 2246 2249
f 2250 2252 2251
f 2250 2251 2252
f 2251 2253 2250
f 2251 2250 2253
f 2254 2256 2255
f 2254 2255 2256
f 2255 2257 2254
f 2255 2254 2257
f 2258 2260 2259
f 2258 2259 2260
f 2259 2261 2258
f 2259 2258 2261
f 2262 2264 2263
f 2262 2263 2264
f 2263 2265 2262
f 2263 2262 2265
f 2266 2268 2267
f 2266 2267 2268
f 2267 2269 2266
f 2267 2266 2269
f 2270 2272 2271
f 2270 2271 2272
f 2271 2273 2270
f 2271 2270 2273
f 2286 2288 2287
f 2286 2287 2288
f 2287 2289 2286
f 2287 2286 2289
f 2290 2292 2291
f 2290 2291 2292
f 2291 2293 2290
f 2291 2290 2293
f 2294 2296 2295
f 2294 2295 2296
f 2295 2297 2294
f 2295 2294 2297
f 2298 2300 2299
f 2298 2299 2300
f 2299 2301 2298
f 2299 2298 2301
f 2302 2304 2303
f 2302 2303 2304
f 2303 2305 2302
f 2303 2302 2305
f 2306 2308 2307
f 2306 2307 2308
f 2307 2309 2306
f 2307 2306 2309
f 2310 2312 2311
f 2310 2311 2312
f 2311 2313 2310
f 2311 2310 2313
f 2314 2316 2315
f 2314 2315 2316
f 2315 2317 2314
f 2315 2314 2317
f 2318 2320 2319
f 2318 2319 2320
f 2319 2321 2318
f 2319 2318 2321
f 2322 2324 2323
f 2322 2323 2324
f 2323 2325 2322
f 2323 2322 2325
f 2326 2328 2327
f 2326 2327 2328
f 2327 2329 2326
f 2327 2326 2329
f 2330 2332 2331
f 2330 2331 2332
f 2331 2333 2330
f 2331 2330 2333
f 2358 2360 2359
f 2358 2359 2360
f 2359 2361 2358
f 2359 2358 2361
f 2362 2364 2363
f 2362 2363 2364
f 2363 2365 2362
f 2363 2362 2365
f 2366 2368 2367
f 2366 2367 2368
f 2367 2369 2366
f 2367 2366 2369
f 2370 2372 2371
f 2370 2371 2372
f 2371 2373 2370
f 2371 2370 2373
f 2374 2376 2375
f 2374 2375 2376
f 2375 2377 2374
f 2375 2374 2377
f 2378 2380 2379
f 2378 2379 2380
f 2379 2381 2378
f 2379 2378 2381
f 2382 2384 2383
f 2382 2383 2384
f 2383 2385 2382
f 2383 2382 2385
f 2386 2388 2387
f 2386 2387 2388
f 2387 2389 2386
f 2387 2386 2389
f 2390 2392 2391
f 2390 2391 2392
f 2391 2393 2390
f 2391 2390 2393
f 2406 2408 2407
f 2406 2407 2408
f 2407 2409 2406
f 2407 2406 2409
f 2410 2412 2411
f 2410 2411 2412
f 2411 2413 2410
f 2411 2410 2413
f 2414 2416 2415
f 2414 2415 2416
f 2415 2417 2414
f 2415 2414 2417
f 2418 2420 2419
f 2418 2419 2420
f 2419 2421 2418
f 2419 2418 2421
f 2422 2424 2423
f 2422 2423 2424
f 2423 2425 2422
f 2423 2422 2425
f 2426 2428 2427
f 2426 2427 2428
f 2427 2429 2426
f 2427 2426 2429
f 2442 2444 2443
f 2442 2443 2444
f 2443 2445 2442
f 2443 2442 2445
f 2446 2448 2447
f 2446 2447 2448
f 2447 2449 2446
f 2447 2446 2449
f 2450 2452 2451
f 2450 2451 2452
f 2451 2453 2450
f 2451 2450 2453
f 2454 2456 2455
f 2454 2455 2456
f 2455 2457 2454
f 2455 2454 2457
f 2458 2460 2459
f 2458 2459 2460
f 2459 2461 2458
f 2459 2458 2461
f 2462 2464 2463
f 2462 2463 2464
f 2463 2465 2462
f 2463 2462 2465
f 2466 2468 2467
f 2466 2467 2468
f 2467 2469 2466
f 2467 2466 2469
f 2470 2472 2471
f 2470 2471 2472
f 2471 2473 2470
f 2471 2470 2473
f 2474 2476 2475
f 2474 2475 2476
f 2475 2477 2474
f 2475 2474 2477
f 2478 2480 2479
f 2478 2479 2480
f 2479 2481 2478
f 2479 2478 2481
f 2482 2484 2483
f 2482 2483 2484
f 2483 2485 2482
f 2483 2482 2485
f 2486 2488 2487
f 2486 2487 2488
f 2487 2489 2486
f 2487 2486 2489
f 2502 2504 2503
f 2502 2503 2504
f 2503 2505 2502
f 2503 2502 2505
f 2506 2508 2507
f 2506 2507 2508
f 2507 2509 2506
f 2507 2506 2509
f 2510 2512 2511
f 2510 2511 2512
f 2511 2513 2510
f 2511 2510 2513
f 2514 2516 2515
f 2514 2515 2516
f 2515 2517 2514
f 2515 2514 2517
f 2518 2520 2519
f 2518 2519 2520
f 2519 2521 2518
f 2519 2518 2521
f 2522 2524 2523
f 2522 2523 2524
f 2523 2525 2522
f 2523 2522 2525
f 2526 2528 2527
f 2526 2527 2528
f 2527 2529 2526
f 2527 2526 2529
f 2530 2532 2531
f 2530 2531 2532
f 2531 2533 2530
f 2531 2530 2533
f 2534 2536 2535
f 2534 2535 2536
f 2535 2537 2534
f 2535 2534 2537
f 2538 2540 2539
f 2538 2539 2540
f 2539 2541 2538
f 2539 2538 2541
f 2542 2544 2543
f 2542 2543 2544
f 2543 2545 2542
f 2543 2542 2545
f 2546 2548 2547
f 2546 2547 2548
f 2547 2549 2546
f 2547 2546 2549
f 2574 2576 2575
f 2574 2575 2576
f 2575 2577 2574
f 2575 2574 2577
f 2578 2580 2579
f 2578 2579 2580
f 2579 2581 2578
f 2579 2578 2581
f 2582 2584 2583
f 2582 2583 2584
f 2583 2585 2582
f 2583 2582 2585
f 2586 2588 2587
f 2586 2587 2588
f 2587 2589 2586
f 2587 2586 2589
f 2590 2592 2591
f 2590 2591 2592
f 2591 2593 2590
f 2591 2590 2593
f 2594 2596 2595
f 2594 2595 2596
f 2595 2597 2594
f 2595 2594 2597
f 2598 2600 2599
f 2598 2599 2600
f 2599 2601 2598
f 2599 2598 2601
f 2602 2604 2603
f 2602 2603 2604
f 2603 2605 2602
f 2603 2602 2605
f 2606 2608 2607
f 2606 2607 2608
f 2607 2609 2606
f 2607 2606 2609
f 2610 2612 2611
f 2610 2611 2612
f 2611 2613 2610
f 2611 2610 2613
f 2614 2616 2615
f 2614 2615 2616
f 2615 2617 2614
f 2615 2614 2617
f 2618 2620 2619
f 2618 2619 2620
f 2619 2621 2618
f 2619 2618 2621
f 2635 2637 2636
f 2635 2636 2637
f 2636 2638 2635
f 2636 2635 2638
f 2639 2641 2640
f 2639 2640 2641
f 2640 2642 2639
f 2640 2639 2642
f 2643 2645 2644
f 2643 2644 2645
f 2644 2646 2643
f 2644 2643 2646
f 2647 2649 2648
f 2647 2648 2649
f 2648 2650 2647
f 2648 2647 2650
f 2651 2653 2652
f 2651 2652 2653
f 2652 2654 2651
f 2652 2651 2654
f 2655 2657 2656
f 2655 2656 2657
f 2656 2658 2655
f 2656 2655 2658
f 2659 2661 2660
f 2659 2660 2661
f 2660 2662 2659
f 2660 2659 2662
f 2663 2665 2664
f 2663 2664 2665
f 2664 2666 2663
f 2664 2663 2666
f 2667 2669 2668
f 2667 2668 2669
f 2668 2670 2667
f 2668 2667 2670
f 2683 2685 2684
f 2683 2684 2685
f 2684 2686 2683
f 2684 2683 2686
f 2687 2689 2688
f 2687 2688 2689
f 2688 2690 2687
f 2688 2687 2690
f 2691 2693 2692
f 2691 2692 2693
f 2692 2694 2691
f 2692 2691 2694
f 2695 2697 2696
f 2695 2696 2697
f 2696 2698 2695
f 2696 2695 2698
f 2699 2701 2700
f 2699 2700 2701
f 2700 2702 2699
f 2700 2699 2702
f 2703 2705 2704
f 2703 2704 2705
f 2704 2706 2703
f 2704 2703 2706
f 2707 2709 2708
f 2707 2708 2709
f 2708 2710 2707
f 2708 2707 2710
f 2711 2713 2712
f 2711 2712 2713
f 2712 2714 2711
f 2712 2711 2714
f 2715 2717 2716
f 2715 2716 2717
f 2716 2718 2715
f 2716 2715 2718
f 2731 2733 2732
f 2731 2732 2733
f 2732 2734 2731
f 2732 2731 2734
f 2735 2737 2736
f 2735 2736 2737
f 2736 2738 2735
f 2736 2735 2738
f 2739 2741 2740
f 2739 2740 2741
f 2740 2742 2739
f 2740 2739 2742
f 2743 2745 2744
f 2743 2744 2745
f 2744 2746 2743
f 2744 2743 2746
f 2747 2749 2748
f 2747 2748 2749
f 2748 2750 2747
f 2748 2747 2750
f 2751 2753 2752
f 2751 2752 2753
f 2752 2754 2751
f 2752 2751 2754
f 2755 2757 2756
f 2755 2756 2757
f 2756 2758 2755
f 2756 2755 2758
f 2759 2761 2760
f 2759 2760 2761
f 2760 2762 2759
f 2760 2759 2762
f 2763 2765 2764
f 2763 2764 2765
f 2764 2766 2763
f 2764 2763 2766
f 2792 2794 2793
f 2792 2793 2794
f 2793 2795 2792
f 2793 2792 2795
f 2796 2798 2797
f 2796 2797 2798
f 2797 2799 2796
f 2797 2796 2799
f 2800 2802 2801
f 2800 2801 2802
f 2801 2803 2800
f 2801 2800 2803
f 2804 2806 2805
f 2804 2805 2806
f 2805 2807 2804
f 2805 2804 2807
f 2808 2810 2809
f 2808 2809 2810
f 2809 2811 2808
f 2809 2808 2811
f 2812 2814 2813
f 2812 2813 2814
f 2813 2815 2812
f 2813 2812 2815
f 2816 2818 2817
f 2816 2817 2818
f 2817 2819 2816
f 2817 2816 2819
f 2820 2822 2821
f 2820 2821 2822
f 2821 2823 2820
f 2821 2820 2823
f 2824 2826 2825
f 2824 2825 2826
f 2825 2827 2824
f 2825 2824 2827
f 2841 2843 2842
f 2841 2842 2843
f 2842 2844 2841
f 2842 2841 2844
f 2845 2847 2846
f 2845 2846 2847
f 2846 2848 2845
f 2846 2845 2848
f 2849 2851 2850
f 2849 2850 2851
f 2850 2852 2849
f 2850 2849 2852
f 2853 2855 2854
f 2853 2854 2855
f 2854 2856 2853
f 2854 2853 2856
f 2857 2859 2858
f 2857 2858 2859
f 2858 2860 2857
f 2858 2857 2860
f 2861 2863 2862
f 2861 2862 2863
f 2862 2864 2861
f 2862 2861 2864
f 2865 2867 2866
f 2865 2866 2867
f 2866 2868 2865
f 2866 2865 2868
f 2869 2871 2870
f 2869 2870 2871
f 2870 2872 2869
f 2870 2869 2872
f 2873 2875 2874
f 2873 2874 2875
f 2874 2876 2873
f 2874 2873 2876
f 2890 2892 2891
f 2890 2891 2892
f 2891 2893 2890
f 2891 2890 2893
f 2894 2896 2895
f 2894 2895 2896
f 2895 2897 2894
f 2895 2894 2897
f 2898 2900 2899
f 2898 2899 2900
f 2899 2901 2898
f 2899 2898 2901
f 2902 2904 2903
f 2902 2903 2904
f 2903 2905 2902
f 2903 2902 2905
f 2906 2908 2907
f 2906 2907 2908
f 2907 2909 2906
f 2907 2906 2909
f 2910 2912 2911
f 2910 2911 2912
f 2911 2913 2910
f 2911 2910 2913
f 2914 2916 2915
f 2914 2915 2916
f 2915 2917 2914
f 2915 2914 2917
f 2918 2920 2919
f 2918 2919 2920
f 2919 2921 2918
f 2919 2918 2921
f 2922 2924 2923
f 2922 2923 2924
f 2923 2925 2922
f 2923 2922 2925
f 2938 2940 2939
f 2938 2939 2940
f 2939 2941 2938
f 2939 2938 2941
f 2942 2944 2943
f 2942 2943 2944
f 2943 2945 2942
f 2943 2942 2945
f 2946 2948 2947
f 2946 2947 2948
f 2947 2949 2946
f 2947 2946 2949
f 2950 2952 2951
f 2950 2951 2952
f 2951 2953 2950
f 2951 2950 2953
f 2954 2956 2955
f 2954 2955 2956
f 2955 2957 2954
f 2955 2954 2957
f 2958 2960 2959
f 2958 2959 2960
f 2959 2961 2958
f 2959 2958 2961
f 2962 2964 2963
f 2962 2963 2964
f 2963 2965 2962
f 2963 2962 2965
f 2966 2968 2967
f 2966 2967 2968
f 2967 2969 2966
f 2967 2966 2969
f 2970 2972 2971
f 2970 2971 2972
f 2971 2973 2970
f 2971 2970 2973
f 2974 2976 2975
f 2974 2975 2976
f 2975 2977 2974
f 2975 2974 2977
f 2978 2980 2979
f 2978 2979 2980
f 2979 2981 2978
f 2979 2978 2981
f 2982 2984 2983
f 2982 2983 2984
f 2983 2985 2982
f 2983 2982 2985
f 3024 3026 3025
f 3024 3025 3026
f 3025 3027 3024
f 3025 3024 3027
f 3028 3030 3029
f 3028 3029 3030
f 3029 3031 3028
f 3029 3028 3031
f 3032 3034 3033
f 3032 3033 3034
f 3033 3035 3032
f 3033 3032 3035
f 3036 3038 3037
f 3036 3037 3038
f 3037 3039 3036
f 3037 3036 3039
f 3040 3042 3041
f 3040 3041 3042
f 3041 3043 3040
f 3041 3040 3043
f 3044 3046 3045
f 3044 3045 3046
f 3045 3047 3044
f 3045 3044 3047
f 3060 3062 3061
f 3060 3061 3062
f 3061 3063 3060
f 3061 3060 3063
f 3064 3066 3065
f 3064 3065 3066
f 3065 3067 3064
f 3065 3064 3067
f 3068 3070 3069
f 3068 3069 3070
f 3069 3071 3068
f 3069 3068 3071
f 3072 3074 3073
f 3072 3073 3074
f 3073 3075 3072
f 3073 3072 3075
f 3076 3078 3077
f 3076 3077 3078
f 3077 3079 3076
f 3077 3076 3079
f 3080 3082 3081
f 3080 3081 3082
f 3081 3083 3080
f 3081 3080 3083
f 3084 3086 3085
f 3084 3085 3086
f 3085 3087 3084
f 3085 3084 3087
f 3088 3090 3089
f 3088 3089 3090
f 3089 3091 3088
f 3089 3088 3091
f 3092 3094 3093
f 3092 3093 3094
f 3093 3095 3092
f 3093 3092 3095
f 3096 3098 3097
f 3096 3097 3098
f 3097 3099 3096
f 3097 3096 3099
f 3100 3102 3101
f 3100 3101 3102
f 3101 3103 3100
f 3101 3100 3103
f 3104 3106 3105
f 3104 3105 3106
f 3105 3107 3104
f 3105 3104 3107
f 3132 3134 3133
f 3132 3133 3134
f 3133 3135 3132
f 3133 3132 3135
f 3136 3138 3137
f 3136 3137 3138
f 3137 3139 3136
f 3137 3136 3139
f 3140 3142 3141
f 3140 3141 3142
f 3141 3143 3140
f 3141 3140 3143
f 3144 3146 3145
f 3144 3145 3146
f 3145 3147 3144
f 3145 3144 3147
f 3148 3150 3149
f 3148 3149 3150
f 3149 3151 3148
f 3149 3148 3151
f 3152 3154 3153
f 3152 3153 3154
f 3153 3155 3152
f 3153 3152 3155
f 3156 3158 3157
f 3156 3157 3158
f 3157 3159 3156
f 3157 3156 3159
f 3160 3162 3161
f 3160 3161 3162
f 3161 3163 3160
f 3161 3160 3163
f 3164 3166 3165
f 3164 3165 3166
f 3165 3167 3164
f 3165 3164 3167
f 3180 3182 3181
f 3180 3181 3182
f 3181 3183 3180
f 3181 3180 3183
f 3184 3186 3185
f 3184 3185 3186
f 3185 3187 3184
f 3185 3184 3187
f 3188 3190 3189
f 3188 3189 3190
f 3189 3191 3188
f 3189 3188 3191
f 3192 3194 3193
f 3192 3193 3194
f 3193 3195 3192
f 3193 3192 3195
f 3196 3198 3197
f 3196 3197 3198
f 3197 3199 3196
f 3197 3196 3199
f 3200 3202 3201
f 3200 3201 3202
f 3201 3203 3200
f 3201 3200 3203
f 3204 3206 3205
f 3204 3205 3206
f 3205 3207 3204
f 3205 3204 3207
f 3208 3210 3209
f 3208 3209 3210
f 3209 3211 3208
f 3209 3208 3211
f 3212 3214 3213
f 3212 3213 3214
f 3213 3215 3212
f 3213 3212 3215
f 3216 3218 3217
f 3216 3217 3218
f 3217 3219 3216
f 3217 3216 3219
f 3220 3222 3221
f 3220 3221 3222
f 3221 3223 3220
f 3221 3220 3223
f 3224 3226 3225
f 3224 3225 3226
f 3225 3227 3224
f 3225 3224 3227
f 3240 3242 3241
f 3240 3241 3242
f 3241 3243 3240
f 3241 3240 3243
f 3244 3246 3245
f 3244 3245 3246
f 3245 3247 3244
f 3245 3244 3247
f 3248 3250 3249
f 3248 3249 3250
f 3249 3251 3248
f 3249 3248 3251
f 3252 3254 3253
f 3252 3253 3254
f 3253 3255 3252
f 3253 3252 3255
f 3256 3258 3257
f 3256 3257 3258
f 3257 3259 3256
f 3257 3256 3259
f 3260 3262 3261
f 3260 3261 3262
f 3261 3263 3260
f 3261 3260 3263
f 3264 3266 3265
f 3264 3265 3266
f 3265 3267 3264
f 3265 3264 3267
f 3268 3270 3269
f 3268 3269 3270
f 3269 3271 3268
f 3269 3268 3271
f 3272 3274 3273
f 3272 3273 3274
f 3273 3275 3272
f 3273 3272 3275
f 3288 3290 3289
f 3288 3289 3290
f 3289 3291 3288
f 3289 3288 3291
f 3292 3294 3293
f 3292 3293 3294
f 3293 3295 3292
f 3293 3292 3295
f 3296 3298 3297
f 3296 3297 3298
f 3297 3299 3296
f 3297 3296 3299
f 3300 3302 3301
f 3300 3301 3302
f 3301 3303 3300
f 3301 3300 3303
f 3304 3306 3305
f 3304 3305 3306
f 3305 3307 3304
f 3305 3304 3307
f 3308 3310 3309
f 3308 3309 3310
f 3309 3311 3308
f 3309 3308 3311
f 3312 3314 3313
f 3312 3313 3314
f 3313 3315 3312
f 3313 3312 3315
f 3316 3318 3317
f 3316 3317 3318
f 3317 3319 3316
f 3317 3316 3319
f 3320 3322 3321
f 3320 3321 3322
f 3321 3323 3320
f 3321 3320 3323
f 3324 3326 3325
f 3324 3325 3326
f 3325 3327 3324
f 3325 3324 3327
f 3328 3330 3329
f 3328 3329 3330
f 3329 3331 3328
f 3329 3328 3331
f 3332 3334 3333
f 3332 3333 3334
f 3333 3335 3332
f 3333 3332 3335
f 3361 3363 3362
f 3361 3362 3363
f 3362 3364 3361
f 3362 3361 3364
f 3365 3367 3366
f 3365 3366 3367
f 3366 3368 3365
f 3366 3365 3368
f 3369 3371 3370
f 3369 3370 3371
f 3370 3372 3369
f 3370 3369 3372
f 3373 3375 3374
f 3373 3374 3375
f 3374 3376 3373
f 3374 3373 3376
f 3377 3379 3378
f 3377 3378 3379
f 3378 3380 3377
f 3378 3377 3380
f 3381 3383 3382
f 3381 3382 3383
f 3382 3384 3381
f 3382 3381 3384
f 3385 3387 3386
f 3385 3386 3387
f 3386 3388 3385
f 3386 3385 3388
f 3389 3391 3390
f 3389 3390 3391
f 3390 3392 3389
f 3390 3389 3392
f 3393 3395 3394
f 3393 3394 3395
f 3394 3396 3393
f 3394 3393 3396
f 3409 3411 3410
f 3409 3410 3411
f 3410 3412 3409
f 3410 3409 3412
f 3413 3415 3414
f 3413 3414 3415
f 3414 3416 3413
f 3414 3413 3416
f 3417 3419 3418
f 3417 3418 3419
f 3418 3420 3417
f 3418 3417 3420
f 3421 3423 3422
f 3421 3422 3423
f 3422 3424 3421
f 3422 3421 3424
f 3425 3427 3426
f 3425 3426 3427
f 3426 3428 3425
f 3426 3425 3428
f 3429 3431 3430
f 3429 3430 3431
f 3430 3432 3429
f 3430 3429 3432
f 3433 3435 3434
f 3433 3434 3435
f 3434 3436 3433
f 3434 3433 3436
f 3437 3439 3438
f 3437 3438 3439
f 3438 3440 3437
f 3438 3437 3440
f 3441 3443 3442
f 3441 3442 3443
f 3442 3444 3441
f 3442 3441 3444
f 3445 3447 3446
f 3445 3446 3447
f 3446 3448 3445
f 3446 3445 3448
f 3449 3451 3450
f 3449 3450 3451
f 3450 3452 3449
f 3450 3449 3452
f 3453 3455 3454
f 3453 3454 3455
f 3454 3456 3453
f 3454 3453 3456
f 3469 3471 3470
f 3469 3470 3471
f 3470 3472 3469
f 3470 3469 3472
f 3473 3475 3474
f 3473 3474 3475
f 3474 3476 3473
f 3474 3473 3476
f 3477 3479 3478
f 3477 3478 3479
f 3478 3480 3477
f 3478 3477 3480
f 3481 3483 3482
f 3481 3482 3483
f 3482 3484 3481
f 3482 3481 3484
f 3485 3487 3486
f 3485 3486 3487
f 3486 3488 3485
f 3486 3485 3488
f 3489 3491 3490
f 3489 3490 3491
f 3490 3492 3489
f 3490 3489 3492
f 3493 3495 3494
f 3493 3494 3495
f 3494 3496 3493
f 3494 3493 3496
f 3497 3499 3498
f 3497 3498 3499
f 3498 3500 3497
f 3498 3497 3500
f 3501 3503 3502
f 3501 3502 3503
f 3502 3504 3501
f 3502 3501 3504
f 3505 3507 3506
f 3505 3506 3507
f 3506 3508 3505
f 3506 3505 3508
f 3509 3511 3510
f 3509 3510 3511
f 3510 3512 3509
f 3510 3509 3512
f 3513 3515 3514
f 3513 3514 3515
f 3514 3516 3513
f 3514 3513 3516
f 3529 3531 3530
f 3529 3530 3531
f 3530 3532 3529
f 3530 3529 3532
f 3533 3535 3534
f 3533 3534 3535
f 3534 3536 3533
f 3534 3533 3536
f 3537 3539 3538
f 3537 3538 3539
f 3538 3540 3537
f 3538 3537 3540
f 3541 3543 3542
f 3541 3542 3543
f 3542 3544 3541
f 3542 3541 3544
f 3545 3547 3546
f 3545 3546 3547
f 3546 3548 3545
f 3546 3545 3548
f 3549 3551 3550
f 3549 3550 3551
f 3550 3552 3549
f 3550 3549 3552
f 3553 3555 3554
f 3553 3554 3555
f 3554 3556 3553
f 3554 3553 3556
f 3557 3559 3558
f 3557 3558 3559
f 3558 3560 3557
f 3558 3557 3560
f 3561 3563 3562
f 3561 3562 3563
f 3562 3564 3561
f 3562 3561 3564
f 3565 3567 3566
f 3565 3566 3567
f 3566 3568 3565
f 3566 3565 3568
f 3569 3571 3570
f 3569 3570 3571
f 3570 3572 3569
f 3570 3569 3572
f 3573 3575 3574
f 3573 3574 3575
f 3574 3576 3573
f 3574 3573 3576
f 3613 3615 3614
f 3613 3614 3615
f 3614 3616 3613
f 3614 3613 3616
f 3617 3619 3618
f 3617 3618 3619
f 3618 3620 3617
f 3618 3617 3620
f 3621 3623 3622
f 3621 3622 3623
f 3622 3624 3621
f 3622 3621 3624
f 3625 3627 3626
f 3625 3626 3627
f 3626 3628 3625
f 3626 3625 3628
f 3629 3631 3630
f 3629 3630 3631
f 3630 3632 3629
f 3630 3629 3632
f 3633 3635 3634
f 3633 3634 3635
f 3634 3636 3633
f 3634 3633 3636
f 3637 3639 3638
f 3637 3638 3639
f 3638 3640 3637
f 3638 3637 3640
f 3641 3643 3642
f 3641 3642 3643
f 3642 3644 3641
f 3642 3641 3644
f 3645 3647 3646
f 3645 3646 3647
f 3646 3648 3645
f 3646 3645 3648
f 3649 3651 3650
f 3649 3650 3651
f 3650 3652 3649
f 3650 3649 3652
f 3653 3655 3654
f 3653 3654 3655
f 3654 3656 3653
f 3654 3653 3656
f 3657 3659 3658
f 3657 3658 3659
f 3658 3660 3657
f 3658 3657 3660
f 3673 3675 3674
f 3673 3674 3675
f 3674 3676 3673
f 3674 3673 3676
f 3677 3679 3678
f 3677 3678 3679
f 3678 3680 3677
f 3678 3677 3680
f 3681 3683 3682
f 3681 3682 3683
f 3682 3684 3681
f 3682 3681 3684
f 3685 3687 3686
f 3685 3686 3687
f 3686 3688 3685
f 3686 3685 3688
f 3689 3691 3690
f 3689 3690 3691
f 3690 3692 3689
f 3690 3689 3692
f 3693 3695 3694
f 3693 3694 3695
f 3694 3696 3693
f 3694 3693 3696
f 3697 3699 3698
f 3697 3698 3699
f 3698 3700 3697
f 3698 3697 3700
f 3701 3703 3702
f 3701 3702 3703
f 3702 3704 3701
f 3702 3701 3704
f 3705 3707 3706
f 3705 3706 3707
f 3706 3708 3705
f 3706 3705 3708
f 3709 3711 3710
f 3709 3710 3711
f 3710 3712 3709
f 3710 3709 3712
f 3713 3715 3714
f 3713 3714 3715
f 3714 3716 3713
f 3714 3713 3716
f 3717 3719 3718
f 3717 3718 3719
f 3718 3720 3717
f 3718 3717 3720
f 3733 3735 3734
f 3733 3734 3735
f 3734 3736 3733
f 3734 3733 3736
f 3737 3739 3738
f 3737 3738 3739
f 3738 3740 3737
f 3738 3737 3740
f 3741 3743 3742
f 3741 3742 3743
f 3742 3744 3741
f 3742 3741 3744
f 3745 3747 3746
f 3745 3746 3747
f 3746 3748 3745
f 3746 3745 3748
f 3749 3751 3750
f 3749 3750 3751
f 3750 3752 3749
f 3750 3749 3752
f 3753 3755 3754
f 3753 3754 3755
f 3754 3756 3753
f 3754 3753 3756
f 3757 3759 3758
f 3757 3758 3759
f 3758 3760 3757
f 3758 3757 3760
f 3761 3763 3762
f 3761 3762 3763
f 3762 3764 3761
f 3762 3761 3764
f 3765 3767 3766
f 3765 3766 3767
f 3766 3768 3765
f 3766 3765 3768
f 3781 3783 3782
f 3781 3782 3783
f 3782 3784 3781
f 3782 3781 3784
f 3785 3787 3786
f 3785 3786 3787
f 3786 3788 3785
f 3786 3785 3788
f 3789 3791 3790
f 3789 3790 3791
f 3790 3792 3789
f 3790 3789 3792
f 3793 3795 3794
f 3793 3794 3795
f 3794 3796 3793
f 3794 3793 3796
f 3797 3799 3798
f 3797 3798 3799
f 3798 3800 3797
f 3798 3797 3800
f 3801 3803 3802
f 3801 3802 3803
f 3802 3804 3801
f 3802 3801 3804
f 3805 3807 3806
f 3805 3806 3807
f 3806 3808 3805
f 3806 3805 3808
f 3809 3811 3810
f 3809 3810 3811
f 3810 3812 3809
f 3810 3809 3812
f 3813 3815 3814
f 3813 3814 3815
f 3814 3816 3813
f 3814 3813 3816
f 3843 3845 3844
f 3843 3844 3845
f 3844 3846 3843
f 3844 3843 3846
f 3847 3849 3848
f 3847 3848 3849
f 3848 3850 3847
f 3848 3847 3850
f 3851 3853 3852
f 3851 3852 3853
f 3852 3854 3851
f 3852 3851 3854
f 3855 3857 3856
f 3855 3856 3857
f 3856 3858 3855
f 3856 3855 3858
f 3859 3861 3860
f 3859 3860 3861
f 3860 3862 3859
f 3860 3859 3862
f 3863 3865 3864
f 3863 3864 3865
f 3864 3866 3863
f 3864 3863 3866
f 3867 3869 3868
f 3867 3868 3869
f 3868 3870 3867
f 3868 3867 3870
f 3871 3873 3872
f 3871 3872 3873
f 3872 3874 3871
f 3872 3871 3874
f 3875 3877 3876
f 3875 3876 3877
f 3876 3878 3875
f 3876 3875 3878
f 3891 3893 3892
f 3891 3892 3893
f 3892 3894 3891
f 3892 3891 3894
f 3895 3897 3896
f 3895 3896 3897
f 3896 3898 3895
f 3896 3895 3898
f 3899 3901 3900
f 3899 3900 3901
f 3900 3902 3899
f 3900 3899 3902
f 3903 3905 3904
f 3903 3904 3905
f 3904 3906 3903
f 3904 3903 3906
f 3907 3909 3908
f 3907 3908 3909
f 3908 3910 3907
f 3908 3907 3910
f 3911 3913 3912
f 3911 3912 3913
f 3912 3914 3911
f 3912 3911 3914
f 3915 3917 3916
f 3915 3916 3917
f 3916 3918 3915
f 3916 3915 3918
f 3919 3921 3920
f 3919 3920 3921
f 3920 3922 3919
f 3920 3919 3922
f 3923 3925 3924
f 3923 3924 3925
f 3924 3926 3923
f 3924 3923 3926
f 3927 3929 3928
f 3927 3928 3929
f 3928 3930 3927
f 3928 3927 3930
f 3931 3933 3932
f 3931 3932 3933
f 3932 3934 3931
f 3932 3931 3934
f 3935 3937 3936
f 3935 3936 3937
f 3936 3938 3935
f 3936 3935 3938
f 3951 3953 3952
f 3951 3952 3953
f 3952 3954 3951
f 3952 3951 3954
f 3955 3957 3956
f 3955 3956 3957
f 3956 3958 3955
f 3956 3955 3958
f 3959 3961 3960
f 3959 3960 3961
f 3960 3962 3959
f 3960 3959 3962
f 3963 3965 3964
f 3963 3964 3965
f 3964 3966 3963
f 3964 3963 3966
f 3967 3969 3968
f 3967 3968 3969
f 3968 3970 3967
f 3968 3967 3970
f 3971 3973 3972
f 3971 3972 3973
f 3972 3974 3971
f 3972 3971 3974
f 3975 3977 3976
f 3975 3976 3977
f 3976 3978 3975
f 3976 3975 3978
f 3979 3981 3980
f 3979 3980 3981
f 3980 3982 3979
f 3980 3979 3982
f 3983 3985 3984
f 3983 3984 3985
f 3984 3986 3983
f 3984 3983 3986
f 3987 3989 3988
f 3987 3988 3989
f 3988 3990 3987
f 3988 3987 3990
f 3991 3993 3992
f 3991 3992 3993
f 3992 3994 3991
f 3992 3991 3994
f 3995 3997 3996
f 3995 3996 3997
f 3996 3998 3995
f 3996 3995 3998
f 4023 4025 4024
f 4023 4024 4025
f 4024 4026 4023
f 4024 4023 4026
f 4027 4029 4028
f 4027 4028 4029
f 4028 4030 4027
f 4028 4027 4030
f 4031 4033 4032
f 4031 4032 4033
f 4032 4034 4031
f 4032 4031 4034
f 4035 4037 4036
f 4035 4036 4037
f 4036 4038 4035
f 4036 4035 4038
f 4039 4041 4040
f 4039 4040 4041
f 4040 4042 4039
f 4040 4039 4042
f 4043 4045 4044
f 4043 4044 4045
f 4044 4046 4043
f 4044 4043 4046
f 4047 4049 4048
f 4047 4048 4049
f 4048 4050 4047
f 4048 4047 4050
f 4051 4053 4052
f 4051 4052 4053
f 4052 4054 4051
f 4052 4051 4054
f 4055 4057 4056
f 4055 4056 4057
f 4056 4058 4055
f 4056 4055 4058
f 4059 4061 4060
f 4059 4060 4061
f 4060 4062 4059
f 4060 4059 4062
f 4063 4065 4064
f 4063 4064 4065
f 4064 4066 4063
f 4064 4063 4066
f 4067 4069 4068
f 4067 4068 4069
f 4068 4070 4067
f 4068 4067 4070
f 4083 4085 4084
f 4083 4084 4085
f 4084 4086 4083
f 4084 4083 4086
f 4087 4089 4088
f 4087 4088 4089
f 4088 4090 4087
f 4088 4087 4090
f 4091 4093 4092
f 4091 4092 4093
f 4092 4094 4091
f 4092 4091 4094
f 4095 4097 4096
f 4095 4096 4097
f 4096 4098 4095
f 4096 4095 4098
f 4099 4101 4100
f 4099 4100 4101
f 4100 4102 4099
f 4100 4099 4102
f 4103 4105 4104
f 4103 4104 4105
f 4104 4106 4103
f 4104 4103 4106
f 4107 4109 4108
f 4107 4108 4109
f 4108 4110 4107
f 4108 4107 4110
f 4111 4113 4112
f 4111 4112 4113
f 4112 4114 4111
f 4112 4111 4114
f 4115 4117 4116
f 4115 4116 4117
f 4116 4118 4115
f 4116 4115 4118
f 4132 4134 4133
f 4132 4133 4134
f 4133 4135 4132
f 4133 4132 4135
f 4136 4138 4137
f 4136 4137 4138
f 4137 4139 4136
f 4137 4136 4139
f 4140 4142 4141
f 4140 4141 4142
f 4141 4143 4140
f 4141 4140 4143
f 4144 4146 4145
f 4144 4145 4146
f 4145 4147 4144
f 4145 4144 4147
f 4148 4150 4149
f 4148 4149 4150
f 4149 4151 4148
f 4149 4148 4151
f 4152 4154 4153
f 4152 4153 4154
f 4153 4155 4152
f 4153 4152 4155
f 4156 4158 4157
f 4156 4157 4158
f 4157 4159 4156
f 4157 4156 4159
f 4160 4162 4161
f 4160 4161 4162
f 4161 4163 4160
f 4161 4160 4163
f 4164 4166 4165
f 4164 4165 4166
f 4165 4167 4164
f 4165 4164 4167
f 4180 4182 4181
f 4180 4181 4182
f 4181 4183 4180
f 4181 4180 4183
f 4184 4186 4185
f 4184 4185 4186
f 4185 4187 4184
f 4185 4184 4187
f 4188 4190 4189
f 4188 4189 4190
f 4189 4191 4188
f 4189 4188 4191
f 4192 4194 4193
f 4192 4193 4194
f 4193 4195 4192
f 4193 4192 4195
f 4196 4198 4197
f 4196 4197 4198
f 4197 4199 4196
f 4197 4196 4199
f 4200 4202 4201
f 4200 4201 4202
f 4201 4203 4200
f 4201 4200 4203
f 4204 4206 4205
f 4204 4205 4206
f 4205 4207 4204
f 4205 4204 4207
f 4208 4210 4209
f 4208 4209 4210
f 4209 4211 4208
f 4209 4208 4211
f 4212 4214 4213
f 4212 4213 4214
f 4213 4215 4212
f 4213 4212 4215
f 4240 4242 4241
f 4240 4241 4242
f 4241 4243 4240
f 4241 4240 4243
f 4244 4246 4245
f 4244 4245 4246
f 4245 4247 4244
f 4245 4244 4247
f 4248 4250 4249
f 4248 4249 4250
f 4249 4251 4248
f 4249 4248 4251
f 4252 4254 4253
f 4252 4253 4254
f 4253 4255 4252
f 4253 4252 4255
f 4256 4258 4257
f 4256 4257 4258
f 4257 4259 4256
f 4257 4256 4259
f 4260 4262 4261
f 4260 4261 4262
f 4261 4263 4260
f 4261 4260 4263
f 4264 4266 4265
f 4264 4265 4266
f 4265 4267 4264
f 4265 4264 4267
f 4268 4270 4269
f 4268 4269 4270
f 4269 4271 4268
f 4269 4268 4271
f 4272 4274 4273
f 4272 4273 4274
f 4273 4275 4272
f 4273 4272 4275
f 4276 4278 4277
f 4276 4277 4278
f 4277 4279 4276
f 4277 4276 4279
f 4280 4282 4281
f 4280 4281 4282
f 4281 4283 4280
f 4281 4280 4283
f 4284 4286 4285
f 4284 4285 4286
f 4285 4287 4284
f 4285 4284 4287
f 4300 4302 4301
f 4300 4301 4302
f 4301 4303 4300
f 4301 4300 4303
f 4304 4306 4305
f 4304 4305 4306
f 4305 4307 4304
f 4305 4304 4307
f 4308 4310 4309
f 4308 4309 4310
f 4309 4311 4308
f 4309 4308 4311
f 4312 4314 4313
f 4312 4313 4314
f 4313 4315 4312
f 4313 4312 4315
f 4316 4318 4317
f 4316 4317 4318
f 4317 4319 4316
f 4317 4316 4319
f 4320 4322 4321
f 4320 4321 4322
f 4321 4323 4320
f 4321 4320 4323
f 4324 4326 4325
f 4324 4325 4326
f 4325 4327 4324
f 4325 4324 4327
f 4328 4330 4329
f 4328 4329 4330
f 4329 4331 4328
f 4329 4328 4331
f 4332 4334 4333
f 4332 4333 4334
f 4333 4335 4332
f 4333 4332 4335
f 4348 4350 4349
f 4348 4349 4350
f 4349 4351 4348
f 4349 4348 4351
f 4352 4354 4353
f 4352 4353 4354
f 4353 4355 4352
f 4353 4352 4355
f 4356 4358 4357
f 4356 4357 4358
f 4357 4359 4356
f 4357 4356 4359
f 4360 4362 4361
f 4360 4361 4362
f 4361 4363 4360
f 4361 4360 4363
f 4364 4366 4365
f 4364 4365 4366
f 4365 4367 4364
f 4365 4364 4367
f 4368 4370 4369
f 4368 4369 4370
f 4369 4371 4368
f 4369 4368 4371
f 4372 4374 4373
f 4372 4373 4374
f 4373 4375 4372
f 4373 4372 4375
f 4376 4378 4377
f 4376 4377 4378
f 4377 4379 4376
f 4377 4376 4379
f 4380 4382 4381
f 4380 4381 4382
f 4381 4383 4380
f 4381 4380 4383
f 4396 4398 4397
f 4396 4397 4398
f 4397 4399 4396
f 4397 4396 4399
f 4400 4402 4401
f 4400 4401 4402
f 4401 4403 4400
f 4401 4400 4403
f 4404 4406 4405
f 4404 4405 4406
f 4405 4407 4404
f 4405 4404 4407
f 4408 4410 4409
f 4408 4409 4410
f 4409 4411 4408
f 4409 4408 4411
f 4412 4414 4413
f 4412 4413 4414
f 4413 4415 4412
f 4413 4412 4415
f 4416 4418 4417
f 4416 4417 4418
f 4417 4419 4416
f 4417 4416 4419
f 4420 4422 4421
f 4420 4421 4422
f 4421 4423 4420
f 4421 4420 4423
f 4424 4426 4425
f 4424 4425 4426
f 4425 4427 4424
f 4425 4424 4427
f 4428 4430 4429
f 4428 4429 4430
f 4429 4431 4428
f 4429 4428 4431
f 4432 4434 4433
f 4432 4433 4434
f 4433 4435 4432
f 4433 4432 4435
f 4436 4438 4437
f 4436 4437 4438
f 4437 4439 4436
f 4437 4436 4439
f 4440 4442 4441
f 4440 4441 4442
f 4441 4443 4440
f 4441 4440 4443
f 4492 4494 4493
f 4492 4493 4494
f 4493 4495 4492
f 4493 4492 4495
f 4496 4498 4497
f 4496 4497 4498
f 4497 4499 4496
f 4497 4496 4499
f 4500 4502 4501
f 4500 4501 4502
f 4501 4503 4500
f 4501 4500 4503
f 4504 4506 4505
f 4504 4505 4506
f 4505 4507 4504
f 4505 4504 4507
f 4508 4510 4509
f 4508 4509 4510
f 4509 4511 4508
f 4509 4508 4511
f 4512 4514 4513
f 4512 4513 4514
f 4513 4515 4512
f 4513 4512 4515
f 4516 4518 4517
f 4516 4517 4518
f 4517 4519 4516
f 4517 4516 4519
f 4520 4522 4521
f 4520 4521 4522
f 4521 4523 4520
f 4521 4520 4523
f 4524 4526 4525
f 4524 4525 4526
f 4525 4527 4524
f 4525 4524 4527
f 4540 4542 4541
f 4540 4541 4542
f 4541 4543 4540
f 4541 4540 4543
f 4544 4546 4545
f 4544 4545 4546
f 4545 4547 4544
f 4545 4544 4547
f 4548 4550 4549
f 4548 4549 4550
f 4549 4551 4548
f 4549 4548 4551
f 4552 4554 4553
f 4552 4553 4554
f 4553 4555 4552
f 4553 4552 4555
f 4556 4558 4557
f 4556 4557 4558
f 4557 4559 4556
f 4557 4556 4559
f 4560 4562 4561
f 4560 4561 4562
f 4561 4563 4560
f 4561 4560 4563
f 4576 4578 4577
f 4576 4577 4578
f 4577 4579 4576
f 4577 4576 4579
f 4580 4582 4581
f 4580 4581 4582
f 4581 4583 4580
f 4581 4580 4583
f 4584 4586 4585
f 4584 4585 4586
f 4585 4587 4584
f 4585 4584 4587
f 4588 4590 4589
f 4588 4589 4590
f 4589 4591 4588
f 4589 4588 4591
f 4592 4594 4593
f 4592 4593 4594
f 4593 4595 4592
f 4593 4592 4595
f 4596 4598 4597
f 4596 4597 4598
f 4597 4599 4596
f 4597 4596 4599
f 4600 4602 4601
f 4600 4601 4602
f 4601 4603 4600
f 4601 4600 4603
f 4604 4606 4605
f 4604 4605 4606
f 4605 4607 4604
f 4605 4604 4607
f 4608 4610 4609
f 4608 4609 4610
f 4609 4611 4608
f 4609 4608 4611
f 4612 4614 4613
f 4612 4613 4614
f 4613 4615 4612
f 4613 4612 4615
f 4616 4618 4617
f 4616 4617 4618
f 4617 4619 4616
f 4617 4616 4619
f 4620 4622 4621
f 4620 4621 4622
f 4621 4623 4620
f 4621 4620 4623
f 4649 4651 4650
f 4649 4650 4651
f 4650 4652 4649
f 4650 4649 4652
f 4653 4655 4654
f 4653 4654 4655
f 4654 4656 4653
f 4654 4653 4656
f 4657 4659 4658
f 4657 4658 4659
f 4658 4660 4657
f 4658 4657 4660
f 4661 4663 4662
f 4661 4662 4663
f 4662 4664 4661
f 4662 4661 4664
f 4665 4667 4666
f 4665 4666 4667
f 4666 4668 4665
f 4666 4665 4668
f 4669 4671 4670
f 4669 4670 4671
f 4670 4672 4669
f 4670 4669 4672
f 4673 4675 4674
f 4673 4674 4675
f 4674 4676 4673
f 4674 4673 4676
f 4677 4679 4678
f 4677 4678 4679
f 4678 4680 4677
f 4678 4677 4680
f 4681 4683 4682
f 4681 4682 4683
f 4682 4684 4681
f 4682 4681 4684
f 4697 4699 4698
f 4697 4698 4699
f 4698 4700 4697
f 4698 4697 4700
f 4701 4703 4702
f 4701 4702 4703
f 4702 4704 4701
f 4702 4701 4704
f 4705 4707 4706
f 4705 4706 4707
f 4706 4708 4705
f 4706 4705 4708
f 4709 4711 4710
f 4709 4710 4711
f 4710 4712 4709
f 4710 4709 4712
f 4713 4715 4714
f 4713 4714 4715
f 4714 4716 4713
f 4714 4713 4716
f 4717 4719 4718
f 4717 4718 4719
f 4718 4720 4717
f 4718 4717 4720
f 4721 4723 4722
f 4721 4722 4723
f 4722 4724 4721
f 4722 4721 4724
f 4725 4727 4726
f 4725 4726 4727
f 4726 4728 4725
f 4726 4725 4728
f 4729 4731 4730
f 4729 4730 4731
f 4730 4732 4729
f 4730 4729 4732
f 4733 4735 4734
f 4733 4734 4735
f 4734 4736 4733
f 4734 4733 4736
f 4737 4739 4738
f 4737 4738 4739
f 4738 4740 4737
f 4738 4737 4740
f 4741 4743 4742
f 4741 4742 4743
f 4742 4744 4741
f 4742 4741 4744
f 4757 4759 4758
f 4757 4758 4759
f 4758 4760 4757
f 4758 4757 4760
f 4761 4763 4762
f 4761 4762 4763
f 4762 4764 4761
f 4762 4761 4764
f 4765 4767 4766
f 4765 4766 4767
f 4766 4768 4765
f 4766 4765 4768
f 4769 4771 4770
f 4769 4770 4771
f 4770 4772 4769
f 4770 4769 4772
f 4773 4775 4774
f 4773 4774 4775
f 4774 4776 4773
f 4774 4773 4776
f 4777 4779 4778
f 4777 4778 4779
f 4778 4780 4777
f 4778 4777 4780
f 4781 4783 4782
f 4781 4782 4783
f 4782 4784 4781
f 4782 4781 4784
f 4785 4787 4786
f 4785 4786 4787
f 4786 4788 4785
f 4786 4785 4788
f 4789 4791 4790
f 4789 4790 4791
f 4790 4792 4789
f 4790 4789 4792
f 4793 4795 4794
f 4793 4794 4795
f 4794 4796 4793
f 4794 4793 4796
f 4797 4799 4798
f 4797 4798 4799
f 4798 4800 4797
f 4798 4797 4800
f 4801 4803 4802
f 4801 4802 4803
f 4802 4804 4801
f 4802 4801 4804
f 4817 4819 4818
f 4817 4818 4819
f 4818 4820 4817
f 4818 4817 4820
f 4821 4823 4822
f 4821 4822 4823
f 4822 4824 4821
f 4822 4821 4824
f 4825 4827 4826
f 4825 4826 4827
f 4826 4828 4825
f 4826 4825 4828
f 4829 4831 4830
f 4829 4830 4831
f 4830 4832 4829
f 4830 4829 4832
f 4833 4835 4834
f 4833 4834 4835
f 4834 4836 4833
f 4834 4833 4836
f 4837 4839 4838
f 4837 4838 4839
f 4838 4840 4837
f 4838 4837 4840
f 4841 4843 4842
f 4841 4842 4843
f 4842 4844 4841
f 4842 4841 4844
f 4845 4847 4846
f 4845 4846 4847
f 4846 4848 4845
f 4846 4845 4848
f 4849 4851 4850
f 4849 4850 4851
f 4850 4852 4849
f 4850 4849 4852
f 4853 4855 4854
f 4853 4854 4855
f 4854 4856 4853
f 4854 4853 4856
f 4857 4859 4858
f 4857 4858 4859
f 4858 4860 4857
f 4858 4857 4860
f 4861 4863 4862
f 4861 4862 4863
f 4862 4864 4861
f 4862 4861 4864
f 4901 4903 4902
f 4901 4902 4903
f 4902 4904 4901
f 4902 4901 4904
f 4905 4907 4906
f 4905 4906 4907
f 4906 4908 4905
f 4906 4905 4908
f 4909 4911 4910
f 4909 4910 4911
f 4910 4912 4909
f 4910 4909 4912
f 4913 4915 4914
f 4913 4914 4915
f 4914 4916 4913
f 4914 4913 4916
f 4917 4919 4918
f 4917 4918 4919
f 4918 4920 4917
f 4918 4917 4920
f 4921 4923 4922
f 4921 4922 4923
f 4922 4924 4921
f 4922 4921 4924
f 4925 4927 4926
f 4925 4926 4927
f 4926 4928 4925
f 4926 4925 4928
f 4929 4931 4930
f 4929 4930 4931
f 4930 4932 4929
f 4930 4929 4932
f 4933 4935 4934
f 4933 4934 4935
f 4934 4936 4933
f 4934 4933 4936
f 4937 4939 4938
f 4937 4938 4939
f 4938 4940 4937
f 4938 4937 4940
f 4941 4943 4942
f 4941 4942 4943
f 4942 4944 4941
f 4942 4941 4944
f 4945 4947 4946
f 4945 4946 4947
f 4946 4948 4945
f 4946 4945 4948
f 4961 4963 4962
f 4961 4962 4963
f 4962 4964 4961
f 4962 4961 4964
f 4965 4967 4966
f 4965 4966 4967
f 4966 4968 4965
f 4966 4965 4968
f 4969 4971 4970
f 4969 4970 4971
f 4970 4972 4969
f 4970 4969 4972
f 4973 4975 4974
f 4973 4974 4975
f 4974 4976 4973
f 4974 4973 4976
f 4977 4979 4978
f 4977 4978 4979
f 4978 4980 4977
f 4978 4977 4980
f 4981 4983 4982
f 4981 4982 4983
f 4982 4984 4981
f 4982 4981 4984
f 4985 4987 4986
f 4985 4986 4987
f 4986 4988 4985
f 4986 4985 4988
f 4989 4991 4990
f 4989 4990 4991
f 4990 4992 4989
f 4990 4989 4992
f 4993 4995 4994
f 4993 4994 4995
f 4994 4996 4993
f 4994 4993 4996
f 4997 4999 4998
f 4997 4998 4999
f 4998 5000 4997
f 4998 4997 5000
f 5001 5003 5002
f 5001 5002 5003
f 5002 5004 5001
f 5002 5001 5004
f 5005 5007 5006
f 5005 5006 5007
f 5006 5008 5005
f 5006 5005 5008
f 5021 5023 5022
f 5021 5022 5023
f 5022 5024 5021
f 5022 5021 5024
f 5025 5027 5026
f 5025 5026 5027
f 5026 5028 5025
f 5026 5025 5028
f 5029 5031 5030
f 5029 5030 5031
f 5030 5032 5029
f 5030 5029 5032
f 5033 5035 5034
f 5033 5034 5035
f 5034 5036 5033
f 5034 5033 5036
f 5037 5039 5038
f 5037 5038 5039
f 5038 5040 5037
f 5038 5037 5040
f 5041 5043 5042
f 5041 5042 5043
f 5042 5044 5041
f 5042 5041 5044
f 5045 5047 5046
f 5045 5046 5047
f 5046 5048 5045
f 5046 5045 5048
f 5049 5051 5050
f 5049 5050 5051
f 5050 5052 5049
f 5050 5049 5052
f 5053 5055 5054
f 5053 5054 5055
f 5054 5056 5053
f 5054 5053 5056
f 5081 5083 5082
f 5081 5082 5083
f 5082 5084 5081
f 5082 5081 5084
f 5085 5087 5086
f 5085 5086 5087
f 5086 5088 5085
f 5086 5085 5088
f 5089 5091 5090
f 5089 5090 5091
f 5090 5092 5089
f 5090 5089 5092
f 5093 5095 5094
f 5093 5094 5095
f 5094 5096 5093
f 5094 5093 5096
f 5097 5099 5098
f 5097 5098 5099
f 5098 5100 5097
f 5098 5097 5100
f 5101 5103 5102
f 5101 5102 5103
f 5102 5104 5101
f 5102 5101 5104
f 5105 5107 5106
f 5105 5106 5107
f 5106 5108 5105
f 5106 5105 5108
f 5109 5111 5110
f 5109 5110 5111
f 5110 5112 5109
f 5110 5109 5112
f 5113 5115 5114
f 5113 5114 5115
f 5114 5116 5113
f 5114 5113 5116
f 5129 5131 5130
f 5129 5130 5131
f 5130 5132 5129
f 5130 5129 5132
f 5133 5135 5134
f 5133 5134 5135
f 5134 5136 5133
f 5134 5133 5136
f 5137 5139 5138
f 5137 5138 5139
f 5138 5140 5137
f 5138 5137 5140
f 5141 5143 5142
f 5141 5142 5143
f 5142 5144 5141
f 5142 5141 5144
f 5145 5147 5146
f 5145 5146 5147
f 5146 5148 5145
f 5146 5145 5148
f 5149 5151 5150
f 5149 5150 5151
f 5150 5152 5149
f 5150 5149 5152
f 5165 5167 5166
f 5165 5166 5167
f 5166 5168 5165
f 5166 5165 5168
f 5169 5171 5170
f 5169 5170 5171
f 5170 5172 5169
f 5170 5169 5172
f 5173 5175 5174
f 5173 5174 5175
f 5174 5176 5173
f 5174 5173 5176
f 5177 5179 5178
f 5177 5178 5179
f 5178 5180 5177
f 5178 5177 5180
f 5181 5183 5182
f 5181 5182 5183
f 5182 5184 5181
f 5182 5181 5184
f 5185 5187 5186
f 5185 5186 5187
f 5186 5188 5185
f 5186 5185 5188
f 5189 5191 5190
f 5189 5190 5191
f 5190 5192 5189
f 5190 5189 5192
f 5193 5195 5194
f 5193 5194 5195
f 5194 5196 5193
f 5194 5193 5196
f 5197 5199 5198
f 5197 5198 5199
f 5198 5200 5197
f 5198 5197 5200
f 5201 5203 5202
f 5201 5202 5203
f 5202 5204 5201
f 5202 5201 5204
f 5205 5207 5206
f 5205 5206 5207
f 5206 5208 5205
f 5206 5205 5208
f 5209 5211 5210
f 5209 5210 5211
f 5210 5212 5209
f 5210 5209 5212
f 5225 5227 5226
f 5225 5226 5227
f 5226 5228 5225
f 5226 5225 5228
f 5229 5231 5230
f 5229 5230 5231
f 5230 5232 5229
f 5230 5229 5232
f 5233 5235 5234
f 5233 5234 5235
f 5234 5236 5233
f 5234 5233 5236
f 5237 5239 5238
f 5237 5238 5239
f 5238 5240 5237
f 5238 5237 5240
f 5241 5243 5242
f 5241 5242 5243
f 5242 5244 5241
f 5242 5241 5244
f 5245 5247 5246
f 5245 5246 5247
f 5246 5248 5245
f 5246 5245 5248
f 5249 5251 5250
f 5249 5250 5251
f 5250 5252 5249
f 5250 5249 5252
f 5253 5255 5254
f 5253 5254 5255
f 5254 5256 5253
f 5254 5253 5256
f 5257 5259 5258
f 5257 5258 5259
f 5258 5260 5257
f 5258 5257 5260
f 5261 5263 5262
f 5261 5262 5263
f 5262 5264 5261
f 5262 5261 5264
f 5265 5267 5266
f 5265 5266 5267
f 5266 5268 5265
f 5266 5265 5268
f 5269 5271 5270
f 5269 5270 5271
f 5270 5272 5269
f 5270 5269 5272
f 5297 5299 5298
f 5297 5298 5299
f 5298 5300 5297
f 5298 5297 5300
f 5301 5303 5302
f 5301 5302 5303
f 5302 5304 5301
f 5302 5301 5304
f 5305 5307 5306
f 5305 5306 5307
f 5306 5308 5305
f 5306 5305 5308
f 5309 5311 5310
f 5309 5310 5311
f 5310 5312 5309
f 5310 5309 5312
f 5313 5315 5314
f 5313 5314 5315
f 5314 5316 5313
f 5314 5313 5316
f 5317 5319 5318
f 5317 5318 5319
f 5318 5320 5317
f 5318 5317 5320
f 5321 5323 5322
f 5321 5322 5323
f 5322 5324 5321
f 5322 5321 5324
f 5325 5327 5326
f 5325 5326 5327
f 5326 5328 5325
f 5326 5325 5328
f 5329 5331 5330
f 5329 5330 5331
f 5330 5332 5329
f 5330 5329 5332
f 5333 5335 5334
f 5333 5334 5335
f 5334 5336 5333
f 5334 5333 5336
f 5337 5339 5338
f 5337 5338 5339
f 5338 5340 5337
f 5338 5337 5340
f 5341 5343 5342
f 5341 5342 5343
f 5342 5344 5341
f 5342 5341 5344
f 5357 5359 5358
f 5357 5358 5359
f 5358 5360 5357
f 5358 5357 5360
f 5361 5363 5362
f 5361 5362 5363
f 5362 5364 5361
f 5362 5361 5364
f 5365 5367 5366
f 5365 5366 5367
f 5366 5368 5365
f 5366 5365 5368
f 5369 5371 5370
f 5369 5370 5371
f 5370 5372 5369
f 5370 5369 5372
f 5373 5375 5374
f 5373 5374 5375
f 5374 5376 5373
f 5374 5373 5376
f 5377 5379 5378
f 5377 5378 5379
f 5378 5380 5377
f 5378 5377 5380
f 5381 5383 5382
f 5381 5382 5383
f 5382 5384 5381
f 5382 5381 5384
f 5385 5387 5386
f 5385 5386 5387
f 5386 5388 5385
f 5386 5385 5388
f 5389 5391 5390
f 5389 5390 5391
f 5390 5392 5389
f 5390 5389 5392
f 5393 5395 5394
f 5393 5394 5395
f 5394 5396 5393
f 5394 5393 5396
f 5397 5399 5398
f 5397 5398 5399
f 5398 5400 5397
f 5398 5397 5400
f 5401 5403 5402
f 5401 5402 5403
f 5402 5404 5401
f 5402 5401 5404
f 5418 5420 5419
f 5418 5419 5420
f 5419 5421 5418
f 5419 5418 5421
f 5422 5424 5423
f 5422 5423 5424
f 5423 5425 5422
f 5423 5422 5425
f 5426 5428 5427
f 5426 5427 5428
f 5427 5429 5426
f 5427 5426 5429
f 5430 5432 5431
f 5430 5431 5432
f 5431 5433 5430
f 5431 5430 5433
f 5434 5436 5435
f 5434 5435 5436
f 5435 5437 5434
f 5435 5434 5437
f 5438 5440 5439
f 5438 5439 5440
f 5439 5441 5438
f 5439 5438 5441
f 5442 5444 5443
f 5442 5443 5444
f 5443 5445 5442
f 5443 5442 5445
f 5446 5448 5447
f 5446 5447 5448
f 5447 5449 5446
f 5447 5446 5449
f 5450 5452 5451
f 5450 5451 5452
f 5451 5453 5450
f 5451 5450 5453
f 5466 5468 5467
f 5466 5467 5468
f 5467 5469 5466
f 5467 5466 5469
f 5470 5472 5471
f 5470 5471 5472
f 5471 5473 5470
f 5471 5470 5473
f 5474 5476 5475
f 5474 5475 5476
f 5475 5477 5474
f 5475 5474 5477
f 5478 5480 5479
f 5478 5479 5480
f 5479 5481 5478
f 5479 5478 5481
f 5482 5484 5483
f 5482 5483 5484
f 5483 5485 5482
f 5483 5482 5485
f 5486 5488 5487
f 5486 5487 5488
f 5487 5489 5486
f 5487 5486 5489
f 5490 5492 5491
f 5490 5491 5492
f 5491 5493 5490
f 5491 5490 5493
f 5494 5496 5495
f 5494 5495 5496
f 5495 5497 5494
f 5495 5494 5497
f 5498 5500 5499
f 5498 5499 5500
f 5499 5501 5498
f 5499 5498 5501
f 5502 5504 5503
f 5502 5503 5504
f 5503 5505 5502
f 5503 5502 5505
f 5506 5508 5507
f 5506 5507 5508
f 5507 5509 5506
f 5507 5506 5509
f 5510 5512 5511
f 5510 5511 5512
f 5511 5513 5510
f 5511 5510 5513
f 5539 5541 5540
f 5539 5540 5541
f 5540 5542 5539
f 5540 5539 5542
f 5543 5545 5544
f 5543 5544 5545
f 5544 5546 5543
f 5544 5543 5546
f 5547 5549 5548
f 5547 5548 5549
f 5548 5550 5547
f 5548 5547 5550
f 5551 5553 5552
f 5551 5552 5553
f 5552 5554 5551
f 5552 5551 5554
f 5555 5557 5556
f 5555 5556 5557
f 5556 5558 5555
f 5556 5555 5558
f 5559 5561 5560
f 5559 5560 5561
f 5560 5562 5559
f 5560 5559 5562
f 5563 5565 5564
f 5563 5564 5565
f 5564 5566 5563
f 5564 5563 5566
f 5567 5569 5568
f 5567 5568 5569
f 5568 5570 5567
f 5568 5567 5570
f 5571 5573 5572
f 5571 5572 5573
f 5572 5574 5571
f 5572 5571 5574
f 5575 5577 5576
f 5575 5576 5577
f 5576 5578 5575
f 5576 5575 5578
f 5579 5581 5580
f 5579 5580 5581
f 5580 5582 5579
f 5580 5579 5582
f 5583 5585 5584
f 5583 5584 5585
f 5584 5586 5583
f 5584 5583 5586
f 5599 5601 5600
f 5599 5600 5601
f 5600 5602 5599
f 5600 5599 5602
f 5603 5605 5604
f 5603 5604 5605
f 5604 5606 5603
f 5604 5603 5606
f 5607 5609 5608
f 5607 5608 5609
f 5608 5610 5607
f 5608 5607 5610
f 5611 5613 5612
f 5611 5612 5613
f 5612 5614 5611
f 5612 5611 5614
f 5615 5617 5616
f 5615 5616 5617
f 5616 5618 5615
f 5616 5615 5618
f 5619 5621 5620
f 5619 5620 5621
f 5620 5622 5619
f 5620 5619 5622
f 5623 5625 5624
f 5623 5624 5625
f 5624 5626 5623
f 5624 5623 5626
f 5627 5629 5628
f 5627 5628 5629
f 5628 5630 5627
f 5628 5627 5630
f 5631 5633 5632
f 5631 5632 5633
f 5632 5634 5631
f 5632 5631 5634
f 5635 5637 5636
f 5635 5636 5637
f 5636 5638 5635
f 5636 5635 5638
f 5639 5641 5640
f 5639 5640 5641
f 5640 5642 5639
f 5640 5639 5642
f 5643 5645 5644
f 5643 5644 5645
f 5644 5646 5643
f 5644 5643 5646
f 5684 5686 5685
f 5684 5685 5686
f 5685 5687 5684
f 5685 5684 5687
f 5688 5690 5689
f 5688 5689 5690
f 5689 5691 5688
f 5689 5688 5691
f 5692 5694 5693
f 5692 5693 5694
f 5693 5695 5692
f 5693 5692 5695
f 5696 5698 5697
f 5696 5697 5698
f 5697 5699 5696
f 5697 5696 5699
f 5700 5702 5701
f 5700 5701 5702
f 5701 5703 5700
f 5701 5700 5703
f 5704 5706 5705
f 5704 5705 5706
f 5705 5707 5704
f 5705 5704 5707
f 5708 5710 5709
f 5708 5709 5710
f 5709 5711 5708
f 5709 5708 5711
f 5712 5714 5713
f 5712 5713 5714
f 5713 5715 5712
f 5713 5712 5715
f 5716 5718 5717
f 5716 5717 5718
f 5717 5719 5716
f 5717 5716 5719
f 5720 5722 5721
f 5720 5721 5722
f 5721 5723 5720
f 5721 5720 5723
f 5724 5726 5725
f 5724 5725 5726
f 5725 5727 5724
f 5725 5724 5727
f 5728 5730 5729
f 5728 5729 5730
f 5729 5731 5728
f 5729 5728 5731
f 5745 5747 5746
f 5745 5746 5747
f 5746 5748 5745
f 5746 5745 5748
f 5749 5751 5750
f 5749 5750 5751
f 5750 5752 5749
f 5750 5749 5752
f 5753 5755 5754
f 5753 5754 5755
f 5754 5756 5753
f 5754 5753 5756
f 5757 5759 5758
f 5757 5758 5759
f 5758 5760 5757
f 5758 5757 5760
f 5761 5763 5762
f 5761 5762 5763
f 5762 5764 5761
f 5762 5761 5764
f 5765 5767 5766
f 5765 5766 5767
f 5766 5768 5765
f 5766 5765 5768
f 5794 5796 5795
f 5794 5795 5796
f 5795 5797 5794
f 5795 5794 5797
f 5798 5800 5799
f 5798 5799 5800
f 5799 5801 5798
f 5799 5798 5801
f 5802 5804 5803
f 5802 5803 5804
f 5803 5805 5802
f 5803 5802 5805
f 5806 5808 5807
f 5806 5807 5808
f 5807 5809 5806
f 5807 5806 5809
f 5810 5812 5811
f 5810 5811 5812
f 5811 5813 5810
f 5811 5810 5813
f 5814 5816 5815
f 5814 5815 5816
f 5815 5817 5814
f 5815 5814 5817
f 5818 5820 5819
f 5818 5819 5820
f 5819 5821 5818
f 5819 5818 5821
f 5822 5824 5823
f 5822 5823 5824
f 5823 5825 5822
f 5823 5822 5825
f 5826 5828 5827
f 5826 5827 5828
f 5827 5829 5826
f 5827 5826 5829
f 5842 5844 5843
f 5842 5843 5844
f 5843 5845 5842
f 5843 5842 5845
f 5846 5848 5847
f 5846 5847 5848
f 5847 5849 5846
f 5847 5846 5849
f 5850 5852 5851
f 5850 5851 5852
f 5851 5853 5850
f 5851 5850 5853
f 5854 5856 5855
f 5854 5855 5856
f 5855 5857 5854
f 5855 5854 5857
f 5858 5860 5859
f 5858 5859 5860
f 5859 5861 5858
f 5859 5858 5861
f 5862 5864 5863
f 5862 5863 5864
f 5863 5865 5862
f 5863 5862 5865
f 5866 5868 5867
f 5866 5867 5868
f 5867 5869 5866
f 5867 5866 5869
f 5870 5872 5871
f 5870 5871 5872
f 5871 5873 5870
f 5871 5870 5873
f 5874 5876 5875
f 5874 5875 5876
f 5875 5877 5874
f 5875 5874 5877
f 5878 5880 5879
f 5878 5879 5880
f 5879 5881 5878
f 5879 5878 5881
f 5882 5884 5883
f 5882 5883 5884
f 5883 5885 5882
f 5883 5882 5885
f 5886 5888 5887
f 5886 5887 5888
f 5887 5889 5886
f 5887 5886 5889
f 5902 5904 5903
f 5902 5903 5904
f 5903 5905 5902
f 5903 5902 5905
f 5906 5908 5907
f 5906 5907 5908
f 5907 5909 5906
f 5907 5906 5909
f 5910 5912 5911
f 5910 5911 5912
f 5911 5913 5910
f 5911 5910 5913
f 5914 5916 5915
f 5914 5915 5916
f 5915 5917 5914
f 5915 5914 5917
f 5918 5920 5919
f 5918 5919 5920
f 5919 5921 5918
f 5919 5918 5921
f 5922 5924 5923
f 5922 5923 5924
f 5923 5925 5922
f 5923 5922 5925
f 5926 5928 5927
f 5926 5927 5928
f 5927 5929 5926
f 5927 5926 5929
f 5930 5932 5931
f 5930 5931 5932
f 5931 5933 5930
f 5931 5930 5933
f 5934 5936 5935
f 5934 5935 5936
f 5935 5937 5934
f 5935 5934 5937
f 5938 5940 5939
f 5938 5939 5940
f 5939 5941 5938
f 5939 5938 5941
f 5942 5944 5943
f 5942 5943 5944
f 5943 5945 5942
f 5943 5942 5945
f 5946 5948 5947
f 5946 5947 5948
f 5947 5949 5946
f 5947 5946 5949
f 5975 5977 5976
f 5975 5976 5977
f 5976 5978 5975
f 5976 5975 5978
f 5979 5981 5980
f 5979 5980 5981
f 5980 5982 5979
f 5980 5979 5982
f 5983 5985 5984
f 5983 5984 5985
f 5984 5986 5983
f 5984 5983 5986
f 5987 5989 5988
f 5987 5988 5989
f 5988 5990 5987
f 5988 5987 5990
f 5991 5993 5992
f 5991 5992 5993
f 5992 5994 5991
f 5992 5991 5994
f 5995 5997 5996
f 5995 5996 5997
f 5996 5998 5995
f 5996 5995 5998
f 5999 6001 6000
f 5999 6000 6001
f 6000 6002 5999
f 6000 5999 6002
f 6003 6005 6004
f 6003 6004 6005
f 6004 6006 6003
f 6004 6003 6006
f 6007 6009 6008
f 6007 6008 6009
f 6008 6010 6007
f 6008 6007 6010
f 6011 6013 6012
f 6011 6012 6013
f 6012 6014 6011
f 6012 6011 6014
f 6015 6017 6016
f 6015 6016 6017
f 6016 6018 6015
f 6016 6015 6018
f 6019 6021 6020
f 6019 6020 6021
f 6020 6022 6019
f 6020 6019 6022
f 6035 6037 6036
f 6035 6036 6037
f 6036 6038 6035
f 6036 6035 6038
f 6039 6041 6040
f 6039 6040 6041
f 6040 6042 6039
f 6040 6039 6042
f 6043 6045 6044
f 6043 6044 6045
f 6044 6046 6043
f 6044 6043 6046
f 6047 6049 6048
f 6047 6048 6049
f 6048 6050 6047
f 6048 6047 6050
f 6051 6053 6052
f 6051 6052 6053
f 6052 6054 6051
f 6052 6051 6054
f 6055 6057 6056
f 6055 6056 6057
f 6056 6058 6055
f 6056 6055 6058
f 6059 6061 6060
f 6059 6060 6061
f 6060 6062 6059
f 6060 6059 6062
f 6063 6065 6064
f 6063 6064 6065
f 6064 6066 6063
f 6064 6063 6066
f 6067 6069 6068
f 6067 6068 6069
f 6068 6070 6067
f 6068 6067 6070
f 6071 6073 6072
f 6071 6072 6073
f 6072 6074 6071
f 6072 6071 6074
f 6075 6077 6076
f 6075 6076 6077
f 6076 6078 6075
f 6076 6075 6078
f 6079 6081 6080
f 6079 6080 6081
f 6080 6082 6079
f 6080 6079 6082
f 6095 6097 6096
f 6095 6096 6097
f 6096 6098 6095
f 6096 6095 6098
f 6099 6101 6100
f 6099 6100 6101
f 6100 6102 6099
f 6100 6099 6102
f 6103 6105 6104
f 6103 6104 6105
f 6104 6106 6103
f 6104 6103 6106
f 6107 6109 6108
f 6107 6108 6109
f 6108 6110 6107
f 6108 6107 6110
f 6111 6113 6112
f 6111 6112 6113
f 6112 6114 6111
f 6112 6111 6114
f 6115 6117 6116
f 6115 6116 6117
f 6116 6118 6115
f 6116 6115 6118
f 6119 6121 6120
f 6119 6120 6121
f 6120 6122 6119
f 6120 6119 6122
f 6123 6125 6124
f 6123 6124 6125
f 6124 6126 6123
f 6124 6123 6126
f 6127 6129 6128
f 6127 6128 6129
f 6128 6130 6127
f 6128 6127 6130
f 6131 6133 6132
f 6131 6132 6133
f 6132 6134 6131
f 6132 6131 6134
f 6135 6137 6136
f 6135 6136 6137
f 6136 6138 6135
f 6136 6135 6138
f 6139 6141 6140
f 6139 6140 6141
f 6140 6142 6139
f 6140 6139 6142
f 6180 6182 6181
f 6180 6181 6182
f 6181 6183 6180
f 6181 6180 6183
f 6184 6186 6185
f 6184 6185 6186
f 6185 6187 6184
f 6185 6184 6187
f 6188 6190 6189
f 6188 6189 6190
f 6189 6191 6188
f 6189 6188 6191
f 6192 6194 6193
f 6192 6193 6194
f 6193 6195 6192
f 6193 6192 6195
f 6196 6198 6197
f 6196 6197 6198
f 6197 6199 6196
f 6197 6196 6199
f 6200 6202 6201
f 6200 6201 6202
f 6201 6203 6200
f 6201 6200 6203
f 6204 6206 6205
f 6204 6205 6206
f 6205 6207 6204
f 6205 6204 6207
f 6208 6210 6209
f 6208 6209 6210
f 6209 6211 6208
f 6209 6208 6211
f 6212 6214 6213
f 6212 6213 6214
f 6213 6215 6212
f 6213 6212 6215
f 6228 6230 6229
f 6228 6229 6230
f 6229 6231 6228
f 6229 6228 6231
f 6232 6234 6233
f 6232 6233 6234
f 6233 6235 6232
f 6233 6232 6235
f 6236 6238 6237
f 6236 6237 6238
f 6237 6239 6236
f 6237 6236 6239
f 6240 6242 6241
f 6240 6241 6242
f 6241 6243 6240
f 6241 6240 6243
f 6244 6246 6245
f 6244 6245 6246
f 6245 6247 6244
f 6245 6244 6247
f 6248 6250 6249
f 6248 6249 6250
f 6249 6251 6248
f 6249 6248 6251
f 6252 6254 6253
f 6252 6253 6254
f 6253 6255 6252
f 6253 6252 6255
f 6256 6258 6257
f 6256 6257 6258
f 6257 6259 6256
f 6257 6256 6259
f 6260 6262 6261
f 6260 6261 6262
f 6261 6263 6260
f 6261 6260 6263
f 6264 6266 6265
f 6264 6265 6266
f 6265 6267 6264
f 6265 6264 6267
f 6268 6270 6269
f 6268 6269 6270
f 6269 6271 6268
f 6269 6268 6271
f 6272 6274 6273
f 6272 6273 6274
f 6273 6275 6272
f 6273 6272 6275
f 6301 6303 6302
f 6301 6302 6303
f 6302 6304 6301
f 6302 6301 6304
f 6305 6307 6306
f 6305 6306 6307
f 6306 6308 6305
f 6306 6305 6308
f 6309 6311 6310
f 6309 6310 6311
f 6310 6312 6309
f 6310 6309 6312
f 6313 6315 6314
f 6313 6314 6315
f 6314 6316 6313
f 6314 6313 6316
f 6317 6319 6318
f 6317 6318 6319
f 6318 6320 6317
f 6318 6317 6320
f 6321 6323 6322
f 6321 6322 6323
f 6322 6324 6321
f 6322 6321 6324
f 6325 6327 6326
f 6325 6326 6327
f 6326 6328 6325
f 6326 6325 6328
f 6329 6331 6330
f 6329 6330 6331
f 6330 6332 6329
f 6330 6329 6332
f 6333 6335 6334
f 6333 6334 6335
f 6334 6336 6333
f 6334 6333 6336
f 6337 6339 6338
f 6337 6338 6339
f 6338 6340 6337
f 6338 6337 6340
f 6341 6343 6342
f 6341 6342 6343
f 6342 6344 6341
f 6342 6341 6344
f 6345 6347 6346
f 6345 6346 6347
f 6346 6348 6345
f 6346 6345 6348
f 6361 6363 6362
f 6361 6362 6363
f 6362 6364 6361
f 6362 6361 6364
f 6365 6367 6366
f 6365 6366 6367
f 6366 6368 6365
f 6366 6365 6368
f 6369 6371 6370
f 6369 6370 6371
f 6370 6372 6369
f 6370 6369 6372
f 6373 6375 6374
f 6373 6374 6375
f 6374 6376 6373
f 6374 6373 6376
f 6377 6379 6378
f 6377 6378 6379
f 6378 6380 6377
f 6378 6377 6380
f 6381 6383 6382
f 6381 6382 6383
f 6382 6384 6381
f 6382 6381 6384
f 6409 6411 6410
f 6409 6410 6411
f 6410 6412 6409
f 6410 6409 6412
f 6413 6415 6414
f 6413 6414 6415
f 6414 6416 6413
f 6414 6413 6416
f 6417 6419 6418
f 6417 6418 6419
f 6418 6420 6417
f 6418 6417 6420
f 6421 6423 6422
f 6421 6422 6423
f 6422 6424 6421
f 6422 6421 6424
f 6425 6427 6426
f 6425 6426 6427
f 6426 6428 6425
f 6426 6425 6428
f 6429 6431 6430
f 6429 6430 6431
f 6430 6432 6429
f 6430 6429 6432
f 6433 6435 6434
f 6433 6434 6435
f 6434 6436 6433
f 6434 6433 6436
f 6437 6439 6438
f 6437 6438 6439
f 6438 6440 6437
f 6438 6437 6440
f 6441 6443 6442
f 6441 6442 6443
f 6442 6444 6441
f 6442 6441 6444
f 6445 6447 6446
f 6445 6446 6447
f 6446 6448 6445
f 6446 6445 6448
f 6449 6451 6450
f 6449 6450 6451
f 6450 6452 6449
f 6450 6449 6452
f 6453 6455 6454
f 6453 6454 6455
f 6454 6456 6453
f 6454 6453 6456
f 6470 6472 6471
f 6470 6471 6472
f 6471 6473 6470
f 6471 6470 6473
f 6474 6476 6475
f 6474 6475 6476
f 6475 6477 6474
f 6475 6474 6477
f 6478 6480 6479
f 6478 6479 6480
f 6479 6481 6478
f 6479 6478 6481
f 6482 6484 6483
f 6482 6483 6484
f 6483 6485 6482
f 6483 6482 6485
f 6486 6488 6487
f 6486 6487 6488
f 6487 6489 6486
f 6487 6486 6489
f 6490 6492 6491
f 6490 6491 6492
f 6491 6493 6490
f 6491 6490 6493
f 6494 6496 6495
f 6494 6495 6496
f 6495 6497 6494
f 6495 6494 6497
f 6498 6500 6499
f 6498 6499 6500
f 6499 6501 6498
f 6499 6498 6501
f 6502 6504 6503
f 6502 6503 6504
f 6503 6505 6502
f 6503 6502 6505
f 6518 6520 6519
f 6518 6519 6520
f 6519 6521 6518
f 6519 6518 6521
f 6522 6524 6523
f 6522 6523 6524
f 6523 6525 6522
f 6523 6522 6525
f 6526 6528 6527
f 6526 6527 6528
f 6527 6529 6526
f 6527 6526 6529
f 6530 6532 6531
f 6530 6531 6532
f 6531 6533 6530
f 6531 6530 6533
f 6534 6536 6535
f 6534 6535 6536
f 6535 6537 6534
f 6535 6534 6537
f 6538 6540 6539
f 6538 6539 6540
f 6539 6541 6538
f 6539 6538 6541
f 6542 6544 6543
f 6542 6543 6544
f 6543 6545 6542
f 6543 6542 6545
f 6546 6548 6547
f 6546 6547 6548
f 6547 6549 6546
f 6547 6546 6549
f 6550 6552 6551
f 6550 6551 6552
f 6551 6553 6550
f 6551 6550 6553
f 6554 6556 6555
f 6554 6555 6556
f 6555 6557 6554
f 6555 6554 6557
f 6558 6560 6559
f 6558 6559 6560
f 6559 6561 6558
f 6559 6558 6561
f 6562 6564 6563
f 6562 6563 6564
f 6563 6565 6562
f 6563 6562 6565
f 6578 6580 6579
f 6578 6579 6580
f 6579 6581 6578
f 6579 6578 6581
f 6582 6584 6583
f 6582 6583 6584
f 6583 6585 6582
f 6583 6582 6585
f 6586 6588 6587
f 6586 6587 6588
f 6587 6589 6586
f 6587 6586 6589
f 6590 6592 6591
f 6590 6591 6592
f 6591 6593 6590
f 6591 6590 6593
f 6594 6596 6595
f 6594 6595 6596
f 6595 6597 6594
f 6595 6594 6597
f 6598 6600 6599
f 6598 6599 6600
f 6599 6601 6598
f 6599 6598 6601
f 6602 6604 6603
f 6602 6603 6604
f 6603 6605 6602
f 6603 6602 6605
f 6606 6608 6607
f 6606 6607 6608
f 6607 6609 6606
f 6607 6606 6609
f 6610 6612 6611
f 6610 6611 6612
f 6611 6613 6610
f 6611 6610 6613
f 6614 6616 6615
f 6614 6615 6616
f 6615 6617 6614
f 6615 6614 6617
f 6618 6620 6619
f 6618 6619 6620
f 6619 6621 6618
f 6619 6618 6621
f 6622 6624 6623
f 6622 6623 6624
f 6623 6625 6622
f 6623 6622 6625
f 6651 6653 6652
f 6651 6652 6653
f 6652 6654 6651
f 6652 6651 6654
f 6655 6657 6656
f 6655 6656 6657
f 6656 6658 6655
f 6656 6655 6658
f 6659 6661 6660
f 6659 6660 6661
f 6660 6662 6659
f 6660 6659 6662
f 6663 6665 6664
f 6663 6664 6665
f 6664 6666 6663
f 6664 6663 6666
f 6667 6669 6668
f 6667 6668 6669
f 6668 6670 6667
f 6668 6667 6670
f 6671 6673 6672
f 6671 6672 6673
f 6672 6674 6671
f 6672 6671 6674
f 6675 6677 6676
f 6675 6676 6677
f 6676 6678 6675
f 6676 6675 6678
f 6679 6681 6680
f 6679 6680 6681
f 6680 6682 6679
f 6680 6679 6682
f 6683 6685 6684
f 6683 6684 6685
f 6684 6686 6683
f 6684 6683 6686
f 6687 6689 6688
f 6687 6688 6689
f 6688 6690 6687
f 6688 6687 6690
f 6691 6693 6692
f 6691 6692 6693
f 6692 6694 6691
f 6692 6691 6694
f 6695 6697 6696
f 6695 6696 6697
f 6696 6698 6695
f 6696 6695 6698
f 6711 6713 6712
f 6711 6712 6713
f 6712 6714 6711
f 6712 6711 6714
f 6715 6717 6716
f 6715 6716 6717
f 6716 6718 6715
f 6716 6715 6718
f 6719 6721 6720
f 6719 6720 6721
f 6720 6722 6719
f 6720 6719 6722
f 6723 6725 6724
f 6723 6724 6725
f 6724 6726 6723
f 6724 6723 6726
f 6727 6729 6728
f 6727 6728 6729
f 6728 6730 6727
f 6728 6727 6730
f 6731 6733 6732
f 6731 6732 6733
f 6732 6734 6731
f 6732 6731 6734
f 6735 6737 6736
f 6735 6736 6737
f 6736 6738 6735
f 6736 6735 6738
f 6739 6741 6740
f 6739 6740 6741
f 6740 6742 6739
f 6740 6739 6742
f 6743 6745 6744
f 6743 6744 6745
f 6744 6746 6743
f 6744 6743 6746
f 6747 6749 6748
f 6747 6748 6749
f 6748 6750 6747
f 6748 6747 6750
f 6751 6753 6752
f 6751 6752 6753
f 6752 6754 6751
f 6752 6751 6754
f 6755 6757 6756
f 6755 6756 6757
f 6756 6758 6755
f 6756 6755 6758
f 6771 6773 6772
f 6771 6772 6773
f 6772 6774 6771
f 6772 6771 6774
f 6775 6777 6776
f 6775 6776 6777
f 6776 6778 6775
f 6776 6775 6778
f 6779 6781 6780
f 6779 6780 6781
f 6780 6782 6779
f 6780 6779 6782
f 6783 6785 6784
f 6783 6784 6785
f 6784 6786 6783
f 6784 6783 6786
f 6787 6789 6788
f 6787 6788 6789
f 6788 6790 6787
f 6788 6787 6790
f 6791 6793 6792
f 6791 6792 6793
f 6792 6794 6791
f 6792 6791 6794
f 6795 6797 6796
f 6795 6796 6797
f 6796 6798 6795
f 6796 6795 6798
f 6799 6801 6800
f 6799 6800 6801
f 6800 6802 6799
f 6800 6799 6802
f 6803 6805 6804
f 6803 6804 6805
f 6804 6806 6803
f 6804 6803 6806
f 6807 6809 6808
f 6807 6808 6809
f 6808 6810 6807
f 6808 6807 6810
f 6811 6813 6812
f 6811 6812 6813
f 6812 6814 6811
f 6812 6811 6814
f 6815 6817 6816
f 6815 6816 6817
f 6816 6818 6815
f 6816 6815 6818
f 6868 6870 6869
f 6868 6869 6870
f 6869 6871 6868
f 6869 6868 6871
f 6872 6874 6873
f 6872 6873 6874
f 6873 6875 6872
f 6873 6872 6875
f 6876 6878 6877
f 6876 6877 6878
f 6877 6879 6876
f 6877 6876 6879
f 6880 6882 6881
f 6880 6881 6882
f 6881 6883 6880
f 6881 6880 6883
f 6884 6886 6885
f 6884 6885 6886
f 6885 6887 6884
f 6885 6884 6887
f 6888 6890 6889
f 6888 6889 6890
f 6889 6891 6888
f 6889 6888 6891
f 6892 6894 6893
f 6892 6893 6894
f 6893 6895 6892
f 6893 6892 6895
f 6896 6898 6897
f 6896 6897 6898
f 6897 6899 6896
f 6897 6896 6899
f 6900 6902 6901
f 6900 6901 6902
f 6901 6903 6900
f 6901 6900 6903
f 6916 6918 6917
f 6916 6917 6918
f 6917 6919 6916
f 6917 6916 6919
f 6920 6922 6921
f 6920 6921 6922
f 6921 6923 6920
f 6921 6920 6923
f 6924 6926 6925
f 6924 6925 6926
f 6925 6927 6924
f 6925 6924 6927
f 6928 6930 6929
f 6928 6929 6930
f 6929 6931 6928
f 6929 6928 6931
f 6932 6934 6933
f 6932 6933 6934
f 6933 6935 6932
f 6933 6932 6935
f 6936 6938 6937
f 6936 6937 6938
f 6937 6939 6936
f 6937 6936 6939
f 6940 6942 6941
f 6940 6941 6942
f 6941 6943 6940
f 6941 6940 6943
f 6944 6946 6945
f 6944 6945 6946
f 6945 6947 6944
f 6945 6944 6947
f 6948 6950 6949
f 6948 6949 6950
f 6949 6951 6948
f 6949 6948 6951
f 6952 6954 6953
f 6952 6953 6954
f 6953 6955 6952
f 6953 6952 6955
f 6956 6958 6957
f 6956 6957 6958
f 6957 6959 6956
f 6957 6956 6959
f 6960 6962 6961
f 6960 6961 6962
f 6961 6963 6960
f 6961 6960 6963
f 6976 6978 6977
f 6976 6977 6978
f 6977 6979 6976
f 6977 6976 6979
f 6980 6982 6981
f 6980 6981 6982
f 6981 6983 6980
f 6981 6980 6983
f 6984 6986 6985
f 6984 6985 6986
f 6985 6987 6984
f 6985 6984 6987
f 6988 6990 6989
f 6988 6989 6990
f 6989 6991 6988
f 6989 6988 6991
f 6992 6994 6993
f 6992 6993 6994
f 6993 6995 6992
f 6993 6992 6995
f 6996 6998 6997
f 6996 6997 6998
f 6997 6999 6996
f 6997 6996 6999
f 7000 7002 7001
f 7000 7001 7002
f 7001 7003 7000
f 7001 7000 7003
f 7004 7006 7005
f 7004 7005 7006
f 7005 7007 7004
f 7005 7004 7007
f 7008 7010 7009
f 7008 7009 7010
f 7009 7011 7008
f 7009 7008 7011
f 7012 7014 7013
f 7012 7013 7014
f 7013 7015 7012
f 7013 7012 7015
f 7016 7018 7017
f 7016 7017 7018
f 7017 7019 7016
f 7017 7016 7019
f 7020 7022 7021
f 7020 7021 7022
f 7021 7023 7020
f 7021 7020 7023
f 7036 7038 7037
f 7036 7037 7038
f 7037 7039 7036
f 7037 7036 7039
f 7040 7042 7041
f 7040 7041 7042
f 7041 7043 7040
f 7041 7040 7043
f 7044 7046 7045
f 7044 7045 7046
f 7045 7047 7044
f 7045 7044 7047
f 7048 7050 7049
f 7048 7049 7050
f 7049 7051 7048
f 7049 7048 7051
f 7052 7054 7053
f 7052 7053 7054
f 7053 7055 7052
f 7053 7052 7055
f 7056 7058 7057
f 7056 7057 7058
f 7057 7059 7056
f 7057 7056 7059
f 7060 7062 7061
f 7060 7061 7062
f 7061 7063 7060
f 7061 7060 7063
f 7064 7066 7065
f 7064 7065 7066
f 7065 7067 7064
f 7065 7064 7067
f 7068 7070 7069
f 7068 7069 7070
f 7069 7071 7068
f 7069 7068 7071
f 7072 7074 7073
f 7072 7073 7074
f 7073 7075 7072
f 7073 7072 7075
f 7076 7078 7077
f 7076 7077 7078
f 7077 7079 7076
f 7077 7076 7079
f 7080 7082 7081
f 7080 7081 7082
f 7081 7083 7080
f 7081 7080 7083
f 7108 7110 7109
f 7108 7109 7110
f 7109 7111 7108
f 7109 7108 7111
f 7112 7114 7113
f 7112 7113 7114
f 7113 7115 7112
f 7113 7112 7115
f 7116 7118 7117
f 7116 7117 7118
f 7117 7119 7116
f 7117 7116 7119
f 7120 7122 7121
f 7120 7121 7122
f 7121 7123 7120
f 7121 7120 7123
f 7124 7126 7125
f 7124 7125 7126
f 7125 7127 7124
f 7125 7124 7127
f 7128 7130 7129
f 7128 7129 7130
f 7129 7131 7128
f 7129 7128 7131
f 7132 7134 7133
f 7132 7133 7134
f 7133 7135 7132
f 7133 7132 7135
f 7136 7138 7137
f 7136 7137 7138
f 7137 7139 7136
f 7137 7136 7139
f 7140 7142 7141
f 7140 7141 7142
f 7141 7143 7140
f 7141 7140 7143
f 7144 7146 7145
f 7144 7145 7146
f 7145 7147 7144
f 7145 7144 7147
f 7148 7150 7149
f 7148 7149 7150
f 7149 7151 7148
f 7149 7148 7151
f 7152 7154 7153
f 7152 7153 7154
f 7153 7155 7152
f 7153 7152 7155
f 7168 7170 7169
f 7168 7169 7170
f 7169 7171 7168
f 7169 7168 7171
f 7172 7174 7173
f 7172 7173 7174
f 7173 7175 7172
f 7173 7172 7175
f 7176 7178 7177
f 7176 7177 7178
f 7177 7179 7176
f 7177 7176 7179
f 7180 7182 7181
f 7180 7181 7182
f 7181 7183 7180
f 7181 7180 7183
f 7184 7186 7185
f 7184 7185 7186
f 7185 7187 7184
f 7185 7184 7187
f 7188 7190 7189
f 7188 7189 7190
f 7189 7191 7188
f 7189 7188 7191
f 7205 7207 7206
f 7205 7206 7207
f 7206 7208 7205
f 7206 7205 7208
f 7209 7211 7210
f 7209 7210 7211
f 7210 7212 7209
f 7210 7209 7212
f 7213 7215 7214
f 7213 7214 7215
f 7214 7216 7213
f 7214 7213 7216
f 7217 7219 7218
f 7217 7218 7219
f 7218 7220 7217
f 7218 7217 7220
f 7221 7223 7222
f 7221 7222 7223
f 7222 7224 7221
f 7222 7221 7224
f 7225 7227 7226
f 7225 7226 7227
f 7226 7228 7225
f 7226 7225 7228
f 7229 7231 7230
f 7229 7230 7231
f 7230 7232 7229
f 7230 7229 7232
f 7233 7235 7234
f 7233 7234 7235
f 7234 7236 7233
f 7234 7233 7236
f 7237 7239 7238
f 7237 7238 7239
f 7238 7240 7237
f 7238 7237 7240
f 7253 7255 7254
f 7253 7254 7255
f 7254 7256 7253
f 7254 7253 7256
f 7257 7259 7258
f 7257 7258 7259
f 7258 7260 7257
f 7258 7257 7260
f 7261 7263 7262
f 7261 7262 7263
f 7262 7264 7261
f 7262 7261 7264
f 7265 7267 7266
f 7265 7266 7267
f 7266 7268 7265
f 7266 7265 7268
f 7269 7271 7270
f 7269 7270 7271
f 7270 7272 7269
f 7270 7269 7272
f 7273 7275 7274
f 7273 7274 7275
f 7274 7276 7273
f 7274 7273 7276
f 7277 7279 7278
f 7277 7278 7279
f 7278 7280 7277
f 7278 7277 7280
f 7281 7283 7282
f 7281 7282 7283
f 7282 7284 7281
f 7282 7281 7284
f 7285 7287 7286
f 7285 7286 7287
f 7286 7288 7285
f 7286 7285 7288
f 7289 7291 7290
f 7289 7290 7291
f 7290 7292 7289
f 7290 7289 7292
f 7293 7295 7294
f 7293 7294 7295
f 7294 7296 7293
f 7294 7293 7296
f 7297 7299 7298
f 7297 7298 7299
f 7298 7300 7297
f 7298 7297 7300
f 7325 7327 7326
f 7325 7326 7327
f 7326 7328 7325
f 7326 7325 7328
f 7329 7331 7330
f 7329 7330 7331
f 7330 7332 7329
f 7330 7329 7332
f 7333 7335 7334
f 7333 7334 7335
f 7334 7336 7333
f 7334 7333 7336
f 7337 7339 7338
f 7337 7338 7339
f 7338 7340 7337
f 7338 7337 7340
f 7341 7343 7342
f 7341 7342 7343
f 7342 7344 7341
f 7342 7341 7344
f 7345 7347 7346
f 7345 7346 7347
f 7346 7348 7345
f 7346 7345 7348
f 7361 7363 7362
f 7361 7362 7363
f 7362 7364 7361
f 7362 7361 7364
f 7365 7367 7366
f 7365 7366 7367
f 7366 7368 7365
f 7366 7365 7368
f 7369 7371 7370
f 7369 7370 7371
f 7370 7372 7369
f 7370 7369 7372
f 7373 7375 7374
f 7373 7374 7375
f 7374 7376 7373
f 7374 7373 7376
f 7377 7379 7378
f 7377 7378 7379
f 7378 7380 7377
f 7378 7377 7380
f 7381 7383 7382
f 7381 7382 7383
f 7382 7384 7381
f 7382 7381 7384
f 7397 7399 7398
f 7397 7398 7399
f 7398 7400 7397
f 7398 7397 7400
f 7401 7403 7402
f 7401 7402 7403
f 7402 7404 7401
f 7402 7401 7404
f 7405 7407 7406
f 7405 7406 7407
f 7406 7408 7405
f 7406 7405 7408
f 7409 7411 7410
f 7409 7410 7411
f 7410 7412 7409
f 7410 7409 7412
f 7413 7415 7414
f 7413 7414 7415
f 7414 7416 7413
f 7414 7413 7416
f 7417 7419 7418
f 7417 7418 7419
f 7418 7420 7417
f 7418 7417 7420
f 7421 7423 7422
f 7421 7422 7423
f 7422 7424 7421
f 7422 7421 7424
f 7425 7427 7426
f 7425 7426 7427
f 7426 7428 7425
f 7426 7425 7428
f 7429 7431 7430
f 7429 7430 7431
f 7430 7432 7429
f 7430 7429 7432
f 7433 7435 7434
f 7433 7434 7435
f 7434 7436 7433
f 7434 7433 7436
f 7437 7439 7438
f 7437 7438 7439
f 7438 7440 7437
f 7438 7437 7440
f 7441 7443 7442
f 7441 7442 7443
f 7442 7444 7441
f 7442 7441 7444
f 7457 7459 7458
f 7457 7458 7459
f 7458 7460 7457
f 7458 7457 7460
f 7461 7463 7462
f 7461 7462 7463
f 7462 7464 7461
f 7462 7461 7464
f 7465 7467 7466
f 7465 7466 7467
f 7466 7468 7465
f 7466 7465 7468
f 7469 7471 7470
f 7469 7470 7471
f 7470 7472 7469
f 7470 7469 7472
f 7473 7475 7474
f 7473 7474 7475
f 7474 7476 7473
f 7474 7473 7476
f 7477 7479 7478
f 7477 7478 7479
f 7478 7480 7477
f 7478 7477 7480
f 7481 7483 7482
f 7481 7482 7483
f 7482 7484 7481
f 7482 7481 7484
f 7485 7487 7486
f 7485 7486 7487
f 7486 7488 7485
f 7486 7485 7488
f 7489 7491 7490
f 7489 7490 7491
f 7490 7492 7489
f 7490 7489 7492
f 7493 7495 7494
f 7493 7494 7495
f 7494 7496 7493
f 7494 7493 7496
f 7497 7499 7498
f 7497 7498 7499
f 7498 7500 7497
f 7498 7497 7500
f 7501 7503 7502
f 7501 7502 7503
f 7502 7504 7501
f 7502 7501 7504
f 7530 7532 7531
f 7530 7531 7532
f 7531 7533 7530
f 7531 7530 7533
f 7534 7536 7535
f 7534 7535 7536
f 7535 7537 7534
f 7535 7534 7537
f 7538 7540 7539
f 7538 7539 7540
f 7539 7541 7538
f 7539 7538 7541
f 7542 7544 7543
f 7542 7543 7544
f 7543 7545 7542
f 7543 7542 7545
f 7546 7548 7547
f 7546 7547 7548
f 7547 7549 7546
f 7547 7546 7549
f 7550 7552 7551
f 7550 7551 7552
f 7551 7553 7550
f 7551 7550 7553
f 7554 7556 7555
f 7554 7555 7556
f 7555 7557 7554
f 7555 7554 7557
f 7558 7560 7559
f 7558 7559 7560
f 7559 7561 7558
f 7559 7558 7561
f 7562 7564 7563
f 7562 7563 7564
f 7563 7565 7562
f 7563 7562 7565
f 7579 7581 7580
f 7579 7580 7581
f 7580 7582 7579
f 7580 7579 7582
f 7583 7585 7584
f 7583 7584 7585
f 7584 7586 7583
f 7584 7583 7586
f 7587 7589 7588
f 7587 7588 7589
f 7588 7590 7587
f 7588 7587 7590
f 7591 7593 7592
f 7591 7592 7593
f 7592 7594 7591
f 7592 7591 7594
f 7595 7597 7596
f 7595 7596 7597
f 7596 7598 7595
f 7596 7595 7598
f 7599 7601 7600
f 7599 7600 7601
f 7600 7602 7599
f 7600 7599 7602
f 7603 7605 7604
f 7603 7604 7605
f 7604 7606 7603
f 7604 7603 7606
f 7607 7609 7608
f 7607 7608 7609
f 7608 7610 7607
f 7608 7607 7610
f 7611 7613 7612
f 7611 7612 7613
f 7612 7614 7611
f 7612 7611 7614
f 7651 7653 7652
f 7651 7652 7653
f 7652 7654 7651
f 7652 7651 7654
f 7655 7657 7656
f 7655 7656 7657
f 7656 7658 7655
f 7656 7655 7658
f 7659 7661 7660
f 7659 7660 7661
f 7660 7662 7659
f 7660 7659 7662
f 7663 7665 7664
f 7663 7664 7665
f 7664 7666 7663
f 7664 7663 7666
f 7667 7669 7668
f 7667 7668 7669
f 7668 7670 7667
f 7668 7667 7670
f 7671 7673 7672
f 7671 7672 7673
f 7672 7674 7671
f 7672 7671 7674
f 7675 7677 7676
f 7675 7676 7677
f 7676 7678 7675
f 7676 7675 7678
f 7679 7681 7680
f 7679 7680 7681
f 7680 7682 7679
f 7680 7679 7682
f 7683 7685 7684
f 7683 7684 7685
f 7684 7686 7683
f 7684 7683 7686
f 7699 7701 7700
f 7699 7700 7701
f 7700 7702 7699
f 7700 7699 7702
f 7703 7705 7704
f 7703 7704 7705
f 7704 7706 7703
f 7704 7703 7706
f 7707 7709 7708
f 7707 7708 7709
f 7708 7710 7707
f 7708 7707 7710
f 7711 7713 7712
f 7711 7712 7713
f 7712 7714 7711
f 7712 7711 7714
f 7715 7717 7716
f 7715 7716 7717
f 7716 7718 7715
f 7716 7715 7718
f 7719 7721 7720
f 7719 7720 7721
f 7720 7722 7719
f 7720 7719 7722
f 7723 7725 7724
f 7723 7724 7725
f 7724 7726 7723
f 7724 7723 7726
f 7727 7729 7728
f 7727 7728 7729
f 7728 7730 7727
f 7728 7727 7730
f 7731 7733 7732
f 7731 7732 7733
f 7732 7734 7731
f 7732 7731 7734
f 7748 7750 7749
f 7748 7749 7750
f 7749 7751 7748
f 7749 7748 7751
f 7752 7754 7753
f 7752 7753 7754
f 7753 7755 7752
f 7753 7752 7755
f 7756 7758 7757
f 7756 7757 7758
f 7757 7759 7756
f 7757 7756 7759
f 7760 7762 7761
f 7760 7761 7762
f 7761 7763 7760
f 7761 7760 7763
f 7764 7766 7765
f 7764 7765 7766
f 7765 7767 7764
f 7765 7764 7767
f 7768 7770 7769
f 7768 7769 7770
f 7769 7771 7768
f 7769 7768 7771
f 7772 7774 7773
f 7772 7773 7774
f 7773 7775 7772
f 7773 7772 7775
f 7776 7778 7777
f 7776 7777 7778
f 7777 7779 7776
f 7777 7776 7779
f 7780 7782 7781
f 7780 7781 7782
f 7781 7783 7780
f 7781 7780 7783
f 7809 7811 7810
f 7809 7810 7811
f 7810 7812 7809
f 7810 7809 7812
f 7813 7815 7814
f 7813 7814 7815
f 7814 7816 7813
f 7814 7813 7816
f 7817 7819 7818
f 7817 7818 7819
f 7818 7820 7817
f 7818 7817 7820
f 7821 7823 7822
f 7821 7822 7823
f 7822 7824 7821
f 7822 7821 7824
f 7825 7827 7826
f 7825 7826 7827
f 7826 7828 7825
f 7826 7825 7828
f 7829 7831 7830
f 7829 7830 7831
f 7830 7832 7829
f 7830 7829 7832
f 7833 7835 7834
f 7833 7834 7835
f 7834 7836 7833
f 7834 7833 7836
f 7837 7839 7838
f 7837 7838 7839
f 7838 7840 7837
f 7838 7837 7840
f 7841 7843 7842
f 7841 7842 7843
f 7842 7844 7841
f 7842 7841 7844
f 7857 7859 7858
f 7857 7858 7859
f 7858 7860 7857
f 7858 7857 7860
f 7861 7863 7862
f 7861 7862 7863
f 7862 7864 7861
f 7862 7861 7864
f 7865 7867 7866
f 7865 7866 7867
f 7866 7868 7865
f 7866 7865 7868
f 7869 7871 7870
f 7869 7870 7871
f 7870 7872 7869
f 7870 7869 7872
f 7873 7875 7874
f 7873 7874 7875
f 7874 7876 7873
f 7874 7873 7876
f 7877 7879 7878
f 7877 7878 7879
f 7878 7880 7877
f 7878 7877 7880
f 7881 7883 7882
f 7881 7882 7883
f 7882 7884 7881
f 7882 7881 7884
f 7885 7887 7886
f 7885 7886 7887
f 7886 7888 7885
f 7886 7885 7888
f 7889 7891 7890
f 7889 7890 7891
f 7890 7892 7889
f 7890 7889 7892
f 7893 7895 7894
f 7893 7894 7895
f 7894 7896 7893
f 7894 7893 7896
f 7897 7899 7898
f 7897 7898 7899
f 7898 7900 7897
f 7898 7897 7900
f 7901 7903 7902
f 7901 7902 7903
f 7902 7904 7901
f 7902 7901 7904
f 7917 7919 7918
f 7917 7918 7919
f 7918 7920 7917
f 7918 7917 7920
f 7921 7923 7922
f 7921 7922 7923
f 7922 7924 7921
f 7922 7921 7924
f 7925 7927 7926
f 7925 7926 7927
f 7926 7928 7925
f 7926 7925 7928
f 7929 7931 7930
f 7929 7930 7931
f 7930 7932 7929
f 7930 7929 7932
f 7933 7935 7934
f 7933 7934 7935
f 7934 7936 7933
f 7934 7933 7936
f 7937 7939 7938
f 7937 7938 7939
f 7938 7940 7937
f 7938 7937 7940
f 7941 7943 7942
f 7941 7942 7943
f 7942 7944 7941
f 7942 7941 7944
f 7945 7947 7946
f 7945 7946 7947
f 7946 7948 7945
f 7946 7945 7948
f 7949 7951 7950
f 7949 7950 7951
f 7950 7952 7949
f 7950 7949 7952
f 7953 7955 7954
f 7953 7954 7955
f 7954 7956 7953
f 7954 7953 7956
f 7957 7959 7958
f 7957 7958 7959
f 7958 7960 7957
f 7958 7957 7960
f 7961 7963 7962
f 7961 7962 7963
f 7962 7964 7961
f 7962 7961 7964
f 7977 7979 7978
f 7977 7978 7979
f 7978 7980 7977
f 7978 7977 7980
f 7981 7983 7982
f 7981 7982 7983
f 7982 7984 7981
f 7982 7981 7984
f 7985 7987 7986
f 7985 7986 7987
f 7986 7988 7985
f 7986 7985 7988
f 7989 7991 7990
f 7989 7990 7991
f 7990 7992 7989
f 7990 7989 7992
f 7993 7995 7994
f 7993 7994 7995
f 7994 7996 7993
f 7994 7993 7996
f 7997 7999 7998
f 7997 7998 7999
f 7998 8000 7997
f 7998 7997 8000
f 8001 8003 8002
f 8001 8002 8003
f 8002 8004 8001
f 8002 8001 8004
f 8005 8007 8006
f 8005 8006 8007
f 8006 8008 8005
f 8006 8005 8008
f 8009 8011 8010
f 8009 8010 8011
f 8010 8012 8009
f 8010 8009 8012
f 8013 8015 8014
f 8013 8014 8015
f 8014 8016 8013
f 8014 8013 8016
f 8017 8019 8018
f 8017 8018 8019
f 8018 8020 8017
f 8018 8017 8020
f 8021 8023 8022
f 8021 8022 8023
f 8022 8024 8021
f 8022 8021 8024
f 8062 8064 8063
f 8062 8063 8064
f 8063 8065 8062
f 8063 8062 8065
f 8066 8068 8067
f 8066 8067 8068
f 8067 8069 8066
f 8067 8066 8069
f 8070 8072 8071
f 8070 8071 8072
f 8071 8073 8070
f 8071 8070 8073
f 8074 8076 8075
f 8074 8075 8076
f 8075 8077 8074
f 8075 8074 8077
f 8078 8080 8079
f 8078 8079 8080
f 8079 8081 8078
f 8079 8078 8081
f 8082 8084 8083
f 8082 8083 8084
f 8083 8085 8082
f 8083 8082 8085
f 8086 8088 8087
f 8086 8087 8088
f 8087 8089 8086
f 8087 8086 8089
f 8090 8092 8091
f 8090 8091 8092
f 8091 8093 8090
f 8091 8090 8093
f 8094 8096 8095
f 8094 8095 8096
f 8095 8097 8094
f 8095 8094 8097
f 8098 8100 8099
f 8098 8099 8100
f 8099 8101 8098
f 8099 8098 8101
f 8102 8104 8103
f 8102 8103 8104
f 8103 8105 8102
f 8103 8102 8105
f 8106 8108 8107
f 8106 8107 8108
f 8107 8109 8106
f 8107 8106 8109
f 8122 8124 8123
f 8122 8123 8124
f 8123 8125 8122
f 8123 8122 8125
f 8126 8128 8127
f 8126 8127 8128
f 8127 8129 8126
f 8127 8126 8129
f 8130 8132 8131
f 8130 8131 8132
f 8131 8133 8130
f 8131 8130 8133
f 8134 8136 8135
f 8134 8135 8136
f 8135 8137 8134
f 8135 8134 8137
f 8138 8140 8139
f 8138 8139 8140
f 8139 8141 8138
f 8139 8138 8141
f 8142 8144 8143
f 8142 8143 8144
f 8143 8145 8142
f 8143 8142 8145
f 8146 8148 8147
f 8146 8147 8148
f 8147 8149 8146
f 8147 8146 8149
f 8150 8152 8151
f 8150 8151 8152
f 8151 8153 8150
f 8151 8150 8153
f 8154 8156 8155
f 8154 8155 8156
f 8155 8157 8154
f 8155 8154 8157
f 8158 8160 8159
f 8158 8159 8160
f 8159 8161 8158
f 8159 8158 8161
f 8162 8164 8163
f 8162 8163 8164
f 8163 8165 8162
f 8163 8162 8165
f 8166 8168 8167
f 8166 8167 8168
f 8167 8169 8166
f 8167 8166 8169
f 8182 8184 8183
f 8182 8183 8184
f 8183 8185 8182
f 8183 8182 8185
f 8186 8188 8187
f 8186 8187 8188
f 8187 8189 8186
f 8187 8186 8189
f 8190 8192 8191
f 8190 8191 8192
f 8191 8193 8190
f 8191 8190 8193
f 8194 8196 8195
f 8194 8195 8196
f 8195 8197 8194
f 8195 8194 8197
f 8198 8200 8199
f 8198 8199 8200
f 8199 8201 8198
f 8199 8198 8201
f 8202 8204 8203
f 8202 8203 8204
f 8203 8205 8202
f 8203 8202 8205
f 8206 8208 8207
f 8206 8207 8208
f 8207 8209 8206
f 8207 8206 8209
f 8210 8212 8211
f 8210 8211 8212
f 8211 8213 8210
f 8211 8210 8213
f 8214 8216 8215
f 8214 8215 8216
f 8215 8217 8214
f 8215 8214 8217
f 8218 8220 8219
f 8218 8219 8220
f 8219 8221 8218
f 8219 8218 8221
f 8222 8224 8223
f 8222 8223 8224
f 8223 8225 8222
f 8223 8222 8225
f 8226 8228 8227
f 8226 8227 8228
f 8227 8229 8226
f 8227 8226 8229
f 8242 8244 8243
f 8242 8243 8244
f 8243 8245 8242
f 8243 8242 8245
f 8246 8248 8247
f 8246 8247 8248
f 8247 8249 8246
f 8247 8246 8249
f 8250 8252 8251
f 8250 8251 8252
f 8251 8253 8250
f 8251 8250 8253
f 8254 8256 8255
f 8254 8255 8256
f 8255 8257 8254
f 8255 8254 8257
f 8258 8260 8259
f 8258 8259 8260
f 8259 8261 8258
f 8259 8258 8261
f 8262 8264 8263
f 8262 8263 8264
f 8263 8265 8262
f 8263 8262 8265
f 8266 8268 8267
f 8266 8267 8268
f 8267 8269 8266
f 8267 8266 8269
f 8270 8272 8271
f 8270 8271 8272
f 8271 8273 8270
f 8271 8270 8273
f 8274 8276 8275
f 8274 8275 8276
f 8275 8277 8274
f 8275 8274 8277
f 8278 8280 8279
f 8278 8279 8280
f 8279 8281 8278
f 8279 8278 8281
f 8282 8284 8283
f 8282 8283 8284
f 8283 8285 8282
f 8283 8282 8285
f 8286 8288 8287
f 8286 8287 8288
f 8287 8289 8286
f 8287 8286 8289
f 8315 8317 8316
f 8315 8316 8317
f 8316 8318 8315
f 8316 8315 8318
f 8319 8321 8320
f 8319 8320 8321
f 8320 8322 8319
f 8320 8319 8322
f 8323 8325 8324
f 8323 8324 8325
f 8324 8326 8323
f 8324 8323 8326
f 8327 8329 8328
f 8327 8328 8329
f 8328 8330 8327
f 8328 8327 8330
f 8331 8333 8332
f 8331 8332 8333
f 8332 8334 8331
f 8332 8331 8334
f 8335 8337 8336
f 8335 8336 8337
f 8336 8338 8335
f 8336 8335 8338
f 8339 8341 8340
f 8339 8340 8341
f 8340 8342 8339
f 8340 8339 8342
f 8343 8345 8344
f 8343 8344 8345
f 8344 8346 8343
f 8344 8343 8346
f 8347 8349 8348
f 8347 8348 8349
f 8348 8350 8347
f 8348 8347 8350
f 8363 8365 8364
f 8363 8364 8365
f 8364 8366 8363
f 8364 8363 8366
f 8367 8369 8368
f 8367 8368 8369
f 8368 8370 8367
f 8368 8367 8370
f 8371 8373 8372
f 8371 8372 8373
f 8372 8374 8371
f 8372 8371 8374
f 8375 8377 8376
f 8375 8376 8377
f 8376 8378 8375
f 8376 8375 8378
f 8379 8381 8380
f 8379 8380 8381
f 8380 8382 8379
f 8380 8379 8382
f 8383 8385 8384
f 8383 8384 8385
f 8384 8386 8383
f 8384 8383 8386
f 8387 8389 8388
f 8387 8388 8389
f 8388 8390 8387
f 8388 8387 8390
f 8391 8393 8392
f 8391 8392 8393
f 8392 8394 8391
f 8392 8391 8394
f 8395 8397 8396
f 8395 8396 8397
f 8396 8398 8395
f 8396 8395 8398
f 8411 8413 8412
f 8411 8412 8413
f 8412 8414 8411
f 8412 8411 8414
f 8415 8417 8416
f 8415 8416 8417
f 8416 8418 8415
f 8416 8415 8418
f 8419 8421 8420
f 8419 8420 8421
f 8420 8422 8419
f 8420 8419 8422
f 8423 8425 8424
f 8423 8424 8425
f 8424 8426 8423
f 8424 8423 8426
f 8427 8429 8428
f 8427 8428 8429
f 8428 8430 8427
f 8428 8427 8430
f 8431 8433 8432
f 8431 8432 8433
f 8432 8434 8431
f 8432 8431 8434
f 8435 8437 8436
f 8435 8436 8437
f 8436 8438 8435
f 8436 8435 8438
f 8439 8441 8440
f 8439 8440 8441
f 8440 8442 8439
f 8440 8439 8442
f 8443 8445 8444
f 8443 8444 8445
f 8444 8446 8443
f 8444 8443 8446
f 8447 8449 8448
f 8447 8448 8449
f 8448 8450 8447
f 8448 8447 8450
f 8451 8453 8452
f 8451 8452 8453
f 8452 8454 8451
f 8452 8451 8454
f 8455 8457 8456
f 8455 8456 8457
f 8456 8458 8455
f 8456 8455 8458
f 8483 8485 8484
f 8483 8484 8485
f 8484 8486 8483
f 8484 8483 8486
f 8487 8489 8488
f 8487 8488 8489
f 8488 8490 8487
f 8488 8487 8490
f 8491 8493 8492
f 8491 8492 8493
f 8492 8494 8491
f 8492 8491 8494
f 8495 8497 8496
f 8495 8496 8497
f 8496 8498 8495
f 8496 8495 8498
f 8499 8501 8500
f 8499 8500 8501
f 8500 8502 8499
f 8500 8499 8502
f 8503 8505 8504
f 8503 8504 8505
f 8504 8506 8503
f 8504 8503 8506
f 8507 8509 8508
f 8507 8508 8509
f 8508 8510 8507
f 8508 8507 8510
f 8511 8513 8512
f 8511 8512 8513
f 8512 8514 8511
f 8512 8511 8514
f 8515 8517 8516
f 8515 8516 8517
f 8516 8518 8515
f 8516 8515 8518
f 8519 8521 8520
f 8519 8520 8521
f 8520 8522 8519
f 8520 8519 8522
f 8523 8525 8524
f 8523 8524 8525
f 8524 8526 8523
f 8524 8523 8526
f 8527 8529 8528
f 8527 8528 8529
f 8528 8530 8527
f 8528 8527 8530
f 8543 8545 8544
f 8543 8544 8545
f 8544 8546 8543
f 8544 8543 8546
f 8547 8549 8548
f 8547 8548 8549
f 8548 8550 8547
f 8548 8547 8550
f 8551 8553 8552
f 8551 8552 8553
f 8552 8554 8551
f 8552 8551 8554
f 8555 8557 8556
f 8555 8556 8557
f 8556 8558 8555
f 8556 8555 8558
f 8559 8561 8560
f 8559 8560 8561
f 8560 8562 8559
f 8560 8559 8562
f 8563 8565 8564
f 8563 8564 8565
f 8564 8566 8563
f 8564 8563 8566
f 8567 8569 8568
f 8567 8568 8569
f 8568 8570 8567
f 8568 8567 8570
f 8571 8573 8572
f 8571 8572 8573
f 8572 8574 8571
f 8572 8571 8574
f 8575 8577 8576
f 8575 8576 8577
f 8576 8578 8575
f 8576 8575 8578
f 8579 8581 8580
f 8579 8580 8581
f 8580 8582 8579
f 8580 8579 8582
f 8583 8585 8584
f 8583 8584 8585
f 8584 8586 8583
f 8584 8583 8586
f 8587 8589 8588
f 8587 8588 8589
f 8588 8590 8587
f 8588 8587 8590
f 8603 8605 8604
f 8603 8604 8605
f 8604 8606 8603
f 8604 8603 8606
f 8607 8609 8608
f 8607 8608 8609
f 8608 8610 8607
f 8608 8607 8610
f 8611 8613 8612
f 8611 8612 8613
f 8612 8614 8611
f 8612 8611 8614
f 8615 8617 8616
f 8615 8616 8617
f 8616 8618 8615
f 8616 8615 8618
f 8619 8621 8620
f 8619 8620 8621
f 8620 8622 8619
f 8620 8619 8622
f 8623 8625 8624
f 8623 8624 8625
f 8624 8626 8623
f 8624 8623 8626
f 8627 8629 8628
f 8627 8628 8629
f 8628 8630 8627
f 8628 8627 8630
f 8631 8633 8632
f 8631 8632 8633
f 8632 8634 8631
f 8632 8631 8634
f 8635 8637 8636
f 8635 8636 8637
f 8636 8638 8635
f 8636 8635 8638
f 8639 8641 8640
f 8639 8640 8641
f 8640 8642 8639
f 8640 8639 8642
f 8643 8645 8644
f 8643 8644 8645
f 8644 8646 8643
f 8644 8643 8646
f 8647 8649 8648
f 8647 8648 8649
f 8648 8650 8647
f 8648 8647 8650
f 8663 8665 8664
f 8663 8664 8665
f 8664 8666 8663
f 8664 8663 8666
f 8667 8669 8668
f 8667 8668 8669
f 8668 8670 8667
f 8668 8667 8670
f 8671 8673 8672
f 8671 8672 8673
f 8672 8674 8671
f 8672 8671 8674
f 8675 8677 8676
f 8675 8676 8677
f 8676 8678 8675
f 8676 8675 8678
f 8679 8681 8680
f 8679 8680 8681
f 8680 8682 8679
f 8680 8679 8682
f 8683 8685 8684
f 8683 8684 8685
f 8684 8686 8683
f 8684 8683 8686
f 8687 8689 8688
f 8687 8688 8689
f 8688 8690 8687
f 8688 8687 8690
f 8691 8693 8692
f 8691 8692 8693
f 8692 8694 8691
f 8692 8691 8694
f 8695 8697 8696
f 8695 8696 8697
f 8696 8698 8695
f 8696 8695 8698
f 8699 8701 8700
f 8699 8700 8701
f 8700 8702 8699
f 8700 8699 8702
f 8703 8705 8704
f 8703 8704 8705
f 8704 8706 8703
f 8704 8703 8706
f 8707 8709 8708
f 8707 8708 8709
f 8708 8710 8707
f 8708 8707 8710
