mtllib windswept-bonsai_seed4.mtl
v 0.100000 0.000000 0.000000
v 0.065000 0.000000 1.100000
v 0.050000 0.086603 0.000000
v 0.032500 0.056292 1.100000
v -0.050000 0.086603 0.000000
v -0.032500 0.056292 1.100000
v -0.100000 0.000000 0.000000
v -0.065000 0.000000 1.100000
v -0.050000 -0.086603 0.000000
v -0.032500 -0.056292 1.100000
v 0.050000 -0.086603 0.000000
v 0.032500 -0.056292 1.100000
v 0.064377 -0.008975 1.100000
v 0.117676 0.538087 1.639722
v 0.037637 0.034591 1.059852
v 0.100294 0.566405 1.613625
v -0.026741 0.043567 1.059852
v 0.058449 0.572239 1.613625
v -0.064377 0.008975 1.100000
v 0.033985 0.549755 1.639722
v -0.037637 -0.034591 1.140148
v 0.051366 0.521437 1.665818
v 0.026741 -0.043567 1.140148
v 0.093212 0.515603 1.665818
v 0.117082 0.535272 1.642642
v 0.219053 1.031700 1.458520
v 0.096227 0.526914 1.606861
v 0.205497 1.026267 1.435262
v 0.054975 0.535563 1.603941
v 0.178683 1.031889 1.433364
v 0.034578 0.552570 1.636802
v 0.165425 1.042944 1.454723
v 0.055434 0.560928 1.672582
v 0.178981 1.048376 1.477981
v 0.096686 0.552279 1.675503
v 0.205795 1.042754 1.479879
v 0.192239 1.037322 1.456622
v 0.218887 1.030734 1.455813
v 0.205263 1.061841 1.079921
v 0.199822 1.011011 1.454521
v 0.192870 1.049021 1.079081
v 0.173173 1.017598 1.455329
v 0.175548 1.053303 1.079607
v 0.165590 1.043909 1.457431
v 0.170620 1.070405 1.080973
v 0.184656 1.063633 1.458723
v 0.183012 1.083225 1.081813
v 0.211304 1.057046 1.457914
v 0.200334 1.078943 1.081287
v 0.205702 1.064369 1.080110
v 0.173938 0.828185 0.966086
v 0.196427 1.058570 1.094216
v 0.167909 0.824416 0.975255
v 0.178666 1.060324 1.094554
v 0.156364 0.825556 0.975475
v 0.170180 1.067877 1.080784
v 0.150849 0.830465 0.966525
v 0.179455 1.073676 1.066678
v 0.156877 0.834235 0.957355
v 0.197216 1.071922 1.066341
v 0.168422 0.833095 0.957136
v 0.162393 0.829325 0.966305
v 0.162393 0.829325 0.966305
v 0.161230 0.803605 1.365476
v 0.050086 0.824983 1.126031
v 0.273770 0.813092 1.125916
v 0.162393 0.829325 0.966305
v 0.147555 0.675706 1.335332
v 0.059469 0.717659 1.089111
v 0.253447 0.818096 1.138721
v 0.162393 0.829325 0.966305
v 0.148034 0.680154 1.337172
v 0.224973 0.851045 1.150034
v 0.088325 0.688269 1.079270
v 0.162393 0.829325 0.966305
v 0.144660 0.648859 1.322841
v 0.188080 0.660938 1.061857
v 0.122520 0.853340 1.155983
v 0.162393 0.829325 0.966305
v 0.138809 0.594891 1.289546
v 0.262462 0.750062 1.114115
v 0.043457 0.721041 1.077088
v 0.162393 0.829325 0.966305
v -0.075302 1.064633 0.746917
v 0.110230 1.013792 0.928953
v 0.024400 0.833105 0.828148
v 0.162393 0.829325 0.966305
v -0.081445 1.042369 0.731454
v 0.153397 0.954133 0.816352
v -0.023681 0.874953 0.928377
v 0.162393 0.829325 0.966305
v -0.090065 0.995708 0.704425
v -0.024711 0.870721 0.928592
v 0.147531 0.921036 0.794514
v 0.162393 0.829325 0.966305
v -0.093301 0.961240 0.688422
v 0.136627 0.955828 0.819754
v -0.016395 0.808355 0.890550
v 0.162393 0.829325 0.966305
v -0.093202 0.962856 0.689104
v 0.113165 0.822308 0.777437
v 0.007145 0.943167 0.933413
v 0.172241 1.057641 1.079977
v 0.066195 1.273168 0.969998
v 0.176700 1.067380 1.094257
v 0.069094 1.279498 0.979279
v 0.192400 1.075862 1.094727
v 0.079298 1.285012 0.979585
v 0.203641 1.074605 1.080917
v 0.086605 1.284195 0.970609
v 0.199182 1.064866 1.066637
v 0.083707 1.277864 0.961327
v 0.183482 1.056384 1.066167
v 0.073502 1.272351 0.961021
v 0.076400 1.278681 0.970303
v 0.018647 1.437971 1.332644
v 0.096983 1.439192 1.079650
v 0.009615 1.245603 1.150829
v 0.076400 1.278681 0.970303
v -0.040357 1.546760 1.243253
v 0.111534 1.351852 1.147942
v -0.052139 1.419974 1.011024
v 0.076400 1.278681 0.970303
v -0.045299 1.555452 1.232195
v 0.133963 1.421082 1.090937
v -0.078522 1.357697 1.059183
v 0.076400 1.278681 0.970303
v -0.055137 1.572472 1.207758
v 0.024500 1.466792 0.978338
v 0.023071 1.325603 1.152233
v 0.076400 1.278681 0.970303
v 0.036542 1.403622 1.348193
v -0.049425 1.307469 1.116875
v 0.170339 1.349846 1.126044
v 0.076400 1.278681 0.970303
v 0.363075 1.236748 0.694515
v 0.246461 1.348533 0.904394
v 0.135679 1.175283 0.815582
v 0.076400 1.278681 0.970303
v 0.263127 1.391747 0.635118
v 0.205176 1.225876 0.833291
v 0.097006 1.421939 0.839167
v 0.076400 1.278681 0.970303
v 0.384079 1.178934 0.734965
v 0.186286 1.333943 0.818595
v 0.212658 1.143622 0.933740
v 0.076400 1.278681 0.970303
v 0.320452 1.315203 0.655494
v 0.217034 1.386783 0.888571
v 0.131008 1.199797 0.800188
v 0.076400 1.278681 0.970303
v 0.349363 1.265366 0.678217
v 0.171146 1.382871 0.834982
v 0.200025 1.163839 0.871955
v 0.076400 1.278681 0.970303
v -0.091034 1.641725 0.983146
v -0.030280 1.401964 1.077843
v 0.049133 1.445834 0.873038
v 0.076400 1.278681 0.970303
v -0.091374 1.637750 1.024354
v -0.056102 1.379665 1.072232
v 0.074683 1.464952 0.911616
v 0.076400 1.278681 0.970303
v -0.091449 1.639912 1.006894
v -0.089357 1.380557 0.953277
v 0.107878 1.465790 1.016601
v 0.076400 1.278681 0.970303
v -0.091283 1.641114 0.993208
v -0.092284 1.376564 0.980723
v 0.110938 1.470745 0.978207
v 0.076400 1.278681 0.970303
v -0.087338 1.640556 0.923014
v -0.047371 1.409427 1.046001
v 0.069181 1.437436 0.856774
v 0.205146 1.061992 1.078090
v 0.169308 1.088330 0.817677
v 0.192813 1.049089 1.078268
v 0.161291 1.079943 0.817792
v 0.175608 1.053219 1.080625
v 0.150107 1.082628 0.819325
v 0.170736 1.070253 1.082804
v 0.146941 1.093700 0.820741
v 0.183069 1.083157 1.082626
v 0.154957 1.102087 0.820625
v 0.200274 1.079027 1.080269
v 0.166141 1.099402 0.819093
v 0.158124 1.091015 0.819209
v 0.158124 1.091015 0.819209
v 0.080777 0.720600 0.689554
v 0.162945 0.901210 0.864976
v 0.091425 0.984489 0.669718
v 0.158124 1.091015 0.819209
v 0.076805 0.761933 0.606860
v 0.229436 0.921742 0.752836
v 0.021758 0.997022 0.715703
v 0.158124 1.091015 0.819209
v 0.077469 0.748688 0.628666
v 0.073953 1.011408 0.661977
v 0.177771 0.896760 0.824007
v 0.158124 1.091015 0.819209
v 0.077326 0.750966 0.624689
v 0.232703 0.923388 0.752252
v 0.018906 0.986602 0.730550
v 0.158124 1.091015 0.819209
v 0.082128 0.714465 0.707698
v 0.136767 0.907023 0.881134
v 0.118685 0.973767 0.668075
v 0.171576 1.035517 1.438622
v 0.058264 1.378186 1.549016
v 0.168208 1.026502 1.464344
v 0.056075 1.372326 1.565734
v 0.188871 1.028307 1.482343
v 0.069506 1.373499 1.577434
v 0.212902 1.039126 1.474621
v 0.085126 1.380531 1.572415
v 0.216270 1.048141 1.448900
v 0.087316 1.386391 1.555696
v 0.195607 1.046337 1.430901
v 0.073885 1.385218 1.543997
v 0.058160 1.378110 1.549144
v -0.099661 1.485426 1.731815
v 0.061604 1.364639 1.560339
v -0.097423 1.476670 1.739092
v 0.075139 1.365888 1.571910
v -0.088625 1.477482 1.746613
v 0.085230 1.380607 1.572286
v -0.082065 1.487050 1.746857
v 0.081787 1.394078 1.561091
v -0.084304 1.495806 1.739581
v 0.068251 1.392829 1.549521
v -0.093102 1.494994 1.732060
v -0.090863 1.486238 1.739336
v -0.090863 1.486238 1.739336
v 0.076268 1.834126 1.844412
v 0.047750 1.570841 1.847838
v -0.095772 1.679945 1.714895
v -0.090863 1.486238 1.739336
v 0.023108 1.840891 1.885048
v 0.048839 1.622702 1.737144
v -0.139389 1.633496 1.858098
v -0.090863 1.486238 1.739336
v 0.013484 1.841045 1.891729
v 0.049199 1.622134 1.747001
v -0.147448 1.634188 1.853586
v -0.090863 1.486238 1.739336
v 0.155570 1.799949 1.768603
v 0.095927 1.543112 1.743670
v -0.080507 1.680333 1.758417
v -0.090863 1.486238 1.739336
v -0.017468 1.839534 1.911950
v -0.052441 1.577037 1.907929
v -0.070569 1.678076 1.708835
v 0.077430 1.376319 1.577344
v 0.208031 1.605753 1.567543
v 0.086975 1.370533 1.563414
v 0.214236 1.601993 1.558488
v 0.081241 1.373573 1.546785
v 0.210508 1.603969 1.547679
v 0.065961 1.382398 1.544086
v 0.200577 1.609705 1.545925
v 0.056415 1.388184 1.558017
v 0.194372 1.613466 1.554980
v 0.062150 1.385144 1.574646
v 0.198099 1.611490 1.565789
v 0.204304 1.607729 1.556734
v 0.204304 1.607729 1.556734
v 0.486604 1.355495 1.427565
v 0.304891 1.445471 1.597944
v 0.329556 1.568200 1.412189
v 0.204304 1.607729 1.556734
v 0.530761 1.418432 1.424097
v 0.397682 1.589094 1.576769
v 0.272091 1.474927 1.430589
v 0.204304 1.607729 1.556734
v 0.392675 1.273546 1.443430
v 0.351452 1.485650 1.596585
v 0.207853 1.462462 1.426240
v 0.204304 1.607729 1.556734
v 0.513445 1.390773 1.424970
v 0.362311 1.607601 1.441939
v 0.293610 1.434292 1.566118
v 0.204304 1.607729 1.556734
v 0.418703 1.291507 1.438258
v 0.338659 1.543840 1.430200
v 0.241468 1.418640 1.588487
v 0.204304 1.607729 1.556734
v -0.166184 1.718695 1.454629
v 0.037601 1.686817 1.620760
v 0.074616 1.617414 1.411024
v 0.204304 1.607729 1.556734
v -0.147879 1.765667 1.451744
v 0.096863 1.770779 1.552834
v 0.029998 1.571030 1.476642
v 0.204304 1.607729 1.556734
v -0.088515 1.859010 1.451306
v 0.142810 1.733713 1.420754
v 0.031543 1.682770 1.608372
v 0.204304 1.607729 1.556734
v -0.177565 1.675142 1.458592
v 0.063756 1.570932 1.426211
v 0.039357 1.698457 1.608743
v 0.204304 1.607729 1.556734
v -0.178473 1.670541 1.459078
v 0.080330 1.643023 1.410007
v 0.022057 1.622685 1.625336
v 0.058125 1.378538 1.549147
v -0.026705 1.610938 1.641814
v 0.056344 1.371607 1.565501
v -0.027862 1.606433 1.652443
v 0.069914 1.372428 1.577069
v -0.019041 1.606967 1.659962
v 0.085266 1.380179 1.572283
v -0.009063 1.612005 1.656852
v 0.087046 1.387110 1.555930
v -0.007906 1.616510 1.646222
v 0.073476 1.386289 1.544362
v -0.016726 1.615977 1.638703
v -0.017884 1.611472 1.649333
v -0.231043 1.558321 1.983605
v -0.119666 1.700763 1.790086
v -0.086629 1.479661 1.775997
v -0.017884 1.611472 1.649333
v -0.204182 1.450839 1.964753
v -0.076885 1.444940 1.732580
v -0.107922 1.649498 1.818422
v -0.017884 1.611472 1.649333
v -0.240615 1.704003 1.968439
v -0.187098 1.688191 1.709537
v -0.026855 1.608777 1.844413
v -0.017884 1.611472 1.649333
v -0.240692 1.701947 1.968974
v -0.170589 1.714705 1.713892
v -0.043425 1.580619 1.840486
v -0.017884 1.611472 1.649333
v -0.241120 1.679400 1.974219
v -0.141077 1.736053 1.735628
v -0.073280 1.541233 1.822946
v -0.017884 1.611472 1.649333
v 0.370175 1.622699 1.552978
v 0.159566 1.669621 1.706555
v 0.115114 1.562305 1.515026
v -0.017884 1.611472 1.649333
v 0.366562 1.691714 1.573422
v 0.144693 1.695114 1.718012
v 0.127097 1.592023 1.519925
v -0.017884 1.611472 1.649333
v 0.342464 1.779176 1.604337
v 0.077840 1.778247 1.615171
v 0.174670 1.578861 1.647498
v -0.017884 1.611472 1.649333
v 0.353271 1.749659 1.593218
v 0.131320 1.707168 1.731335
v 0.129836 1.626325 1.522438
v -0.017884 1.611472 1.649333
v 0.370276 1.625580 1.553767
v 0.110371 1.627012 1.502863
v 0.164390 1.607218 1.719349
v -0.017884 1.611472 1.649333
v -0.263612 1.794688 1.906334
v -0.203375 1.660168 1.686289
v -0.028975 1.709349 1.817977
v -0.017884 1.611472 1.649333
v -0.219025 1.896895 1.844464
v -0.001740 1.776191 1.753019
v -0.194940 1.675091 1.701751
v -0.017884 1.611472 1.649333
v -0.260696 1.804421 1.901945
v -0.147329 1.756596 1.667414
v -0.082688 1.620708 1.833341
v -0.017884 1.611472 1.649333
v -0.269426 1.772520 1.915396
v -0.190887 1.592310 1.737915
v -0.046115 1.759473 1.773601
v -0.017884 1.611472 1.649333
v -0.250015 1.834826 1.886457
v -0.083778 1.791871 1.684804
v -0.137695 1.609756 1.803561
v 0.051491 0.569897 1.616964
v -0.223429 0.682491 2.066943
v 0.040763 0.529259 1.621272
v -0.230402 0.656076 2.069743
v 0.065102 0.503283 1.644030
v -0.214582 0.639192 2.084536
v 0.100169 0.517945 1.662480
v -0.191788 0.648722 2.096528
v 0.110897 0.558583 1.658172
v -0.184815 0.675137 2.093728
v 0.086558 0.584559 1.635414
v -0.200635 0.692021 2.078935
v -0.225340 0.679933 2.066421
v -0.503623 0.554152 2.288199
v -0.219346 0.653961 2.059808
v -0.499727 0.537271 2.283900
v -0.201614 0.639635 2.075122
v -0.488202 0.527959 2.293855
v -0.189877 0.651280 2.097050
v -0.480572 0.535528 2.308108
v -0.195871 0.677252 2.103663
v -0.484469 0.552409 2.312406
v -0.213603 0.691578 2.088349
v -0.495994 0.561722 2.302452
v -0.503820 0.551742 2.286595
v -0.618427 0.314245 2.270666
v -0.488597 0.544560 2.280651
v -0.608532 0.309577 2.266803
v -0.476875 0.537658 2.292210
v -0.600913 0.305091 2.274316
v -0.480375 0.537939 2.309712
v -0.603188 0.305273 2.285692
v -0.495598 0.545121 2.315655
v -0.613083 0.309941 2.289555
v -0.507321 0.552022 2.304097
v -0.620702 0.314427 2.282042
v -0.610807 0.309759 2.278179
v -0.382222 0.121607 2.009204
v -0.601129 0.159933 2.153269
v -0.437618 0.309064 2.187908
v -0.610807 0.309759 2.278179
v -0.424464 0.070244 2.017586
v -0.635118 0.184658 2.130183
v -0.437422 0.243247 2.217701
v -0.610807 0.309759 2.278179
v -0.423002 0.071815 2.017197
v -0.513410 0.303199 2.109020
v -0.557960 0.125963 2.238552
v -0.610807 0.309759 2.278179
v -0.370452 0.138566 2.008138
v -0.427886 0.299459 2.210521
v -0.601444 0.183105 2.129804
v -0.610807 0.309759 2.278179
v -0.362798 0.150385 2.007825
v -0.598575 0.224895 2.102701
v -0.424632 0.267124 2.237373
v -0.610807 0.309759 2.278179
v -0.698797 0.220162 2.657956
v -0.545336 0.226341 2.442188
v -0.746670 0.321500 2.417991
v -0.610807 0.309759 2.278179
v -0.742381 0.124584 2.607418
v -0.768915 0.260913 2.381909
v -0.557958 0.210465 2.437840
v -0.610807 0.309759 2.278179
v -0.725368 0.162977 2.632200
v -0.718050 0.173240 2.367653
v -0.595214 0.328853 2.471922
v -0.610807 0.309759 2.278179
v -0.725609 0.162443 2.631900
v -0.549808 0.247073 2.452803
v -0.763648 0.254593 2.386532
v -0.610807 0.309759 2.278179
v -0.747956 0.111602 2.597434
v -0.637486 0.133389 2.357715
v -0.693848 0.327604 2.454048
v -0.610807 0.309759 2.278179
v -0.689625 -0.040095 2.101006
v -0.734268 0.158632 2.270295
v -0.550401 0.181003 2.144325
v -0.610807 0.309759 2.278179
v -0.539851 0.027251 2.004036
v -0.595169 0.117633 2.246760
v -0.569681 0.275878 2.090283
v -0.610807 0.309759 2.278179
v -0.616428 -0.016512 2.046844
v -0.615375 0.114511 2.277009
v -0.610737 0.243991 2.094281
v -0.610807 0.309759 2.278179
v -0.698512 -0.041691 2.108501
v -0.749068 0.206096 2.187173
v -0.542710 0.132261 2.233443
v -0.610807 0.309759 2.278179
v -0.665835 -0.034431 2.081951
v -0.737435 0.203159 2.174516
v -0.528202 0.141007 2.224859
v -0.502275 0.554619 2.287224
v -0.712355 0.486737 2.432315
v -0.499406 0.537360 2.283687
v -0.710491 0.475518 2.430016
v -0.489229 0.527580 2.294616
v -0.703876 0.469162 2.437120
v -0.481921 0.535061 2.309082
v -0.699125 0.474024 2.446523
v -0.484789 0.552321 2.312619
v -0.700990 0.485243 2.448822
v -0.494966 0.562100 2.301691
v -0.707605 0.491599 2.441718
v -0.705740 0.480380 2.439419
v -0.705740 0.480380 2.439419
v -0.734871 0.141623 2.228718
v -0.760459 0.292968 2.444552
v -0.674326 0.396787 2.265726
v -0.705740 0.480380 2.439419
v -0.781782 0.130215 2.261651
v -0.748809 0.392861 2.270216
v -0.723504 0.287767 2.466407
v -0.705740 0.480380 2.439419
v -0.779773 0.130556 2.260138
v -0.841648 0.345011 2.402701
v -0.629059 0.335890 2.332712
v -0.705740 0.480380 2.439419
v -0.773313 0.131744 2.255336
v -0.837440 0.373405 2.342695
v -0.628098 0.308447 2.388876
v -0.705740 0.480380 2.439419
v -0.732687 0.142325 2.227305
v -0.700380 0.285332 2.447871
v -0.732658 0.404984 2.261276
v -0.705740 0.480380 2.439419
v -0.584668 0.494005 2.820412
v -0.749087 0.544035 2.618899
v -0.565536 0.427626 2.564733
v -0.705740 0.480380 2.439419
v -0.645208 0.477014 2.834798
v -0.643894 0.584410 2.592706
v -0.719160 0.373658 2.602435
v -0.705740 0.480380 2.439419
v -0.438200 0.537819 2.731177
v -0.515768 0.479555 2.484738
v -0.681680 0.527157 2.627507
v -0.705740 0.480380 2.439419
v -0.506690 0.516757 2.784463
v -0.557426 0.569558 2.529940
v -0.694814 0.420304 2.624933
v -0.705740 0.480380 2.439419
v -0.596997 0.490502 2.824221
v -0.618445 0.381803 2.583662
v -0.706041 0.587055 2.603017
v -0.207201 0.639200 2.089266
v -0.152656 0.751603 2.445410
v -0.183876 0.651793 2.082090
v -0.137494 0.759789 2.440745
v -0.184283 0.678200 2.074559
v -0.137759 0.776953 2.435850
v -0.208016 0.692013 2.074205
v -0.153185 0.785932 2.435620
v -0.231341 0.679420 2.081381
v -0.168347 0.777746 2.440284
v -0.230934 0.653013 2.088912
v -0.168083 0.760582 2.445179
v -0.152921 0.768767 2.440515
v -0.142634 0.782297 2.435057
v -0.326553 0.949781 2.524028
v -0.154722 0.775241 2.423977
v -0.334410 0.945195 2.516827
v -0.165009 0.761712 2.429435
v -0.341097 0.936401 2.520374
v -0.163207 0.755238 2.445973
v -0.339926 0.932193 2.531124
v -0.151119 0.762293 2.457052
v -0.332069 0.936779 2.538325
v -0.140833 0.775823 2.451594
v -0.325382 0.945573 2.534778
v -0.333240 0.940987 2.527576
v -0.333240 0.940987 2.527576
v -0.510069 0.915555 2.169687
v -0.304769 0.944982 2.334399
v -0.503174 0.916646 2.434442
v -0.333240 0.940987 2.527576
v -0.574037 0.981092 2.210703
v -0.514634 0.983234 2.468794
v -0.344483 0.930823 2.332860
v -0.333240 0.940987 2.527576
v -0.556768 0.962040 2.196530
v -0.515202 0.936041 2.456799
v -0.330100 0.962775 2.333516
v -0.333240 0.940987 2.527576
v -0.539570 0.944163 2.184914
v -0.367941 0.845437 2.360813
v -0.463603 1.039078 2.420209
v -0.333240 0.940987 2.527576
v -0.519028 0.923997 2.173749
v -0.417334 0.823111 2.396514
v -0.397776 1.045271 2.375576
v -0.333240 0.940987 2.527576
v -0.310852 0.777893 2.892130
v -0.435496 0.862514 2.674306
v -0.213073 0.888984 2.672489
v -0.333240 0.940987 2.527576
v -0.288833 0.757369 2.880156
v -0.215159 0.829677 2.636255
v -0.415795 0.905402 2.700961
v -0.333240 0.940987 2.527576
v -0.381481 0.849937 2.914077
v -0.247825 0.864999 2.685925
v -0.457247 0.944135 2.678428
v -0.333240 0.940987 2.527576
v -0.305050 0.772394 2.889214
v -0.405260 0.803413 2.646027
v -0.238667 0.943686 2.698435
v -0.333240 0.940987 2.527576
v -0.247508 0.721459 2.850775
v -0.190115 0.876004 2.643493
v -0.407778 0.830347 2.670219
v -0.224035 0.682836 2.068043
v -0.388622 0.771216 2.395988
v -0.231569 0.656683 2.071713
v -0.393519 0.754216 2.398374
v -0.215142 0.639454 2.085405
v -0.382841 0.743017 2.407274
v -0.191182 0.648377 2.095428
v -0.367267 0.748817 2.413789
v -0.183648 0.674530 2.091758
v -0.362370 0.765816 2.411403
v -0.200075 0.691759 2.078066
v -0.373047 0.777016 2.402503
v -0.377944 0.760016 2.404889
v -0.387700 0.772176 2.396194
v -0.602707 0.627799 2.448349
v -0.380785 0.758298 2.387349
v -0.598213 0.618778 2.442600
v -0.371030 0.746138 2.396044
v -0.591871 0.610874 2.448252
v -0.368188 0.747856 2.413583
v -0.590025 0.611991 2.459652
v -0.375103 0.761735 2.422428
v -0.594519 0.621012 2.465401
v -0.384859 0.773895 2.413733
v -0.600861 0.628916 2.459749
v -0.596366 0.619895 2.454001
v -0.463509 0.497898 2.096977
v -0.546060 0.464828 2.346448
v -0.540386 0.677364 2.275935
v -0.596366 0.619895 2.454001
v -0.612780 0.396926 2.122314
v -0.604230 0.623681 2.258891
v -0.601633 0.437734 2.383761
v -0.596366 0.619895 2.454001
v -0.624608 0.390819 2.127310
v -0.526801 0.588255 2.274269
v -0.688525 0.468274 2.372381
v -0.596366 0.619895 2.454001
v -0.461489 0.499596 2.097158
v -0.644063 0.588353 2.267255
v -0.440767 0.555198 2.355273
v -0.596366 0.619895 2.454001
v -0.498997 0.469651 2.096305
v -0.522335 0.660935 2.277992
v -0.592501 0.458660 2.343853
v -0.596366 0.619895 2.454001
v -0.539796 0.500119 2.831431
v -0.495521 0.651026 2.618333
v -0.651956 0.492943 2.591613
v -0.596366 0.619895 2.454001
v -0.370038 0.612832 2.783736
v -0.413566 0.623030 2.522690
v -0.598104 0.611110 2.649100
v -0.596366 0.619895 2.454001
v -0.406315 0.584638 2.804197
v -0.618310 0.588360 2.645490
v -0.422381 0.623225 2.542669
v -0.596366 0.619895 2.454001
v -0.466251 0.543479 2.824447
v -0.518403 0.484774 2.571509
v -0.570237 0.693883 2.632850
v -0.596366 0.619895 2.454001
v -0.534406 0.503062 2.831507
v -0.637008 0.656414 2.641507
v -0.506156 0.489910 2.568500
v -0.596366 0.619895 2.454001
v -0.939440 0.414225 2.454365
v -0.757043 0.576558 2.351781
v -0.710148 0.498696 2.556512
v -0.596366 0.619895 2.454001
v -0.946235 0.427642 2.479109
v -0.695514 0.460422 2.400316
v -0.777114 0.625566 2.527772
v -0.596366 0.619895 2.454001
v -0.941622 0.418053 2.461632
v -0.769741 0.596098 2.367288
v -0.699197 0.482218 2.546818
v -0.596366 0.619895 2.454001
v -0.815265 0.349206 2.256996
v -0.594604 0.484395 2.313356
v -0.773247 0.538843 2.437041
v -0.596366 0.619895 2.454001
v -0.837742 0.352289 2.280437
v -0.749383 0.501485 2.480629
v -0.636450 0.524219 2.288521
v -0.379810 0.742735 2.408954
v -0.331392 0.803368 2.661486
v -0.363759 0.749185 2.404548
v -0.320959 0.807560 2.658623
v -0.361893 0.766466 2.400483
v -0.319746 0.818793 2.655980
v -0.376079 0.777297 2.400823
v -0.328967 0.825833 2.656201
v -0.392129 0.770847 2.405229
v -0.339400 0.821640 2.659065
v -0.393995 0.753566 2.409294
v -0.340613 0.810408 2.661707
v -0.330179 0.814600 2.658844
v -0.330179 0.814600 2.658844
v 0.047274 0.807016 2.526663
v -0.172731 0.922724 2.618060
v -0.185665 0.700409 2.593883
v -0.330179 0.814600 2.658844
v 0.063912 0.821007 2.590645
v -0.184433 0.736064 2.555239
v -0.160653 0.898262 2.707889
v -0.330179 0.814600 2.658844
v 0.033007 0.799153 2.491940
v -0.195169 0.915195 2.559865
v -0.174641 0.701647 2.624300
v -0.330179 0.814600 2.658844
v 0.066470 0.843870 2.701422
v -0.157143 0.753461 2.592026
v -0.185896 0.899156 2.759723
v -0.330179 0.814600 2.658844
v 0.028848 0.797176 2.483356
v -0.235800 0.789156 2.489760
v -0.137337 0.826106 2.687537
v -0.330179 0.814600 2.658844
v -0.591923 1.116972 2.666695
v -0.446146 0.922919 2.772698
v -0.423608 0.948179 2.551271
v -0.330179 0.814600 2.658844
v -0.605927 1.074732 2.531192
v -0.476357 0.843748 2.532643
v -0.404600 0.993558 2.682922
v -0.330179 0.814600 2.658844
v -0.591647 1.117177 2.667903
v -0.518036 0.864364 2.639420
v -0.351497 1.006897 2.685515
v -0.330179 0.814600 2.658844
v -0.565652 1.123984 2.752835
v -0.338258 0.988299 2.747769
v -0.510478 0.888409 2.645112
v -0.330179 0.814600 2.658844
v -0.564937 1.123961 2.754680
v -0.335459 1.006729 2.693521
v -0.512706 0.869960 2.700836
v 0.116958 0.534703 1.636786
v 0.216165 0.934205 1.985062
v 0.099668 0.562794 1.610385
v 0.204927 0.952464 1.967902
v 0.058540 0.572012 1.613321
v 0.178194 0.958455 1.969810
v 0.034703 0.553139 1.642658
v 0.162699 0.946188 1.988879
v 0.051993 0.525048 1.669058
v 0.173938 0.927928 2.006039
v 0.093120 0.515830 1.666123
v 0.200671 0.921937 2.004131
v 0.216266 0.936388 1.982538
v 0.257872 1.311357 1.971830
v 0.198940 0.938056 1.961295
v 0.246610 1.312442 1.958023
v 0.172107 0.941864 1.965728
v 0.229168 1.314917 1.960904
v 0.162599 0.944004 1.991403
v 0.222988 1.316308 1.977593
v 0.179925 0.942336 2.012646
v 0.234250 1.315224 1.991400
v 0.206758 0.938528 2.008213
v 0.251692 1.312749 1.988519
v 0.240430 1.313833 1.974712
v 0.257615 1.311351 1.970570
v 0.202981 1.389268 1.724121
v 0.245959 1.297962 1.968695
v 0.195405 1.380565 1.722902
v 0.228774 1.300444 1.972836
v 0.184234 1.382178 1.725594
v 0.223245 1.316314 1.978853
v 0.180640 1.392494 1.729505
v 0.234901 1.329703 1.980729
v 0.188217 1.401197 1.730724
v 0.252086 1.327222 1.976587
v 0.199387 1.399584 1.728032
v 0.191811 1.390881 1.726813
v 0.191811 1.390881 1.726813
v 0.184722 0.991375 1.708256
v 0.087344 1.235060 1.672494
v 0.290606 1.227097 1.766287
v 0.191811 1.390881 1.726813
v 0.141580 1.074201 1.487668
v 0.085175 1.315283 1.581700
v 0.258261 1.213135 1.680610
v 0.191811 1.390881 1.726813
v 0.149777 1.045108 1.530155
v 0.229590 1.295821 1.560439
v 0.120405 1.209323 1.735860
v 0.191811 1.390881 1.726813
v 0.170429 1.001938 1.635896
v 0.164166 1.211180 1.798138
v 0.202350 1.259427 1.582754
v 0.191811 1.390881 1.726813
v 0.184627 0.991399 1.707780
v 0.095897 1.235723 1.657022
v 0.281978 1.226453 1.781377
v 0.191811 1.390881 1.726813
v -0.030210 1.688793 1.874987
v 0.038048 1.506994 1.694892
v 0.167956 1.513097 1.877273
v 0.191811 1.390881 1.726813
v 0.021401 1.612272 2.013076
v 0.024402 1.468720 1.790528
v 0.222891 1.490155 1.892109
v 0.191811 1.390881 1.726813
v 0.020314 1.613840 2.011203
v 0.134401 1.570942 1.776070
v 0.112023 1.389188 1.905068
v 0.191811 1.390881 1.726813
v -0.001538 1.645635 1.967056
v 0.162884 1.579051 1.770394
v 0.066058 1.406514 1.875426
v 0.191811 1.390881 1.726813
v -0.017591 1.669478 1.923115
v 0.015496 1.440124 1.794874
v 0.200604 1.564516 1.815793
v 0.226006 1.315460 1.964322
v 0.099861 1.427339 2.167702
v 0.228321 1.300730 1.974135
v 0.101366 1.417764 2.174081
v 0.242745 1.299102 1.984525
v 0.110741 1.416706 2.180834
v 0.254854 1.312205 1.985102
v 0.118612 1.425223 2.181209
v 0.252539 1.326935 1.975288
v 0.117108 1.434798 2.174831
v 0.238115 1.328563 1.964898
v 0.107732 1.435856 2.168077
v 0.109237 1.426281 2.174456
v -0.023947 1.096907 2.358235
v -0.049314 1.331316 2.237600
v 0.161241 1.257746 2.258335
v 0.109237 1.426281 2.174456
v -0.035677 1.112848 2.376347
v 0.014186 1.256333 2.159391
v 0.088356 1.345483 2.351034
v 0.109237 1.426281 2.174456
v 0.005794 1.065465 2.312700
v -0.024338 1.325970 2.275647
v 0.160057 1.237938 2.183860
v 0.109237 1.426281 2.174456
v -0.058435 1.151421 2.411813
v -0.050485 1.318554 2.206514
v 0.134821 1.314120 2.332283
v 0.109237 1.426281 2.174456
v -0.014870 1.086052 2.344284
v 0.089533 1.329449 2.342918
v 0.029655 1.250929 2.141857
v 0.109237 1.426281 2.174456
v 0.416353 1.675580 2.233866
v 0.283827 1.447693 2.259331
v 0.180340 1.604308 2.137109
v 0.109237 1.426281 2.174456
v 0.432257 1.659872 2.207517
v 0.293295 1.436611 2.238953
v 0.183595 1.602823 2.136407
v 0.109237 1.426281 2.174456
v 0.393278 1.692578 2.266140
v 0.301642 1.456126 2.189741
v 0.144065 1.609474 2.232518
v 0.109237 1.426281 2.174456
v 0.373159 1.703603 2.290377
v 0.205067 1.502195 2.326764
v 0.224544 1.572224 2.114885
v 0.109237 1.426281 2.174456
v 0.434303 1.657520 2.203787
v 0.215011 1.539245 2.293598
v 0.263515 1.498308 2.078779
v 0.109237 1.426281 2.174456
v -0.090395 1.427228 2.521077
v 0.094769 1.343994 2.350988
v -0.036002 1.509325 2.275221
v 0.109237 1.426281 2.174456
v -0.095447 1.340838 2.507329
v -0.066708 1.383206 2.247477
v 0.121435 1.401002 2.367733
v 0.109237 1.426281 2.174456
v -0.093306 1.396375 2.518087
v -0.065511 1.445994 2.259418
v 0.121950 1.382643 2.364398
v 0.109237 1.426281 2.174456
v -0.094136 1.296427 2.493481
v -0.039633 1.463440 2.295290
v 0.095408 1.285238 2.308842
v 0.109237 1.426281 2.174456
v -0.090415 1.427059 2.521066
v 0.076153 1.524785 2.339824
v -0.017400 1.328399 2.286377
v 0.171015 0.956351 1.974560
v 0.042437 1.055220 2.315354
v 0.164771 0.930204 1.980177
v 0.038378 1.038224 2.319005
v 0.183188 0.914049 1.992587
v 0.050350 1.027724 2.327072
v 0.207850 0.924042 1.999381
v 0.066380 1.034219 2.331487
v 0.214094 0.950188 1.993764
v 0.070438 1.051214 2.327836
v 0.195676 0.966343 1.981354
v 0.058467 1.061715 2.319770
v 0.054408 1.044719 2.323421
v 0.042693 1.055514 2.315366
v -0.152465 0.910956 2.419334
v 0.048689 1.040968 2.306933
v -0.148568 0.901502 2.413853
v 0.060404 1.030174 2.314987
v -0.140953 0.894485 2.419089
v 0.066124 1.033925 2.331476
v -0.137236 0.896924 2.429806
v 0.060128 1.048471 2.339909
v -0.141133 0.906379 2.435288
v 0.048413 1.059265 2.331854
v -0.148748 0.913395 2.430052
v -0.144851 0.903940 2.424570
v -0.144851 0.903940 2.424570
v -0.187243 0.650473 2.118046
v -0.094330 0.729304 2.353198
v -0.229285 0.875802 2.250723
v -0.144851 0.903940 2.424570
v -0.226956 0.628192 2.146683
v -0.090406 0.828836 2.252701
v -0.264980 0.758445 2.374130
v -0.144851 0.903940 2.424570
v -0.181194 0.654227 2.114212
v -0.265465 0.837088 2.286270
v -0.053310 0.771022 2.314583
v -0.144851 0.903940 2.424570
v -0.209883 0.637259 2.133620
v -0.257098 0.755236 2.365990
v -0.084628 0.839299 2.250390
v -0.144851 0.903940 2.424570
v -0.217689 0.633015 2.139449
v -0.254240 0.861407 2.268465
v -0.093732 0.729733 2.352578
v -0.144851 0.903940 2.424570
v 0.002153 0.867095 2.794749
v 0.006704 0.842118 2.531121
v -0.178802 0.936286 2.614162
v -0.144851 0.903940 2.424570
v 0.011149 0.873004 2.791595
v -0.071677 0.780955 2.557478
v -0.093224 1.002176 2.585283
v -0.144851 0.903940 2.424570
v 0.104587 0.941932 2.734953
v -0.049963 0.808614 2.566180
v -0.040188 1.029660 2.531267
v -0.144851 0.903940 2.424570
v 0.070197 0.914705 2.761673
v 0.032059 0.876008 2.502459
v -0.149722 0.940484 2.616364
v -0.144851 0.903940 2.424570
v 0.037290 0.890799 2.780453
v -0.098245 1.006164 2.584327
v -0.045744 0.791203 2.549520
v 0.057631 1.028360 2.329796
v 0.129453 1.138606 2.558883
v 0.070613 1.037459 2.321591
v 0.137891 1.144520 2.553549
v 0.067390 1.053818 2.315215
v 0.135796 1.155153 2.549405
v 0.051186 1.061078 2.317045
v 0.125263 1.159872 2.550595
v 0.038204 1.051979 2.325251
v 0.116825 1.153958 2.555928
v 0.041426 1.035620 2.331626
v 0.118920 1.143325 2.560072
v 0.127358 1.149239 2.554739
v 0.510914 1.141729 2.441475
v 0.276596 1.034518 2.502670
v 0.284965 1.257952 2.516196
v 0.127358 1.149239 2.554739
v 0.515615 1.149364 2.458529
v 0.264947 1.065000 2.444662
v 0.300374 1.233579 2.587847
v 0.127358 1.149239 2.554739
v 0.522594 1.165533 2.495383
v 0.293707 1.046916 2.556086
v 0.277198 1.264598 2.505907
v 0.127358 1.149239 2.554739
v 0.520459 1.159486 2.481483
v 0.273001 1.069977 2.451542
v 0.296196 1.236699 2.599331
v 0.127358 1.149239 2.554739
v 0.513618 1.220980 2.629946
v 0.298195 1.068965 2.604887
v 0.265530 1.286906 2.564756
v 0.127358 1.149239 2.554739
v -0.136478 1.382254 2.744725
v -0.062350 1.186211 2.582811
v 0.105997 1.298679 2.678655
v 0.127358 1.149239 2.554739
v -0.230411 1.326444 2.579218
v -0.029554 1.178040 2.667402
v -0.001946 1.262202 2.461659
v 0.127358 1.149239 2.554739
v -0.143489 1.380641 2.736659
v 0.064141 1.332365 2.579486
v -0.026103 1.151234 2.675527
v 0.127358 1.149239 2.554739
v -0.109618 1.386654 2.772630
v -0.037096 1.254590 2.554815
v 0.102232 1.233820 2.728976
v 0.127358 1.149239 2.554739
v -0.228110 1.329852 2.586701
v 0.033429 1.320256 2.546092
v -0.063088 1.122713 2.588955
v 0.127358 1.149239 2.554739
v 0.438215 1.280090 2.769788
v 0.261472 1.100551 2.688106
v 0.241930 1.302607 2.593411
v 0.127358 1.149239 2.554739
v 0.309693 1.294577 2.879748
v 0.160200 1.122147 2.745347
v 0.240385 1.292601 2.624138
v 0.127358 1.149239 2.554739
v 0.442013 1.279070 2.764825
v 0.185986 1.268480 2.697876
v 0.320454 1.133863 2.579670
v 0.127358 1.149239 2.554739
v 0.466218 1.271089 2.728883
v 0.312339 1.101705 2.595564
v 0.213466 1.294253 2.653229
v 0.127358 1.149239 2.554739
v 0.338304 1.293784 2.862324
v 0.295079 1.136132 2.653946
v 0.128394 1.277982 2.701599
v 0.216528 0.935741 1.986556
v 0.255313 1.206664 2.246448
v 0.205380 0.954169 1.969517
v 0.248066 1.218642 2.235373
v 0.178285 0.958624 1.969932
v 0.230454 1.221538 2.235643
v 0.162337 0.944652 1.987385
v 0.220088 1.212456 2.246987
v 0.173485 0.926223 2.004424
v 0.227334 1.200478 2.258063
v 0.200580 0.921768 2.004009
v 0.244947 1.197582 2.257793
v 0.237700 1.209560 2.246718
v 0.255336 1.206837 2.246265
v 0.286909 1.462207 2.186413
v 0.245605 1.204784 2.231442
v 0.280584 1.460873 2.176778
v 0.227969 1.207507 2.231895
v 0.269120 1.462643 2.177072
v 0.220065 1.212283 2.247171
v 0.263983 1.465747 2.187002
v 0.229796 1.214336 2.261994
v 0.270308 1.467081 2.196637
v 0.247432 1.211612 2.261541
v 0.281772 1.465311 2.196342
v 0.275446 1.463977 2.186707
v 0.275446 1.463977 2.186707
v 0.060227 1.740593 2.379488
v 0.281687 1.636335 2.278346
v 0.097029 1.512911 2.249293
v 0.275446 1.463977 2.186707
v 0.043554 1.711454 2.398796
v 0.200554 1.501147 2.363211
v 0.164825 1.624788 2.179875
v 0.275446 1.463977 2.186707
v 0.009071 1.619322 2.441486
v 0.103366 1.554988 2.202501
v 0.234426 1.497243 2.374736
v 0.275446 1.463977 2.186707
v 0.060667 1.741285 2.378984
v 0.193577 1.513255 2.357040
v 0.185492 1.636545 2.170197
v 0.275446 1.463977 2.186707
v -0.004897 1.536180 2.462741
v 0.135589 1.384343 2.297352
v 0.191029 1.601373 2.296889
v 0.224456 1.219012 2.239377
v 0.088106 1.190471 2.463848
v 0.224808 1.201255 2.237582
v 0.088335 1.178930 2.462682
v 0.238053 1.191803 2.244923
v 0.096944 1.172786 2.467453
v 0.250945 1.200108 2.254058
v 0.105324 1.178184 2.473391
v 0.250593 1.217865 2.255853
v 0.105095 1.189726 2.474558
v 0.237348 1.227317 2.248513
v 0.096486 1.195870 2.469787
v 0.096715 1.184328 2.468620
v 0.096715 1.184328 2.468620
v 0.424103 1.323214 2.651725
v 0.277511 1.140531 2.528107
v 0.177830 1.339234 2.555617
v 0.096715 1.184328 2.468620
v 0.396380 1.318455 2.697116
v 0.146634 1.245840 2.647137
v 0.286528 1.230117 2.472900
v 0.096715 1.184328 2.468620
v 0.409284 1.320852 2.677573
v 0.291096 1.179854 2.487061
v 0.152390 1.298021 2.617341
v 0.096715 1.184328 2.468620
v 0.406768 1.320407 2.681575
v 0.197522 1.343249 2.520832
v 0.243950 1.134270 2.586772
v 0.096715 1.184328 2.468620
v 0.403838 1.319874 2.686112
v 0.204142 1.341152 2.513448
v 0.234986 1.135940 2.597785
v -0.042300 0.049353 1.100000
v -0.483501 -0.358758 1.581876
v -0.047898 0.001751 1.056094
v -0.487140 -0.389699 1.553337
v -0.005598 -0.047602 1.056094
v -0.459645 -0.421778 1.553337
v 0.042300 -0.049353 1.100000
v -0.428511 -0.422916 1.581876
v 0.047898 -0.001751 1.143906
v -0.424873 -0.391975 1.610415
v 0.005598 0.047602 1.143906
v -0.452368 -0.359896 1.610415
v -0.485351 -0.360616 1.578618
v -0.862144 -0.746220 1.587335
v -0.469083 -0.378110 1.543770
v -0.851570 -0.757591 1.564684
v -0.439738 -0.408331 1.547028
v -0.832496 -0.777235 1.566801
v -0.426661 -0.421058 1.585134
v -0.823996 -0.785508 1.591570
v -0.442929 -0.403564 1.619982
v -0.834570 -0.774137 1.614222
v -0.472274 -0.373343 1.616724
v -0.853644 -0.754493 1.612104
v -0.843070 -0.765864 1.589453
v -0.862132 -0.746238 1.587077
v -0.920941 -0.859790 1.231978
v -0.835985 -0.740835 1.580647
v -0.903946 -0.856278 1.227799
v -0.816923 -0.760461 1.583023
v -0.891556 -0.869035 1.229343
v -0.824008 -0.785490 1.591828
v -0.896161 -0.885304 1.235067
v -0.850155 -0.790893 1.598258
v -0.913156 -0.888816 1.239246
v -0.869217 -0.771267 1.595882
v -0.925546 -0.876059 1.237702
v -0.921213 -0.860045 1.232105
v -0.842339 -0.817267 0.983625
v -0.904894 -0.855613 1.237823
v -0.831732 -0.814386 0.987342
v -0.892232 -0.868115 1.239241
v -0.823501 -0.822513 0.988264
v -0.895889 -0.885050 1.234940
v -0.825878 -0.833520 0.985468
v -0.912208 -0.889482 1.229222
v -0.836486 -0.836401 0.981751
v -0.924870 -0.876979 1.227804
v -0.844716 -0.828274 0.980830
v -0.834109 -0.825394 0.984547
v -0.834109 -0.825394 0.984547
v -0.654698 -0.554678 1.218052
v -0.806997 -0.765610 1.168489
v -0.717691 -0.668605 0.987408
v -0.834109 -0.825394 0.984547
v -0.595756 -0.511411 1.052393
v -0.648828 -0.765262 0.998661
v -0.828707 -0.634339 1.024709
v -0.834109 -0.825394 0.984547
v -0.610010 -0.518621 1.109728
v -0.710025 -0.763545 1.122104
v -0.778913 -0.641824 0.947134
v -0.834109 -0.825394 0.984547
v -0.644705 -0.545685 1.198765
v -0.830430 -0.729236 1.154500
v -0.686265 -0.697784 0.985968
v -0.834109 -0.825394 0.984547
v -0.604282 -0.515228 1.089318
v -0.825191 -0.661319 1.090111
v -0.659165 -0.741336 0.962799
v -0.834109 -0.825394 0.984547
v -0.871093 -1.222074 1.020277
v -0.920631 -0.985125 0.912828
v -0.777174 -0.983006 1.084850
v -0.834109 -0.825394 0.984547
v -0.879854 -1.216987 1.052087
v -0.808255 -0.969567 1.113735
v -0.896559 -0.994495 0.909390
v -0.834109 -0.825394 0.984547
v -0.856203 -1.224427 0.967701
v -0.913377 -0.977445 0.891053
v -0.772516 -0.992569 1.064563
v -0.834109 -0.825394 0.984547
v -0.805629 -1.179909 0.801495
v -0.749281 -0.923819 0.838736
v -0.896152 -1.010580 0.983916
v -0.834109 -0.825394 0.984547
v -0.870333 -1.222381 1.017549
v -0.769115 -0.984882 1.076652
v -0.928081 -0.983495 0.918842
v -0.891083 -0.871507 1.229997
v -0.911698 -1.096511 1.093099
v -0.896749 -0.880107 1.244577
v -0.915381 -1.102101 1.102576
v -0.914217 -0.881147 1.248103
v -0.926735 -1.102777 1.104868
v -0.926019 -0.873587 1.237048
v -0.934406 -1.097864 1.097682
v -0.920353 -0.864988 1.222468
v -0.930723 -1.092274 1.088205
v -0.902885 -0.863947 1.218942
v -0.919369 -1.091598 1.085913
v -0.923052 -1.097188 1.095390
v -0.857139 -1.292469 1.438203
v -0.913794 -1.080571 1.289767
v -0.879579 -1.270029 1.175264
v -0.923052 -1.097188 1.095390
v -0.854876 -1.232408 1.465617
v -0.789542 -1.173453 1.215817
v -1.002021 -1.129099 1.271145
v -0.923052 -1.097188 1.095390
v -0.854448 -1.172081 1.482281
v -0.922318 -1.021340 1.275364
v -0.868903 -1.232950 1.224929
v -0.923052 -1.097188 1.095390
v -0.857953 -1.306157 1.430195
v -0.786588 -1.174799 1.211572
v -1.007437 -1.186752 1.247053
v -0.923052 -1.097188 1.095390
v -0.856394 -1.277740 1.446043
v -0.833220 -1.246198 1.184104
v -0.959558 -1.092619 1.287199
v -0.923052 -1.097188 1.095390
v -1.278307 -0.984307 0.950298
v -1.108336 -1.055170 1.140646
v -1.021971 -1.048901 0.934060
v -0.923052 -1.097188 1.095390
v -1.267763 -1.095374 0.892483
v -1.117682 -1.091738 1.110673
v -1.004191 -1.101186 0.917783
v -0.923052 -1.097188 1.095390
v -1.267193 -1.097642 0.891512
v -1.091062 -1.192111 1.065286
v -1.030355 -1.002628 0.962392
v -0.923052 -1.097188 1.095390
v -1.256884 -1.131991 0.877802
v -1.056962 -1.221611 1.026608
v -1.056208 -1.000607 0.990102
v -0.923052 -1.097188 1.095390
v -1.274937 -0.954756 0.969334
v -1.098771 -1.144645 1.024577
v -1.028840 -0.935785 1.065359
v -0.923052 -1.097188 1.095390
v -0.956157 -1.472906 0.962200
v -0.854056 -1.228611 0.968459
v -1.018532 -1.266339 1.115770
v -0.923052 -1.097188 1.095390
v -0.905731 -1.490583 1.165674
v -0.807652 -1.254753 1.095611
v -1.024594 -1.254339 1.151397
v -0.923052 -1.097188 1.095390
v -0.965970 -1.455375 0.922591
v -0.830990 -1.241619 1.001538
v -1.049448 -1.239306 1.051003
v -0.923052 -1.097188 1.095390
v -0.950942 -1.480132 0.983248
v -1.045107 -1.246753 1.065780
v -0.823309 -1.253977 1.035287
v -0.923052 -1.097188 1.095390
v -0.942499 -1.489013 1.017322
v -0.825478 -1.266306 1.100097
v -1.036184 -1.241529 1.028229
v -0.920979 -0.859864 1.231699
v -0.949467 -0.932838 0.979397
v -0.903836 -0.856094 1.228452
v -0.938324 -0.930387 0.977287
v -0.891408 -0.868777 1.230275
v -0.930246 -0.938631 0.978472
v -0.896123 -0.885230 1.235346
v -0.933310 -0.949326 0.981767
v -0.913266 -0.889000 1.238593
v -0.944454 -0.951777 0.983878
v -0.925694 -0.876317 1.236770
v -0.952532 -0.943533 0.982693
v -0.941389 -0.941082 0.980582
v -0.670536 -0.729787 0.775660
v -0.874217 -0.896918 0.802589
v -0.791879 -0.816209 0.994638
v -0.941389 -0.941082 0.980582
v -0.655611 -0.708878 0.824338
v -0.766420 -0.860000 1.011494
v -0.887736 -0.836401 0.824675
v -0.941389 -0.941082 0.980582
v -0.658527 -0.713243 0.813015
v -0.779119 -0.941573 0.871899
v -0.877370 -0.758320 0.955212
v -0.941389 -0.941082 0.980582
v -0.669494 -0.728416 0.778478
v -0.812854 -0.944187 0.833568
v -0.852407 -0.767845 0.965913
v -0.941389 -0.941082 0.980582
v -0.673038 -0.733038 0.769145
v -0.915733 -0.791590 0.857547
v -0.752364 -0.924139 0.934468
v -0.941389 -0.941082 0.980582
v -1.001074 -1.336323 0.965686
v -0.962171 -1.095428 0.862729
v -0.968354 -1.102929 1.086518
v -0.941389 -0.941082 0.980582
v -0.990470 -1.327887 1.069876
v -1.053324 -1.070648 1.074535
v -0.868718 -1.120960 0.958064
v -0.941389 -0.941082 0.980582
v -0.997768 -1.336469 1.002729
v -1.025636 -1.085263 1.081866
v -0.902245 -1.113211 0.897015
v -0.941389 -0.941082 0.980582
v -0.982030 -1.308852 1.132547
v -1.069048 -1.078432 1.035191
v -0.846242 -1.097948 1.047546
v -0.941389 -0.941082 0.980582
v -0.990781 -1.328432 1.067303
v -0.946335 -1.073569 1.123993
v -0.975957 -1.118474 0.906548
v -0.941389 -0.941082 0.980582
v -0.800385 -0.899233 0.608606
v -0.862023 -0.816716 0.852605
v -0.907951 -1.031969 0.810978
v -0.941389 -0.941082 0.980582
v -0.827485 -0.930215 0.597297
v -0.909455 -1.047670 0.820073
v -0.882200 -0.825800 0.834463
v -0.941389 -0.941082 0.980582
v -0.815740 -0.916954 0.601597
v -0.856835 -1.037953 0.833576
v -0.925423 -0.824909 0.824400
v -0.941389 -0.941082 0.980582
v -0.810791 -0.911292 0.603678
v -0.850033 -0.826481 0.851491
v -0.928267 -1.031851 0.808150
v -0.941389 -0.941082 0.980582
v -0.740964 -0.825522 0.654276
v -0.881007 -0.994384 0.802658
v -0.841431 -0.795331 0.897461
v -0.827788 -0.781963 1.573283
v -0.836749 -1.045388 1.843421
v -0.815670 -0.764771 1.590939
v -0.828872 -1.034213 1.854898
v -0.830952 -0.748671 1.607109
v -0.838806 -1.023748 1.865408
v -0.858352 -0.749765 1.605622
v -0.856616 -1.024459 1.864442
v -0.870470 -0.766958 1.587966
v -0.864493 -1.035635 1.852965
v -0.855188 -0.783057 1.571796
v -0.854559 -1.046099 1.842455
v -0.837000 -1.045503 1.843302
v -0.630936 -1.008199 2.004357
v -0.837555 -1.027918 1.840284
v -0.631296 -0.996769 2.002396
v -0.847237 -1.017339 1.850914
v -0.637589 -0.989893 2.009305
v -0.856364 -1.024345 1.864561
v -0.643522 -0.994447 2.018176
v -0.855810 -1.041930 1.867579
v -0.643162 -1.005877 2.020137
v -0.846128 -1.052509 1.856949
v -0.636868 -1.012753 2.013228
v -0.637229 -1.001323 2.011266
v -0.637229 -1.001323 2.011266
v -0.410373 -0.696652 1.885919
v -0.455526 -0.930288 2.002191
v -0.637446 -0.828620 1.920064
v -0.637229 -1.001323 2.011266
v -0.386888 -0.704227 1.916065
v -0.524606 -0.925853 1.870681
v -0.549579 -0.839116 2.075691
v -0.637229 -1.001323 2.011266
v -0.561746 -0.704447 1.754036
v -0.568080 -0.956818 1.834117
v -0.645992 -0.808327 1.982631
v -0.637229 -1.001323 2.011266
v -0.365637 -0.714704 1.947336
v -0.446562 -0.959040 2.009746
v -0.610622 -0.814311 1.961642
v -0.637229 -1.001323 2.011266
v -0.365307 -0.714900 1.947858
v -0.514648 -0.875390 2.096466
v -0.542272 -0.898117 1.875340
v -0.637229 -1.001323 2.011266
v -0.788634 -1.112492 2.364421
v -0.800440 -1.048118 2.107787
v -0.595141 -1.043463 2.197269
v -0.637229 -1.001323 2.011266
v -0.709371 -1.094128 2.393605
v -0.675514 -0.929597 2.188843
v -0.656657 -1.147293 2.139560
v -0.637229 -1.001323 2.011266
v -0.746188 -1.103102 2.382439
v -0.785305 -1.060628 2.123963
v -0.576320 -1.023442 2.195508
v -0.637229 -1.001323 2.011266
v -0.758579 -1.105954 2.377772
v -0.580960 -1.032039 2.195750
v -0.790578 -1.054312 2.119987
v -0.637229 -1.001323 2.011266
v -0.720348 -1.096880 2.390687
v -0.753005 -0.963835 2.164023
v -0.587949 -1.115257 2.162046
v -0.842861 -1.022727 1.866392
v -1.037441 -1.122420 2.014693
v -0.854777 -1.019017 1.853629
v -1.045186 -1.120009 2.006397
v -0.858598 -1.031214 1.841168
v -1.047670 -1.127937 1.998297
v -0.850503 -1.047121 1.841471
v -1.042408 -1.138276 1.998494
v -0.838588 -1.050831 1.854234
v -1.034663 -1.140688 2.006790
v -0.834767 -1.038634 1.866695
v -1.032180 -1.132760 2.014890
v -1.039925 -1.130348 2.006593
v -1.039925 -1.130348 2.006593
v -1.380419 -0.921320 1.987330
v -1.226059 -1.121974 2.065143
v -1.126186 -0.971500 1.932633
v -1.039925 -1.130348 2.006593
v -1.363765 -0.899492 1.963776
v -1.143774 -0.984370 2.084374
v -1.195148 -1.091642 1.894559
v -1.039925 -1.130348 2.006593
v -1.390411 -0.937600 2.003895
v -1.167123 -1.031142 1.896489
v -1.193116 -1.075355 2.114539
v -1.039925 -1.130348 2.006593
v -1.343309 -0.878498 1.939291
v -1.126161 -0.964776 2.063979
v -1.196396 -1.094441 1.895366
v -1.039925 -1.130348 2.006593
v -1.388330 -0.933946 2.000244
v -1.219718 -1.120981 2.082294
v -1.138855 -0.982594 1.925813
v -0.836738 -1.046266 1.844387
v -0.843363 -1.213945 2.048428
v -0.828873 -1.034149 1.854873
v -0.838251 -1.206069 2.055244
v -0.838818 -1.022807 1.864418
v -0.844715 -1.198697 2.061448
v -0.856627 -1.023581 1.863476
v -0.856291 -1.199200 2.060836
v -0.864491 -1.035699 1.852990
v -0.861403 -1.207077 2.054020
v -0.854547 -1.047041 1.843445
v -0.854939 -1.214449 2.047816
v -0.849827 -1.206573 2.054632
v -0.583885 -1.129273 2.343249
v -0.725928 -1.073900 2.126681
v -0.760972 -1.277406 2.213477
v -0.849827 -1.206573 2.054632
v -0.577200 -1.111365 2.331417
v -0.805368 -1.083731 2.199813
v -0.676184 -1.253248 2.130880
v -0.849827 -1.206573 2.054632
v -0.555613 -0.988177 2.215074
v -0.724834 -1.191609 2.203954
v -0.739449 -1.046820 2.033664
v -0.849827 -1.206573 2.054632
v -0.559051 -0.960961 2.177613
v -0.776680 -1.025968 2.041393
v -0.690353 -1.190689 2.166256
v -0.849827 -1.206573 2.054632
v -0.555363 -1.001743 2.231651
v -0.674474 -1.219661 2.139627
v -0.789608 -1.029621 2.111252
v -0.849827 -1.206573 2.054632
v -1.242520 -1.158731 2.113821
v -0.986993 -1.153896 2.183296
v -1.026815 -1.220977 1.973319
v -0.849827 -1.206573 2.054632
v -1.233143 -1.208440 2.168935
v -0.973183 -1.169638 2.201476
v -1.033124 -1.245002 1.999230
v -0.849827 -1.206573 2.054632
v -1.220700 -1.066849 2.000498
v -0.981924 -1.075872 2.114729
v -1.014428 -1.225495 1.951229
v -0.849827 -1.206573 2.054632
v -1.225622 -1.076108 2.012714
v -1.036418 -1.237923 2.103057
v -0.963872 -1.070851 1.972673
v -0.849827 -1.206573 2.054632
v -1.242742 -1.151501 2.105471
v -1.010533 -1.273060 2.143498
v -1.003453 -1.096028 2.006438
v -0.849827 -1.206573 2.054632
v -0.622463 -1.249555 2.380911
v -0.845396 -1.193344 2.249438
v -0.672367 -1.254187 2.120850
v -0.849827 -1.206573 2.054632
v -0.675926 -1.307084 2.400546
v -0.761151 -1.349805 2.153452
v -0.799382 -1.143749 2.232544
v -0.849827 -1.206573 2.054632
v -0.748649 -1.370009 2.405419
v -0.764915 -1.174450 2.227554
v -0.853796 -1.369445 2.162340
v -0.849827 -1.206573 2.054632
v -0.797150 -1.404600 2.398159
v -0.847726 -1.382648 2.139114
v -0.809787 -1.188919 2.244972
v -0.849827 -1.206573 2.054632
v -0.674241 -1.305440 2.400168
v -0.878552 -1.278972 2.233733
v -0.680633 -1.213267 2.151960
v -0.453832 -0.424591 1.556558
v -0.308998 -0.718147 1.985029
v -0.419740 -0.400325 1.562388
v -0.286838 -0.702374 1.988819
v -0.421915 -0.366571 1.587707
v -0.288252 -0.680434 2.005276
v -0.458181 -0.357083 1.607195
v -0.311825 -0.674267 2.017943
v -0.492273 -0.381349 1.601364
v -0.333985 -0.690040 2.014153
v -0.490098 -0.415103 1.576046
v -0.332571 -0.711980 1.997696
v -0.309194 -0.718187 1.985067
v 0.014587 -0.814142 2.153609
v -0.297683 -0.694524 1.977209
v 0.022069 -0.798761 2.148501
v -0.298901 -0.672544 1.993628
v 0.021278 -0.784474 2.159173
v -0.311629 -0.674227 2.017904
v 0.013004 -0.785567 2.174953
v -0.323140 -0.697890 2.025763
v 0.005522 -0.800948 2.180061
v -0.321922 -0.719870 2.009344
v 0.006314 -0.815236 2.169389
v 0.015217 -0.813447 2.152797
v 0.276047 -0.772073 2.145816
v 0.012637 -0.796861 2.146721
v 0.274370 -0.761292 2.141866
v 0.011216 -0.783269 2.158205
v 0.273447 -0.752457 2.149331
v 0.012374 -0.786262 2.175765
v 0.274200 -0.754403 2.160745
v 0.014954 -0.802848 2.181841
v 0.275877 -0.765183 2.164694
v 0.016375 -0.816440 2.170357
v 0.276800 -0.774018 2.157229
v 0.275123 -0.763238 2.153280
v 0.275123 -0.763238 2.153280
v 0.080424 -0.543300 1.881768
v 0.247182 -0.732585 1.962430
v 0.147305 -0.617940 2.126920
v 0.275123 -0.763238 2.153280
v 0.146694 -0.519869 1.862974
v 0.132418 -0.642139 2.097474
v 0.315085 -0.689642 1.976841
v 0.275123 -0.763238 2.153280
v 0.215984 -0.504683 1.853861
v 0.362138 -0.645428 2.024077
v 0.140797 -0.674204 2.042947
v 0.275123 -0.763238 2.153280
v 0.133270 -0.523857 1.865923
v 0.286757 -0.716065 1.964115
v 0.150007 -0.618906 2.112559
v 0.275123 -0.763238 2.153280
v 0.146472 -0.519932 1.863020
v 0.311715 -0.598865 2.054352
v 0.135610 -0.732966 2.020000
v 0.275123 -0.763238 2.153280
v 0.289559 -0.782684 2.552546
v 0.368622 -0.840338 2.306439
v 0.193173 -0.701694 2.319535
v 0.275123 -0.763238 2.153280
v 0.306300 -0.780330 2.551697
v 0.385041 -0.824381 2.302692
v 0.190148 -0.715769 2.322602
v 0.275123 -0.763238 2.153280
v 0.308935 -0.779956 2.551498
v 0.261230 -0.661551 2.319445
v 0.316066 -0.878299 2.305689
v 0.275123 -0.763238 2.153280
v 0.089105 -0.807743 2.504587
v 0.261742 -0.697496 2.336700
v 0.139690 -0.864584 2.250905
v 0.275123 -0.763238 2.153280
v 0.276517 -0.784491 2.552713
v 0.230108 -0.669583 2.318648
v 0.321253 -0.873895 2.307459
v 0.018727 -0.782733 2.165361
v 0.058834 -0.817119 2.424208
v 0.001607 -0.787250 2.167629
v 0.047706 -0.820055 2.425683
v -0.003325 -0.804372 2.166549
v 0.044500 -0.831184 2.424981
v 0.008864 -0.816976 2.163202
v 0.052423 -0.839377 2.422805
v 0.025984 -0.812459 2.160933
v 0.063551 -0.836441 2.421331
v 0.030916 -0.795338 2.162013
v 0.066756 -0.825312 2.422032
v 0.055628 -0.828248 2.423507
v -0.308179 -0.677796 2.494275
v -0.081278 -0.797852 2.559436
v -0.098512 -0.738282 2.344192
v 0.055628 -0.828248 2.423507
v -0.312958 -0.673359 2.435901
v -0.086467 -0.744801 2.318675
v -0.097145 -0.787783 2.538254
v 0.055628 -0.828248 2.423507
v -0.310737 -0.672212 2.385694
v -0.046402 -0.670786 2.369288
v -0.135434 -0.860881 2.447475
v 0.055628 -0.828248 2.423507
v -0.312792 -0.673738 2.443342
v -0.074845 -0.713665 2.334112
v -0.108635 -0.819223 2.528770
v 0.055628 -0.828248 2.423507
v -0.278588 -0.694574 2.597952
v -0.103807 -0.717852 2.400331
v -0.052309 -0.831705 2.586238
v 0.055628 -0.828248 2.423507
v 0.237946 -1.128091 2.231532
v 0.075792 -0.919702 2.252120
v 0.181319 -0.976668 2.441315
v 0.055628 -0.828248 2.423507
v 0.277833 -1.160509 2.438579
v 0.236480 -0.900570 2.409157
v 0.052540 -1.021735 2.449914
v 0.055628 -0.828248 2.423507
v 0.269909 -1.159434 2.357177
v 0.232149 -0.910378 2.438966
v 0.050532 -1.011066 2.354983
v 0.055628 -0.828248 2.423507
v 0.257032 -1.148524 2.293662
v 0.186290 -0.965301 2.471338
v 0.086089 -0.947416 2.271799
v 0.055628 -0.828248 2.423507
v 0.224886 -1.112777 2.199018
v 0.137888 -0.868066 2.250904
v 0.108775 -1.016053 2.416519
v 0.055628 -0.828248 2.423507
v -0.152676 -0.827580 2.764987
v -0.065844 -0.725328 2.536626
v 0.010457 -0.930633 2.583572
v 0.055628 -0.828248 2.423507
v -0.057937 -0.862931 2.805475
v -0.022269 -0.734932 2.576373
v 0.042673 -0.949311 2.576215
v 0.055628 -0.828248 2.423507
v -0.206884 -0.804226 2.724356
v -0.132662 -0.843309 2.473143
v 0.033909 -0.793969 2.614549
v 0.055628 -0.828248 2.423507
v -0.171300 -0.819873 2.752799
v 0.047811 -0.774504 2.611109
v -0.118097 -0.875292 2.499339
v 0.055628 -0.828248 2.423507
v -0.090097 -0.851568 2.795287
v -0.090095 -0.774484 2.541905
v 0.084771 -0.900667 2.602532
v 0.015153 -0.814275 2.153847
v 0.252264 -0.861330 2.260418
v 0.021123 -0.798478 2.148062
v 0.256145 -0.851062 2.256658
v 0.019766 -0.784058 2.158496
v 0.255262 -0.841689 2.263439
v 0.012438 -0.785434 2.174715
v 0.250499 -0.842584 2.273982
v 0.006468 -0.801231 2.180500
v 0.246619 -0.852852 2.277742
v 0.007825 -0.815651 2.170066
v 0.247501 -0.862225 2.270960
v 0.251382 -0.851957 2.267200
v 0.251382 -0.851957 2.267200
v 0.431073 -0.644146 1.976467
v 0.399739 -0.849949 2.140196
v 0.246777 -0.687716 2.161618
v 0.251382 -0.851957 2.267200
v 0.370979 -0.633491 1.954199
v 0.403613 -0.763607 2.182561
v 0.194828 -0.765535 2.101438
v 0.251382 -0.851957 2.267200
v 0.377453 -0.634341 1.956154
v 0.401573 -0.752237 2.192084
v 0.202047 -0.777585 2.093479
v 0.251382 -0.851957 2.267200
v 0.484650 -0.659651 2.005275
v 0.429865 -0.842957 2.188418
v 0.259512 -0.707111 2.136442
v 0.251382 -0.851957 2.267200
v 0.348688 -0.631075 1.948229
v 0.227659 -0.829886 2.074601
v 0.352949 -0.697322 2.204621
v -0.293065 -0.676584 2.009748
v -0.442634 -0.703282 2.355239
v -0.317806 -0.669804 1.999943
v -0.458715 -0.698875 2.348866
v -0.335152 -0.689426 1.991681
v -0.469990 -0.711630 2.343496
v -0.327758 -0.715830 1.993224
v -0.465183 -0.728792 2.344499
v -0.303017 -0.722610 2.003029
v -0.449102 -0.733199 2.350872
v -0.285671 -0.702988 2.011290
v -0.437827 -0.720444 2.356242
v -0.442449 -0.703476 2.355304
v -0.639956 -0.590100 2.489207
v -0.451673 -0.701205 2.340191
v -0.645951 -0.588624 2.479384
v -0.463133 -0.713766 2.334756
v -0.653400 -0.596788 2.475851
v -0.465368 -0.728598 2.344434
v -0.654853 -0.606429 2.482141
v -0.456144 -0.730869 2.359546
v -0.648858 -0.607906 2.491965
v -0.444684 -0.718308 2.364982
v -0.641409 -0.599741 2.495497
v -0.647404 -0.598265 2.485674
v -0.825389 -0.279439 2.322359
v -0.770462 -0.449964 2.517419
v -0.666734 -0.491505 2.323277
v -0.647404 -0.598265 2.485674
v -0.669462 -0.346884 2.175317
v -0.602734 -0.419424 2.421141
v -0.709720 -0.576001 2.301921
v -0.647404 -0.598265 2.485674
v -0.725977 -0.313338 2.216150
v -0.685993 -0.562139 2.297659
v -0.671674 -0.406450 2.458070
v -0.647404 -0.598265 2.485674
v -0.757879 -0.298563 2.244896
v -0.798035 -0.491771 2.421537
v -0.585154 -0.464997 2.357189
v -0.647404 -0.598265 2.485674
v -0.743292 -0.304920 2.231206
v -0.584810 -0.489368 2.336116
v -0.786709 -0.472485 2.431657
v -0.647404 -0.598265 2.485674
v -0.653694 -0.971630 2.629057
v -0.600248 -0.712354 2.637015
v -0.699593 -0.782868 2.449040
v -0.647404 -0.598265 2.485674
v -0.817871 -0.856843 2.738811
v -0.624705 -0.766921 2.581507
v -0.806478 -0.636472 2.592351
v -0.647404 -0.598265 2.485674
v -0.816552 -0.858355 2.738146
v -0.626756 -0.693418 2.654977
v -0.803371 -0.711184 2.518349
v -0.647404 -0.598265 2.485674
v -0.814630 -0.860535 2.737169
v -0.655165 -0.659731 2.670892
v -0.773424 -0.746615 2.501652
v -0.647404 -0.598265 2.485674
v -0.785129 -0.890902 2.721036
v -0.803297 -0.666535 2.581490
v -0.601691 -0.764105 2.578148
v -0.647404 -0.598265 2.485674
v -0.924902 -0.310183 2.483581
v -0.709155 -0.436240 2.395792
v -0.807652 -0.529825 2.573882
v -0.647404 -0.598265 2.485674
v -0.922178 -0.307976 2.470440
v -0.836751 -0.555855 2.507888
v -0.677877 -0.408444 2.451273
v -0.647404 -0.598265 2.485674
v -0.933502 -0.354265 2.622102
v -0.691512 -0.461830 2.618279
v -0.832175 -0.539500 2.462211
v -0.647404 -0.598265 2.485674
v -0.925498 -0.383473 2.676798
v -0.833478 -0.538984 2.483168
v -0.683806 -0.485712 2.641080
v -0.647404 -0.598265 2.485674
v -0.932440 -0.321960 2.534770
v -0.711722 -0.422867 2.428726
v -0.811116 -0.552618 2.581898
v -0.470084 -0.719221 2.343025
v -0.480191 -0.940916 2.486352
v -0.455525 -0.725458 2.334793
v -0.470727 -0.944970 2.481001
v -0.439349 -0.722274 2.341637
v -0.460213 -0.942900 2.485450
v -0.437732 -0.712853 2.356713
v -0.459162 -0.936776 2.495249
v -0.452292 -0.706616 2.364944
v -0.468626 -0.932722 2.500600
v -0.468468 -0.709800 2.358100
v -0.479141 -0.934792 2.496151
v -0.469677 -0.938846 2.490800
v -0.469677 -0.938846 2.490800
v -0.325400 -1.177872 2.204356
v -0.432223 -1.123836 2.440604
v -0.391709 -0.945077 2.311842
v -0.469677 -0.938846 2.490800
v -0.322083 -1.142522 2.179783
v -0.511191 -1.017941 2.317121
v -0.310087 -1.022691 2.415665
v -0.469677 -0.938846 2.490800
v -0.324368 -1.168877 2.197593
v -0.407330 -1.117888 2.443888
v -0.415776 -0.943828 2.303147
v -0.469677 -0.938846 2.490800
v -0.320615 -1.110593 2.161736
v -0.308411 -1.009397 2.406183
v -0.511692 -1.005693 2.312166
v -0.469677 -0.938846 2.490800
v -0.326288 -1.184781 2.209810
v -0.451096 -0.968758 2.298696
v -0.373546 -1.105682 2.458113
v -0.469677 -0.938846 2.490800
v -0.426882 -0.880823 2.884249
v -0.563878 -0.911007 2.659605
v -0.341239 -0.920267 2.636755
v -0.469677 -0.938846 2.490800
v -0.414401 -0.751970 2.840117
v -0.550238 -0.819957 2.623161
v -0.344895 -0.908234 2.637894
v -0.469677 -0.938846 2.490800
v -0.428020 -0.890770 2.885710
v -0.364842 -0.988673 2.647870
v -0.541186 -0.850558 2.649658
v -0.469677 -0.938846 2.490800
v -0.417518 -0.788966 2.857973
v -0.453932 -0.982223 2.680575
v -0.443695 -0.775565 2.594763
v -0.469677 -0.938846 2.490800
v -0.414731 -0.756133 2.842364
v -0.557081 -0.842182 2.636267
v -0.338316 -0.889340 2.626585
v -0.443075 -0.703381 2.356280
v -0.554764 -0.736682 2.593366
v -0.459031 -0.698939 2.349622
v -0.565135 -0.733795 2.589038
v -0.469864 -0.711595 2.343211
v -0.572177 -0.742022 2.584871
v -0.464742 -0.728693 2.343458
v -0.568848 -0.753135 2.585031
v -0.448786 -0.733135 2.350116
v -0.558476 -0.756023 2.589359
v -0.437953 -0.720479 2.356526
v -0.551434 -0.747796 2.593526
v -0.561806 -0.744909 2.589199
v -0.561806 -0.744909 2.589199
v -0.887135 -0.515671 2.629331
v -0.632834 -0.579962 2.665956
v -0.751041 -0.726465 2.544548
v -0.561806 -0.744909 2.589199
v -0.888781 -0.558889 2.725153
v -0.744896 -0.691730 2.546843
v -0.640296 -0.649272 2.740317
v -0.561806 -0.744909 2.589199
v -0.884783 -0.510205 2.613692
v -0.752639 -0.739126 2.630346
v -0.629354 -0.562929 2.567646
v -0.561806 -0.744909 2.589199
v -0.881257 -0.504250 2.595073
v -0.636371 -0.576372 2.524550
v -0.742801 -0.720918 2.658547
v -0.561806 -0.744909 2.589199
v -0.886402 -0.513774 2.624040
v -0.649538 -0.581856 2.527064
v -0.733750 -0.723054 2.679207
v -0.561806 -0.744909 2.589199
v -0.463659 -1.131823 2.563421
v -0.525261 -0.892917 2.467124
v -0.519833 -0.906432 2.690650
v -0.561806 -0.744909 2.589199
v -0.470672 -1.134261 2.579236
v -0.488697 -0.894774 2.690882
v -0.562007 -0.906526 2.479545
v -0.561806 -0.744909 2.589199
v -0.462018 -1.131134 2.559665
v -0.532398 -0.893599 2.466030
v -0.511383 -0.905199 2.688740
v -0.561806 -0.744909 2.589199
v -0.454316 -1.127261 2.541738
v -0.508386 -0.908696 2.681200
v -0.529234 -0.887004 2.459229
v -0.561806 -0.744909 2.589199
v -0.472677 -1.134813 2.583691
v -0.467112 -0.886046 2.492983
v -0.585196 -0.915695 2.681007
v -0.308522 -0.719557 1.987154
v -0.241159 -0.901503 2.310891
v -0.286131 -0.704262 1.991499
v -0.226604 -0.891561 2.313715
v -0.288020 -0.680912 2.005830
v -0.227832 -0.876384 2.323031
v -0.312301 -0.672857 2.015818
v -0.243615 -0.871148 2.329522
v -0.334692 -0.688152 2.011473
v -0.258169 -0.881090 2.326698
v -0.332803 -0.711502 1.997141
v -0.256941 -0.896267 2.317383
v -0.243997 -0.901742 2.311354
v 0.007389 -0.955653 2.372114
v -0.238555 -0.887057 2.302788
v 0.010926 -0.946107 2.366546
v -0.236945 -0.871640 2.311640
v 0.011973 -0.936086 2.372300
v -0.240777 -0.870908 2.329059
v 0.009482 -0.935611 2.383623
v -0.246218 -0.885593 2.337626
v 0.005945 -0.945156 2.389191
v -0.247828 -0.901010 2.328773
v 0.004899 -0.955177 2.383437
v 0.008436 -0.945632 2.377868
v 0.008436 -0.945632 2.377868
v 0.247155 -0.773014 2.107284
v 0.044434 -0.782015 2.277480
v 0.163414 -0.971154 2.261789
v 0.008436 -0.945632 2.377868
v 0.262513 -0.780729 2.116618
v 0.050615 -0.784775 2.275447
v 0.169518 -0.974566 2.271289
v 0.008436 -0.945632 2.377868
v 0.208711 -0.756470 2.087855
v 0.031278 -0.776177 2.283490
v 0.145814 -0.963757 2.240236
v 0.008436 -0.945632 2.377868
v 0.302854 -0.804831 2.146583
v 0.119446 -0.790205 2.337087
v 0.132960 -0.988418 2.233622
v 0.008436 -0.945632 2.377868
v 0.087971 -0.723997 2.054523
v 0.148485 -0.884755 2.256114
v -0.067986 -0.829201 2.240947
v 0.008436 -0.945632 2.377868
v 0.032472 -0.807007 2.752309
v 0.094288 -0.814951 2.494899
v -0.058187 -0.965412 2.560390
v 0.008436 -0.945632 2.377868
v 0.110425 -0.834054 2.748204
v -0.050517 -0.935175 2.563770
v 0.148980 -0.866826 2.488236
v 0.008436 -0.945632 2.377868
v 0.009890 -0.800328 2.750541
v -0.029451 -0.789459 2.488858
v 0.047486 -0.985562 2.565017
v 0.008436 -0.945632 2.377868
v 0.017891 -0.802636 2.751316
v -0.054234 -0.803689 2.496481
v 0.078670 -0.973178 2.558014
v 0.008436 -0.945632 2.377868
v 0.060650 -0.816058 2.752681
v 0.006095 -0.996315 2.566468
v 0.052548 -0.791290 2.489119
v -0.233425 -0.872301 2.326660
v -0.340070 -0.921032 2.563398
v -0.249824 -0.870100 2.319961
v -0.350729 -0.919601 2.559044
v -0.258786 -0.884124 2.313508
v -0.356555 -0.928717 2.554850
v -0.251349 -0.900350 2.313754
v -0.351721 -0.939264 2.555010
v -0.234950 -0.902551 2.320452
v -0.341061 -0.940695 2.559364
v -0.225988 -0.888527 2.326905
v -0.335236 -0.931579 2.563558
v -0.345895 -0.930148 2.559204
v -0.690690 -0.807090 2.720367
v -0.540116 -0.927556 2.538819
v -0.427510 -0.834294 2.708519
v -0.345895 -0.930148 2.559204
v -0.701367 -0.752977 2.606639
v -0.438222 -0.772863 2.629070
v -0.537946 -0.945696 2.527286
v -0.345895 -0.930148 2.559204
v -0.674677 -0.715428 2.483062
v -0.420382 -0.749920 2.548544
v -0.534435 -0.938600 2.508950
v -0.345895 -0.930148 2.559204
v -0.696457 -0.792854 2.694323
v -0.538425 -0.923895 2.526997
v -0.433815 -0.826566 2.699507
v -0.345895 -0.930148 2.559204
v -0.686296 -0.724042 2.518611
v -0.497939 -0.852121 2.653747
v -0.466172 -0.843291 2.432187
v -0.345895 -0.930148 2.559204
v -0.295121 -1.311357 2.669210
v -0.436679 -1.096214 2.607417
v -0.214492 -1.069050 2.598995
v -0.345895 -0.930148 2.559204
v -0.257835 -1.318586 2.596105
v -0.414766 -1.105695 2.610039
v -0.206576 -1.065351 2.537890
v -0.345895 -0.930148 2.559204
v -0.284007 -1.315147 2.648341
v -0.264036 -1.097074 2.499381
v -0.378244 -1.071222 2.690337
v -0.345895 -0.930148 2.559204
v -0.269827 -1.318018 2.620609
v -0.343795 -1.073794 2.691512
v -0.287141 -1.096798 2.476020
v -0.345895 -0.930148 2.559204
v -0.243308 -1.316726 2.564985
v -0.310932 -1.088062 2.449729
v -0.298789 -1.081496 2.673303
v -0.345895 -0.930148 2.559204
v -0.515297 -0.928580 2.921558
v -0.514899 -0.922408 2.656783
v -0.312413 -0.936634 2.751508
v -0.345895 -0.930148 2.559204
v -0.553946 -0.895696 2.899098
v -0.523275 -0.941794 2.640103
v -0.334956 -0.890940 2.750220
v -0.345895 -0.930148 2.559204
v -0.521312 -0.923638 2.918629
v -0.410987 -1.039338 2.707476
v -0.421137 -0.815750 2.698472
v -0.345895 -0.930148 2.559204
v -0.583194 -0.868704 2.875296
v -0.513139 -0.850093 2.620560
v -0.368490 -0.961048 2.750721
v -0.345895 -0.930148 2.559204
v -0.528109 -0.917979 2.915083
v -0.437194 -1.035612 2.695901
v -0.400368 -0.814949 2.707211
v -0.240959 -0.902472 2.312732
v -0.217405 -1.005561 2.554829
v -0.226328 -0.892688 2.315705
v -0.207895 -0.999201 2.556761
v -0.227756 -0.876541 2.323180
v -0.208823 -0.988705 2.561620
v -0.243815 -0.870178 2.327682
v -0.219261 -0.984570 2.564547
v -0.258446 -0.879963 2.324709
v -0.228771 -0.990930 2.562614
v -0.257018 -0.896110 2.317234
v -0.227843 -1.001425 2.557755
v -0.218333 -0.995065 2.559688
v -0.544836 -0.870603 2.754379
v -0.412253 -1.012870 2.574586
v -0.285616 -0.877690 2.700543
v -0.218333 -0.995065 2.559688
v -0.564695 -0.820059 2.656672
v -0.333755 -0.840602 2.528655
v -0.380001 -1.009523 2.668308
v -0.218333 -0.995065 2.559688
v -0.564051 -0.823874 2.665387
v -0.411232 -1.020875 2.576052
v -0.302009 -0.832302 2.627883
v -0.218333 -0.995065 2.559688
v -0.521041 -0.905187 2.805228
v -0.410604 -0.962879 2.571520
v -0.268228 -0.955349 2.744287
v -0.218333 -0.995065 2.559688
v -0.520249 -0.906199 2.806567
v -0.341067 -1.065629 2.694229
v -0.337132 -0.853409 2.622650
v -0.218333 -0.995065 2.559688
v -0.001164 -1.143246 2.861151
v -0.150046 -0.961104 2.739486
v -0.112885 -1.147572 2.621060
v -0.218333 -0.995065 2.559688
v 0.048101 -1.121917 2.829728
v -0.170901 -1.139856 2.681875
v -0.052618 -0.951756 2.653532
v -0.218333 -0.995065 2.559688
v 0.059266 -1.116183 2.820971
v -0.032615 -0.974902 2.616664
v -0.181972 -1.112122 2.711739
v -0.218333 -0.995065 2.559688
v 0.051870 -1.120024 2.826850
v -0.189937 -1.049338 2.745139
v -0.030566 -1.040760 2.587966
v -0.218333 -0.995065 2.559688
v 0.103023 -1.089208 2.778473
v -0.052426 -0.927580 2.637563
v -0.127155 -1.137865 2.656841
v -0.480918 -0.356817 1.579210
v -0.820801 -0.597210 1.921892
v -0.486164 -0.388999 1.552343
v -0.824211 -0.618128 1.904428
v -0.461252 -0.423019 1.555009
v -0.808018 -0.640241 1.906160
v -0.431095 -0.424857 1.584542
v -0.788416 -0.641436 1.925357
v -0.425849 -0.392675 1.611409
v -0.785006 -0.620518 1.942821
v -0.450760 -0.358655 1.608744
v -0.801199 -0.598404 1.941088
v -0.804609 -0.619323 1.923624
v -0.820007 -0.596589 1.923116
v -1.096360 -0.798938 1.764586
v -0.803800 -0.602675 1.901798
v -1.085825 -0.802894 1.750729
v -0.788401 -0.625409 1.902306
v -1.075816 -0.817670 1.751060
v -0.789210 -0.642056 1.924133
v -1.076342 -0.828491 1.765247
v -0.805418 -0.635970 1.945451
v -1.086877 -0.824535 1.779104
v -0.820816 -0.613237 1.944942
v -1.096886 -0.809759 1.778773
v -1.096108 -0.798797 1.763965
v -1.161637 -0.864893 1.516720
v -1.078929 -0.798550 1.759121
v -1.150471 -0.864733 1.513571
v -1.069172 -0.813468 1.760072
v -1.144129 -0.874429 1.514189
v -1.076594 -0.828632 1.765867
v -1.148953 -0.884286 1.517956
v -1.093773 -0.828879 1.770712
v -1.160119 -0.884447 1.521105
v -1.103530 -0.813962 1.769761
v -1.166461 -0.874750 1.520487
v -1.155295 -0.874590 1.517338
v -1.155295 -0.874590 1.517338
v -0.828831 -0.647936 1.472067
v -1.014644 -0.776199 1.610508
v -1.034774 -0.791658 1.387951
v -1.155295 -0.874590 1.517338
v -0.827943 -0.646445 1.489218
v -1.039910 -0.748051 1.611243
v -1.008798 -0.818613 1.400936
v -1.155295 -0.874590 1.517338
v -0.894288 -0.704234 1.266630
v -0.984902 -0.896638 1.424472
v -1.116882 -0.716257 1.409638
v -1.155295 -0.874590 1.517338
v -0.887790 -0.699142 1.277215
v -0.992952 -0.766208 1.510854
v -1.103634 -0.842613 1.331724
v -1.155295 -0.874590 1.517338
v -0.842970 -0.662226 1.385599
v -1.046312 -0.715221 1.546806
v -1.014417 -0.864068 1.382479
v -1.155295 -0.874590 1.517338
v -1.273805 -1.228454 1.661337
v -1.247982 -0.964878 1.663629
v -1.157415 -1.067392 1.486246
v -1.155295 -0.874590 1.517338
v -1.218251 -1.152103 1.798448
v -1.070472 -0.989628 1.650437
v -1.290482 -0.981562 1.609127
v -1.155295 -0.874590 1.517338
v -1.264477 -1.218283 1.690410
v -1.292538 -0.963379 1.624224
v -1.105397 -1.060755 1.548910
v -1.155295 -0.874590 1.517338
v -1.289434 -1.241466 1.603412
v -1.246168 -0.984505 1.650772
v -1.171733 -1.058176 1.452763
v -1.155295 -0.874590 1.517338
v -1.276423 -1.231029 1.652538
v -1.244432 -0.968356 1.663647
v -1.163060 -1.065975 1.479188
v -1.074481 -0.823819 1.756219
v -1.134179 -1.023090 1.919069
v -1.069337 -0.814130 1.770302
v -1.130836 -1.016793 1.928223
v -1.081208 -0.804026 1.778999
v -1.138552 -1.010225 1.933876
v -1.098222 -0.803610 1.773613
v -1.149611 -1.009955 1.930375
v -1.103365 -0.813299 1.759531
v -1.152954 -1.016252 1.921221
v -1.091494 -0.823403 1.750833
v -1.145238 -1.022820 1.915568
v -1.141895 -1.016523 1.924722
v -0.841386 -0.842714 2.123430
v -0.966474 -0.932335 1.907873
v -1.076909 -0.961663 2.100538
v -1.141895 -1.016523 1.924722
v -0.856438 -0.913947 2.185476
v -1.024234 -0.872666 1.984766
v -1.031190 -1.078318 2.073281
v -1.141895 -1.016523 1.924722
v -0.850620 -0.893604 2.169773
v -1.014993 -1.071495 2.062628
v -1.035777 -0.863215 1.982857
v -1.141895 -1.016523 1.924722
v -0.849613 -0.889618 2.166520
v -1.100307 -0.945333 2.101772
v -0.949658 -0.986188 1.941111
v -1.141895 -1.016523 1.924722
v -0.840270 -0.825509 2.105101
v -1.007990 -0.875543 1.906328
v -1.034500 -1.004691 2.087419
v -1.141895 -1.016523 1.924722
v -1.482637 -0.852186 1.794768
v -1.256122 -0.987001 1.769080
v -1.300262 -0.914575 1.976401
v -1.141895 -1.016523 1.924722
v -1.528027 -0.934750 1.859798
v -1.275134 -0.874452 1.910325
v -1.317562 -1.093175 1.887180
v -1.141895 -1.016523 1.924722
v -1.538020 -1.060371 1.958813
v -1.313487 -0.923309 1.928106
v -1.287203 -1.144815 1.948611
v -1.141895 -1.016523 1.924722
v -1.534265 -0.955689 1.876297
v -1.277120 -0.901808 1.842876
v -1.320566 -1.082571 1.967828
v -1.141895 -1.016523 1.924722
v -1.511726 -0.897056 1.830104
v -1.254615 -0.862472 1.883410
v -1.325040 -1.075000 1.890339
v -1.141895 -1.016523 1.924722
v -1.060664 -1.203934 2.268639
v -1.097237 -1.188019 2.006812
v -1.121569 -0.994956 2.117765
v -1.141895 -1.016523 1.924722
v -1.053901 -1.197666 2.270329
v -1.078913 -1.182010 2.007131
v -1.134482 -0.995950 2.118799
v -1.141895 -1.016523 1.924722
v -1.024609 -1.168791 2.275519
v -1.109151 -1.180995 2.024825
v -1.080810 -0.973864 2.105257
v -1.141895 -1.016523 1.924722
v -1.186073 -1.295965 2.207494
v -1.238744 -1.066120 2.086908
v -1.080389 -1.190479 1.988754
v -1.141895 -1.016523 1.924722
v -1.138924 -1.266582 2.236910
v -1.177493 -1.034152 2.115944
v -1.103920 -1.198941 1.983250
v -1.095848 -0.798600 1.764880
v -1.294013 -0.930759 1.650609
v -1.085420 -0.802622 1.750962
v -1.287235 -0.933374 1.641562
v -1.075924 -0.817737 1.750997
v -1.281062 -0.943198 1.641586
v -1.076854 -0.828829 1.764952
v -1.281667 -0.950408 1.650656
v -1.087282 -0.824807 1.778871
v -1.288445 -0.947794 1.659703
v -1.096779 -0.809692 1.778835
v -1.294617 -0.937969 1.659680
v -1.287840 -0.940584 1.650633
v -1.287840 -0.940584 1.650633
v -1.239669 -0.863938 1.261011
v -1.241029 -0.804101 1.519007
v -1.296114 -1.015749 1.470561
v -1.287840 -0.940584 1.650633
v -1.230997 -0.858192 1.263360
v -1.334064 -0.819792 1.504288
v -1.196141 -0.995462 1.487159
v -1.287840 -0.940584 1.650633
v -1.243524 -0.866502 1.260059
v -1.255558 -1.020347 1.475305
v -1.284669 -0.801555 1.513501
v -1.287840 -0.940584 1.650633
v -1.073745 -0.760529 1.364724
v -1.171036 -0.789603 1.609332
v -1.233368 -0.947521 1.463206
v -1.287840 -0.940584 1.650633
v -1.114555 -0.784459 1.325675
v -1.118299 -0.886973 1.569849
v -1.318752 -0.869295 1.471451
v -1.287840 -0.940584 1.650633
v -1.358963 -1.262374 1.877332
v -1.370715 -1.005170 1.815267
v -1.261863 -1.133429 1.667358
v -1.287840 -0.940584 1.650633
v -1.454281 -1.279711 1.782123
v -1.339836 -1.122527 1.602291
v -1.368996 -1.029942 1.804167
v -1.287840 -0.940584 1.650633
v -1.390116 -1.271946 1.849979
v -1.265978 -1.134398 1.660731
v -1.391522 -1.011859 1.800011
v -1.287840 -0.940584 1.650633
v -1.369407 -1.265960 1.868525
v -1.271239 -1.134939 1.660341
v -1.369694 -1.006529 1.815239
v -1.287840 -0.940584 1.650633
v -1.355881 -1.261246 1.879863
v -1.217890 -1.113384 1.708867
v -1.412222 -1.024313 1.775782
v -0.802564 -0.643007 1.909875
v -0.681270 -0.806029 2.227931
v -0.781151 -0.625844 1.910921
v -0.667352 -0.794873 2.228610
v -0.783195 -0.602160 1.924670
v -0.668681 -0.779478 2.237547
v -0.806653 -0.595638 1.937374
v -0.683928 -0.775239 2.245805
v -0.828066 -0.612801 1.936328
v -0.697847 -0.786395 2.245125
v -0.826022 -0.636486 1.922579
v -0.696518 -0.801790 2.236188
v -0.682599 -0.790634 2.236868
v -0.673608 -0.775901 2.241423
v -0.820328 -0.761722 2.460661
v -0.688483 -0.774613 2.231639
v -0.829996 -0.760885 2.454302
v -0.697474 -0.789346 2.227084
v -0.835841 -0.770461 2.451341
v -0.691590 -0.805367 2.232312
v -0.832016 -0.780875 2.454739
v -0.676715 -0.806656 2.242096
v -0.822347 -0.781713 2.461099
v -0.667724 -0.791923 2.246651
v -0.816503 -0.772136 2.464060
v -0.826172 -0.771299 2.457700
v -0.826172 -0.771299 2.457700
v -1.014085 -0.586934 2.156539
v -0.979614 -0.777657 2.337039
v -0.823060 -0.617449 2.337432
v -0.826172 -0.771299 2.457700
v -1.046989 -0.576974 2.186633
v -0.835022 -0.615114 2.340773
v -0.993976 -0.772023 2.357774
v -0.826172 -0.771299 2.457700
v -1.115039 -0.563438 2.275081
v -0.996243 -0.783434 2.362450
v -0.887194 -0.592875 2.406855
v -0.826172 -0.771299 2.457700
v -1.092829 -0.566465 2.241052
v -0.956503 -0.625863 2.460211
v -0.909166 -0.752867 2.281871
v -0.826172 -0.771299 2.457700
v -1.103661 -0.564770 2.256838
v -1.009944 -0.772621 2.391594
v -0.864391 -0.604754 2.363117
v 0.064642 -0.000169 1.093187
v 0.122752 0.018828 1.861093
v 0.032321 0.056190 1.095201
v 0.101743 0.055461 1.862402
v -0.032321 0.056359 1.102014
v 0.059726 0.055571 1.866831
v -0.064642 0.000169 1.106813
v 0.038718 0.019047 1.869950
v -0.032321 -0.056190 1.104799
v 0.059726 -0.017586 1.868641
v 0.032321 -0.056359 1.097986
v 0.101743 -0.017696 1.864212
v 0.122736 0.020003 1.861066
v 0.122122 0.498373 2.109866
v 0.097885 0.036256 1.831010
v 0.105968 0.508937 2.090330
v 0.055884 0.035190 1.835466
v 0.078668 0.508245 2.093226
v 0.038734 0.017872 1.869977
v 0.067521 0.496988 2.115658
v 0.063585 0.001619 1.900033
v 0.083674 0.486423 2.135194
v 0.105586 0.002685 1.895577
v 0.110974 0.487116 2.132298
v 0.122192 0.498021 2.110544
v 0.099029 0.857829 1.998966
v 0.106761 0.490723 2.089030
v 0.089000 0.853085 1.984982
v 0.079391 0.490382 2.091248
v 0.071209 0.852864 1.986424
v 0.067450 0.497340 2.114981
v 0.063447 0.857386 2.001850
v 0.082881 0.504638 2.136494
v 0.073477 0.862130 2.015834
v 0.110251 0.504978 2.134276
v 0.091268 0.862351 2.014392
v 0.099045 0.858541 2.001246
v 0.096881 0.987341 1.770597
v 0.091201 0.844613 1.993300
v 0.091783 0.978288 1.765432
v 0.073395 0.843679 1.992462
v 0.080209 0.977681 1.764888
v 0.063432 0.856674 1.999571
v 0.073733 0.986127 1.769508
v 0.071275 0.870602 2.007516
v 0.078831 0.995180 1.774673
v 0.089082 0.871535 2.008354
v 0.090405 0.995787 1.775217
v 0.085307 0.986734 1.770052
v 0.146374 0.761383 1.445264
v 0.082627 0.804989 1.698599
v 0.136840 0.988198 1.581675
v 0.085307 0.986734 1.770052
v 0.150423 0.656132 1.554501
v 0.009570 0.864247 1.638125
v 0.213136 0.844740 1.729539
v 0.085307 0.986734 1.770052
v 0.150372 0.651538 1.561701
v 0.186969 0.906353 1.623944
v 0.035697 0.798959 1.749480
v 0.085307 0.986734 1.770052
v 0.149509 0.628250 1.604622
v 0.203994 0.831706 1.765187
v 0.017981 0.854975 1.642574
v 0.085307 0.986734 1.770052
v 0.148107 0.734007 1.466432
v 0.005825 0.847018 1.659119
v 0.215029 0.924268 1.638089
v 0.085307 0.986734 1.770052
v -0.142901 1.313778 1.739009
v -0.037347 1.085908 1.654880
v 0.025395 1.149195 1.860390
v 0.085307 0.986734 1.770052
v -0.151371 1.309179 1.766495
v -0.072602 1.068419 1.689204
v 0.053873 1.163005 1.848055
v 0.085307 0.986734 1.770052
v -0.124508 1.317682 1.689732
v 0.066529 1.177407 1.807935
v -0.063768 1.060819 1.667914
v 0.085307 0.986734 1.770052
v -0.166344 1.291560 1.831317
v -0.016751 1.129621 1.684545
v -0.013956 1.087707 1.904571
v 0.085307 0.986734 1.770052
v -0.157699 1.303809 1.790338
v -0.065225 1.078582 1.686100
v 0.041434 1.148546 1.870233
v 0.085307 0.986734 1.770052
v 0.125882 1.027802 1.374240
v 0.035996 0.913760 1.595733
v 0.167078 1.092563 1.627722
v 0.085307 0.986734 1.770052
v 0.124868 1.054197 1.377772
v 0.146909 0.912309 1.600317
v 0.055353 1.115129 1.625964
v 0.085307 0.986734 1.770052
v 0.127349 0.975295 1.372433
v 0.086716 1.092989 1.606187
v 0.117532 0.871328 1.615822
v 0.085307 0.986734 1.770052
v 0.124868 1.054209 1.377774
v -0.009568 1.002794 1.600097
v 0.211831 1.024654 1.626185
v 0.085307 0.986734 1.770052
v 0.126996 0.990589 1.372250
v 0.212367 1.003180 1.622644
v -0.008402 0.973372 1.599219
v 0.066137 0.854256 1.991499
v -0.055866 1.032286 2.143859
v 0.070161 0.844823 2.006110
v -0.053251 1.026155 2.153356
v 0.085262 0.848174 2.015019
v -0.043435 1.028333 2.159147
v 0.096340 0.860958 2.009317
v -0.036235 1.036642 2.155441
v 0.092316 0.870391 1.994707
v -0.038850 1.042774 2.145944
v 0.077214 0.867040 1.985798
v -0.048666 1.040596 2.140153
v -0.046051 1.034464 2.149650
v -0.046051 1.034464 2.149650
v -0.148433 0.716111 2.369125
v -0.006028 0.931669 2.310819
v -0.167979 0.882577 2.164062
v -0.046051 1.034464 2.149650
v -0.133989 0.700366 2.351256
v 0.020004 0.859519 2.205996
v -0.182456 0.942131 2.254589
v -0.046051 1.034464 2.149650
v -0.127500 0.693952 2.343087
v 0.030731 0.874447 2.231156
v -0.187992 0.922072 2.222894
v -0.046051 1.034464 2.149650
v -0.139951 0.706613 2.358687
v -0.119865 0.967483 2.317605
v -0.047357 0.839165 2.148925
v -0.046051 1.034464 2.149650
v -0.178840 0.756788 2.405116
v -0.157469 1.001733 2.306681
v -0.040864 0.845055 2.196992
v -0.046051 1.034464 2.149650
v 0.234514 1.318978 2.167955
v 0.103476 1.105281 2.253433
v 0.028875 1.191259 2.060512
v -0.046051 1.034464 2.149650
v 0.071424 1.393591 2.280905
v 0.007257 1.214672 2.096475
v -0.005378 1.141558 2.307829
v -0.046051 1.034464 2.149650
v 0.092013 1.390160 2.269729
v 0.113742 1.136649 2.196218
v -0.095393 1.216836 2.199146
v -0.046051 1.034464 2.149650
v 0.159348 1.368665 2.227890
v -0.041568 1.198370 2.255758
v 0.113786 1.137919 2.106135
v -0.046051 1.034464 2.149650
v 0.084044 1.391646 2.274136
v -0.075517 1.180270 2.276207
v 0.087492 1.174404 2.122683
v 0.098900 0.859344 1.998490
v 0.059679 1.108996 1.921494
v 0.088938 0.853770 1.984767
v 0.053204 1.105373 1.912574
v 0.071276 0.852033 1.986685
v 0.041723 1.104244 1.913820
v 0.063576 0.855871 2.002326
v 0.036719 1.106739 1.923987
v 0.073539 0.861445 2.016049
v 0.043194 1.110362 1.932907
v 0.091201 0.863181 2.014131
v 0.054675 1.111491 1.931660
v 0.048199 1.107867 1.922740
v 0.011117 0.833431 1.634106
v 0.099604 1.059141 1.740731
v -0.032872 0.937045 1.873842
v 0.048199 1.107867 1.922740
v -0.010898 0.944846 1.562280
v 0.108880 0.971289 1.797010
v -0.059760 1.114028 1.760103
v 0.048199 1.107867 1.922740
v 0.009707 0.839121 1.628982
v 0.110038 0.935739 1.854244
v -0.044433 1.064999 1.756230
v 0.048199 1.107867 1.922740
v -0.019944 1.011847 1.540462
v 0.090428 1.150925 1.736980
v -0.048544 0.987994 1.802678
v 0.048199 1.107867 1.922740
v -0.016562 0.984512 1.547788
v 0.028906 0.951986 1.806667
v 0.015683 1.165064 1.738851
v 0.048199 1.107867 1.922740
v -0.191934 1.195897 2.230290
v -0.042841 1.251622 2.018606
v -0.052867 1.034537 2.072914
v 0.048199 1.107867 1.922740
v -0.194609 1.243559 2.210198
v -0.011722 1.082264 2.106854
v -0.086127 1.242025 1.968592
v 0.048199 1.107867 1.922740
v -0.194290 1.270351 2.196233
v -0.048809 1.076567 2.089335
v -0.048785 1.269154 1.974939
v 0.048199 1.107867 1.922740
v -0.173917 1.094206 2.255122
v -0.004561 1.204580 2.084007
v -0.076734 1.000226 2.027378
v 0.048199 1.107867 1.922740
v -0.183670 1.138162 2.247269
v -0.128034 1.159512 1.989213
v 0.038937 1.080458 2.115890
v 0.048199 1.107867 1.922740
v -0.021343 1.467939 1.763014
v -0.006664 1.203503 1.761532
v 0.047428 1.300289 1.956167
v 0.048199 1.107867 1.922740
v -0.023603 1.373931 1.632819
v -0.048506 1.140968 1.756318
v 0.087462 1.287618 1.857226
v 0.048199 1.107867 1.922740
v -0.018582 1.285639 1.570692
v 0.047499 1.083798 1.728925
v -0.004526 1.274154 1.834917
v 0.048199 1.107867 1.922740
v -0.018951 1.290398 1.573207
v 0.001755 1.277040 1.836905
v 0.040923 1.084719 1.728948
v 0.048199 1.107867 1.922740
v -0.023272 1.364206 1.624106
v 0.121289 1.255194 1.817400
v -0.082068 1.165611 1.789173
v 0.071495 0.504867 2.100176
v -0.101897 0.492025 2.435165
v 0.078003 0.478328 2.102921
v -0.097667 0.474775 2.436950
v 0.101330 0.471142 2.115508
v -0.082504 0.470104 2.445131
v 0.118148 0.490494 2.125348
v -0.071573 0.482683 2.451528
v 0.111639 0.517032 2.122603
v -0.075803 0.499933 2.449743
v 0.088313 0.524219 2.110017
v -0.090965 0.504604 2.441562
v -0.086735 0.487354 2.443346
v -0.101807 0.492407 2.435227
v -0.226733 0.294415 2.557643
v -0.091028 0.480504 2.427431
v -0.219727 0.286678 2.552576
v -0.075955 0.475451 2.435551
v -0.209929 0.283393 2.557854
v -0.071662 0.482301 2.451466
v -0.207139 0.287846 2.568199
v -0.082442 0.494204 2.459262
v -0.214146 0.295583 2.573266
v -0.097514 0.499257 2.451142
v -0.223943 0.298867 2.567988
v -0.216936 0.291130 2.562921
v -0.185500 0.053297 2.242848
v -0.127499 0.134405 2.488208
v -0.281224 0.257589 2.381576
v -0.216936 0.291130 2.562921
v -0.205440 0.025821 2.263791
v -0.167440 0.262621 2.376156
v -0.257235 0.107392 2.510382
v -0.216936 0.291130 2.562921
v -0.221352 0.005886 2.282535
v -0.116636 0.208545 2.417100
v -0.320769 0.145520 2.484433
v -0.216936 0.291130 2.562921
v -0.118994 0.166980 2.195506
v -0.132080 0.341425 2.394357
v -0.223438 0.141515 2.437553
v -0.216936 0.291130 2.562921
v -0.198065 0.035657 2.255712
v -0.231513 0.272686 2.369036
v -0.187262 0.105196 2.511039
v -0.216936 0.291130 2.562921
v -0.035677 0.373718 2.909799
v -0.205031 0.244710 2.752255
v -0.083834 0.403621 2.651089
v -0.216936 0.291130 2.562921
v -0.100830 0.284435 2.945641
v -0.196573 0.179697 2.722018
v -0.144415 0.397208 2.710000
v -0.216936 0.291130 2.562921
v -0.126307 0.252872 2.950636
v -0.071628 0.280980 2.693023
v -0.289741 0.270674 2.742990
v -0.216936 0.291130 2.562921
v -0.114531 0.267266 2.948853
v -0.225148 0.181190 2.724134
v -0.126800 0.381980 2.710454
v -0.216936 0.291130 2.562921
v -0.116148 0.265270 2.949150
v -0.256192 0.203525 2.733004
v -0.097050 0.358048 2.701821
v -0.216936 0.291130 2.562921
v -0.361517 -0.066785 2.667770
v -0.211639 0.099397 2.526121
v -0.337898 0.196532 2.683600
v -0.216936 0.291130 2.562921
v -0.369475 -0.056009 2.690302
v -0.344991 0.207639 2.684474
v -0.210912 0.096910 2.543273
v -0.216936 0.291130 2.562921
v -0.347323 -0.080961 2.630354
v -0.374793 0.179321 2.589828
v -0.163389 0.105266 2.589961
v -0.216936 0.291130 2.562921
v -0.310192 -0.097379 2.543846
v -0.181589 0.114238 2.637780
v -0.326888 0.157215 2.472803
v -0.216936 0.291130 2.562921
v -0.338123 -0.087444 2.607591
v -0.190635 0.125458 2.662946
v -0.340187 0.153943 2.498633
v -0.077581 0.472727 2.447917
v 0.040950 0.613711 2.637303
v -0.070961 0.483949 2.435715
v 0.045253 0.621005 2.629371
v -0.080116 0.498576 2.431144
v 0.039302 0.630513 2.626400
v -0.095889 0.501981 2.438776
v 0.029050 0.632726 2.631361
v -0.102508 0.490759 2.450978
v 0.024747 0.625432 2.639293
v -0.093354 0.476132 2.455549
v 0.030697 0.615924 2.642263
v 0.035000 0.623219 2.634332
v 0.035000 0.623219 2.634332
v 0.311063 0.659191 2.347112
v 0.189203 0.538893 2.549158
v 0.101647 0.736322 2.489730
v 0.035000 0.623219 2.634332
v 0.345367 0.694171 2.392180
v 0.222975 0.675612 2.626316
v 0.095319 0.627588 2.448626
v 0.035000 0.623219 2.634332
v 0.339668 0.687846 2.383333
v 0.150506 0.758979 2.554511
v 0.163228 0.539160 2.513354
v 0.035000 0.623219 2.634332
v 0.307820 0.656196 2.343675
v 0.109350 0.539310 2.474409
v 0.178906 0.733509 2.561729
v 0.035000 0.623219 2.634332
v 0.361778 0.714148 2.422323
v 0.194068 0.551275 2.546780
v 0.137354 0.767907 2.552277
v 0.035000 0.623219 2.634332
v -0.361512 0.669166 2.660161
v -0.136622 0.582104 2.550668
v -0.110588 0.701091 2.738659
v 0.035000 0.623219 2.634332
v -0.349379 0.705069 2.708855
v -0.109815 0.606706 2.764332
v -0.127688 0.705212 2.563950
v 0.035000 0.623219 2.634332
v -0.363038 0.660268 2.648223
v -0.128891 0.629640 2.528302
v -0.119539 0.646437 2.751475
v 0.035000 0.623219 2.634332
v -0.342063 0.718725 2.727615
v -0.078739 0.726548 2.754874
v -0.152912 0.596294 2.588416
v 0.035000 0.623219 2.634332
v -0.359414 0.678064 2.672148
v -0.131446 0.546574 2.701899
v -0.114085 0.743740 2.597018
v 0.122038 0.496834 2.109198
v 0.142701 0.842639 2.258998
v 0.105892 0.506785 2.089337
v 0.132205 0.849107 2.246088
v 0.078675 0.507631 2.092901
v 0.114514 0.849656 2.248405
v 0.067604 0.498526 2.116326
v 0.107318 0.843738 2.263631
v 0.083750 0.488576 2.136187
v 0.117814 0.837271 2.276541
v 0.110968 0.487730 2.132623
v 0.135505 0.836721 2.274225
v 0.125010 0.843189 2.261315
v 0.142298 0.843581 2.256888
v 0.088490 1.040691 2.089420
v 0.131008 0.833110 2.247858
v 0.081151 1.033885 2.083551
v 0.113720 0.832718 2.252285
v 0.069914 1.033630 2.086428
v 0.107721 0.842796 2.265741
v 0.066014 1.040181 2.095175
v 0.119011 0.853267 2.274771
v 0.073353 1.046987 2.101045
v 0.136299 0.853660 2.270345
v 0.084590 1.047242 2.098167
v 0.077252 1.040436 2.092298
v 0.077252 1.040436 2.092298
v -0.000257 0.717538 1.869297
v 0.054594 0.846458 2.094053
v 0.037903 0.976096 1.912142
v 0.077252 1.040436 2.092298
v -0.038771 0.917659 1.729718
v -0.036277 0.915142 1.994541
v 0.097963 1.067509 1.899990
v 0.077252 1.040436 2.092298
v -0.007229 0.737325 1.845343
v 0.149533 0.918916 1.957567
v -0.062614 0.919467 2.029464
v 0.077252 1.040436 2.092298
v -0.039406 0.926798 1.726952
v -0.018507 0.904372 1.990019
v 0.079685 1.085590 1.902300
v 0.077252 1.040436 2.092298
v -0.028456 0.828517 1.769937
v 0.109634 1.012060 1.901798
v -0.039696 0.899277 2.024909
v 0.077252 1.040436 2.092298
v -0.155232 1.260415 2.332216
v 0.070689 1.143952 2.257783
v -0.102172 1.112903 2.118747
v 0.077252 1.040436 2.092298
v -0.130329 1.163993 2.411114
v -0.027952 1.186588 2.167901
v 0.016391 0.993130 2.271747
v 0.077252 1.040436 2.092298
v -0.136777 1.183583 2.398403
v -0.067652 1.160851 2.143748
v 0.050933 1.034539 2.285731
v 0.077252 1.040436 2.092298
v -0.129493 1.161581 2.412580
v 0.001888 1.194910 2.185045
v -0.012780 0.982877 2.255776
v 0.077252 1.040436 2.092298
v -0.145179 1.212759 2.376603
v 0.078068 1.165774 2.242077
v -0.101509 1.052956 2.169962
v 0.112159 0.849013 2.250380
v 0.014098 0.990174 2.451005
v 0.109691 0.834131 2.259923
v 0.012494 0.980501 2.457208
v 0.122542 0.828306 2.270858
v 0.020847 0.976715 2.464316
v 0.137860 0.837364 2.272250
v 0.030804 0.982602 2.465221
v 0.140328 0.852247 2.262707
v 0.032408 0.992276 2.459018
v 0.127477 0.858071 2.251772
v 0.024055 0.996062 2.451910
v 0.022451 0.986388 2.458113
v -0.109167 0.612412 2.511202
v -0.110701 0.874780 2.547322
v 0.050308 0.798816 2.411375
v 0.022451 0.986388 2.458113
v -0.109095 0.612370 2.511085
v -0.069322 0.835691 2.374375
v 0.008987 0.837871 2.584230
v 0.022451 0.986388 2.458113
v -0.140036 0.636435 2.563614
v 0.050046 0.793225 2.466509
v -0.135135 0.899588 2.534118
v 0.022451 0.986388 2.458113
v -0.057786 0.595378 2.432173
v -0.033926 0.827715 2.557050
v 0.014639 0.832253 2.338425
v 0.022451 0.986388 2.458113
v -0.149900 0.647148 2.581447
v 0.039277 0.832452 2.577128
v -0.132256 0.868933 2.437766
v 0.022451 0.986388 2.458113
v 0.416392 1.055664 2.454830
v 0.162605 1.110606 2.402700
v 0.197449 0.917591 2.510900
v 0.022451 0.986388 2.458113
v 0.406007 1.091575 2.500777
v 0.186812 1.033734 2.363839
v 0.164934 1.023191 2.586518
v 0.022451 0.986388 2.458113
v 0.376906 1.138420 2.564168
v 0.116628 1.096329 2.589215
v 0.211838 0.998073 2.411855
v 0.022451 0.986388 2.458113
v 0.346240 1.168045 2.606980
v 0.087881 1.143312 2.554226
v 0.216052 0.974789 2.481094
v 0.022451 0.986388 2.458113
v 0.414364 1.065841 2.467648
v 0.194371 0.934649 2.534994
v 0.164062 1.101689 2.388861
v 0.022451 0.986388 2.458113
v -0.256886 1.023957 2.741943
v -0.014092 1.049543 2.639276
v -0.164476 0.953289 2.504014
v 0.022451 0.986388 2.458113
v -0.274648 0.884422 2.705773
v -0.117983 1.053900 2.575861
v -0.074794 0.837303 2.538493
v 0.022451 0.986388 2.458113
v -0.273684 0.921901 2.719160
v -0.020900 0.948424 2.644724
v -0.171106 0.972763 2.480341
v 0.022451 0.986388 2.458113
v -0.220458 1.123481 2.744820
v -0.067196 1.144386 2.529837
v -0.082229 0.938065 2.615755
v 0.022451 0.986388 2.458113
v -0.216615 1.131418 2.744145
v -0.007735 1.134864 2.581352
v -0.138616 0.953937 2.563699
v 0.046411 0.043388 1.868537
v -0.130385 -0.278980 2.262950
v 0.046516 0.010268 1.842305
v -0.130317 -0.300508 2.245899
v 0.080840 -0.014183 1.839290
v -0.108006 -0.316401 2.243939
v 0.115059 -0.005514 1.862507
v -0.085764 -0.310766 2.259030
v 0.114953 0.027607 1.888738
v -0.085833 -0.289238 2.276080
v 0.080630 0.052058 1.891753
v -0.108143 -0.273344 2.278040
v -0.108075 -0.294873 2.260990
v -0.130989 -0.279773 2.262032
v -0.323300 -0.580661 2.139841
v -0.116016 -0.280436 2.239020
v -0.313567 -0.581093 2.124883
v -0.093102 -0.295536 2.237978
v -0.298672 -0.590908 2.124206
v -0.085160 -0.309973 2.259948
v -0.293510 -0.600291 2.138487
v -0.100133 -0.309309 2.282960
v -0.303243 -0.599860 2.153445
v -0.123048 -0.294209 2.284002
v -0.318137 -0.590045 2.154122
v -0.323518 -0.581432 2.142071
v -0.353593 -0.559952 1.880485
v -0.307999 -0.572705 2.140790
v -0.343506 -0.554279 1.879652
v -0.292886 -0.581749 2.137883
v -0.333682 -0.560158 1.877763
v -0.293292 -0.599521 2.136258
v -0.333946 -0.571709 1.876706
v -0.308811 -0.608248 2.137538
v -0.344033 -0.577382 1.877539
v -0.323924 -0.599204 2.140445
v -0.353857 -0.571504 1.879428
v -0.343770 -0.565831 1.878595
v -0.123816 -0.253657 1.759566
v -0.188127 -0.510138 1.774587
v -0.323449 -0.371784 1.887380
v -0.343770 -0.565831 1.878595
v -0.104078 -0.248616 1.834744
v -0.238963 -0.460826 1.751577
v -0.256822 -0.417063 1.970533
v -0.343770 -0.565831 1.878595
v -0.121685 -0.252713 1.766187
v -0.234216 -0.416707 1.941078
v -0.275656 -0.464460 1.726186
v -0.343770 -0.565831 1.878595
v -0.091661 -0.263408 1.949177
v -0.210987 -0.446436 1.799490
v -0.274865 -0.443287 2.014166
v -0.343770 -0.565831 1.878595
v -0.093385 -0.255700 1.912153
v -0.188405 -0.495173 1.973534
v -0.298826 -0.388383 1.810503
v -0.343770 -0.565831 1.878595
v -0.240203 -0.931855 1.754902
v -0.365198 -0.757386 1.910082
v -0.239488 -0.667095 1.748155
v -0.343770 -0.565831 1.878595
v -0.234960 -0.938823 1.783532
v -0.203129 -0.676430 1.800288
v -0.397362 -0.753625 1.880852
v -0.343770 -0.565831 1.878595
v -0.245718 -0.923343 1.728360
v -0.400407 -0.751561 1.857613
v -0.208691 -0.666110 1.779390
v -0.343770 -0.565831 1.878595
v -0.233891 -0.940073 1.789885
v -0.405520 -0.749854 1.857001
v -0.194117 -0.681201 1.829222
v -0.343770 -0.565831 1.878595
v -0.252984 -0.910756 1.697530
v -0.198830 -0.676654 1.808919
v -0.416081 -0.730948 1.803420
v -0.343770 -0.565831 1.878595
v -0.252081 -0.309402 1.585615
v -0.215953 -0.523639 1.737079
v -0.398235 -0.402879 1.785728
v -0.343770 -0.565831 1.878595
v -0.247643 -0.304149 1.591746
v -0.208185 -0.440200 1.815526
v -0.402452 -0.482117 1.712185
v -0.343770 -0.565831 1.878595
v -0.242106 -0.297708 1.599714
v -0.385826 -0.495641 1.701258
v -0.220382 -0.421522 1.832828
v -0.343770 -0.565831 1.878595
v -0.341064 -0.428852 1.502790
v -0.418563 -0.588263 1.699579
v -0.266812 -0.433815 1.756968
v -0.343770 -0.565831 1.878595
v -0.365346 -0.465596 1.491959
v -0.341370 -0.633474 1.695395
v -0.363430 -0.417999 1.752487
v -0.322051 -0.579062 2.140630
v -0.481385 -0.767116 2.045542
v -0.312573 -0.579749 2.125519
v -0.475225 -0.767562 2.035720
v -0.298927 -0.591163 2.124053
v -0.466355 -0.774981 2.034767
v -0.294759 -0.601890 2.137698
v -0.463645 -0.781954 2.043636
v -0.304237 -0.601204 2.152809
v -0.469806 -0.781508 2.053459
v -0.317883 -0.589790 2.154275
v -0.478676 -0.774089 2.054411
v -0.472515 -0.774535 2.044589
v -0.472515 -0.774535 2.044589
v -0.368772 -0.564525 1.720347
v -0.340384 -0.755071 1.902089
v -0.521653 -0.625990 1.927696
v -0.472515 -0.774535 2.044589
v -0.432931 -0.633774 1.672273
v -0.562669 -0.682108 1.898051
v -0.350693 -0.754353 1.893275
v -0.472515 -0.774535 2.044589
v -0.341239 -0.537157 1.750619
v -0.476062 -0.741248 1.852175
v -0.363947 -0.617919 2.001828
v -0.472515 -0.774535 2.044589
v -0.393075 -0.589928 1.698743
v -0.550451 -0.693420 1.884932
v -0.331028 -0.707964 1.927570
v -0.472515 -0.774535 2.044589
v -0.451906 -0.655525 1.663260
v -0.363555 -0.681975 1.911531
v -0.564988 -0.771887 1.872584
v -0.472515 -0.774535 2.044589
v -0.379823 -1.051999 2.317393
v -0.537002 -0.931195 2.141765
v -0.333875 -0.839846 2.165657
v -0.472515 -0.774535 2.044589
v -0.384478 -1.056503 2.314299
v -0.526257 -0.946771 2.119359
v -0.348343 -0.827874 2.185587
v -0.472515 -0.774535 2.044589
v -0.458222 -1.113256 2.256872
v -0.354894 -0.907876 2.125394
v -0.578702 -0.912170 2.133611
v -0.472515 -0.774535 2.044589
v -0.382715 -1.054811 2.315479
v -0.433734 -0.963980 2.071981
v -0.439457 -0.809310 2.233909
v -0.472515 -0.774535 2.044589
v -0.432579 -1.096505 2.278556
v -0.421143 -0.838019 2.222000
v -0.491939 -0.968626 2.054352
v -0.102015 -0.317188 2.246175
v 0.097444 -0.445972 2.539567
v -0.085637 -0.295167 2.245157
v 0.108089 -0.431658 2.538905
v -0.091697 -0.272852 2.259972
v 0.104150 -0.417153 2.548535
v -0.114134 -0.272557 2.275805
v 0.089566 -0.416962 2.558826
v -0.130512 -0.294578 2.276823
v 0.078921 -0.431275 2.559488
v -0.124452 -0.316894 2.262008
v 0.082859 -0.445781 2.549858
v 0.095864 -0.446761 2.540298
v 0.349501 -0.443296 2.614116
v 0.098285 -0.431142 2.532001
v 0.351075 -0.433144 2.608723
v 0.095926 -0.415848 2.540899
v 0.349542 -0.423203 2.614507
v 0.091146 -0.416173 2.558095
v 0.346435 -0.423414 2.625684
v 0.088724 -0.431791 2.566392
v 0.344861 -0.433566 2.631077
v 0.091083 -0.447085 2.557494
v 0.346394 -0.443507 2.625293
v 0.347968 -0.433355 2.619900
v 0.591089 -0.259716 2.353926
v 0.440653 -0.268330 2.571731
v 0.449779 -0.459469 2.455290
v 0.347968 -0.433355 2.619900
v 0.488238 -0.243904 2.296740
v 0.365750 -0.260377 2.530982
v 0.442402 -0.454772 2.450290
v 0.347968 -0.433355 2.619900
v 0.601615 -0.262533 2.362057
v 0.401973 -0.265429 2.536065
v 0.496880 -0.464623 2.497460
v 0.347968 -0.433355 2.619900
v 0.642010 -0.276279 2.398843
v 0.389680 -0.325221 2.462702
v 0.541490 -0.415828 2.600252
v 0.347968 -0.433355 2.619900
v 0.619139 -0.267874 2.376832
v 0.436293 -0.446477 2.446204
v 0.476579 -0.287848 2.599142
v 0.347968 -0.433355 2.619900
v 0.195168 -0.312955 2.969409
v 0.389917 -0.361595 2.796634
v 0.183779 -0.408795 2.722773
v 0.347968 -0.433355 2.619900
v 0.088680 -0.323116 2.903832
v 0.190894 -0.324253 2.659506
v 0.297612 -0.454265 2.807439
v 0.347968 -0.433355 2.619900
v 0.221189 -0.312295 2.979444
v 0.381097 -0.310812 2.768324
v 0.213416 -0.459050 2.759111
v 0.347968 -0.433355 2.619900
v 0.068737 -0.326785 2.885744
v 0.159509 -0.448646 2.668824
v 0.313042 -0.332808 2.783651
v 0.347968 -0.433355 2.619900
v 0.267593 -0.312543 2.992652
v 0.413352 -0.330069 2.772219
v 0.218284 -0.439991 2.765783
v 0.347968 -0.433355 2.619900
v 0.747634 -0.417089 2.618281
v 0.508185 -0.424313 2.731223
v 0.507484 -0.429383 2.507282
v 0.347968 -0.433355 2.619900
v 0.698970 -0.321856 2.463805
v 0.434741 -0.336802 2.473982
v 0.541997 -0.440709 2.640942
v 0.347968 -0.433355 2.619900
v 0.747635 -0.417105 2.618307
v 0.505741 -0.366132 2.713349
v 0.509928 -0.487578 2.525176
v 0.347968 -0.433355 2.619900
v 0.745568 -0.444737 2.662146
v 0.502938 -0.345526 2.699990
v 0.511077 -0.530289 2.573608
v 0.347968 -0.433355 2.619900
v 0.737723 -0.375301 2.551193
v 0.490250 -0.300082 2.608139
v 0.517491 -0.520185 2.576695
v 0.099200 -0.414988 2.553024
v 0.011843 -0.448930 2.800026
v 0.082579 -0.417518 2.547024
v 0.001040 -0.450575 2.796125
v 0.076884 -0.433998 2.543196
v -0.002662 -0.461286 2.793638
v 0.087810 -0.447946 2.545369
v 0.004440 -0.470353 2.795050
v 0.104430 -0.445415 2.551370
v 0.015243 -0.468708 2.798950
v 0.110125 -0.428936 2.555197
v 0.018945 -0.457996 2.801438
v 0.008142 -0.459641 2.797538
v -0.306412 -0.316050 2.596447
v -0.128896 -0.320560 2.792946
v -0.106464 -0.483849 2.641258
v 0.008142 -0.459641 2.797538
v -0.361846 -0.326793 2.723642
v -0.142099 -0.356910 2.868377
v -0.137608 -0.456093 2.667582
v 0.008142 -0.459641 2.797538
v -0.291163 -0.315970 2.574434
v -0.173973 -0.389142 2.800390
v -0.049187 -0.415204 2.616202
v 0.008142 -0.459641 2.797538
v -0.307366 -0.316077 2.597927
v -0.186615 -0.445220 2.795121
v -0.049508 -0.359211 2.640266
v 0.008142 -0.459641 2.797538
v -0.374131 -0.343197 2.815098
v -0.158353 -0.441456 2.697076
v -0.131181 -0.384671 2.912048
v 0.008142 -0.459641 2.797538
v 0.065725 -0.808416 2.984728
v 0.118744 -0.555461 2.926881
v -0.056395 -0.642842 2.817947
v 0.008142 -0.459641 2.797538
v 0.102590 -0.831312 2.911295
v -0.062536 -0.630786 2.859651
v 0.154378 -0.585833 2.826430
v 0.008142 -0.459641 2.797538
v 0.065903 -0.808561 2.984404
v -0.073799 -0.629577 2.848051
v 0.136292 -0.568841 2.896517
v 0.008142 -0.459641 2.797538
v 0.053741 -0.798084 3.005810
v -0.045326 -0.557142 2.958096
v 0.098089 -0.632895 2.803598
v 0.008142 -0.459641 2.797538
v 0.072502 -0.813672 2.972237
v 0.105892 -0.553123 2.938428
v -0.038121 -0.649385 2.796407
v 0.008142 -0.459641 2.797538
v -0.301955 -0.371353 3.034276
v -0.095406 -0.315097 2.878338
v -0.136388 -0.533555 2.906129
v 0.008142 -0.459641 2.797538
v -0.295645 -0.375014 3.043611
v -0.083382 -0.510927 2.962272
v -0.143364 -0.340653 2.829663
v 0.008142 -0.459641 2.797538
v -0.239640 -0.404906 3.106744
v -0.101106 -0.329591 2.893953
v -0.080836 -0.545903 2.948488
v 0.008142 -0.459641 2.797538
v -0.299949 -0.372526 3.037311
v -0.176723 -0.396988 2.804157
v -0.053467 -0.452602 2.982737
v 0.008142 -0.459641 2.797538
v -0.224678 -0.412329 3.119340
v -0.164413 -0.394769 2.862039
v -0.005559 -0.486664 2.990479
v 0.097873 -0.446353 2.540367
v 0.209875 -0.537273 2.761686
v 0.109124 -0.432497 2.540617
v 0.217188 -0.528266 2.761849
v 0.104756 -0.417611 2.549447
v 0.214349 -0.518591 2.767588
v 0.089136 -0.416581 2.558027
v 0.204196 -0.517921 2.773165
v 0.077885 -0.430437 2.557776
v 0.196883 -0.526928 2.773002
v 0.082254 -0.445323 2.548946
v 0.199722 -0.536603 2.767263
v 0.207035 -0.527597 2.767426
v 0.574018 -0.390942 2.685884
v 0.309314 -0.382265 2.686421
v 0.398343 -0.563605 2.783196
v 0.207035 -0.527597 2.767426
v 0.509415 -0.345965 2.578808
v 0.321426 -0.369337 2.763898
v 0.334548 -0.540551 2.620059
v 0.207035 -0.527597 2.767426
v 0.596740 -0.438144 2.778745
v 0.338453 -0.390389 2.812673
v 0.387382 -0.593243 2.731234
v 0.207035 -0.527597 2.767426
v 0.593434 -0.425020 2.754230
v 0.388874 -0.582857 2.812426
v 0.334315 -0.390276 2.711868
v 0.207035 -0.527597 2.767426
v 0.543789 -0.364407 2.626125
v 0.337213 -0.530093 2.621852
v 0.346261 -0.394549 2.799959
v 0.207035 -0.527597 2.767426
v 0.011999 -0.525520 3.116648
v 0.187881 -0.616006 2.940518
v 0.070161 -0.437527 2.873711
v 0.207035 -0.527597 2.767426
v -0.058477 -0.484374 3.063458
v 0.017827 -0.506017 2.810766
v 0.183835 -0.514598 2.960911
v 0.207035 -0.527597 2.767426
v -0.055599 -0.486199 3.066272
v 0.072826 -0.410397 2.847400
v 0.131138 -0.611678 2.926529
v 0.207035 -0.527597 2.767426
v -0.051875 -0.488538 3.069816
v 0.095747 -0.623435 2.896165
v 0.111196 -0.400511 2.880598
v 0.207035 -0.527597 2.767426
v -0.129147 -0.432302 2.962105
v 0.069145 -0.592244 2.889699
v 0.075980 -0.386713 2.800895
v 0.207035 -0.527597 2.767426
v 0.556978 -0.569675 2.956555
v 0.380974 -0.616362 2.764235
v 0.313051 -0.472494 2.921919
v 0.207035 -0.527597 2.767426
v 0.547093 -0.582091 2.970873
v 0.301091 -0.490919 2.934615
v 0.385026 -0.607870 2.762995
v 0.207035 -0.527597 2.767426
v 0.568046 -0.553800 2.937674
v 0.381731 -0.442280 2.786036
v 0.321148 -0.633876 2.885014
v 0.207035 -0.527597 2.767426
v 0.592524 -0.501398 2.870925
v 0.336861 -0.558409 2.910043
v 0.385600 -0.475826 2.707607
v 0.207035 -0.527597 2.767426
v 0.574507 -0.543154 2.924659
v 0.371362 -0.632389 2.780045
v 0.336686 -0.435251 2.880593
v 0.122937 0.018758 1.863511
v 0.133740 0.003336 2.402385
v 0.102041 0.055422 1.865559
v 0.120158 0.027168 2.403716
v 0.059839 0.055601 1.867569
v 0.092727 0.027285 2.405023
v 0.038533 0.019117 1.867532
v 0.078878 0.003570 2.404999
v 0.059429 -0.017547 1.865484
v 0.092460 -0.020262 2.403668
v 0.101631 -0.017726 1.863474
v 0.119891 -0.020378 2.402361
v 0.133497 0.007142 2.402506
v 0.104035 0.246165 2.693104
v 0.116792 0.023352 2.387933
v 0.093177 0.256702 2.683632
v 0.089604 0.019663 2.389119
v 0.075505 0.254305 2.684403
v 0.079121 -0.000235 2.404878
v 0.068691 0.241370 2.694646
v 0.095826 -0.016446 2.419450
v 0.079549 0.230834 2.704118
v 0.123014 -0.012757 2.418265
v 0.097221 0.233231 2.703347
v 0.086363 0.243768 2.693875
v 0.104000 0.246358 2.692943
v 0.057110 0.489198 2.600083
v 0.095227 0.239549 2.678966
v 0.051408 0.484773 2.590998
v 0.077590 0.236959 2.679899
v 0.039944 0.483089 2.591605
v 0.068726 0.241178 2.694807
v 0.034182 0.485832 2.601295
v 0.077498 0.247987 2.708783
v 0.039884 0.490257 2.610380
v 0.095135 0.250576 2.707851
v 0.051348 0.491940 2.609773
v 0.045646 0.487515 2.600689
v 0.049157 0.402998 2.209736
v 0.153860 0.486833 2.438106
v -0.059759 0.420583 2.450509
v 0.045646 0.487515 2.600689
v 0.040494 0.456770 2.201906
v 0.154111 0.493112 2.438368
v -0.066940 0.457322 2.443983
v 0.045646 0.487515 2.600689
v 0.033865 0.498727 2.201020
v -0.013591 0.394174 2.439684
v 0.095458 0.589825 2.441958
v 0.045646 0.487515 2.600689
v 0.029791 0.524872 2.202753
v 0.116310 0.421829 2.430877
v -0.037702 0.583086 2.452152
v 0.045646 0.487515 2.600689
v 0.040434 0.457149 2.201877
v 0.043075 0.587045 2.432667
v 0.044047 0.363692 2.449661
v 0.045646 0.487515 2.600689
v -0.260556 0.631378 2.814099
v -0.094240 0.443366 2.729634
v -0.059429 0.646755 2.642473
v 0.045646 0.487515 2.600689
v -0.228871 0.753898 2.717652
v -0.145613 0.524330 2.615130
v 0.017291 0.663806 2.679819
v 0.045646 0.487515 2.600689
v -0.247579 0.707753 2.760421
v 0.004509 0.640350 2.715115
v -0.147797 0.510871 2.614049
v 0.045646 0.487515 2.600689
v -0.223853 0.762937 2.707987
v -0.144092 0.522345 2.631190
v 0.019785 0.673022 2.656026
v 0.045646 0.487515 2.600689
v -0.260715 0.628290 2.815922
v -0.088993 0.443539 2.735160
v -0.064804 0.644111 2.638405
v 0.045646 0.487515 2.600689
v -0.046136 0.827885 2.411680
v 0.045385 0.682419 2.613193
v -0.027519 0.564907 2.436978
v 0.045646 0.487515 2.600689
v -0.045847 0.824528 2.405622
v -0.000219 0.676339 2.620336
v 0.018316 0.568302 2.424989
v 0.045646 0.487515 2.600689
v -0.046061 0.826988 2.410038
v 0.075667 0.680382 2.593975
v -0.057740 0.566226 2.454882
v 0.045646 0.487515 2.600689
v -0.038377 0.763262 2.323374
v -0.035373 0.519041 2.425801
v 0.059447 0.676586 2.553725
v 0.045646 0.487515 2.600689
v -0.044118 0.807348 2.377869
v 0.050093 0.682559 2.591634
v -0.030612 0.548337 2.431487
v 0.071618 0.250996 2.686875
v -0.056805 0.188942 2.909249
v 0.075144 0.233683 2.684331
v -0.054513 0.177689 2.907595
v 0.089889 0.226455 2.691331
v -0.044929 0.172990 2.912145
v 0.101107 0.236540 2.700875
v -0.037637 0.179545 2.918348
v 0.097581 0.253853 2.703419
v -0.039929 0.190799 2.920002
v 0.082837 0.261081 2.696419
v -0.049513 0.195497 2.915452
v -0.047221 0.184244 2.913798
v -0.047221 0.184244 2.913798
v -0.131361 -0.139263 2.694109
v -0.155842 0.022323 2.902518
v -0.005912 0.087358 2.749327
v -0.047221 0.184244 2.913798
v -0.209136 -0.170832 2.826019
v -0.023635 0.017839 2.814314
v -0.200339 0.066589 2.943059
v -0.047221 0.184244 2.913798
v -0.109873 -0.123665 2.666276
v 0.030824 0.022918 2.836164
v -0.175387 0.099243 2.793415
v -0.047221 0.184244 2.913798
v -0.171581 -0.161274 2.755204
v -0.164897 0.102204 2.781262
v -0.029034 -0.010130 2.919459
v -0.047221 0.184244 2.913798
v -0.139552 -0.144550 2.705544
v 0.021883 0.017651 2.838862
v -0.190190 0.087802 2.822131
v -0.047221 0.184244 2.913798
v 0.150633 0.256585 3.253829
v 0.003896 0.321409 3.043091
v 0.059945 0.104952 3.056530
v -0.047221 0.184244 2.913798
v 0.147435 0.255235 3.255952
v 0.076041 0.304647 3.005741
v -0.014759 0.120634 3.095579
v -0.047221 0.184244 2.913798
v 0.179278 0.268736 3.232482
v 0.036680 0.327194 3.017093
v 0.050077 0.108887 3.065451
v -0.047221 0.184244 2.913798
v 0.174852 0.266852 3.236071
v 0.134680 0.197307 2.983694
v -0.051463 0.237267 3.101720
v -0.047221 0.184244 2.913798
v 0.267316 0.306998 3.128270
v 0.026715 0.330467 3.020082
v 0.130472 0.136224 2.979092
v 0.089573 0.025180 2.405112
v -0.150552 -0.185101 2.606532
v 0.087210 0.007362 2.384349
v -0.152087 -0.196683 2.593036
v 0.103946 -0.014365 2.382928
v -0.141209 -0.210805 2.592112
v 0.123045 -0.018274 2.402271
v -0.128795 -0.213346 2.604685
v 0.125408 -0.000456 2.423035
v -0.127259 -0.201764 2.618181
v 0.108671 0.021271 2.424455
v -0.138138 -0.187642 2.619105
v -0.139673 -0.199223 2.605608
v -0.149324 -0.184511 2.608619
v -0.354123 -0.302230 2.490327
v -0.139954 -0.186102 2.593509
v -0.348032 -0.303264 2.480506
v -0.130303 -0.200814 2.590498
v -0.341759 -0.312827 2.478549
v -0.130022 -0.213935 2.602598
v -0.341577 -0.321356 2.486414
v -0.139392 -0.212344 2.617708
v -0.347667 -0.320322 2.496235
v -0.149043 -0.197632 2.620719
v -0.353940 -0.310759 2.498192
v -0.347850 -0.311793 2.488370
v -0.377743 -0.265750 2.092155
v -0.254304 -0.328970 2.317788
v -0.465309 -0.257782 2.341980
v -0.347850 -0.311793 2.488370
v -0.343259 -0.244245 2.094142
v -0.327581 -0.393695 2.312231
v -0.364446 -0.175852 2.349127
v -0.347850 -0.311793 2.488370
v -0.220798 -0.173451 2.135214
v -0.213800 -0.331400 2.347693
v -0.380258 -0.181512 2.346523
v -0.347850 -0.311793 2.488370
v -0.222308 -0.174267 2.134356
v -0.194801 -0.242495 2.388782
v -0.400465 -0.271070 2.304748
v -0.347850 -0.311793 2.488370
v -0.350234 -0.248541 2.093410
v -0.460341 -0.296612 2.329439
v -0.237266 -0.276371 2.331334
v -0.347850 -0.311793 2.488370
v -0.363567 -0.661261 2.682343
v -0.253186 -0.431589 2.610155
v -0.455087 -0.471571 2.521763
v -0.347850 -0.311793 2.488370
v -0.408294 -0.672817 2.649641
v -0.379661 -0.500709 2.450385
v -0.364393 -0.411696 2.655372
v -0.347850 -0.311793 2.488370
v -0.464847 -0.677004 2.602093
v -0.419529 -0.482999 2.427587
v -0.369768 -0.432756 2.640132
v -0.347850 -0.311793 2.488370
v -0.455793 -0.677175 2.610206
v -0.400653 -0.490674 2.430426
v -0.381401 -0.425218 2.643783
v -0.347850 -0.311793 2.488370
v -0.368571 -0.662897 2.678888
v -0.245362 -0.464667 2.553714
v -0.466915 -0.439802 2.575441
v -0.347850 -0.311793 2.488370
v -0.554933 -0.430931 2.167555
v -0.335314 -0.389733 2.309731
v -0.526053 -0.329163 2.410358
v -0.347850 -0.311793 2.488370
v -0.494703 -0.376816 2.122029
v -0.499108 -0.382117 2.386786
v -0.314073 -0.293487 2.296881
v -0.347850 -0.311793 2.488370
v -0.439666 -0.330038 2.099479
v -0.314772 -0.233931 2.312338
v -0.454380 -0.404250 2.353290
v -0.347850 -0.311793 2.488370
v -0.499415 -0.380927 2.124711
v -0.494941 -0.393510 2.389221
v -0.322011 -0.285383 2.296592
v -0.347850 -0.311793 2.488370
v -0.567325 -0.442580 2.180595
v -0.519497 -0.388444 2.435401
v -0.351783 -0.339771 2.295120
v -0.137176 -0.213127 2.594695
v -0.098742 -0.365111 2.807338
v -0.123291 -0.203058 2.599644
v -0.089717 -0.358566 2.810555
v -0.125789 -0.189155 2.610557
v -0.091340 -0.349529 2.817648
v -0.142171 -0.185320 2.616522
v -0.101988 -0.347036 2.821525
v -0.156055 -0.195388 2.611573
v -0.111013 -0.353581 2.818308
v -0.153558 -0.209292 2.600659
v -0.109390 -0.362618 2.811215
v -0.100365 -0.356073 2.814431
v 0.263827 -0.218625 2.722389
v 0.004098 -0.254138 2.684660
v 0.086526 -0.348050 2.870569
v -0.100365 -0.356073 2.814431
v 0.295488 -0.320745 2.859732
v 0.042519 -0.300864 2.935594
v 0.073434 -0.383020 2.729509
v -0.100365 -0.356073 2.814431
v 0.277403 -0.239973 2.752687
v 0.037425 -0.226826 2.863960
v 0.064060 -0.392440 2.715507
v -0.100365 -0.356073 2.814431
v 0.288880 -0.358656 2.906530
v 0.047661 -0.251124 2.886666
v 0.063004 -0.463089 2.815875
v -0.100365 -0.356073 2.814431
v 0.278219 -0.241516 2.754840
v 0.084652 -0.416748 2.799220
v 0.017485 -0.203753 2.781970
v -0.100365 -0.356073 2.814431
v -0.382379 -0.212025 3.058805
v -0.289273 -0.309252 2.830720
v -0.137068 -0.287657 2.993641
v -0.100365 -0.356073 2.814431
v -0.394411 -0.089063 2.861783
v -0.244165 -0.295580 2.931931
v -0.191802 -0.202958 2.734813
v -0.100365 -0.356073 2.814431
v -0.402100 -0.128471 2.945402
v -0.184683 -0.180259 2.803304
v -0.257435 -0.349806 2.930336
v -0.100365 -0.356073 2.814431
v -0.400656 -0.147580 2.976775
v -0.288570 -0.306803 2.797252
v -0.152393 -0.238549 2.961486
v -0.100365 -0.356073 2.814431
v -0.400812 -0.146405 2.974964
v -0.294318 -0.343397 2.833554
v -0.146770 -0.201014 2.923735
v -0.100365 -0.356073 2.814431
v 0.002857 -0.593235 3.119553
v -0.152248 -0.511177 2.921178
v 0.034096 -0.390699 2.951782
v -0.100365 -0.356073 2.814431
v 0.085767 -0.563068 3.101674
v 0.070765 -0.429267 2.873603
v -0.122589 -0.448475 2.985054
v -0.100365 -0.356073 2.814431
v 0.129899 -0.540582 3.084496
v 0.065653 -0.345919 2.916798
v -0.082172 -0.513835 2.928117
v -0.100365 -0.356073 2.814431
v 0.010965 -0.590885 3.118519
v -0.121968 -0.391795 3.005223
v 0.010303 -0.508200 2.866910
v -0.100365 -0.356073 2.814431
v -0.012349 -0.597323 3.121110
v -0.105398 -0.540025 2.879857
v -0.024920 -0.365122 2.994349
v 0.133768 0.003242 2.403299
v 0.129231 -0.035465 2.778704
v 0.120255 0.027004 2.405937
v 0.120447 -0.020019 2.780419
v 0.092796 0.027215 2.406330
v 0.102599 -0.019882 2.780674
v 0.078850 0.003664 2.404085
v 0.093534 -0.035190 2.779215
v 0.092362 -0.020098 2.401447
v 0.102317 -0.050636 2.777500
v 0.119821 -0.020309 2.401054
v 0.120165 -0.050773 2.777244
v 0.129048 -0.032766 2.778985
v 0.097910 0.136390 2.979509
v 0.118545 -0.022428 2.768912
v 0.091083 0.143109 2.972962
v 0.100879 -0.024990 2.768886
v 0.079600 0.141444 2.972945
v 0.093717 -0.037889 2.778933
v 0.074944 0.133060 2.979475
v 0.104220 -0.048227 2.789006
v 0.081771 0.126340 2.986023
v 0.121885 -0.045665 2.789032
v 0.093254 0.128006 2.986040
v 0.086427 0.134725 2.979492
v 0.086427 0.134725 2.979492
v 0.004582 0.395543 2.687473
v -0.019354 0.291172 2.929708
v 0.126732 0.186932 2.795661
v 0.086427 0.134725 2.979492
v -0.004075 0.454475 2.756851
v -0.058218 0.234969 2.894799
v 0.158670 0.290281 2.886073
v 0.086427 0.134725 2.979492
v 0.004905 0.393580 2.685642
v 0.162282 0.240868 2.834153
v -0.054646 0.235665 2.889751
v 0.086427 0.134725 2.979492
v 0.014034 0.341553 2.644856
v 0.163218 0.254351 2.845565
v -0.048279 0.180561 2.845711
v 0.086427 0.134725 2.979492
v 0.018377 0.318466 2.630768
v 0.161080 0.254541 2.844529
v -0.042665 0.161902 2.835476
v 0.086427 0.134725 2.979492
v -0.187331 0.002206 3.239291
v 0.040973 0.116290 3.168538
v -0.087126 0.047144 2.998286
v 0.086427 0.134725 2.979492
v -0.192154 -0.094575 3.152160
v 0.053848 -0.031164 3.077286
v -0.103859 0.117173 3.019833
v 0.086427 0.134725 2.979492
v -0.182773 -0.136151 3.098477
v 0.058271 -0.052491 3.027465
v -0.100777 0.105240 3.026707
v 0.086427 0.134725 2.979492
v -0.187003 0.003947 3.240516
v 0.043254 0.113390 3.168767
v -0.089144 0.051437 2.999036
v 0.086427 0.134725 2.979492
v -0.179478 -0.144638 3.085561
v 0.052927 -0.057178 2.993462
v -0.092798 0.103137 3.050377
v 0.097425 -0.024279 2.780290
v 0.004905 -0.174893 2.976627
v 0.096634 -0.038385 2.769380
v 0.004390 -0.184062 2.969536
v 0.110591 -0.049434 2.768049
v 0.013462 -0.191244 2.968671
v 0.125340 -0.046376 2.777629
v 0.023049 -0.189256 2.974898
v 0.126131 -0.032270 2.788539
v 0.023564 -0.180087 2.981989
v 0.112174 -0.021221 2.789869
v 0.014491 -0.172906 2.982854
v 0.013977 -0.182075 2.975762
v 0.013977 -0.182075 2.975762
v -0.172158 -0.499819 2.819582
v -0.131698 -0.241203 2.859889
v 0.010744 -0.377142 2.966691
v 0.013977 -0.182075 2.975762
v -0.154419 -0.474672 2.761218
v 0.042117 -0.357448 2.894545
v -0.148880 -0.240779 2.885344
v 0.013977 -0.182075 2.975762
v -0.182015 -0.512851 2.865424
v -0.146823 -0.251440 2.889299
v 0.017983 -0.377330 2.973955
v 0.013977 -0.182075 2.975762
v -0.186819 -0.518642 2.895742
v -0.119262 -0.308517 3.042123
v -0.013421 -0.324886 2.845385
v 0.013977 -0.182075 2.975762
v -0.174976 -0.503645 2.831232
v 0.027187 -0.374173 2.943085
v -0.150395 -0.247233 2.892815
v 0.013977 -0.182075 2.975762
v 0.305486 -0.238284 3.243835
v 0.155109 -0.095342 3.079219
v 0.106053 -0.313775 3.086763
v 0.013977 -0.182075 2.975762
v 0.327242 -0.218208 3.221850
v 0.072842 -0.241898 3.152115
v 0.205725 -0.151158 2.996280
v 0.013977 -0.182075 2.975762
v 0.179629 -0.320587 3.312472
v -0.014481 -0.215575 3.166057
v 0.174957 -0.259385 3.054836
v 0.013977 -0.182075 2.975762
v 0.181010 -0.319891 3.312076
v 0.045957 -0.145895 3.165004
v 0.115623 -0.328507 3.055572
v 0.013977 -0.182075 2.975762
v 0.353631 -0.189077 3.186916
v 0.120686 -0.283831 3.103835
v 0.178991 -0.085920 3.016613
v 0.129224 -0.035450 2.778392
v 0.131273 -0.047849 3.042277
v 0.120432 -0.019947 2.779400
v 0.125559 -0.037772 3.042932
v 0.102591 -0.019825 2.779967
v 0.113962 -0.037692 3.043301
v 0.093541 -0.035205 2.779526
v 0.108079 -0.047689 3.043014
v 0.102333 -0.050708 2.778518
v 0.113794 -0.057766 3.042359
v 0.120174 -0.050830 2.777951
v 0.125391 -0.057846 3.041990
v 0.119676 -0.047769 3.042646
v 0.169232 0.346590 3.087646
v 0.030992 0.126181 3.038115
v 0.248005 0.093769 3.083176
v 0.119676 -0.047769 3.042646
v 0.157732 0.315556 2.879713
v 0.178872 0.051612 2.885282
v 0.090925 0.143510 3.069663
v 0.119676 -0.047769 3.042646
v 0.159299 0.322943 2.897722
v 0.139533 0.140897 3.089066
v 0.131517 0.060135 2.880286
v 0.119676 -0.047769 3.042646
v 0.160245 0.327176 2.909338
v 0.067970 0.078995 2.903356
v 0.203837 0.125423 3.075289
v 0.119676 -0.047769 3.042646
v 0.164257 0.342509 2.967175
v 0.199023 0.083847 2.922125
v 0.075994 0.132837 3.102790
v 0.119676 -0.047769 3.042646
v -0.193255 -0.293813 3.081839
v -0.018901 -0.112269 3.164219
v 0.007908 -0.180104 2.952427
v 0.119676 -0.047769 3.042646
v -0.186915 -0.291825 3.122884
v 0.068925 -0.228174 3.097622
v -0.074846 -0.062609 3.051859
v 0.119676 -0.047769 3.042646
v -0.185597 -0.291264 3.129356
v -0.004895 -0.104877 3.181803
v 0.000029 -0.185457 2.972856
v 0.119676 -0.047769 3.042646
v -0.194295 -0.287241 2.978810
v -0.048225 -0.068897 2.945143
v 0.036400 -0.218218 3.089080
v 0.119676 -0.047769 3.042646
v -0.181649 -0.272148 2.905323
v 0.017187 -0.211830 3.069549
v -0.018895 -0.063210 2.905884
v 0.119676 -0.047769 3.042646
v 0.172846 0.159868 3.380373
v 0.234609 0.079913 3.135554
v 0.047280 -0.009341 3.219919
v 0.119676 -0.047769 3.042646
v 0.167648 0.206783 3.347444
v 0.114640 -0.027971 3.236879
v 0.163091 0.136075 3.092251
v 0.119676 -0.047769 3.042646
v 0.178035 0.091054 3.413216
v 0.238350 0.056284 3.157683
v 0.047689 -0.040763 3.224064
v 0.119676 -0.047769 3.042646
v 0.169320 0.193199 3.358035
v 0.149651 0.136477 3.100081
v 0.129417 -0.039241 3.237521
v 0.119676 -0.047769 3.042646
v 0.168825 0.197348 3.354899
v 0.049344 0.005449 3.216902
v 0.229327 0.095106 3.118192
usemtl Bark
f 1 3 4
f 1 4 2
f 3 5 6
f 3 6 4
f 5 7 8
f 5 8 6
f 7 9 10
f 7 10 8
f 9 11 12
f 9 12 10
f 11 1 2
f 11 2 12
f 13 15 16
f 13 16 14
f 15 17 18
f 15 18 16
f 17 19 20
f 17 20 18
f 19 21 22
f 19 22 20
f 21 23 24
f 21 24 22
f 23 13 14
f 23 14 24
f 25 27 28
f 25 28 26
f 27 29 30
f 27 30 28
f 29 31 32
f 29 32 30
f 31 33 34
f 31 34 32
f 33 35 36
f 33 36 34
f 35 25 26
f 35 26 36
f 26 28 37
f 28 30 37
f 30 32 37
f 32 34 37
f 34 36 37
f 36 26 37
f 38 40 41
f 38 41 39
f 40 42 43
f 40 43 41
f 42 44 45
f 42 45 43
f 44 46 47
f 44 47 45
f 46 48 49
f 46 49 47
f 48 38 39
f 48 39 49
f 50 52 53
f 50 53 51
f 52 54 55
f 52 55 53
f 54 56 57
f 54 57 55
f 56 58 59
f 56 59 57
f 58 60 61
f 58 61 59
f 60 50 51
f 60 51 61
f 51 53 62
f 53 55 62
f 55 57 62
f 57 59 62
f 59 61 62
f 61 51 62
f 103 105 106
f 103 106 104
f 105 107 108
f 105 108 106
f 107 109 110
f 107 110 108
f 109 111 112
f 109 112 110
f 111 113 114
f 111 114 112
f 113 103 104
f 113 104 114
f 175 177 178
f 175 178 176
f 177 179 180
f 177 180 178
f 179 181 182
f 179 182 180
f 181 183 184
f 181 184 182
f 183 185 186
f 183 186 184
f 185 175 176
f 185 176 186
f 176 178 187
f 178 180 187
f 180 182 187
f 182 184 187
f 184 186 187
f 186 176 187
f 208 210 211
f 208 211 209
f 210 212 213
f 210 213 211
f 212 214 215
f 212 215 213
f 214 216 217
f 214 217 215
f 216 218 219
f 216 219 217
f 218 208 209
f 218 209 219
f 220 222 223
f 220 223 221
f 222 224 225
f 222 225 223
f 224 226 227
f 224 227 225
f 226 228 229
f 226 229 227
f 228 230 231
f 228 231 229
f 230 220 221
f 230 221 231
f 221 223 232
f 223 225 232
f 225 227 232
f 227 229 232
f 229 231 232
f 231 221 232
f 253 255 256
f 253 256 254
f 255 257 258
f 255 258 256
f 257 259 260
f 257 260 258
f 259 261 262
f 259 262 260
f 261 263 264
f 261 264 262
f 263 253 254
f 263 254 264
f 254 256 265
f 256 258 265
f 258 260 265
f 260 262 265
f 262 264 265
f 264 254 265
f 306 308 309
f 306 309 307
f 308 310 311
f 308 311 309
f 310 312 313
f 310 313 311
f 312 314 315
f 312 315 313
f 314 316 317
f 314 317 315
f 316 306 307
f 316 307 317
f 378 380 381
f 378 381 379
f 380 382 383
f 380 383 381
f 382 384 385
f 382 385 383
f 384 386 387
f 384 387 385
f 386 388 389
f 386 389 387
f 388 378 379
f 388 379 389
f 390 392 393
f 390 393 391
f 392 394 395
f 392 395 393
f 394 396 397
f 394 397 395
f 396 398 399
f 396 399 397
f 398 400 401
f 398 401 399
f 400 390 391
f 400 391 401
f 402 404 405
f 402 405 403
f 404 406 407
f 404 407 405
f 406 408 409
f 406 409 407
f 408 410 411
f 408 411 409
f 410 412 413
f 410 413 411
f 412 402 403
f 412 403 413
f 474 476 477
f 474 477 475
f 476 478 479
f 476 479 477
f 478 480 481
f 478 481 479
f 480 482 483
f 480 483 481
f 482 484 485
f 482 485 483
f 484 474 475
f 484 475 485
f 475 477 486
f 477 479 486
f 479 481 486
f 481 483 486
f 483 485 486
f 485 475 486
f 527 529 530
f 527 530 528
f 529 531 532
f 529 532 530
f 531 533 534
f 531 534 532
f 533 535 536
f 533 536 534
f 535 537 538
f 535 538 536
f 537 527 528
f 537 528 538
f 528 530 539
f 530 532 539
f 532 534 539
f 534 536 539
f 536 538 539
f 538 528 539
f 540 542 543
f 540 543 541
f 542 544 545
f 542 545 543
f 544 546 547
f 544 547 545
f 546 548 549
f 546 549 547
f 548 550 551
f 548 551 549
f 550 540 541
f 550 541 551
f 541 543 552
f 543 545 552
f 545 547 552
f 547 549 552
f 549 551 552
f 551 541 552
f 593 595 596
f 593 596 594
f 595 597 598
f 595 598 596
f 597 599 600
f 597 600 598
f 599 601 602
f 599 602 600
f 601 603 604
f 601 604 602
f 603 593 594
f 603 594 604
f 594 596 605
f 596 598 605
f 598 600 605
f 600 602 605
f 602 604 605
f 604 594 605
f 606 608 609
f 606 609 607
f 608 610 611
f 608 611 609
f 610 612 613
f 610 613 611
f 612 614 615
f 612 615 613
f 614 616 617
f 614 617 615
f 616 606 607
f 616 607 617
f 678 680 681
f 678 681 679
f 680 682 683
f 680 683 681
f 682 684 685
f 682 685 683
f 684 686 687
f 684 687 685
f 686 688 689
f 686 689 687
f 688 678 679
f 688 679 689
f 679 681 690
f 681 683 690
f 683 685 690
f 685 687 690
f 687 689 690
f 689 679 690
f 731 733 734
f 731 734 732
f 733 735 736
f 733 736 734
f 735 737 738
f 735 738 736
f 737 739 740
f 737 740 738
f 739 741 742
f 739 742 740
f 741 731 732
f 741 732 742
f 743 745 746
f 743 746 744
f 745 747 748
f 745 748 746
f 747 749 750
f 747 750 748
f 749 751 752
f 749 752 750
f 751 753 754
f 751 754 752
f 753 743 744
f 753 744 754
f 744 746 755
f 746 748 755
f 748 750 755
f 750 752 755
f 752 754 755
f 754 744 755
f 756 758 759
f 756 759 757
f 758 760 761
f 758 761 759
f 760 762 763
f 760 763 761
f 762 764 765
f 762 765 763
f 764 766 767
f 764 767 765
f 766 756 757
f 766 757 767
f 757 759 768
f 759 761 768
f 761 763 768
f 763 765 768
f 765 767 768
f 767 757 768
f 809 811 812
f 809 812 810
f 811 813 814
f 811 814 812
f 813 815 816
f 813 816 814
f 815 817 818
f 815 818 816
f 817 819 820
f 817 820 818
f 819 809 810
f 819 810 820
f 881 883 884
f 881 884 882
f 883 885 886
f 883 886 884
f 885 887 888
f 885 888 886
f 887 889 890
f 887 890 888
f 889 891 892
f 889 892 890
f 891 881 882
f 891 882 892
f 882 884 893
f 884 886 893
f 886 888 893
f 888 890 893
f 890 892 893
f 892 882 893
f 894 896 897
f 894 897 895
f 896 898 899
f 896 899 897
f 898 900 901
f 898 901 899
f 900 902 903
f 900 903 901
f 902 904 905
f 902 905 903
f 904 894 895
f 904 895 905
f 895 897 906
f 897 899 906
f 899 901 906
f 901 903 906
f 903 905 906
f 905 895 906
f 947 949 950
f 947 950 948
f 949 951 952
f 949 952 950
f 951 953 954
f 951 954 952
f 953 955 956
f 953 956 954
f 955 957 958
f 955 958 956
f 957 947 948
f 957 948 958
f 1019 1021 1022
f 1019 1022 1020
f 1021 1023 1024
f 1021 1024 1022
f 1023 1025 1026
f 1023 1026 1024
f 1025 1027 1028
f 1025 1028 1026
f 1027 1029 1030
f 1027 1030 1028
f 1029 1019 1020
f 1029 1020 1030
f 1020 1022 1031
f 1022 1024 1031
f 1024 1026 1031
f 1026 1028 1031
f 1028 1030 1031
f 1030 1020 1031
f 1032 1034 1035
f 1032 1035 1033
f 1034 1036 1037
f 1034 1037 1035
f 1036 1038 1039
f 1036 1039 1037
f 1038 1040 1041
f 1038 1041 1039
f 1040 1042 1043
f 1040 1043 1041
f 1042 1032 1033
f 1042 1033 1043
f 1033 1035 1044
f 1035 1037 1044
f 1037 1039 1044
f 1039 1041 1044
f 1041 1043 1044
f 1043 1033 1044
f 1065 1067 1068
f 1065 1068 1066
f 1067 1069 1070
f 1067 1070 1068
f 1069 1071 1072
f 1069 1072 1070
f 1071 1073 1074
f 1071 1074 1072
f 1073 1075 1076
f 1073 1076 1074
f 1075 1065 1066
f 1075 1066 1076
f 1066 1068 1077
f 1068 1070 1077
f 1070 1072 1077
f 1072 1074 1077
f 1074 1076 1077
f 1076 1066 1077
f 1098 1100 1101
f 1098 1101 1099
f 1100 1102 1103
f 1100 1103 1101
f 1102 1104 1105
f 1102 1105 1103
f 1104 1106 1107
f 1104 1107 1105
f 1106 1108 1109
f 1106 1109 1107
f 1108 1098 1099
f 1108 1099 1109
f 1110 1112 1113
f 1110 1113 1111
f 1112 1114 1115
f 1112 1115 1113
f 1114 1116 1117
f 1114 1117 1115
f 1116 1118 1119
f 1116 1119 1117
f 1118 1120 1121
f 1118 1121 1119
f 1120 1110 1111
f 1120 1111 1121
f 1111 1113 1122
f 1113 1115 1122
f 1115 1117 1122
f 1117 1119 1122
f 1119 1121 1122
f 1121 1111 1122
f 1123 1125 1126
f 1123 1126 1124
f 1125 1127 1128
f 1125 1128 1126
f 1127 1129 1130
f 1127 1130 1128
f 1129 1131 1132
f 1129 1132 1130
f 1131 1133 1134
f 1131 1134 1132
f 1133 1123 1124
f 1133 1124 1134
f 1135 1137 1138
f 1135 1138 1136
f 1137 1139 1140
f 1137 1140 1138
f 1139 1141 1142
f 1139 1142 1140
f 1141 1143 1144
f 1141 1144 1142
f 1143 1145 1146
f 1143 1146 1144
f 1145 1135 1136
f 1145 1136 1146
f 1136 1138 1147
f 1138 1140 1147
f 1140 1142 1147
f 1142 1144 1147
f 1144 1146 1147
f 1146 1136 1147
f 1188 1190 1191
f 1188 1191 1189
f 1190 1192 1193
f 1190 1193 1191
f 1192 1194 1195
f 1192 1195 1193
f 1194 1196 1197
f 1194 1197 1195
f 1196 1198 1199
f 1196 1199 1197
f 1198 1188 1189
f 1198 1189 1199
f 1260 1262 1263
f 1260 1263 1261
f 1262 1264 1265
f 1262 1265 1263
f 1264 1266 1267
f 1264 1267 1265
f 1266 1268 1269
f 1266 1269 1267
f 1268 1270 1271
f 1268 1271 1269
f 1270 1260 1261
f 1270 1261 1271
f 1332 1334 1335
f 1332 1335 1333
f 1334 1336 1337
f 1334 1337 1335
f 1336 1338 1339
f 1336 1339 1337
f 1338 1340 1341
f 1338 1341 1339
f 1340 1342 1343
f 1340 1343 1341
f 1342 1332 1333
f 1342 1333 1343
f 1344 1346 1347
f 1344 1347 1345
f 1346 1348 1349
f 1346 1349 1347
f 1348 1350 1351
f 1348 1351 1349
f 1350 1352 1353
f 1350 1353 1351
f 1352 1354 1355
f 1352 1355 1353
f 1354 1344 1345
f 1354 1345 1355
f 1345 1347 1356
f 1347 1349 1356
f 1349 1351 1356
f 1351 1353 1356
f 1353 1355 1356
f 1355 1345 1356
f 1397 1399 1400
f 1397 1400 1398
f 1399 1401 1402
f 1399 1402 1400
f 1401 1403 1404
f 1401 1404 1402
f 1403 1405 1406
f 1403 1406 1404
f 1405 1407 1408
f 1405 1408 1406
f 1407 1397 1398
f 1407 1398 1408
f 1398 1400 1409
f 1400 1402 1409
f 1402 1404 1409
f 1404 1406 1409
f 1406 1408 1409
f 1408 1398 1409
f 1430 1432 1433
f 1430 1433 1431
f 1432 1434 1435
f 1432 1435 1433
f 1434 1436 1437
f 1434 1437 1435
f 1436 1438 1439
f 1436 1439 1437
f 1438 1440 1441
f 1438 1441 1439
f 1440 1430 1431
f 1440 1431 1441
f 1502 1504 1505
f 1502 1505 1503
f 1504 1506 1507
f 1504 1507 1505
f 1506 1508 1509
f 1506 1509 1507
f 1508 1510 1511
f 1508 1511 1509
f 1510 1512 1513
f 1510 1513 1511
f 1512 1502 1503
f 1512 1503 1513
f 1514 1516 1517
f 1514 1517 1515
f 1516 1518 1519
f 1516 1519 1517
f 1518 1520 1521
f 1518 1521 1519
f 1520 1522 1523
f 1520 1523 1521
f 1522 1524 1525
f 1522 1525 1523
f 1524 1514 1515
f 1524 1515 1525
f 1526 1528 1529
f 1526 1529 1527
f 1528 1530 1531
f 1528 1531 1529
f 1530 1532 1533
f 1530 1533 1531
f 1532 1534 1535
f 1532 1535 1533
f 1534 1536 1537
f 1534 1537 1535
f 1536 1526 1527
f 1536 1527 1537
f 1527 1529 1538
f 1529 1531 1538
f 1531 1533 1538
f 1533 1535 1538
f 1535 1537 1538
f 1537 1527 1538
f 1579 1581 1582
f 1579 1582 1580
f 1581 1583 1584
f 1581 1584 1582
f 1583 1585 1586
f 1583 1586 1584
f 1585 1587 1588
f 1585 1588 1586
f 1587 1589 1590
f 1587 1590 1588
f 1589 1579 1580
f 1589 1580 1590
f 1651 1653 1654
f 1651 1654 1652
f 1653 1655 1656
f 1653 1656 1654
f 1655 1657 1658
f 1655 1658 1656
f 1657 1659 1660
f 1657 1660 1658
f 1659 1661 1662
f 1659 1662 1660
f 1661 1651 1652
f 1661 1652 1662
f 1652 1654 1663
f 1654 1656 1663
f 1656 1658 1663
f 1658 1660 1663
f 1660 1662 1663
f 1662 1652 1663
f 1684 1686 1687
f 1684 1687 1685
f 1686 1688 1689
f 1686 1689 1687
f 1688 1690 1691
f 1688 1691 1689
f 1690 1692 1693
f 1690 1693 1691
f 1692 1694 1695
f 1692 1695 1693
f 1694 1684 1685
f 1694 1685 1695
f 1696 1698 1699
f 1696 1699 1697
f 1698 1700 1701
f 1698 1701 1699
f 1700 1702 1703
f 1700 1703 1701
f 1702 1704 1705
f 1702 1705 1703
f 1704 1706 1707
f 1704 1707 1705
f 1706 1696 1697
f 1706 1697 1707
f 1768 1770 1771
f 1768 1771 1769
f 1770 1772 1773
f 1770 1773 1771
f 1772 1774 1775
f 1772 1775 1773
f 1774 1776 1777
f 1774 1777 1775
f 1776 1778 1779
f 1776 1779 1777
f 1778 1768 1769
f 1778 1769 1779
f 1769 1771 1780
f 1771 1773 1780
f 1773 1775 1780
f 1775 1777 1780
f 1777 1779 1780
f 1779 1769 1780
f 1821 1823 1824
f 1821 1824 1822
f 1823 1825 1826
f 1823 1826 1824
f 1825 1827 1828
f 1825 1828 1826
f 1827 1829 1830
f 1827 1830 1828
f 1829 1831 1832
f 1829 1832 1830
f 1831 1821 1822
f 1831 1822 1832
f 1822 1824 1833
f 1824 1826 1833
f 1826 1828 1833
f 1828 1830 1833
f 1830 1832 1833
f 1832 1822 1833
f 1874 1876 1877
f 1874 1877 1875
f 1876 1878 1879
f 1876 1879 1877
f 1878 1880 1881
f 1878 1881 1879
f 1880 1882 1883
f 1880 1883 1881
f 1882 1884 1885
f 1882 1885 1883
f 1884 1874 1875
f 1884 1875 1885
f 1886 1888 1889
f 1886 1889 1887
f 1888 1890 1891
f 1888 1891 1889
f 1890 1892 1893
f 1890 1893 1891
f 1892 1894 1895
f 1892 1895 1893
f 1894 1896 1897
f 1894 1897 1895
f 1896 1886 1887
f 1896 1887 1897
f 1887 1889 1898
f 1889 1891 1898
f 1891 1893 1898
f 1893 1895 1898
f 1895 1897 1898
f 1897 1887 1898
f 1939 1941 1942
f 1939 1942 1940
f 1941 1943 1944
f 1941 1944 1942
f 1943 1945 1946
f 1943 1946 1944
f 1945 1947 1948
f 1945 1948 1946
f 1947 1949 1950
f 1947 1950 1948
f 1949 1939 1940
f 1949 1940 1950
f 2011 2013 2014
f 2011 2014 2012
f 2013 2015 2016
f 2013 2016 2014
f 2015 2017 2018
f 2015 2018 2016
f 2017 2019 2020
f 2017 2020 2018
f 2019 2021 2022
f 2019 2022 2020
f 2021 2011 2012
f 2021 2012 2022
f 2063 2065 2066
f 2063 2066 2064
f 2065 2067 2068
f 2065 2068 2066
f 2067 2069 2070
f 2067 2070 2068
f 2069 2071 2072
f 2069 2072 2070
f 2071 2073 2074
f 2071 2074 2072
f 2073 2063 2064
f 2073 2064 2074
f 2064 2066 2075
f 2066 2068 2075
f 2068 2070 2075
f 2070 2072 2075
f 2072 2074 2075
f 2074 2064 2075
f 2076 2078 2079
f 2076 2079 2077
f 2078 2080 2081
f 2078 2081 2079
f 2080 2082 2083
f 2080 2083 2081
f 2082 2084 2085
f 2082 2085 2083
f 2084 2086 2087
f 2084 2087 2085
f 2086 2076 2077
f 2086 2077 2087
f 2088 2090 2091
f 2088 2091 2089
f 2090 2092 2093
f 2090 2093 2091
f 2092 2094 2095
f 2092 2095 2093
f 2094 2096 2097
f 2094 2097 2095
f 2096 2098 2099
f 2096 2099 2097
f 2098 2088 2089
f 2098 2089 2099
f 2089 2091 2100
f 2091 2093 2100
f 2093 2095 2100
f 2095 2097 2100
f 2097 2099 2100
f 2099 2089 2100
f 2141 2143 2144
f 2141 2144 2142
f 2143 2145 2146
f 2143 2146 2144
f 2145 2147 2148
f 2145 2148 2146
f 2147 2149 2150
f 2147 2150 2148
f 2149 2151 2152
f 2149 2152 2150
f 2151 2141 2142
f 2151 2142 2152
f 2213 2215 2216
f 2213 2216 2214
f 2215 2217 2218
f 2215 2218 2216
f 2217 2219 2220
f 2217 2220 2218
f 2219 2221 2222
f 2219 2222 2220
f 2221 2223 2224
f 2221 2224 2222
f 2223 2213 2214
f 2223 2214 2224
f 2214 2216 2225
f 2216 2218 2225
f 2218 2220 2225
f 2220 2222 2225
f 2222 2224 2225
f 2224 2214 2225
f 2266 2268 2269
f 2266 2269 2267
f 2268 2270 2271
f 2268 2271 2269
f 2270 2272 2273
f 2270 2273 2271
f 2272 2274 2275
f 2272 2275 2273
f 2274 2276 2277
f 2274 2277 2275
f 2276 2266 2267
f 2276 2267 2277
f 2267 2269 2278
f 2269 2271 2278
f 2271 2273 2278
f 2273 2275 2278
f 2275 2277 2278
f 2277 2267 2278
f 2279 2281 2282
f 2279 2282 2280
f 2281 2283 2284
f 2281 2284 2282
f 2283 2285 2286
f 2283 2286 2284
f 2285 2287 2288
f 2285 2288 2286
f 2287 2289 2290
f 2287 2290 2288
f 2289 2279 2280
f 2289 2280 2290
f 2280 2282 2291
f 2282 2284 2291
f 2284 2286 2291
f 2286 2288 2291
f 2288 2290 2291
f 2290 2280 2291
f 2312 2314 2315
f 2312 2315 2313
f 2314 2316 2317
f 2314 2317 2315
f 2316 2318 2319
f 2316 2319 2317
f 2318 2320 2321
f 2318 2321 2319
f 2320 2322 2323
f 2320 2323 2321
f 2322 2312 2313
f 2322 2313 2323
f 2324 2326 2327
f 2324 2327 2325
f 2326 2328 2329
f 2326 2329 2327
f 2328 2330 2331
f 2328 2331 2329
f 2330 2332 2333
f 2330 2333 2331
f 2332 2334 2335
f 2332 2335 2333
f 2334 2324 2325
f 2334 2325 2335
f 2336 2338 2339
f 2336 2339 2337
f 2338 2340 2341
f 2338 2341 2339
f 2340 2342 2343
f 2340 2343 2341
f 2342 2344 2345
f 2342 2345 2343
f 2344 2346 2347
f 2344 2347 2345
f 2346 2336 2337
f 2346 2337 2347
f 2348 2350 2351
f 2348 2351 2349
f 2350 2352 2353
f 2350 2353 2351
f 2352 2354 2355
f 2352 2355 2353
f 2354 2356 2357
f 2354 2357 2355
f 2356 2358 2359
f 2356 2359 2357
f 2358 2348 2349
f 2358 2349 2359
f 2420 2422 2423
f 2420 2423 2421
f 2422 2424 2425
f 2422 2425 2423
f 2424 2426 2427
f 2424 2427 2425
f 2426 2428 2429
f 2426 2429 2427
f 2428 2430 2431
f 2428 2431 2429
f 2430 2420 2421
f 2430 2421 2431
f 2421 2423 2432
f 2423 2425 2432
f 2425 2427 2432
f 2427 2429 2432
f 2429 2431 2432
f 2431 2421 2432
f 2473 2475 2476
f 2473 2476 2474
f 2475 2477 2478
f 2475 2478 2476
f 2477 2479 2480
f 2477 2480 2478
f 2479 2481 2482
f 2479 2482 2480
f 2481 2483 2484
f 2481 2484 2482
f 2483 2473 2474
f 2483 2474 2484
f 2545 2547 2548
f 2545 2548 2546
f 2547 2549 2550
f 2547 2550 2548
f 2549 2551 2552
f 2549 2552 2550
f 2551 2553 2554
f 2551 2554 2552
f 2553 2555 2556
f 2553 2556 2554
f 2555 2545 2546
f 2555 2546 2556
f 2546 2548 2557
f 2548 2550 2557
f 2550 2552 2557
f 2552 2554 2557
f 2554 2556 2557
f 2556 2546 2557
f 2558 2560 2561
f 2558 2561 2559
f 2560 2562 2563
f 2560 2563 2561
f 2562 2564 2565
f 2562 2565 2563
f 2564 2566 2567
f 2564 2567 2565
f 2566 2568 2569
f 2566 2569 2567
f 2568 2558 2559
f 2568 2559 2569
f 2630 2632 2633
f 2630 2633 2631
f 2632 2634 2635
f 2632 2635 2633
f 2634 2636 2637
f 2634 2637 2635
f 2636 2638 2639
f 2636 2639 2637
f 2638 2640 2641
f 2638 2641 2639
f 2640 2630 2631
f 2640 2631 2641
f 2631 2633 2642
f 2633 2635 2642
f 2635 2637 2642
f 2637 2639 2642
f 2639 2641 2642
f 2641 2631 2642
f 2683 2685 2686
f 2683 2686 2684
f 2685 2687 2688
f 2685 2688 2686
f 2687 2689 2690
f 2687 2690 2688
f 2689 2691 2692
f 2689 2692 2690
f 2691 2693 2694
f 2691 2694 2692
f 2693 2683 2684
f 2693 2684 2694
f 2684 2686 2695
f 2686 2688 2695
f 2688 2690 2695
f 2690 2692 2695
f 2692 2694 2695
f 2694 2684 2695
f 2696 2698 2699
f 2696 2699 2697
f 2698 2700 2701
f 2698 2701 2699
f 2700 2702 2703
f 2700 2703 2701
f 2702 2704 2705
f 2702 2705 2703
f 2704 2706 2707
f 2704 2707 2705
f 2706 2696 2697
f 2706 2697 2707
f 2697 2699 2708
f 2699 2701 2708
f 2701 2703 2708
f 2703 2705 2708
f 2705 2707 2708
f 2707 2697 2708
f 2749 2751 2752
f 2749 2752 2750
f 2751 2753 2754
f 2751 2754 2752
f 2753 2755 2756
f 2753 2756 2754
f 2755 2757 2758
f 2755 2758 2756
f 2757 2759 2760
f 2757 2760 2758
f 2759 2749 2750
f 2759 2750 2760
f 2821 2823 2824
f 2821 2824 2822
f 2823 2825 2826
f 2823 2826 2824
f 2825 2827 2828
f 2825 2828 2826
f 2827 2829 2830
f 2827 2830 2828
f 2829 2831 2832
f 2829 2832 2830
f 2831 2821 2822
f 2831 2822 2832
f 2822 2824 2833
f 2824 2826 2833
f 2826 2828 2833
f 2828 2830 2833
f 2830 2832 2833
f 2832 2822 2833
f 2834 2836 2837
f 2834 2837 2835
f 2836 2838 2839
f 2836 2839 2837
f 2838 2840 2841
f 2838 2841 2839
f 2840 2842 2843
f 2840 2843 2841
f 2842 2844 2845
f 2842 2845 2843
f 2844 2834 2835
f 2844 2835 2845
f 2846 2848 2849
f 2846 2849 2847
f 2848 2850 2851
f 2848 2851 2849
f 2850 2852 2853
f 2850 2853 2851
f 2852 2854 2855
f 2852 2855 2853
f 2854 2856 2857
f 2854 2857 2855
f 2856 2846 2847
f 2856 2847 2857
f 2918 2920 2921
f 2918 2921 2919
f 2920 2922 2923
f 2920 2923 2921
f 2922 2924 2925
f 2922 2925 2923
f 2924 2926 2927
f 2924 2927 2925
f 2926 2928 2929
f 2926 2929 2927
f 2928 2918 2919
f 2928 2919 2929
f 2919 2921 2930
f 2921 2923 2930
f 2923 2925 2930
f 2925 2927 2930
f 2927 2929 2930
f 2929 2919 2930
f 2971 2973 2974
f 2971 2974 2972
f 2973 2975 2976
f 2973 2976 2974
f 2975 2977 2978
f 2975 2978 2976
f 2977 2979 2980
f 2977 2980 2978
f 2979 2981 2982
f 2979 2982 2980
f 2981 2971 2972
f 2981 2972 2982
f 2983 2985 2986
f 2983 2986 2984
f 2985 2987 2988
f 2985 2988 2986
f 2987 2989 2990
f 2987 2990 2988
f 2989 2991 2992
f 2989 2992 2990
f 2991 2993 2994
f 2991 2994 2992
f 2993 2983 2984
f 2993 2984 2994
f 3055 3057 3058
f 3055 3058 3056
f 3057 3059 3060
f 3057 3060 3058
f 3059 3061 3062
f 3059 3062 3060
f 3061 3063 3064
f 3061 3064 3062
f 3063 3065 3066
f 3063 3066 3064
f 3065 3055 3056
f 3065 3056 3066
f 3127 3129 3130
f 3127 3130 3128
f 3129 3131 3132
f 3129 3132 3130
f 3131 3133 3134
f 3131 3134 3132
f 3133 3135 3136
f 3133 3136 3134
f 3135 3137 3138
f 3135 3138 3136
f 3137 3127 3128
f 3137 3128 3138
f 3199 3201 3202
f 3199 3202 3200
f 3201 3203 3204
f 3201 3204 3202
f 3203 3205 3206
f 3203 3206 3204
f 3205 3207 3208
f 3205 3208 3206
f 3207 3209 3210
f 3207 3210 3208
f 3209 3199 3200
f 3209 3200 3210
f 3211 3213 3214
f 3211 3214 3212
f 3213 3215 3216
f 3213 3216 3214
f 3215 3217 3218
f 3215 3218 3216
f 3217 3219 3220
f 3217 3220 3218
f 3219 3221 3222
f 3219 3222 3220
f 3221 3211 3212
f 3221 3212 3222
f 3212 3214 3223
f 3214 3216 3223
f 3216 3218 3223
f 3218 3220 3223
f 3220 3222 3223
f 3222 3212 3223
f 3224 3226 3227
f 3224 3227 3225
f 3226 3228 3229
f 3226 3229 3227
f 3228 3230 3231
f 3228 3231 3229
f 3230 3232 3233
f 3230 3233 3231
f 3232 3234 3235
f 3232 3235 3233
f 3234 3224 3225
f 3234 3225 3235
f 3296 3298 3299
f 3296 3299 3297
f 3298 3300 3301
f 3298 3301 3299
f 3300 3302 3303
f 3300 3303 3301
f 3302 3304 3305
f 3302 3305 3303
f 3304 3306 3307
f 3304 3307 3305
f 3306 3296 3297
f 3306 3297 3307
f 3297 3299 3308
f 3299 3301 3308
f 3301 3303 3308
f 3303 3305 3308
f 3305 3307 3308
f 3307 3297 3308
f 3349 3351 3352
f 3349 3352 3350
f 3351 3353 3354
f 3351 3354 3352
f 3353 3355 3356
f 3353 3356 3354
f 3355 3357 3358
f 3355 3358 3356
f 3357 3359 3360
f 3357 3360 3358
f 3359 3349 3350
f 3359 3350 3360
f 3350 3352 3361
f 3352 3354 3361
f 3354 3356 3361
f 3356 3358 3361
f 3358 3360 3361
f 3360 3350 3361
f 3362 3364 3365
f 3362 3365 3363
f 3364 3366 3367
f 3364 3367 3365
f 3366 3368 3369
f 3366 3369 3367
f 3368 3370 3371
f 3368 3371 3369
f 3370 3372 3373
f 3370 3373 3371
f 3372 3362 3363
f 3372 3363 3373
f 3434 3436 3437
f 3434 3437 3435
f 3436 3438 3439
f 3436 3439 3437
f 3438 3440 3441
f 3438 3441 3439
f 3440 3442 3443
f 3440 3443 3441
f 3442 3444 3445
f 3442 3445 3443
f 3444 3434 3435
f 3444 3435 3445
f 3506 3508 3509
f 3506 3509 3507
f 3508 3510 3511
f 3508 3511 3509
f 3510 3512 3513
f 3510 3513 3511
f 3512 3514 3515
f 3512 3515 3513
f 3514 3516 3517
f 3514 3517 3515
f 3516 3506 3507
f 3516 3507 3517
f 3518 3520 3521
f 3518 3521 3519
f 3520 3522 3523
f 3520 3523 3521
f 3522 3524 3525
f 3522 3525 3523
f 3524 3526 3527
f 3524 3527 3525
f 3526 3528 3529
f 3526 3529 3527
f 3528 3518 3519
f 3528 3519 3529
f 3519 3521 3530
f 3521 3523 3530
f 3523 3525 3530
f 3525 3527 3530
f 3527 3529 3530
f 3529 3519 3530
f 3571 3573 3574
f 3571 3574 3572
f 3573 3575 3576
f 3573 3576 3574
f 3575 3577 3578
f 3575 3578 3576
f 3577 3579 3580
f 3577 3580 3578
f 3579 3581 3582
f 3579 3582 3580
f 3581 3571 3572
f 3581 3572 3582
f 3572 3574 3583
f 3574 3576 3583
f 3576 3578 3583
f 3578 3580 3583
f 3580 3582 3583
f 3582 3572 3583
f 3624 3626 3627
f 3624 3627 3625
f 3626 3628 3629
f 3626 3629 3627
f 3628 3630 3631
f 3628 3631 3629
f 3630 3632 3633
f 3630 3633 3631
f 3632 3634 3635
f 3632 3635 3633
f 3634 3624 3625
f 3634 3625 3635
usemtl Leaf
f 63 65 64
f 63 64 65
f 64 66 63
f 64 63 66
f 67 69 68
f 67 68 69
f 68 70 67
f 68 67 70
f 71 73 72
f 71 72 73
f 72 74 71
f 72 71 74
f 75 77 76
f 75 76 77
f 76 78 75
f 76 75 78
f 79 81 80
f 79 80 81
f 80 82 79
f 80 79 82
f 83 85 84
f 83 84 85
f 84 86 83
f 84 83 86
f 87 89 88
f 87 88 89
f 88 90 87
f 88 87 90
f 91 93 92
f 91 92 93
f 92 94 91
f 92 91 94
f 95 97 96
f 95 96 97
f 96 98 95
f 96 95 98
f 99 101 100
f 99 100 101
f 100 102 99
f 100 99 102
f 115 117 116
f 115 116 117
f 116 118 115
f 116 115 118
f 119 121 120
f 119 120 121
f 120 122 119
f 120 119 122
f 123 125 124
f 123 124 125
f 124 126 123
f 124 123 126
f 127 129 128
f 127 128 129
f 128 130 127
f 128 127 130
f 131 133 132
f 131 132 133
f 132 134 131
f 132 131 134
f 135 137 136
f 135 136 137
f 136 138 135
f 136 135 138
f 139 141 140
f 139 140 141
f 140 142 139
f 140 139 142
f 143 145 144
f 143 144 145
f 144 146 143
f 144 143 146
f 147 149 148
f 147 148 149
f 148 150 147
f 148 147 150
f 151 153 152
f 151 152 153
f 152 154 151
f 152 151 154
f 155 157 156
f 155 156 157
f 156 158 155
f 156 155 158
f 159 161 160
f 159 160 161
f 160 162 159
f 160 159 162
f 163 165 164
f 163 164 165
f 164 166 163
f 164 163 166
f 167 169 168
f 167 168 169
f 168 170 167
f 168 167 170
f 171 173 172
f 171 172 173
f 172 174 171
f 172 171 174
f 188 190 189
f 188 189 190
f 189 191 188
f 189 188 191
f 192 194 193
f 192 193 194
f 193 195 192
f 193 192 195
f 196 198 197
f 196 197 198
f 197 199 196
f 197 196 199
f 200 202 201
f 200 201 202
f 201 203 200
f 201 200 203
f 204 206 205
f 204 205 206
f 205 207 204
f 205 204 207
f 233 235 234
f 233 234 235
f 234 236 233
f 234 233 236
f 237 239 238
f 237 238 239
f 238 240 237
f 238 237 240
f 241 243 242
f 241 242 243
f 242 244 241
f 242 241 244
f 245 247 246
f 245 246 247
f 246 248 245
f 246 245 248
f 249 251 250
f 249 250 251
f 250 252 249
f 250 249 252
f 266 268 267
f 266 267 268
f 267 269 266
f 267 266 269
f 270 272 271
f 270 271 272
f 271 273 270
f 271 270 273
f 274 276 275
f 274 275 276
f 275 277 274
f 275 274 277
f 278 280 279
f 278 279 280
f 279 281 278
f 279 278 281
f 282 284 283
f 282 283 284
f 283 285 282
f 283 282 285
f 286 288 287
f 286 287 288
f 287 289 286
f 287 286 289
f 290 292 291
f 290 291 292
f 291 293 290
f 291 290 293
f 294 296 295
f 294 295 296
f 295 297 294
f 295 294 297
f 298 300 299
f 298 299 300
f 299 301 298
f 299 298 301
f 302 304 303
f 302 303 304
f 303 305 302
f 303 302 305
f 318 320 319
f 318 319 320
f 319 321 318
f 319 318 321
f 322 324 323
f 322 323 324
f 323 325 322
f 323 322 325
f 326 328 327
f 326 327 328
f 327 329 326
f 327 326 329
f 330 332 331
f 330 331 332
f 331 333 330
f 331 330 333
f 334 336 335
f 334 335 336
f 335 337 334
f 335 334 337
f 338 340 339
f 338 339 340
f 339 341 338
f 339 338 341
f 342 344 343
f 342 343 344
f 343 345 342
f 343 342 345
f 346 348 347
f 346 347 348
f 347 349 346
f 347 346 349
f 350 352 351
f 350 351 352
f 351 353 350
f 351 350 353
f 354 356 355
f 354 355 356
f 355 357 354
f 355 354 357
f 358 360 359
f 358 359 360
f 359 361 358
f 359 358 361
f 362 364 363
f 362 363 364
f 363 365 362
f 363 362 365
f 366 368 367
f 366 367 368
f 367 369 366
f 367 366 369
f 370 372 371
f 370 371 372
f 371 373 370
f 371 370 373
f 374 376 375
f 374 375 376
f 375 377 374
f 375 374 377
f 414 416 415
f 414 415 416
f 415 417 414
f 415 414 417
f 418 420 419
f 418 419 420
f 419 421 418
f 419 418 421
f 422 424 423
f 422 423 424
f 423 425 422
f 423 422 425
f 426 428 427
f 426 427 428
f 427 429 426
f 427 426 429
f 430 432 431
f 430 431 432
f 431 433 430
f 431 430 433
f 434 436 435
f 434 435 436
f 435 437 434
f 435 434 437
f 438 440 439
f 438 439 440
f 439 441 438
f 439 438 441
f 442 444 443
f 442 443 444
f 443 445 442
f 443 442 445
f 446 448 447
f 446 447 448
f 447 449 446
f 447 446 449
f 450 452 451
f 450 451 452
f 451 453 450
f 451 450 453
f 454 456 455
f 454 455 456
f 455 457 454
f 455 454 457
f 458 460 459
f 458 459 460
f 459 461 458
f 459 458 461
f 462 464 463
f 462 463 464
f 463 465 462
f 463 462 465
f 466 468 467
f 466 467 468
f 467 469 466
f 467 466 469
f 470 472 471
f 470 471 472
f 471 473 470
f 471 470 473
f 487 489 488
f 487 488 489
f 488 490 487
f 488 487 490
f 491 493 492
f 491 492 493
f 492 494 491
f 492 491 494
f 495 497 496
f 495 496 497
f 496 498 495
f 496 495 498
f 499 501 500
f 499 500 501
f 500 502 499
f 500 499 502
f 503 505 504
f 503 504 505
f 504 506 503
f 504 503 506
f 507 509 508
f 507 508 509
f 508 510 507
f 508 507 510
f 511 513 512
f 511 512 513
f 512 514 511
f 512 511 514
f 515 517 516
f 515 516 517
f 516 518 515
f 516 515 518
f 519 521 520
f 519 520 521
f 520 522 519
f 520 519 522
f 523 525 524
f 523 524 525
f 524 526 523
f 524 523 526
f 553 555 554
f 553 554 555
f 554 556 553
f 554 553 556
f 557 559 558
f 557 558 559
f 558 560 557
f 558 557 560
f 561 563 562
f 561 562 563
f 562 564 561
f 562 561 564
f 565 567 566
f 565 566 567
f 566 568 565
f 566 565 568
f 569 571 570
f 569 570 571
f 570 572 569
f 570 569 572
f 573 575 574
f 573 574 575
f 574 576 573
f 574 573 576
f 577 579 578
f 577 578 579
f 578 580 577
f 578 577 580
f 581 583 582
f 581 582 583
f 582 584 581
f 582 581 584
f 585 587 586
f 585 586 587
f 586 588 585
f 586 585 588
f 589 591 590
f 589 590 591
f 590 592 589
f 590 589 592
f 618 620 619
f 618 619 620
f 619 621 618
f 619 618 621
f 622 624 623
f 622 623 624
f 623 625 622
f 623 622 625
f 626 628 627
f 626 627 628
f 627 629 626
f 627 626 629
f 630 632 631
f 630 631 632
f 631 633 630
f 631 630 633
f 634 636 635
f 634 635 636
f 635 637 634
f 635 634 637
f 638 640 639
f 638 639 640
f 639 641 638
f 639 638 641
f 642 644 643
f 642 643 644
f 643 645 642
f 643 642 645
f 646 648 647
f 646 647 648
f 647 649 646
f 647 646 649
f 650 652 651
f 650 651 652
f 651 653 650
f 651 650 653
f 654 656 655
f 654 655 656
f 655 657 654
f 655 654 657
f 658 660 659
f 658 659 660
f 659 661 658
f 659 658 661
f 662 664 663
f 662 663 664
f 663 665 662
f 663 662 665
f 666 668 667
f 666 667 668
f 667 669 666
f 667 666 669
f 670 672 671
f 670 671 672
f 671 673 670
f 671 670 673
f 674 676 675
f 674 675 676
f 675 677 674
f 675 674 677
f 691 693 692
f 691 692 693
f 692 694 691
f 692 691 694
f 695 697 696
f 695 696 697
f 696 698 695
f 696 695 698
f 699 701 700
f 699 700 701
f 700 702 699
f 700 699 702
f 703 705 704
f 703 704 705
f 704 706 703
f 704 703 706
f 707 709 708
f 707 708 709
f 708 710 707
f 708 707 710
f 711 713 712
f 711 712 713
f 712 714 711
f 712 711 714
f 715 717 716
f 715 716 717
f 716 718 715
f 716 715 718
f 719 721 720
f 719 720 721
f 720 722 719
f 720 719 722
f 723 725 724
f 723 724 725
f 724 726 723
f 724 723 726
f 727 729 728
f 727 728 729
f 728 730 727
f 728 727 730
f 769 771 770
f 769 770 771
f 770 772 769
f 770 769 772
f 773 775 774
f 773 774 775
f 774 776 773
f 774 773 776
f 777 779 778
f 777 778 779
f 778 780 777
f 778 777 780
f 781 783 782
f 781 782 783
f 782 784 781
f 782 781 784
f 785 787 786
f 785 786 787
f 786 788 785
f 786 785 788
f 789 791 790
f 789 790 791
f 790 792 789
f 790 789 792
f 793 795 794
f 793 794 795
f 794 796 793
f 794 793 796
f 797 799 798
f 797 798 799
f 798 800 797
f 798 797 800
f 801 803 802
f 801 802 803
f 802 804 801
f 802 801 804
f 805 807 806
f 805 806 807
f 806 808 805
f 806 805 808
f 821 823 822
f 821 822 823
f 822 824 821
f 822 821 824
f 825 827 826
f 825 826 827
f 826 828 825
f 826 825 828
f 829 831 830
f 829 830 831
f 830 832 829
f 830 829 832
f 833 835 834
f 833 834 835
f 834 836 833
f 834 833 836
f 837 839 838
f 837 838 839
f 838 840 837
f 838 837 840
f 841 843 842
f 841 842 843
f 842 844 841
f 842 841 844
f 845 847 846
f 845 846 847
f 846 848 845
f 846 845 848
f 849 851 850
f 849 850 851
f 850 852 849
f 850 849 852
f 853 855 854
f 853 854 855
f 854 856 853
f 854 853 856
f 857 859 858
f 857 858 859
f 858 860 857
f 858 857 860
f 861 863 862
f 861 862 863
f 862 864 861
f 862 861 864
f 865 867 866
f 865 866 867
f 866 868 865
f 866 865 868
f 869 871 870
f 869 870 871
f 870 872 869
f 870 869 872
f 873 875 874
f 873 874 875
f 874 876 873
f 874 873 876
f 877 879 878
f 877 878 879
f 878 880 877
f 878 877 880
f 907 909 908
f 907 908 909
f 908 910 907
f 908 907 910
f 911 913 912
f 911 912 913
f 912 914 911
f 912 911 914
f 915 917 916
f 915 916 917
f 916 918 915
f 916 915 918
f 919 921 920
f 919 920 921
f 920 922 919
f 920 919 922
f 923 925 924
f 923 924 925
f 924 926 923
f 924 923 926
f 927 929 928
f 927 928 929
f 928 930 927
f 928 927 930
f 931 933 932
f 931 932 933
f 932 934 931
f 932 931 934
f 935 937 936
f 935 936 937
f 936 938 935
f 936 935 938
f 939 941 940
f 939 940 941
f 940 942 939
f 940 939 942
f 943 945 944
f 943 944 945
f 944 946 943
f 944 943 946
f 959 961 960
f 959 960 961
f 960 962 959
f 960 959 962
f 963 965 964
f 963 964 965
f 964 966 963
f 964 963 966
f 967 969 968
f 967 968 969
f 968 970 967
f 968 967 970
f 971 973 972
f 971 972 973
f 972 974 971
f 972 971 974
f 975 977 976
f 975 976 977
f 976 978 975
f 976 975 978
f 979 981 980
f 979 980 981
f 980 982 979
f 980 979 982
f 983 985 984
f 983 984 985
f 984 986 983
f 984 983 986
f 987 989 988
f 987 988 989
f 988 990 987
f 988 987 990
f 991 993 992
f 991 992 993
f 992 994 991
f 992 991 994
f 995 997 996
f 995 996 997
f 996 998 995
f 996 995 998
f 999 1001 1000
f 999 1000 1001
f 1000 1002 999
f 1000 999 1002
f 1003 1005 1004
f 1003 1004 1005
f 1004 1006 1003
f 1004 1003 1006
f 1007 1009 1008
f 1007 1008 1009
f 1008 1010 1007
f 1008 1007 1010
f 1011 1013 1012
f 1011 1012 1013
f 1012 1014 1011
f 1012 1011 1014
f 1015 1017 1016
f 1015 1016 1017
f 1016 1018 1015
f 1016 1015 1018
f 1045 1047 1046
f 1045 1046 1047
f 1046 1048 1045
f 1046 1045 1048
f 1049 1051 1050
f 1049 1050 1051
f 1050 1052 1049
f 1050 1049 1052
f 1053 1055 1054
f 1053 1054 1055
f 1054 1056 1053
f 1054 1053 1056
f 1057 1059 1058
f 1057 1058 1059
f 1058 1060 1057
f 1058 1057 1060
f 1061 1063 1062
f 1061 1062 1063
f 1062 1064 1061
f 1062 1061 1064
f 1078 1080 1079
f 1078 1079 1080
f 1079 1081 1078
f 1079 1078 1081
f 1082 1084 1083
f 1082 1083 1084
f 1083 1085 1082
f 1083 1082 1085
f 1086 1088 1087
f 1086 1087 1088
f 1087 1089 1086
f 1087 1086 1089
f 1090 1092 1091
f 1090 1091 1092
f 1091 1093 1090
f 1091 1090 1093
f 1094 1096 1095
f 1094 1095 1096
f 1095 1097 1094
f 1095 1094 1097
f 1148 1150 1149
f 1148 1149 1150
f 1149 1151 1148
f 1149 1148 1151
f 1152 1154 1153
f 1152 1153 1154
f 1153 1155 1152
f 1153 1152 1155
f 1156 1158 1157
f 1156 1157 1158
f 1157 1159 1156
f 1157 1156 1159
f 1160 1162 1161
f 1160 1161 1162
f 1161 1163 1160
f 1161 1160 1163
f 1164 1166 1165
f 1164 1165 1166
f 1165 1167 1164
f 1165 1164 1167
f 1168 1170 1169
f 1168 1169 1170
f 1169 1171 1168
f 1169 1168 1171
f 1172 1174 1173
f 1172 1173 1174
f 1173 1175 1172
f 1173 1172 1175
f 1176 1178 1177
f 1176 1177 1178
f 1177 1179 1176
f 1177 1176 1179
f 1180 1182 1181
f 1180 1181 1182
f 1181 1183 1180
f 1181 1180 1183
f 1184 1186 1185
f 1184 1185 1186
f 1185 1187 1184
f 1185 1184 1187
f 1200 1202 1201
f 1200 1201 1202
f 1201 1203 1200
f 1201 1200 1203
f 1204 1206 1205
f 1204 1205 1206
f 1205 1207 1204
f 1205 1204 1207
f 1208 1210 1209
f 1208 1209 1210
f 1209 1211 1208
f 1209 1208 1211
f 1212 1214 1213
f 1212 1213 1214
f 1213 1215 1212
f 1213 1212 1215
f 1216 1218 1217
f 1216 1217 1218
f 1217 1219 1216
f 1217 1216 1219
f 1220 1222 1221
f 1220 1221 1222
f 1221 1223 1220
f 1221 1220 1223
f 1224 1226 1225
f 1224 1225 1226
f 1225 1227 1224
f 1225 1224 1227
f 1228 1230 1229
f 1228 1229 1230
f 1229 1231 1228
f 1229 1228 1231
f 1232 1234 1233
f 1232 1233 1234
f 1233 1235 1232
f 1233 1232 1235
f 1236 1238 1237
f 1236 1237 1238
f 1237 1239 1236
f 1237 1236 1239
f 1240 1242 1241
f 1240 1241 1242
f 1241 1243 1240
f 1241 1240 1243
f 1244 1246 1245
f 1244 1245 1246
f 1245 1247 1244
f 1245 1244 1247
f 1248 1250 1249
f 1248 1249 1250
f 1249 1251 1248
f 1249 1248 1251
f 1252 1254 1253
f 1252 1253 1254
f 1253 1255 1252
f 1253 1252 1255
f 1256 1258 1257
f 1256 1257 1258
f 1257 1259 1256
f 1257 1256 1259
f 1272 1274 1273
f 1272 1273 1274
f 1273 1275 1272
f 1273 1272 1275
f 1276 1278 1277
f 1276 1277 1278
f 1277 1279 1276
f 1277 1276 1279
f 1280 1282 1281
f 1280 1281 1282
f 1281 1283 1280
f 1281 1280 1283
f 1284 1286 1285
f 1284 1285 1286
f 1285 1287 1284
f 1285 1284 1287
f 1288 1290 1289
f 1288 1289 1290
f 1289 1291 1288
f 1289 1288 1291
f 1292 1294 1293
f 1292 1293 1294
f 1293 1295 1292
f 1293 1292 1295
f 1296 1298 1297
f 1296 1297 1298
f 1297 1299 1296
f 1297 1296 1299
f 1300 1302 1301
f 1300 1301 1302
f 1301 1303 1300
f 1301 1300 1303
f 1304 1306 1305
f 1304 1305 1306
f 1305 1307 1304
f 1305 1304 1307
f 1308 1310 1309
f 1308 1309 1310
f 1309 1311 1308
f 1309 1308 1311
f 1312 1314 1313
f 1312 1313 1314
f 1313 1315 1312
f 1313 1312 1315
f 1316 1318 1317
f 1316 1317 1318
f 1317 1319 1316
f 1317 1316 1319
f 1320 1322 1321
f 1320 1321 1322
f 1321 1323 1320
f 1321 1320 1323
f 1324 1326 1325
f 1324 1325 1326
f 1325 1327 1324
f 1325 1324 1327
f 1328 1330 1329
f 1328 1329 1330
f 1329 1331 1328
f 1329 1328 1331
f 1357 1359 1358
f 1357 1358 1359
f 1358 1360 1357
f 1358 1357 1360
f 1361 1363 1362
f 1361 1362 1363
f 1362 1364 1361
f 1362 1361 1364
f 1365 1367 1366
f 1365 1366 1367
f 1366 1368 1365
f 1366 1365 1368
f 1369 1371 1370
f 1369 1370 1371
f 1370 1372 1369
f 1370 1369 1372
f 1373 1375 1374
f 1373 1374 1375
f 1374 1376 1373
f 1374 1373 1376
f 1377 1379 1378
f 1377 1378 1379
f 1378 1380 1377
f 1378 1377 1380
f 1381 1383 1382
f 1381 1382 1383
f 1382 1384 1381
f 1382 1381 1384
f 1385 1387 1386
f 1385 1386 1387
f 1386 1388 1385
f 1386 1385 1388
f 1389 1391 1390
f 1389 1390 1391
f 1390 1392 1389
f 1390 1389 1392
f 1393 1395 1394
f 1393 1394 1395
f 1394 1396 1393
f 1394 1393 1396
f 1410 1412 1411
f 1410 1411 1412
f 1411 1413 1410
f 1411 1410 1413
f 1414 1416 1415
f 1414 1415 1416
f 1415 1417 1414
f 1415 1414 1417
f 1418 1420 1419
f 1418 1419 1420
f 1419 1421 1418
f 1419 1418 1421
f 1422 1424 1423
f 1422 1423 1424
f 1423 1425 1422
f 1423 1422 1425
f 1426 1428 1427
f 1426 1427 1428
f 1427 1429 1426
f 1427 1426 1429
f 1442 1444 1443
f 1442 1443 1444
f 1443 1445 1442
f 1443 1442 1445
f 1446 1448 1447
f 1446 1447 1448
f 1447 1449 1446
f 1447 1446 1449
f 1450 1452 1451
f 1450 1451 1452
f 1451 1453 1450
f 1451 1450 1453
f 1454 1456 1455
f 1454 1455 1456
f 1455 1457 1454
f 1455 1454 1457
f 1458 1460 1459
f 1458 1459 1460
f 1459 1461 1458
f 1459 1458 1461
f 1462 1464 1463
f 1462 1463 1464
f 1463 1465 1462
f 1463 1462 1465
f 1466 1468 1467
f 1466 1467 1468
f 1467 1469 1466
f 1467 1466 1469
f 1470 1472 1471
f 1470 1471 1472
f 1471 1473 1470
f 1471 1470 1473
f 1474 1476 1475
f 1474 1475 1476
f 1475 1477 1474
f 1475 1474 1477
f 1478 1480 1479
f 1478 1479 1480
f 1479 1481 1478
f 1479 1478 1481
f 1482 1484 1483
f 1482 1483 1484
f 1483 1485 1482
f 1483 1482 1485
f 1486 1488 1487
f 1486 1487 1488
f 1487 1489 1486
f 1487 1486 1489
f 1490 1492 1491
f 1490 1491 1492
f 1491 1493 1490
f 1491 1490 1493
f 1494 1496 1495
f 1494 1495 1496
f 1495 1497 1494
f 1495 1494 1497
f 1498 1500 1499
f 1498 1499 1500
f 1499 1501 1498
f 1499 1498 1501
f 1539 1541 1540
f 1539 1540 1541
f 1540 1542 1539
f 1540 1539 1542
f 1543 1545 1544
f 1543 1544 1545
f 1544 1546 1543
f 1544 1543 1546
f 1547 1549 1548
f 1547 1548 1549
f 1548 1550 1547
f 1548 1547 1550
f 1551 1553 1552
f 1551 1552 1553
f 1552 1554 1551
f 1552 1551 1554
f 1555 1557 1556
f 1555 1556 1557
f 1556 1558 1555
f 1556 1555 1558
f 1559 1561 1560
f 1559 1560 1561
f 1560 1562 1559
f 1560 1559 1562
f 1563 1565 1564
f 1563 1564 1565
f 1564 1566 1563
f 1564 1563 1566
f 1567 1569 1568
f 1567 1568 1569
f 1568 1570 1567
f 1568 1567 1570
f 1571 1573 1572
f 1571 1572 1573
f 1572 1574 1571
f 1572 1571 1574
f 1575 1577 1576
f 1575 1576 1577
f 1576 1578 1575
f 1576 1575 1578
f 1591 1593 1592
f 1591 1592 1593
f 1592 1594 1591
f 1592 1591 1594
f 1595 1597 1596
f 1595 1596 1597
f 1596 1598 1595
f 1596 1595 1598
f 1599 1601 1600
f 1599 1600 1601
f 1600 1602 1599
f 1600 1599 1602
f 1603 1605 1604
f 1603 1604 1605
f 1604 1606 1603
f 1604 1603 1606
f 1607 1609 1608
f 1607 1608 1609
f 1608 1610 1607
f 1608 1607 1610
f 1611 1613 1612
f 1611 1612 1613
f 1612 1614 1611
f 1612 1611 1614
f 1615 1617 1616
f 1615 1616 1617
f 1616 1618 1615
f 1616 1615 1618
f 1619 1621 1620
f 1619 1620 1621
f 1620 1622 1619
f 1620 1619 1622
f 1623 1625 1624
f 1623 1624 1625
f 1624 1626 1623
f 1624 1623 1626
f 1627 1629 1628
f 1627 1628 1629
f 1628 1630 1627
f 1628 1627 1630
f 1631 1633 1632
f 1631 1632 1633
f 1632 1634 1631
f 1632 1631 1634
f 1635 1637 1636
f 1635 1636 1637
f 1636 1638 1635
f 1636 1635 1638
f 1639 1641 1640
f 1639 1640 1641
f 1640 1642 1639
f 1640 1639 1642
f 1643 1645 1644
f 1643 1644 1645
f 1644 1646 1643
f 1644 1643 1646
f 1647 1649 1648
f 1647 1648 1649
f 1648 1650 1647
f 1648 1647 1650
f 1664 1666 1665
f 1664 1665 1666
f 1665 1667 1664
f 1665 1664 1667
f 1668 1670 1669
f 1668 1669 1670
f 1669 1671 1668
f 1669 1668 1671
f 1672 1674 1673
f 1672 1673 1674
f 1673 1675 1672
f 1673 1672 1675
f 1676 1678 1677
f 1676 1677 1678
f 1677 1679 1676
f 1677 1676 1679
f 1680 1682 1681
f 1680 1681 1682
f 1681 1683 1680
f 1681 1680 1683
f 1708 1710 1709
f 1708 1709 1710
f 1709 1711 1708
f 1709 1708 1711
f 1712 1714 1713
f 1712 1713 1714
f 1713 1715 1712
f 1713 1712 1715
f 1716 1718 1717
f 1716 1717 1718
f 1717 1719 1716
f 1717 1716 1719
f 1720 1722 1721
f 1720 1721 1722
f 1721 1723 1720
f 1721 1720 1723
f 1724 1726 1725
f 1724 1725 1726
f 1725 1727 1724
f 1725 1724 1727
f 1728 1730 1729
f 1728 1729 1730
f 1729 1731 1728
f 1729 1728 1731
f 1732 1734 1733
f 1732 1733 1734
f 1733 1735 1732
f 1733 1732 1735
f 1736 1738 1737
f 1736 1737 1738
f 1737 1739 1736
f 1737 1736 1739
f 1740 1742 1741
f 1740 1741 1742
f 1741 1743 1740
f 1741 1740 1743
f 1744 1746 1745
f 1744 1745 1746
f 1745 1747 1744
f 1745 1744 1747
f 1748 1750 1749
f 1748 1749 1750
f 1749 1751 1748
f 1749 1748 1751
f 1752 1754 1753
f 1752 1753 1754
f 1753 1755 1752
f 1753 1752 1755
f 1756 1758 1757
f 1756 1757 1758
f 1757 1759 1756
f 1757 1756 1759
f 1760 1762 1761
f 1760 1761 1762
f 1761 1763 1760
f 1761 1760 1763
f 1764 1766 1765
f 1764 1765 1766
f 1765 1767 1764
f 1765 1764 1767
f 1781 1783 1782
f 1781 1782 1783
f 1782 1784 1781
f 1782 1781 1784
f 1785 1787 1786
f 1785 1786 1787
f 1786 1788 1785
f 1786 1785 1788
f 1789 1791 1790
f 1789 1790 1791
f 1790 1792 1789
f 1790 1789 1792
f 1793 1795 1794
f 1793 1794 1795
f 1794 1796 1793
f 1794 1793 1796
f 1797 1799 1798
f 1797 1798 1799
f 1798 1800 1797
f 1798 1797 1800
f 1801 1803 1802
f 1801 1802 1803
f 1802 1804 1801
f 1802 1801 1804
f 1805 1807 1806
f 1805 1806 1807
f 1806 1808 1805
f 1806 1805 1808
f 1809 1811 1810
f 1809 1810 1811
f 1810 1812 1809
f 1810 1809 1812
f 1813 1815 1814
f 1813 1814 1815
f 1814 1816 1813
f 1814 1813 1816
f 1817 1819 1818
f 1817 1818 1819
f 1818 1820 1817
f 1818 1817 1820
f 1834 1836 1835
f 1834 1835 1836
f 1835 1837 1834
f 1835 1834 1837
f 1838 1840 1839
f 1838 1839 1840
f 1839 1841 1838
f 1839 1838 1841
f 1842 1844 1843
f 1842 1843 1844
f 1843 1845 1842
f 1843 1842 1845
f 1846 1848 1847
f 1846 1847 1848
f 1847 1849 1846
f 1847 1846 1849
f 1850 1852 1851
f 1850 1851 1852
f 1851 1853 1850
f 1851 1850 1853
f 1854 1856 1855
f 1854 1855 1856
f 1855 1857 1854
f 1855 1854 1857
f 1858 1860 1859
f 1858 1859 1860
f 1859 1861 1858
f 1859 1858 1861
f 1862 1864 1863
f 1862 1863 1864
f 1863 1865 1862
f 1863 1862 1865
f 1866 1868 1867
f 1866 1867 1868
f 1867 1869 1866
f 1867 1866 1869
f 1870 1872 1871
f 1870 1871 1872
f 1871 1873 1870
f 1871 1870 1873
f 1899 1901 1900
f 1899 1900 1901
f 1900 1902 1899
f 1900 1899 1902
f 1903 1905 1904
f 1903 1904 1905
f 1904 1906 1903
f 1904 1903 1906
f 1907 1909 1908
f 1907 1908 1909
f 1908 1910 1907
f 1908 1907 1910
f 1911 1913 1912
f 1911 1912 1913
f 1912 1914 1911
f 1912 1911 1914
f 1915 1917 1916
f 1915 1916 1917
f 1916 1918 1915
f 1916 1915 1918
f 1919 1921 1920
f 1919 1920 1921
f 1920 1922 1919
f 1920 1919 1922
f 1923 1925 1924
f 1923 1924 1925
f 1924 1926 1923
f 1924 1923 1926
f 1927 1929 1928
f 1927 1928 1929
f 1928 1930 1927
f 1928 1927 1930
f 1931 1933 1932
f 1931 1932 1933
f 1932 1934 1931
f 1932 1931 1934
f 1935 1937 1936
f 1935 1936 1937
f 1936 1938 1935
f 1936 1935 1938
f 1951 1953 1952
f 1951 1952 1953
f 1952 1954 1951
f 1952 1951 1954
f 1955 1957 1956
f 1955 1956 1957
f 1956 1958 1955
f 1956 1955 1958
f 1959 1961 1960
f 1959 1960 1961
f 1960 1962 1959
f 1960 1959 1962
f 1963 1965 1964
f 1963 1964 1965
f 1964 1966 1963
f 1964 1963 1966
f 1967 1969 1968
f 1967 1968 1969
f 1968 1970 1967
f 1968 1967 1970
f 1971 1973 1972
f 1971 1972 1973
f 1972 1974 1971
f 1972 1971 1974
f 1975 1977 1976
f 1975 1976 1977
f 1976 1978 1975
f 1976 1975 1978
f 1979 1981 1980
f 1979 1980 1981
f 1980 1982 1979
f 1980 1979 1982
f 1983 1985 1984
f 1983 1984 1985
f 1984 1986 1983
f 1984 1983 1986
f 1987 1989 1988
f 1987 1988 1989
f 1988 1990 1987
f 1988 1987 1990
f 1991 1993 1992
f 1991 1992 1993
f 1992 1994 1991
f 1992 1991 1994
f 1995 1997 1996
f 1995 1996 1997
f 1996 1998 1995
f 1996 1995 1998
f 1999 2001 2000
f 1999 2000 2001
f 2000 2002 1999
f 2000 1999 2002
f 2003 2005 2004
f 2003 2004 2005
f 2004 2006 2003
f 2004 2003 2006
f 2007 2009 2008
f 2007 2008 2009
f 2008 2010 2007
f 2008 2007 2010
f 2023 2025 2024
f 2023 2024 2025
f 2024 2026 2023
f 2024 2023 2026
f 2027 2029 2028
f 2027 2028 2029
f 2028 2030 2027
f 2028 2027 2030
f 2031 2033 2032
f 2031 2032 2033
f 2032 2034 2031
f 2032 2031 2034
f 2035 2037 2036
f 2035 2036 2037
f 2036 2038 2035
f 2036 2035 2038
f 2039 2041 2040
f 2039 2040 2041
f 2040 2042 2039
f 2040 2039 2042
f 2043 2045 2044
f 2043 2044 2045
f 2044 2046 2043
f 2044 2043 2046
f 2047 2049 2048
f 2047 2048 2049
f 2048 2050 2047
f 2048 2047 2050
f 2051 2053 2052
f 2051 2052 2053
f 2052 2054 2051
f 2052 2051 2054
f 2055 2057 2056
f 2055 2056 2057
f 2056 2058 2055
f 2056 2055 2058
f 2059 2061 2060
f 2059 2060 2061
f 2060 2062 2059
f 2060 2059 2062
f 2101 2103 2102
f 2101 2102 2103
f 2102 2104 2101
f 2102 2101 2104
f 2105 2107 2106
f 2105 2106 2107
f 2106 2108 2105
f 2106 2105 2108
f 2109 2111 2110
f 2109 2110 2111
f 2110 2112 2109
f 2110 2109 2112
f 2113 2115 2114
f 2113 2114 2115
f 2114 2116 2113
f 2114 2113 2116
f 2117 2119 2118
f 2117 2118 2119
f 2118 2120 2117
f 2118 2117 2120
f 2121 2123 2122
f 2121 2122 2123
f 2122 2124 2121
f 2122 2121 2124
f 2125 2127 2126
f 2125 2126 2127
f 2126 2128 2125
f 2126 2125 2128
f 2129 2131 2130
f 2129 2130 2131
f 2130 2132 2129
f 2130 2129 2132
f 2133 2135 2134
f 2133 2134 2135
f 2134 2136 2133
f 2134 2133 2136
f 2137 2139 2138
f 2137 2138 2139
f 2138 2140 2137
f 2138 2137 2140
f 2153 2155 2154
f 2153 2154 2155
f 2154 2156 2153
f 2154 2153 2156
f 2157 2159 2158
f 2157 2158 2159
f 2158 2160 2157
f 2158 2157 2160
f 2161 2163 2162
f 2161 2162 2163
f 2162 2164 2161
f 2162 2161 2164
f 2165 2167 2166
f 2165 2166 2167
f 2166 2168 2165
f 2166 2165 2168
f 2169 2171 2170
f 2169 2170 2171
f 2170 2172 2169
f 2170 2169 2172
f 2173 2175 2174
f 2173 2174 2175
f 2174 2176 2173
f 2174 2173 2176
f 2177 2179 2178
f 2177 2178 2179
f 2178 2180 2177
f 2178 2177 2180
f 2181 2183 2182
f 2181 2182 2183
f 2182 2184 2181
f 2182 2181 2184
f 2185 2187 2186
f 2185 2186 2187
f 2186 2188 2185
f 2186 2185 2188
f 2189 2191 2190
f 2189 2190 2191
f 2190 2192 2189
f 2190 2189 2192
f 2193 2195 2194
f 2193 2194 2195
f 2194 2196 2193
f 2194 2193 2196
f 2197 2199 2198
f 2197 2198 2199
f 2198 2200 2197
f 2198 2197 2200
f 2201 2203 2202
f 2201 2202 2203
f 2202 2204 2201
f 2202 2201 2204
f 2205 2207 2206
f 2205 2206 2207
f 2206 2208 2205
f 2206 2205 2208
f 2209 2211 2210
f 2209 2210 2211
f 2210 2212 2209
f 2210 2209 2212
f 2226 2228 2227
f 2226 2227 2228
f 2227 2229 2226
f 2227 2226 2229
f 2230 2232 2231
f 2230 2231 2232
f 2231 2233 2230
f 2231 2230 2233
f 2234 2236 2235
f 2234 2235 2236
f 2235 2237 2234
f 2235 2234 2237
f 2238 2240 2239
f 2238 2239 2240
f 2239 2241 2238
f 2239 2238 2241
f 2242 2244 2243
f 2242 2243 2244
f 2243 2245 2242
f 2243 2242 2245
f 2246 2248 2247
f 2246 2247 2248
f 2247 2249 2246
f 2247 2246 2249
f 2250 2252 2251
f 2250 2251 2252
f 2251 2253 2250
f 2251 2250 2253
f 2254 2256 2255
f 2254 2255 2256
f 2255 2257 2254
f 2255 2254 2257
f 2258 2260 2259
f 2258 2259 2260
f 2259 2261 2258
f 2259 2258 2261
f 2262 2264 2263
f 2262 2263 2264
f 2263 2265 2262
f 2263 2262 2265
f 2292 2294 2293
f 2292 2293 2294
f 2293 2295 2292
f 2293 2292 2295
f 2296 2298 2297
f 2296 2297 2298
f 2297 2299 2296
f 2297 2296 2299
f 2300 2302 2301
f 2300 2301 2302
f 2301 2303 2300
f 2301 2300 2303
f 2304 2306 2305
f 2304 2305 2306
f 2305 2307 2304
f 2305 2304 2307
f 2308 2310 2309
f 2308 2309 2310
f 2309 2311 2308
f 2309 2308 2311
f 2360 2362 2361
f 2360 2361 2362
f 2361 2363 2360
f 2361 2360 2363
f 2364 2366 2365
f 2364 2365 2366
f 2365 2367 2364
f 2365 2364 2367
f 2368 2370 2369
f 2368 2369 2370
f 2369 2371 2368
f 2369 2368 2371
f 2372 2374 2373
f 2372 2373 2374
f 2373 2375 2372
f 2373 2372 2375
f 2376 2378 2377
f 2376 2377 2378
f 2377 2379 2376
f 2377 2376 2379
f 2380 2382 2381
f 2380 2381 2382
f 2381 2383 2380
f 2381 2380 2383
f 2384 2386 2385
f 2384 2385 2386
f 2385 2387 2384
f 2385 2384 2387
f 2388 2390 2389
f 2388 2389 2390
f 2389 2391 2388
f 2389 2388 2391
f 2392 2394 2393
f 2392 2393 2394
f 2393 2395 2392
f 2393 2392 2395
f 2396 2398 2397
f 2396 2397 2398
f 2397 2399 2396
f 2397 2396 2399
f 2400 2402 2401
f 2400 2401 2402
f 2401 2403 2400
f 2401 2400 2403
f 2404 2406 2405
f 2404 2405 2406
f 2405 2407 2404
f 2405 2404 2407
f 2408 2410 2409
f 2408 2409 2410
f 2409 2411 2408
f 2409 2408 2411
f 2412 2414 2413
f 2412 2413 2414
f 2413 2415 2412
f 2413 2412 2415
f 2416 2418 2417
f 2416 2417 2418
f 2417 2419 2416
f 2417 2416 2419
f 2433 2435 2434
f 2433 2434 2435
f 2434 2436 2433
f 2434 2433 2436
f 2437 2439 2438
f 2437 2438 2439
f 2438 2440 2437
f 2438 2437 2440
f 2441 2443 2442
f 2441 2442 2443
f 2442 2444 2441
f 2442 2441 2444
f 2445 2447 2446
f 2445 2446 2447
f 2446 2448 2445
f 2446 2445 2448
f 2449 2451 2450
f 2449 2450 2451
f 2450 2452 2449
f 2450 2449 2452
f 2453 2455 2454
f 2453 2454 2455
f 2454 2456 2453
f 2454 2453 2456
f 2457 2459 2458
f 2457 2458 2459
f 2458 2460 2457
f 2458 2457 2460
f 2461 2463 2462
f 2461 2462 2463
f 2462 2464 2461
f 2462 2461 2464
f 2465 2467 2466
f 2465 2466 2467
f 2466 2468 2465
f 2466 2465 2468
f 2469 2471 2470
f 2469 2470 2471
f 2470 2472 2469
f 2470 2469 2472
f 2485 2487 2486
f 2485 2486 2487
f 2486 2488 2485
f 2486 2485 2488
f 2489 2491 2490
f 2489 2490 2491
f 2490 2492 2489
f 2490 2489 2492
f 2493 2495 2494
f 2493 2494 2495
f 2494 2496 2493
f 2494 2493 2496
f 2497 2499 2498
f 2497 2498 2499
f 2498 2500 2497
f 2498 2497 2500
f 2501 2503 2502
f 2501 2502 2503
f 2502 2504 2501
f 2502 2501 2504
f 2505 2507 2506
f 2505 2506 2507
f 2506 2508 2505
f 2506 2505 2508
f 2509 2511 2510
f 2509 2510 2511
f 2510 2512 2509
f 2510 2509 2512
f 2513 2515 2514
f 2513 2514 2515
f 2514 2516 2513
f 2514 2513 2516
f 2517 2519 2518
f 2517 2518 2519
f 2518 2520 2517
f 2518 2517 2520
f 2521 2523 2522
f 2521 2522 2523
f 2522 2524 2521
f 2522 2521 2524
f 2525 2527 2526
f 2525 2526 2527
f 2526 2528 2525
f 2526 2525 2528
f 2529 2531 2530
f 2529 2530 2531
f 2530 2532 2529
f 2530 2529 2532
f 2533 2535 2534
f 2533 2534 2535
f 2534 2536 2533
f 2534 2533 2536
f 2537 2539 2538
f 2537 2538 2539
f 2538 2540 2537
f 2538 2537 2540
f 2541 2543 2542
f 2541 2542 2543
f 2542 2544 2541
f 2542 2541 2544
f 2570 2572 2571
f 2570 2571 2572
f 2571 2573 2570
f 2571 2570 2573
f 2574 2576 2575
f 2574 2575 2576
f 2575 2577 2574
f 2575 2574 2577
f 2578 2580 2579
f 2578 2579 2580
f 2579 2581 2578
f 2579 2578 2581
f 2582 2584 2583
f 2582 2583 2584
f 2583 2585 2582
f 2583 2582 2585
f 2586 2588 2587
f 2586 2587 2588
f 2587 2589 2586
f 2587 2586 2589
f 2590 2592 2591
f 2590 2591 2592
f 2591 2593 2590
f 2591 2590 2593
f 2594 2596 2595
f 2594 2595 2596
f 2595 2597 2594
f 2595 2594 2597
f 2598 2600 2599
f 2598 2599 2600
f 2599 2601 2598
f 2599 2598 2601
f 2602 2604 2603
f 2602 2603 2604
f 2603 2605 2602
f 2603 2602 2605
f 2606 2608 2607
f 2606 2607 2608
f 2607 2609 2606
f 2607 2606 2609
f 2610 2612 2611
f 2610 2611 2612
f 2611 2613 2610
f 2611 2610 2613
f 2614 2616 2615
f 2614 2615 2616
f 2615 2617 2614
f 2615 2614 2617
f 2618 2620 2619
f 2618 2619 2620
f 2619 2621 2618
f 2619 2618 2621
f 2622 2624 2623
f 2622 2623 2624
f 2623 2625 2622
f 2623 2622 2625
f 2626 2628 2627
f 2626 2627 2628
f 2627 2629 2626
f 2627 2626 2629
f 2643 2645 2644
f 2643 2644 2645
f 2644 2646 2643
f 2644 2643 2646
f 2647 2649 2648
f 2647 2648 2649
f 2648 2650 2647
f 2648 2647 2650
f 2651 2653 2652
f 2651 2652 2653
f 2652 2654 2651
f 2652 2651 2654
f 2655 2657 2656
f 2655 2656 2657
f 2656 2658 2655
f 2656 2655 2658
f 2659 2661 2660
f 2659 2660 2661
f 2660 2662 2659
f 2660 2659 2662
f 2663 2665 2664
f 2663 2664 2665
f 2664 2666 2663
f 2664 2663 2666
f 2667 2669 2668
f 2667 2668 2669
f 2668 2670 2667
f 2668 2667 2670
f 2671 2673 2672
f 2671 2672 2673
f 2672 2674 2671
f 2672 2671 2674
f 2675 2677 2676
f 2675 2676 2677
f 2676 2678 2675
f 2676 2675 2678
f 2679 2681 2680
f 2679 2680 2681
f 2680 2682 2679
f 2680 2679 2682
f 2709 2711 2710
f 2709 2710 2711
f 2710 2712 2709
f 2710 2709 2712
f 2713 2715 2714
f 2713 2714 2715
f 2714 2716 2713
f 2714 2713 2716
f 2717 2719 2718
f 2717 2718 2719
f 2718 2720 2717
f 2718 2717 2720
f 2721 2723 2722
f 2721 2722 2723
f 2722 2724 2721
f 2722 2721 2724
f 2725 2727 2726
f 2725 2726 2727
f 2726 2728 2725
f 2726 2725 2728
f 2729 2731 2730
f 2729 2730 2731
f 2730 2732 2729
f 2730 2729 2732
f 2733 2735 2734
f 2733 2734 2735
f 2734 2736 2733
f 2734 2733 2736
f 2737 2739 2738
f 2737 2738 2739
f 2738 2740 2737
f 2738 2737 2740
f 2741 2743 2742
f 2741 2742 2743
f 2742 2744 2741
f 2742 2741 2744
f 2745 2747 2746
f 2745 2746 2747
f 2746 2748 2745
f 2746 2745 2748
f 2761 2763 2762
f 2761 2762 2763
f 2762 2764 2761
f 2762 2761 2764
f 2765 2767 2766
f 2765 2766 2767
f 2766 2768 2765
f 2766 2765 2768
f 2769 2771 2770
f 2769 2770 2771
f 2770 2772 2769
f 2770 2769 2772
f 2773 2775 2774
f 2773 2774 2775
f 2774 2776 2773
f 2774 2773 2776
f 2777 2779 2778
f 2777 2778 2779
f 2778 2780 2777
f 2778 2777 2780
f 2781 2783 2782
f 2781 2782 2783
f 2782 2784 2781
f 2782 2781 2784
f 2785 2787 2786
f 2785 2786 2787
f 2786 2788 2785
f 2786 2785 2788
f 2789 2791 2790
f 2789 2790 2791
f 2790 2792 2789
f 2790 2789 2792
f 2793 2795 2794
f 2793 2794 2795
f 2794 2796 2793
f 2794 2793 2796
f 2797 2799 2798
f 2797 2798 2799
f 2798 2800 2797
f 2798 2797 2800
f 2801 2803 2802
f 2801 2802 2803
f 2802 2804 2801
f 2802 2801 2804
f 2805 2807 2806
f 2805 2806 2807
f 2806 2808 2805
f 2806 2805 2808
f 2809 2811 2810
f 2809 2810 2811
f 2810 2812 2809
f 2810 2809 2812
f 2813 2815 2814
f 2813 2814 2815
f 2814 2816 2813
f 2814 2813 2816
f 2817 2819 2818
f 2817 2818 2819
f 2818 2820 2817
f 2818 2817 2820
f 2858 2860 2859
f 2858 2859 2860
f 2859 2861 2858
f 2859 2858 2861
f 2862 2864 2863
f 2862 2863 2864
f 2863 2865 2862
f 2863 2862 2865
f 2866 2868 2867
f 2866 2867 2868
f 2867 2869 2866
f 2867 2866 2869
f 2870 2872 2871
f 2870 2871 2872
f 2871 2873 2870
f 2871 2870 2873
f 2874 2876 2875
f 2874 2875 2876
f 2875 2877 2874
f 2875 2874 2877
f 2878 2880 2879
f 2878 2879 2880
f 2879 2881 2878
f 2879 2878 2881
f 2882 2884 2883
f 2882 2883 2884
f 2883 2885 2882
f 2883 2882 2885
f 2886 2888 2887
f 2886 2887 2888
f 2887 2889 2886
f 2887 2886 2889
f 2890 2892 2891
f 2890 2891 2892
f 2891 2893 2890
f 2891 2890 2893
f 2894 2896 2895
f 2894 2895 2896
f 2895 2897 2894
f 2895 2894 2897
f 2898 2900 2899
f 2898 2899 2900
f 2899 2901 2898
f 2899 2898 2901
f 2902 2904 2903
f 2902 2903 2904
f 2903 2905 2902
f 2903 2902 2905
f 2906 2908 2907
f 2906 2907 2908
f 2907 2909 2906
f 2907 2906 2909
f 2910 2912 2911
f 2910 2911 2912
f 2911 2913 2910
f 2911 2910 2913
f 2914 2916 2915
f 2914 2915 2916
f 2915 2917 2914
f 2915 2914 2917
f 2931 2933 2932
f 2931 2932 2933
f 2932 2934 2931
f 2932 2931 2934
f 2935 2937 2936
f 2935 2936 2937
f 2936 2938 2935
f 2936 2935 2938
f 2939 2941 2940
f 2939 2940 2941
f 2940 2942 2939
f 2940 2939 2942
f 2943 2945 2944
f 2943 2944 2945
f 2944 2946 2943
f 2944 2943 2946
f 2947 2949 2948
f 2947 2948 2949
f 2948 2950 2947
f 2948 2947 2950
f 2951 2953 2952
f 2951 2952 2953
f 2952 2954 2951
f 2952 2951 2954
f 2955 2957 2956
f 2955 2956 2957
f 2956 2958 2955
f 2956 2955 2958
f 2959 2961 2960
f 2959 2960 2961
f 2960 2962 2959
f 2960 2959 2962
f 2963 2965 2964
f 2963 2964 2965
f 2964 2966 2963
f 2964 2963 2966
f 2967 2969 2968
f 2967 2968 2969
f 2968 2970 2967
f 2968 2967 2970
f 2995 2997 2996
f 2995 2996 2997
f 2996 2998 2995
f 2996 2995 2998
f 2999 3001 3000
f 2999 3000 3001
f 3000 3002 2999
f 3000 2999 3002
f 3003 3005 3004
f 3003 3004 3005
f 3004 3006 3003
f 3004 3003 3006
f 3007 3009 3008
f 3007 3008 3009
f 3008 3010 3007
f 3008 3007 3010
f 3011 3013 3012
f 3011 3012 3013
f 3012 3014 3011
f 3012 3011 3014
f 3015 3017 3016
f 3015 3016 3017
f 3016 3018 3015
f 3016 3015 3018
f 3019 3021 3020
f 3019 3020 3021
f 3020 3022 3019
f 3020 3019 3022
f 3023 3025 3024
f 3023 3024 3025
f 3024 3026 3023
f 3024 3023 3026
f 3027 3029 3028
f 3027 3028 3029
f 3028 3030 3027
f 3028 3027 3030
f 3031 3033 3032
f 3031 3032 3033
f 3032 3034 3031
f 3032 3031 3034
f 3035 3037 3036
f 3035 3036 3037
f 3036 3038 3035
f 3036 3035 3038
f 3039 3041 3040
f 3039 3040 3041
f 3040 3042 3039
f 3040 3039 3042
f 3043 3045 3044
f 3043 3044 3045
f 3044 3046 3043
f 3044 3043 3046
f 3047 3049 3048
f 3047 3048 3049
f 3048 3050 3047
f 3048 3047 3050
f 3051 3053 3052
f 3051 3052 3053
f 3052 3054 3051
f 3052 3051 3054
f 3067 3069 3068
f 3067 3068 3069
f 3068 3070 3067
f 3068 3067 3070
f 3071 3073 3072
f 3071 3072 3073
f 3072 3074 3071
f 3072 3071 3074
f 3075 3077 3076
f 3075 3076 3077
f 3076 3078 3075
f 3076 3075 3078
f 3079 3081 3080
f 3079 3080 3081
f 3080 3082 3079
f 3080 3079 3082
f 3083 3085 3084
f 3083 3084 3085
f 3084 3086 3083
f 3084 3083 3086
f 3087 3089 3088
f 3087 3088 3089
f 3088 3090 3087
f 3088 3087 3090
f 3091 3093 3092
f 3091 3092 3093
f 3092 3094 3091
f 3092 3091 3094
f 3095 3097 3096
f 3095 3096 3097
f 3096 3098 3095
f 3096 3095 3098
f 3099 3101 3100
f 3099 3100 3101
f 3100 3102 3099
f 3100 3099 3102
f 3103 3105 3104
f 3103 3104 3105
f 3104 3106 3103
f 3104 3103 3106
f 3107 3109 3108
f 3107 3108 3109
f 3108 3110 3107
f 3108 3107 3110
f 3111 3113 3112
f 3111 3112 3113
f 3112 3114 3111
f 3112 3111 3114
f 3115 3117 3116
f 3115 3116 3117
f 3116 3118 3115
f 3116 3115 3118
f 3119 3121 3120
f 3119 3120 3121
f 3120 3122 3119
f 3120 3119 3122
f 3123 3125 3124
f 3123 3124 3125
f 3124 3126 3123
f 3124 3123 3126
f 3139 3141 3140
f 3139 3140 3141
f 3140 3142 3139
f 3140 3139 3142
f 3143 3145 3144
f 3143 3144 3145
f 3144 3146 3143
f 3144 3143 3146
f 3147 3149 3148
f 3147 3148 3149
f 3148 3150 3147
f 3148 3147 3150
f 3151 3153 3152
f 3151 3152 3153
f 3152 3154 3151
f 3152 3151 3154
f 3155 3157 3156
f 3155 3156 3157
f 3156 3158 3155
f 3156 3155 3158
f 3159 3161 3160
f 3159 3160 3161
f 3160 3162 3159
f 3160 3159 3162
f 3163 3165 3164
f 3163 3164 3165
f 3164 3166 3163
f 3164 3163 3166
f 3167 3169 3168
f 3167 3168 3169
f 3168 3170 3167
f 3168 3167 3170
f 3171 3173 3172
f 3171 3172 3173
f 3172 3174 3171
f 3172 3171 3174
f 3175 3177 3176
f 3175 3176 3177
f 3176 3178 3175
f 3176 3175 3178
f 3179 3181 3180
f 3179 3180 3181
f 3180 3182 3179
f 3180 3179 3182
f 3183 3185 3184
f 3183 3184 3185
f 3184 3186 3183
f 3184 3183 3186
f 3187 3189 3188
f 3187 3188 3189
f 3188 3190 3187
f 3188 3187 3190
f 3191 3193 3192
f 3191 3192 3193
f 3192 3194 3191
f 3192 3191 3194
f 3195 3197 3196
f 3195 3196 3197
f 3196 3198 3195
f 3196 3195 3198
f 3236 3238 3237
f 3236 3237 3238
f 3237 3239 3236
f 3237 3236 3239
f 3240 3242 3241
f 3240 3241 3242
f 3241 3243 3240
f 3241 3240 3243
f 3244 3246 3245
f 3244 3245 3246
f 3245 3247 3244
f 3245 3244 3247
f 3248 3250 3249
f 3248 3249 3250
f 3249 3251 3248
f 3249 3248 3251
f 3252 3254 3253
f 3252 3253 3254
f 3253 3255 3252
f 3253 3252 3255
f 3256 3258 3257
f 3256 3257 3258
f 3257 3259 3256
f 3257 3256 3259
f 3260 3262 3261
f 3260 3261 3262
f 3261 3263 3260
f 3261 3260 3263
f 3264 3266 3265
f 3264 3265 3266
f 3265 3267 3264
f 3265 3264 3267
f 3268 3270 3269
f 3268 3269 3270
f 3269 3271 3268
f 3269 3268 3271
f 3272 3274 3273
f 3272 3273 3274
f 3273 3275 3272
f 3273 3272 3275
f 3276 3278 3277
f 3276 3277 3278
f 3277 3279 3276
f 3277 3276 3279
f 3280 3282 3281
f 3280 3281 3282
f 3281 3283 3280
f 3281 3280 3283
f 3284 3286 3285
f 3284 3285 3286
f 3285 3287 3284
f 3285 3284 3287
f 3288 3290 3289
f 3288 3289 3290
f 3289 3291 3288
f 3289 3288 3291
f 3292 3294 3293
f 3292 3293 3294
f 3293 3295 3292
f 3293 3292 3295
f 3309 3311 3310
f 3309 3310 3311
f 3310 3312 3309
f 3310 3309 3312
f 3313 3315 3314
f 3313 3314 3315
f 3314 3316 3313
f 3314 3313 3316
f 3317 3319 3318
f 3317 3318 3319
f 3318 3320 3317
f 3318 3317 3320
f 3321 3323 3322
f 3321 3322 3323
f 3322 3324 3321
f 3322 3321 3324
f 3325 3327 3326
f 3325 3326 3327
f 3326 3328 3325
f 3326 3325 3328
f 3329 3331 3330
f 3329 3330 3331
f 3330 3332 3329
f 3330 3329 3332
f 3333 3335 3334
f 3333 3334 3335
f 3334 3336 3333
f 3334 3333 3336
f 3337 3339 3338
f 3337 3338 3339
f 3338 3340 3337
f 3338 3337 3340
f 3341 3343 3342
f 3341 3342 3343
f 3342 3344 3341
f 3342 3341 3344
f 3345 3347 3346
f 3345 3346 3347
f 3346 3348 3345
f 3346 3345 3348
f 3374 3376 3375
f 3374 3375 3376
f 3375 3377 3374
f 3375 3374 3377
f 3378 3380 3379
f 3378 3379 3380
f 3379 3381 3378
f 3379 3378 3381
f 3382 3384 3383
f 3382 3383 3384
f 3383 3385 3382
f 3383 3382 3385
f 3386 3388 3387
f 3386 3387 3388
f 3387 3389 3386
f 3387 3386 3389
f 3390 3392 3391
f 3390 3391 3392
f 3391 3393 3390
f 3391 3390 3393
f 3394 3396 3395
f 3394 3395 3396
f 3395 3397 3394
f 3395 3394 3397
f 3398 3400 3399
f 3398 3399 3400
f 3399 3401 3398
f 3399 3398 3401
f 3402 3404 3403
f 3402 3403 3404
f 3403 3405 3402
f 3403 3402 3405
f 3406 3408 3407
f 3406 3407 3408
f 3407 3409 3406
f 3407 3406 3409
f 3410 3412 3411
f 3410 3411 3412
f 3411 3413 3410
f 3411 3410 3413
f 3414 3416 3415
f 3414 3415 3416
f 3415 3417 3414
f 3415 3414 3417
f 3418 3420 3419
f 3418 3419 3420
f 3419 3421 3418
f 3419 3418 3421
f 3422 3424 3423
f 3422 3423 3424
f 3423 3425 3422
f 3423 3422 3425
f 3426 3428 3427
f 3426 3427 3428
f 3427 3429 3426
f 3427 3426 3429
f 3430 3432 3431
f 3430 3431 3432
f 3431 3433 3430
f 3431 3430 3433
f 3446 3448 3447
f 3446 3447 3448
f 3447 3449 3446
f 3447 3446 3449
f 3450 3452 3451
f 3450 3451 3452
f 3451 3453 3450
f 3451 3450 3453
f 3454 3456 3455
f 3454 3455 3456
f 3455 3457 3454
f 3455 3454 3457
f 3458 3460 3459
f 3458 3459 3460
f 3459 3461 3458
f 3459 3458 3461
f 3462 3464 3463
f 3462 3463 3464
f 3463 3465 3462
f 3463 3462 3465
f 3466 3468 3467
f 3466 3467 3468
f 3467 3469 3466
f 3467 3466 3469
f 3470 3472 3471
f 3470 3471 3472
f 3471 3473 3470
f 3471 3470 3473
f 3474 3476 3475
f 3474 3475 3476
f 3475 3477 3474
f 3475 3474 3477
f 3478 3480 3479
f 3478 3479 3480
f 3479 3481 3478
f 3479 3478 3481
f 3482 3484 3483
f 3482 3483 3484
f 3483 3485 3482
f 3483 3482 3485
f 3486 3488 3487
f 3486 3487 3488
f 3487 3489 3486
f 3487 3486 3489
f 3490 3492 3491
f 3490 3491 3492
f 3491 3493 3490
f 3491 3490 3493
f 3494 3496 3495
f 3494 3495 3496
f 3495 3497 3494
f 3495 3494 3497
f 3498 3500 3499
f 3498 3499 3500
f 3499 3501 3498
f 3499 3498 3501
f 3502 3504 3503
f 3502 3503 3504
f 3503 3505 3502
f 3503 3502 3505
f 3531 3533 3532
f 3531 3532 3533
f 3532 3534 3531
f 3532 3531 3534
f 3535 3537 3536
f 3535 3536 3537
f 3536 3538 3535
f 3536 3535 3538
f 3539 3541 3540
f 3539 3540 3541
f 3540 3542 3539
f 3540 3539 3542
f 3543 3545 3544
f 3543 3544 3545
f 3544 3546 3543
f 3544 3543 3546
f 3547 3549 3548
f 3547 3548 3549
f 3548 3550 3547
f 3548 3547 3550
f 3551 3553 3552
f 3551 3552 3553
f 3552 3554 3551
f 3552 3551 3554
f 3555 3557 3556
f 3555 3556 3557
f 3556 3558 3555
f 3556 3555 3558
f 3559 3561 3560
f 3559 3560 3561
f 3560 3562 3559
f 3560 3559 3562
f 3563 3565 3564
f 3563 3564 3565
f 3564 3566 3563
f 3564 3563 3566
f 3567 3569 3568
f 3567 3568 3569
f 3568 3570 3567
f 3568 3567 3570
f 3584 3586 3585
f 3584 3585 3586
f 3585 3587 3584
f 3585 3584 3587
f 3588 3590 3589
f 3588 3589 3590
f 3589 3591 3588
f 3589 3588 3591
f 3592 3594 3593
f 3592 3593 3594
f 3593 3595 3592
f 3593 3592 3595
f 3596 3598 3597
f 3596 3597 3598
f 3597 3599 3596
f 3597 3596 3599
f 3600 3602 3601
f 3600 3601 3602
f 3601 3603 3600
f 3601 3600 3603
f 3604 3606 3605
f 3604 3605 3606
f 3605 3607 3604
f 3605 3604 3607
f 3608 3610 3609
f 3608 3609 3610
f 3609 3611 3608
f 3609 3608 3611
f 3612 3614 3613
f 3612 3613 3614
f 3613 3615 3612
f 3613 3612 3615
f 3616 3618 3617
f 3616 3617 3618
f 3617 3619 3616
f 3617 3616 3619
f 3620 3622 3621
f 3620 3621 3622
f 3621 3623 3620
f 3621 3620 3623
f 3636 3638 3637
f 3636 3637 3638
f 3637 3639 3636
f 3637 3636 3639
f 3640 3642 3641
f 3640 3641 3642
f 3641 3643 3640
f 3641 3640 3643
f 3644 3646 3645
f 3644 3645 3646
f 3645 3647 3644
f 3645 3644 3647
f 3648 3650 3649
f 3648 3649 3650
f 3649 3651 3648
f 3649 3648 3651
f 3652 3654 3653
f 3652 3653 3654
f 3653 3655 3652
f 3653 3652 3655
f 3656 3658 3657
f 3656 3657 3658
f 3657 3659 3656
f 3657 3656 3659
f 3660 3662 3661
f 3660 3661 3662
f 3661 3663 3660
f 3661 3660 3663
f 3664 3666 3665
f 3664 3665 3666
f 3665 3667 3664
f 3665 3664 3667
f 3668 3670 3669
f 3668 3669 3670
f 3669 3671 3668
f 3669 3668 3671
f 3672 3674 3673
f 3672 3673 3674
f 3673 3675 3672
f 3673 3672 3675
f 3676 3678 3677
f 3676 3677 3678
f 3677 3679 3676
f 3677 3676 3679
f 3680 3682 3681
f 3680 3681 3682
f 3681 3683 3680
f 3681 3680 3683
f 3684 3686 3685
f 3684 3685 3686
f 3685 3687 3684
f 3685 3684 3687
f 3688 3690 3689
f 3688 3689 3690
f 3689 3691 3688
f 3689 3688 3691
f 3692 3694 3693
f 3692 3693 3694
f 3693 3695 3692
f 3693 3692 3695
